- - {Latency: 19472, MT_M: 16, MT_N: 128, MT_K: 32, MI_M: 16, MI_N: 16, MI_K: 32,
    Occupancy: 3, WGM: 0, NTA: 0, NTB: 0}
  - {Latency: 24078, MT_M: 32, MT_N: 128, MT_K: 16, MI_M: 32, MI_N: 32, MI_K: 16,
    Occupancy: 5, WGM: 0, NTA: 0, NTB: 0}
  - {Latency: 24905, MT_M: 16, MT_N: 256, MT_K: 32, MI_M: 16, MI_N: 16, MI_K: 32,
    Occupancy: 2, WGM: 0, NTA: 0, NTB: 0}
  - {Latency: 31264, MT_M: 32, MT_N: 256, MT_K: 16, MI_M: 32, MI_N: 32, MI_K: 16,
    Occupancy: 2, WGM: 0, NTA: 0, NTB: 0}
  - {Latency: 47790, MT_M: 64, MT_N: 256, MT_K: 64, MI_M: 32, MI_N: 32, MI_K: 16,
    Occupancy: 1, WGM: 0, NTA: 0, NTB: 0}
  - {Latency: 52926, MT_M: 32, MT_N: 64, MT_K: 128, MI_M: 32, MI_N: 32, MI_K: 16,
    Occupancy: 1, WGM: 0, NTA: 0, NTB: 0}
  - {Latency: 53778, MT_M: 64, MT_N: 32, MT_K: 128, MI_M: 32, MI_N: 32, MI_K: 16,
    Occupancy: 1, WGM: 0, NTA: 0, NTB: 0}
  - {Latency: 62121, MT_M: 192, MT_N: 128, MT_K: 64, MI_M: 32, MI_N: 32, MI_K: 16,
    Occupancy: 1, WGM: 0, NTA: 0, NTB: 0}
  - {Latency: 64459, MT_M: 128, MT_N: 192, MT_K: 64, MI_M: 32, MI_N: 32, MI_K: 16,
    Occupancy: 1, WGM: 0, NTA: 0, NTB: 0}
  - {Latency: 65761, MT_M: 128, MT_N: 64, MT_K: 128, MI_M: 16, MI_N: 16, MI_K: 32,
    Occupancy: 1, WGM: 0, NTA: 0, NTB: 0}
  - {Latency: 66119, MT_M: 128, MT_N: 256, MT_K: 64, MI_M: 32, MI_N: 32, MI_K: 16,
    Occupancy: 1, WGM: 0, NTA: 0, NTB: 0}
  - {Latency: 67117, MT_M: 64, MT_N: 128, MT_K: 128, MI_M: 16, MI_N: 16, MI_K: 32,
    Occupancy: 1, WGM: 0, NTA: 0, NTB: 0}
  - {Latency: 68891, MT_M: 256, MT_N: 64, MT_K: 64, MI_M: 32, MI_N: 32, MI_K: 16,
    Occupancy: 1, WGM: 0, NTA: 0, NTB: 0}
  - {Latency: 72634, MT_M: 128, MT_N: 128, MT_K: 128, MI_M: 32, MI_N: 32, MI_K: 16,
    Occupancy: 1, WGM: 0, NTA: 0, NTB: 0}
  - {Latency: 80290, MT_M: 192, MT_N: 64, MT_K: 128, MI_M: 32, MI_N: 32, MI_K: 16,
    Occupancy: 1, WGM: 0, NTA: 0, NTB: 0}
  - {Latency: 82478, MT_M: 192, MT_N: 256, MT_K: 32, MI_M: 32, MI_N: 32, MI_K: 16,
    Occupancy: 1, WGM: 0, NTA: 0, NTB: 0}
  - {Latency: 84422, MT_M: 64, MT_N: 192, MT_K: 128, MI_M: 32, MI_N: 32, MI_K: 16,
    Occupancy: 1, WGM: 0, NTA: 0, NTB: 0}
  - {Latency: 85050, MT_M: 256, MT_N: 128, MT_K: 64, MI_M: 32, MI_N: 32, MI_K: 16,
    Occupancy: 1, WGM: 0, NTA: 0, NTB: 0}
  - {Latency: 94130, MT_M: 192, MT_N: 192, MT_K: 64, MI_M: 32, MI_N: 32, MI_K: 16,
    Occupancy: 1, WGM: 0, NTA: 0, NTB: 0}
  - {Latency: 110791, MT_M: 16, MT_N: 64, MT_K: 256, MI_M: 16, MI_N: 16, MI_K: 32,
    Occupancy: 1, WGM: 0, NTA: 0, NTB: 0}
  - {Latency: 110877, MT_M: 64, MT_N: 16, MT_K: 256, MI_M: 16, MI_N: 16, MI_K: 32,
    Occupancy: 1, WGM: 0, NTA: 0, NTB: 0}
  - {Latency: 112414, MT_M: 16, MT_N: 16, MT_K: 512, MI_M: 16, MI_N: 16, MI_K: 32,
    Occupancy: 1, WGM: 0, NTA: 0, NTB: 0}
  - {Latency: 117510, MT_M: 256, MT_N: 256, MT_K: 32, MI_M: 32, MI_N: 32, MI_K: 16,
    Occupancy: 1, WGM: 0, NTA: 0, NTB: 0}
  - {Latency: 118293, MT_M: 256, MT_N: 192, MT_K: 32, MI_M: 16, MI_N: 16, MI_K: 32,
    Occupancy: 1, WGM: 0, NTA: 0, NTB: 0}
  - {Latency: 118549, MT_M: 32, MT_N: 16, MT_K: 512, MI_M: 16, MI_N: 16, MI_K: 32,
    Occupancy: 1, WGM: 0, NTA: 0, NTB: 0}
  - {Latency: 118711, MT_M: 16, MT_N: 32, MT_K: 512, MI_M: 16, MI_N: 16, MI_K: 32,
    Occupancy: 1, WGM: 0, NTA: 0, NTB: 0}
  - {Latency: 120495, MT_M: 64, MT_N: 64, MT_K: 256, MI_M: 32, MI_N: 32, MI_K: 16,
    Occupancy: 1, WGM: 0, NTA: 0, NTB: 0}
  - {Latency: 124327, MT_M: 32, MT_N: 32, MT_K: 512, MI_M: 32, MI_N: 32, MI_K: 16,
    Occupancy: 1, WGM: 0, NTA: 0, NTB: 0}
- - {Latency: 29088, MT_M: 32, MT_N: 64, MT_K: 128, MI_M: 32, MI_N: 32, MI_K: 16,
    Occupancy: 1, WGM: 0, NTA: 0, NTB: 0}
  - {Latency: 29925, MT_M: 64, MT_N: 32, MT_K: 128, MI_M: 32, MI_N: 32, MI_K: 16,
    Occupancy: 1, WGM: 0, NTA: 0, NTB: 0}
  - {Latency: 37999, MT_M: 32, MT_N: 128, MT_K: 16, MI_M: 32, MI_N: 32, MI_K: 16,
    Occupancy: 5, WGM: 0, NTA: 0, NTB: 0}
  - {Latency: 38444, MT_M: 16, MT_N: 64, MT_K: 256, MI_M: 16, MI_N: 16, MI_K: 32,
    Occupancy: 1, WGM: 0, NTA: 0, NTB: 0}
  - {Latency: 38869, MT_M: 64, MT_N: 16, MT_K: 256, MI_M: 16, MI_N: 16, MI_K: 32,
    Occupancy: 1, WGM: 0, NTA: 0, NTB: 0}
  - {Latency: 38926, MT_M: 16, MT_N: 128, MT_K: 32, MI_M: 16, MI_N: 16, MI_K: 32,
    Occupancy: 3, WGM: 0, NTA: 0, NTB: 0}
  - {Latency: 45785, MT_M: 32, MT_N: 256, MT_K: 16, MI_M: 32, MI_N: 32, MI_K: 16,
    Occupancy: 2, WGM: 0, NTA: 0, NTB: 0}
  - {Latency: 46210, MT_M: 16, MT_N: 256, MT_K: 32, MI_M: 16, MI_N: 16, MI_K: 32,
    Occupancy: 2, WGM: 0, NTA: 0, NTB: 0}
  - {Latency: 53157, MT_M: 64, MT_N: 64, MT_K: 256, MI_M: 32, MI_N: 32, MI_K: 16,
    Occupancy: 1, WGM: 0, NTA: 0, NTB: 0}
  - {Latency: 54003, MT_M: 16, MT_N: 16, MT_K: 512, MI_M: 16, MI_N: 16, MI_K: 32,
    Occupancy: 1, WGM: 0, NTA: 0, NTB: 0}
  - {Latency: 57000, MT_M: 32, MT_N: 16, MT_K: 512, MI_M: 16, MI_N: 16, MI_K: 32,
    Occupancy: 1, WGM: 0, NTA: 0, NTB: 0}
  - {Latency: 57163, MT_M: 16, MT_N: 32, MT_K: 512, MI_M: 16, MI_N: 16, MI_K: 32,
    Occupancy: 1, WGM: 0, NTA: 0, NTB: 0}
  - {Latency: 59925, MT_M: 32, MT_N: 32, MT_K: 512, MI_M: 32, MI_N: 32, MI_K: 16,
    Occupancy: 1, WGM: 0, NTA: 0, NTB: 0}
  - {Latency: 60743, MT_M: 64, MT_N: 128, MT_K: 128, MI_M: 16, MI_N: 16, MI_K: 32,
    Occupancy: 1, WGM: 0, NTA: 0, NTB: 0}
  - {Latency: 68520, MT_M: 64, MT_N: 256, MT_K: 64, MI_M: 32, MI_N: 32, MI_K: 16,
    Occupancy: 1, WGM: 0, NTA: 0, NTB: 0}
  - {Latency: 70329, MT_M: 192, MT_N: 64, MT_K: 128, MI_M: 32, MI_N: 32, MI_K: 16,
    Occupancy: 1, WGM: 0, NTA: 0, NTB: 0}
  - {Latency: 70665, MT_M: 128, MT_N: 64, MT_K: 128, MI_M: 16, MI_N: 16, MI_K: 32,
    Occupancy: 1, WGM: 0, NTA: 0, NTB: 0}
  - {Latency: 73759, MT_M: 192, MT_N: 128, MT_K: 64, MI_M: 32, MI_N: 32, MI_K: 16,
    Occupancy: 1, WGM: 0, NTA: 0, NTB: 0}
  - {Latency: 79953, MT_M: 256, MT_N: 64, MT_K: 64, MI_M: 32, MI_N: 32, MI_K: 16,
    Occupancy: 1, WGM: 0, NTA: 0, NTB: 0}
  - {Latency: 85109, MT_M: 192, MT_N: 256, MT_K: 32, MI_M: 32, MI_N: 32, MI_K: 16,
    Occupancy: 1, WGM: 0, NTA: 0, NTB: 0}
  - {Latency: 90805, MT_M: 128, MT_N: 128, MT_K: 128, MI_M: 32, MI_N: 32, MI_K: 16,
    Occupancy: 1, WGM: 0, NTA: 0, NTB: 0}
  - {Latency: 99672, MT_M: 256, MT_N: 128, MT_K: 64, MI_M: 32, MI_N: 32, MI_K: 16,
    Occupancy: 1, WGM: 0, NTA: 0, NTB: 0}
  - {Latency: 99672, MT_M: 128, MT_N: 256, MT_K: 64, MI_M: 32, MI_N: 32, MI_K: 16,
    Occupancy: 1, WGM: 0, NTA: 0, NTB: 0}
  - {Latency: 109513, MT_M: 192, MT_N: 192, MT_K: 64, MI_M: 32, MI_N: 32, MI_K: 16,
    Occupancy: 1, WGM: 0, NTA: 0, NTB: 0}
  - {Latency: 110407, MT_M: 64, MT_N: 192, MT_K: 128, MI_M: 32, MI_N: 32, MI_K: 16,
    Occupancy: 1, WGM: 0, NTA: 0, NTB: 0}
  - {Latency: 111266, MT_M: 256, MT_N: 256, MT_K: 32, MI_M: 32, MI_N: 32, MI_K: 16,
    Occupancy: 1, WGM: 0, NTA: 0, NTB: 0}
  - {Latency: 112802, MT_M: 128, MT_N: 192, MT_K: 64, MI_M: 32, MI_N: 32, MI_K: 16,
    Occupancy: 1, WGM: 0, NTA: 0, NTB: 0}
  - {Latency: 121466, MT_M: 256, MT_N: 192, MT_K: 32, MI_M: 16, MI_N: 16, MI_K: 32,
    Occupancy: 1, WGM: 0, NTA: 0, NTB: 0}
- - {Latency: 3820, MT_M: 32, MT_N: 128, MT_K: 16, MI_M: 32, MI_N: 32, MI_K: 16, Occupancy: 5,
    WGM: 0, NTA: 0, NTB: 0}
  - {Latency: 3977, MT_M: 16, MT_N: 128, MT_K: 32, MI_M: 16, MI_N: 16, MI_K: 32, Occupancy: 3,
    WGM: 0, NTA: 0, NTB: 0}
  - {Latency: 6698, MT_M: 16, MT_N: 256, MT_K: 32, MI_M: 16, MI_N: 16, MI_K: 32, Occupancy: 2,
    WGM: 0, NTA: 0, NTB: 0}
  - {Latency: 6749, MT_M: 32, MT_N: 256, MT_K: 16, MI_M: 32, MI_N: 32, MI_K: 16, Occupancy: 2,
    WGM: 0, NTA: 0, NTB: 0}
  - {Latency: 25440, MT_M: 192, MT_N: 256, MT_K: 32, MI_M: 32, MI_N: 32, MI_K: 16,
    Occupancy: 1, WGM: 0, NTA: 0, NTB: 0}
  - {Latency: 28740, MT_M: 256, MT_N: 192, MT_K: 32, MI_M: 16, MI_N: 16, MI_K: 32,
    Occupancy: 1, WGM: 0, NTA: 0, NTB: 0}
  - {Latency: 32049, MT_M: 256, MT_N: 256, MT_K: 32, MI_M: 32, MI_N: 32, MI_K: 16,
    Occupancy: 1, WGM: 0, NTA: 0, NTB: 0}
  - {Latency: 118580, MT_M: 32, MT_N: 64, MT_K: 128, MI_M: 32, MI_N: 32, MI_K: 16,
    Occupancy: 1, WGM: 0, NTA: 0, NTB: 0}
  - {Latency: 119532, MT_M: 64, MT_N: 32, MT_K: 128, MI_M: 32, MI_N: 32, MI_K: 16,
    Occupancy: 1, WGM: 0, NTA: 0, NTB: 0}
  - {Latency: 124538, MT_M: 64, MT_N: 256, MT_K: 64, MI_M: 32, MI_N: 32, MI_K: 16,
    Occupancy: 1, WGM: 0, NTA: 0, NTB: 0}
  - {Latency: 125480, MT_M: 256, MT_N: 64, MT_K: 64, MI_M: 32, MI_N: 32, MI_K: 16,
    Occupancy: 1, WGM: 0, NTA: 0, NTB: 0}
  - {Latency: 130853, MT_M: 128, MT_N: 192, MT_K: 64, MI_M: 32, MI_N: 32, MI_K: 16,
    Occupancy: 1, WGM: 0, NTA: 0, NTB: 0}
  - {Latency: 132358, MT_M: 192, MT_N: 128, MT_K: 64, MI_M: 32, MI_N: 32, MI_K: 16,
    Occupancy: 1, WGM: 0, NTA: 0, NTB: 0}
  - {Latency: 137520, MT_M: 128, MT_N: 256, MT_K: 64, MI_M: 32, MI_N: 32, MI_K: 16,
    Occupancy: 1, WGM: 0, NTA: 0, NTB: 0}
  - {Latency: 140350, MT_M: 256, MT_N: 128, MT_K: 64, MI_M: 32, MI_N: 32, MI_K: 16,
    Occupancy: 1, WGM: 0, NTA: 0, NTB: 0}
  - {Latency: 146075, MT_M: 128, MT_N: 64, MT_K: 128, MI_M: 16, MI_N: 16, MI_K: 32,
    Occupancy: 1, WGM: 0, NTA: 0, NTB: 0}
  - {Latency: 146150, MT_M: 192, MT_N: 192, MT_K: 64, MI_M: 32, MI_N: 32, MI_K: 16,
    Occupancy: 1, WGM: 0, NTA: 0, NTB: 0}
  - {Latency: 152215, MT_M: 64, MT_N: 128, MT_K: 128, MI_M: 16, MI_N: 16, MI_K: 32,
    Occupancy: 1, WGM: 0, NTA: 0, NTB: 0}
  - {Latency: 167214, MT_M: 192, MT_N: 64, MT_K: 128, MI_M: 32, MI_N: 32, MI_K: 16,
    Occupancy: 1, WGM: 0, NTA: 0, NTB: 0}
  - {Latency: 167947, MT_M: 128, MT_N: 128, MT_K: 128, MI_M: 32, MI_N: 32, MI_K: 16,
    Occupancy: 1, WGM: 0, NTA: 0, NTB: 0}
  - {Latency: 171701, MT_M: 64, MT_N: 192, MT_K: 128, MI_M: 32, MI_N: 32, MI_K: 16,
    Occupancy: 1, WGM: 0, NTA: 0, NTB: 0}
  - {Latency: 202253, MT_M: 64, MT_N: 64, MT_K: 256, MI_M: 32, MI_N: 32, MI_K: 16,
    Occupancy: 1, WGM: 0, NTA: 0, NTB: 0}
  - {Latency: 320931, MT_M: 16, MT_N: 64, MT_K: 256, MI_M: 16, MI_N: 16, MI_K: 32,
    Occupancy: 1, WGM: 0, NTA: 0, NTB: 0}
  - {Latency: 321366, MT_M: 64, MT_N: 16, MT_K: 256, MI_M: 16, MI_N: 16, MI_K: 32,
    Occupancy: 1, WGM: 0, NTA: 0, NTB: 0}
  - {Latency: 567917, MT_M: 32, MT_N: 32, MT_K: 512, MI_M: 32, MI_N: 32, MI_K: 16,
    Occupancy: 1, WGM: 0, NTA: 0, NTB: 0}
  - {Latency: 704932, MT_M: 32, MT_N: 16, MT_K: 512, MI_M: 16, MI_N: 16, MI_K: 32,
    Occupancy: 1, WGM: 0, NTA: 0, NTB: 0}
  - {Latency: 720834, MT_M: 16, MT_N: 32, MT_K: 512, MI_M: 16, MI_N: 16, MI_K: 32,
    Occupancy: 1, WGM: 0, NTA: 0, NTB: 0}
  - {Latency: 944828, MT_M: 16, MT_N: 16, MT_K: 512, MI_M: 16, MI_N: 16, MI_K: 32,
    Occupancy: 1, WGM: 0, NTA: 0, NTB: 0}
- - {Latency: 28982, MT_M: 32, MT_N: 64, MT_K: 128, MI_M: 32, MI_N: 32, MI_K: 16,
    Occupancy: 1, WGM: 0, NTA: 0, NTB: 0}
  - {Latency: 29735, MT_M: 64, MT_N: 32, MT_K: 128, MI_M: 32, MI_N: 32, MI_K: 16,
    Occupancy: 1, WGM: 0, NTA: 0, NTB: 0}
  - {Latency: 30674, MT_M: 32, MT_N: 16, MT_K: 512, MI_M: 16, MI_N: 16, MI_K: 32,
    Occupancy: 1, WGM: 0, NTA: 0, NTB: 0}
  - {Latency: 31073, MT_M: 16, MT_N: 64, MT_K: 256, MI_M: 16, MI_N: 16, MI_K: 32,
    Occupancy: 1, WGM: 0, NTA: 0, NTB: 0}
  - {Latency: 31236, MT_M: 64, MT_N: 16, MT_K: 256, MI_M: 16, MI_N: 16, MI_K: 32,
    Occupancy: 1, WGM: 0, NTA: 0, NTB: 0}
  - {Latency: 31443, MT_M: 16, MT_N: 32, MT_K: 512, MI_M: 16, MI_N: 16, MI_K: 32,
    Occupancy: 1, WGM: 0, NTA: 0, NTB: 0}
  - {Latency: 35320, MT_M: 16, MT_N: 128, MT_K: 32, MI_M: 16, MI_N: 16, MI_K: 32,
    Occupancy: 3, WGM: 0, NTA: 0, NTB: 0}
  - {Latency: 35572, MT_M: 32, MT_N: 128, MT_K: 16, MI_M: 32, MI_N: 32, MI_K: 16,
    Occupancy: 5, WGM: 0, NTA: 0, NTB: 0}
  - {Latency: 35809, MT_M: 32, MT_N: 32, MT_K: 512, MI_M: 32, MI_N: 32, MI_K: 16,
    Occupancy: 1, WGM: 0, NTA: 0, NTB: 0}
  - {Latency: 43328, MT_M: 64, MT_N: 64, MT_K: 256, MI_M: 32, MI_N: 32, MI_K: 16,
    Occupancy: 1, WGM: 0, NTA: 0, NTB: 0}
  - {Latency: 46140, MT_M: 16, MT_N: 256, MT_K: 32, MI_M: 16, MI_N: 16, MI_K: 32,
    Occupancy: 2, WGM: 0, NTA: 0, NTB: 0}
  - {Latency: 46421, MT_M: 128, MT_N: 64, MT_K: 128, MI_M: 16, MI_N: 16, MI_K: 32,
    Occupancy: 1, WGM: 0, NTA: 0, NTB: 0}
  - {Latency: 46421, MT_M: 64, MT_N: 128, MT_K: 128, MI_M: 16, MI_N: 16, MI_K: 32,
    Occupancy: 1, WGM: 0, NTA: 0, NTB: 0}
  - {Latency: 46643, MT_M: 32, MT_N: 256, MT_K: 16, MI_M: 32, MI_N: 32, MI_K: 16,
    Occupancy: 2, WGM: 0, NTA: 0, NTB: 0}
  - {Latency: 51799, MT_M: 16, MT_N: 16, MT_K: 512, MI_M: 16, MI_N: 16, MI_K: 32,
    Occupancy: 1, WGM: 0, NTA: 0, NTB: 0}
  - {Latency: 53802, MT_M: 256, MT_N: 64, MT_K: 64, MI_M: 32, MI_N: 32, MI_K: 16,
    Occupancy: 1, WGM: 0, NTA: 0, NTB: 0}
  - {Latency: 56833, MT_M: 128, MT_N: 128, MT_K: 128, MI_M: 32, MI_N: 32, MI_K: 16,
    Occupancy: 1, WGM: 0, NTA: 0, NTB: 0}
  - {Latency: 61092, MT_M: 64, MT_N: 256, MT_K: 64, MI_M: 32, MI_N: 32, MI_K: 16,
    Occupancy: 1, WGM: 0, NTA: 0, NTB: 0}
  - {Latency: 61978, MT_M: 128, MT_N: 192, MT_K: 64, MI_M: 32, MI_N: 32, MI_K: 16,
    Occupancy: 1, WGM: 0, NTA: 0, NTB: 0}
  - {Latency: 62758, MT_M: 64, MT_N: 192, MT_K: 128, MI_M: 32, MI_N: 32, MI_K: 16,
    Occupancy: 1, WGM: 0, NTA: 0, NTB: 0}
  - {Latency: 67793, MT_M: 256, MT_N: 128, MT_K: 64, MI_M: 32, MI_N: 32, MI_K: 16,
    Occupancy: 1, WGM: 0, NTA: 0, NTB: 0}
  - {Latency: 71494, MT_M: 192, MT_N: 64, MT_K: 128, MI_M: 32, MI_N: 32, MI_K: 16,
    Occupancy: 1, WGM: 0, NTA: 0, NTB: 0}
  - {Latency: 72555, MT_M: 128, MT_N: 256, MT_K: 64, MI_M: 32, MI_N: 32, MI_K: 16,
    Occupancy: 1, WGM: 0, NTA: 0, NTB: 0}
  - {Latency: 76789, MT_M: 192, MT_N: 128, MT_K: 64, MI_M: 32, MI_N: 32, MI_K: 16,
    Occupancy: 1, WGM: 0, NTA: 0, NTB: 0}
  - {Latency: 83978, MT_M: 256, MT_N: 192, MT_K: 32, MI_M: 16, MI_N: 16, MI_K: 32,
    Occupancy: 1, WGM: 0, NTA: 0, NTB: 0}
  - {Latency: 91816, MT_M: 256, MT_N: 256, MT_K: 32, MI_M: 32, MI_N: 32, MI_K: 16,
    Occupancy: 1, WGM: 0, NTA: 0, NTB: 0}
  - {Latency: 93555, MT_M: 192, MT_N: 256, MT_K: 32, MI_M: 32, MI_N: 32, MI_K: 16,
    Occupancy: 1, WGM: 0, NTA: 0, NTB: 0}
  - {Latency: 102395, MT_M: 192, MT_N: 192, MT_K: 64, MI_M: 32, MI_N: 32, MI_K: 16,
    Occupancy: 1, WGM: 0, NTA: 0, NTB: 0}
- - {Latency: 28223, MT_M: 64, MT_N: 32, MT_K: 128, MI_M: 32, MI_N: 32, MI_K: 16,
    Occupancy: 1, WGM: 0, NTA: 0, NTB: 0}
  - {Latency: 29942, MT_M: 32, MT_N: 64, MT_K: 128, MI_M: 32, MI_N: 32, MI_K: 16,
    Occupancy: 1, WGM: 0, NTA: 0, NTB: 0}
  - {Latency: 37437, MT_M: 16, MT_N: 128, MT_K: 32, MI_M: 16, MI_N: 16, MI_K: 32,
    Occupancy: 3, WGM: 0, NTA: 0, NTB: 0}
  - {Latency: 41967, MT_M: 64, MT_N: 16, MT_K: 256, MI_M: 16, MI_N: 16, MI_K: 32,
    Occupancy: 1, WGM: 0, NTA: 0, NTB: 0}
  - {Latency: 42307, MT_M: 32, MT_N: 128, MT_K: 16, MI_M: 32, MI_N: 32, MI_K: 16,
    Occupancy: 5, WGM: 0, NTA: 0, NTB: 0}
  - {Latency: 42904, MT_M: 32, MT_N: 16, MT_K: 512, MI_M: 16, MI_N: 16, MI_K: 32,
    Occupancy: 1, WGM: 0, NTA: 0, NTB: 0}
  - {Latency: 44152, MT_M: 16, MT_N: 32, MT_K: 512, MI_M: 16, MI_N: 16, MI_K: 32,
    Occupancy: 1, WGM: 0, NTA: 0, NTB: 0}
  - {Latency: 44745, MT_M: 16, MT_N: 64, MT_K: 256, MI_M: 16, MI_N: 16, MI_K: 32,
    Occupancy: 1, WGM: 0, NTA: 0, NTB: 0}
  - {Latency: 47510, MT_M: 64, MT_N: 128, MT_K: 128, MI_M: 16, MI_N: 16, MI_K: 32,
    Occupancy: 1, WGM: 0, NTA: 0, NTB: 0}
  - {Latency: 47723, MT_M: 16, MT_N: 256, MT_K: 32, MI_M: 16, MI_N: 16, MI_K: 32,
    Occupancy: 2, WGM: 0, NTA: 0, NTB: 0}
  - {Latency: 47769, MT_M: 32, MT_N: 32, MT_K: 512, MI_M: 32, MI_N: 32, MI_K: 16,
    Occupancy: 1, WGM: 0, NTA: 0, NTB: 0}
  - {Latency: 48730, MT_M: 32, MT_N: 256, MT_K: 16, MI_M: 32, MI_N: 32, MI_K: 16,
    Occupancy: 2, WGM: 0, NTA: 0, NTB: 0}
  - {Latency: 50774, MT_M: 128, MT_N: 64, MT_K: 128, MI_M: 16, MI_N: 16, MI_K: 32,
    Occupancy: 1, WGM: 0, NTA: 0, NTB: 0}
  - {Latency: 53083, MT_M: 64, MT_N: 64, MT_K: 256, MI_M: 32, MI_N: 32, MI_K: 16,
    Occupancy: 1, WGM: 0, NTA: 0, NTB: 0}
  - {Latency: 57141, MT_M: 192, MT_N: 64, MT_K: 128, MI_M: 32, MI_N: 32, MI_K: 16,
    Occupancy: 1, WGM: 0, NTA: 0, NTB: 0}
  - {Latency: 59594, MT_M: 64, MT_N: 256, MT_K: 64, MI_M: 32, MI_N: 32, MI_K: 16,
    Occupancy: 1, WGM: 0, NTA: 0, NTB: 0}
  - {Latency: 62812, MT_M: 192, MT_N: 128, MT_K: 64, MI_M: 32, MI_N: 32, MI_K: 16,
    Occupancy: 1, WGM: 0, NTA: 0, NTB: 0}
  - {Latency: 63321, MT_M: 128, MT_N: 128, MT_K: 128, MI_M: 32, MI_N: 32, MI_K: 16,
    Occupancy: 1, WGM: 0, NTA: 0, NTB: 0}
  - {Latency: 74446, MT_M: 256, MT_N: 64, MT_K: 64, MI_M: 32, MI_N: 32, MI_K: 16,
    Occupancy: 1, WGM: 0, NTA: 0, NTB: 0}
  - {Latency: 75993, MT_M: 64, MT_N: 192, MT_K: 128, MI_M: 32, MI_N: 32, MI_K: 16,
    Occupancy: 1, WGM: 0, NTA: 0, NTB: 0}
  - {Latency: 77863, MT_M: 16, MT_N: 16, MT_K: 512, MI_M: 16, MI_N: 16, MI_K: 32,
    Occupancy: 1, WGM: 0, NTA: 0, NTB: 0}
  - {Latency: 80745, MT_M: 128, MT_N: 256, MT_K: 64, MI_M: 32, MI_N: 32, MI_K: 16,
    Occupancy: 1, WGM: 0, NTA: 0, NTB: 0}
  - {Latency: 83587, MT_M: 192, MT_N: 256, MT_K: 32, MI_M: 32, MI_N: 32, MI_K: 16,
    Occupancy: 1, WGM: 0, NTA: 0, NTB: 0}
  - {Latency: 92848, MT_M: 256, MT_N: 128, MT_K: 64, MI_M: 32, MI_N: 32, MI_K: 16,
    Occupancy: 1, WGM: 0, NTA: 0, NTB: 0}
  - {Latency: 97368, MT_M: 128, MT_N: 192, MT_K: 64, MI_M: 32, MI_N: 32, MI_K: 16,
    Occupancy: 1, WGM: 0, NTA: 0, NTB: 0}
  - {Latency: 103692, MT_M: 192, MT_N: 192, MT_K: 64, MI_M: 32, MI_N: 32, MI_K: 16,
    Occupancy: 1, WGM: 0, NTA: 0, NTB: 0}
  - {Latency: 109281, MT_M: 256, MT_N: 256, MT_K: 32, MI_M: 32, MI_N: 32, MI_K: 16,
    Occupancy: 1, WGM: 0, NTA: 0, NTB: 0}
  - {Latency: 118027, MT_M: 256, MT_N: 192, MT_K: 32, MI_M: 16, MI_N: 16, MI_K: 32,
    Occupancy: 1, WGM: 0, NTA: 0, NTB: 0}
- - {Latency: 15281, MT_M: 16, MT_N: 128, MT_K: 32, MI_M: 16, MI_N: 16, MI_K: 32,
    Occupancy: 3, WGM: 0, NTA: 0, NTB: 0}
  - {Latency: 23502, MT_M: 16, MT_N: 256, MT_K: 32, MI_M: 16, MI_N: 16, MI_K: 32,
    Occupancy: 2, WGM: 0, NTA: 0, NTB: 0}
  - {Latency: 35840, MT_M: 32, MT_N: 64, MT_K: 128, MI_M: 32, MI_N: 32, MI_K: 16,
    Occupancy: 1, WGM: 0, NTA: 0, NTB: 0}
  - {Latency: 36169, MT_M: 64, MT_N: 32, MT_K: 128, MI_M: 32, MI_N: 32, MI_K: 16,
    Occupancy: 1, WGM: 0, NTA: 0, NTB: 0}
  - {Latency: 37686, MT_M: 32, MT_N: 128, MT_K: 16, MI_M: 32, MI_N: 32, MI_K: 16,
    Occupancy: 5, WGM: 0, NTA: 0, NTB: 0}
  - {Latency: 38996, MT_M: 256, MT_N: 64, MT_K: 64, MI_M: 32, MI_N: 32, MI_K: 16,
    Occupancy: 1, WGM: 0, NTA: 0, NTB: 0}
  - {Latency: 42170, MT_M: 64, MT_N: 256, MT_K: 64, MI_M: 32, MI_N: 32, MI_K: 16,
    Occupancy: 1, WGM: 0, NTA: 0, NTB: 0}
  - {Latency: 45435, MT_M: 192, MT_N: 128, MT_K: 64, MI_M: 32, MI_N: 32, MI_K: 16,
    Occupancy: 1, WGM: 0, NTA: 0, NTB: 0}
  - {Latency: 46593, MT_M: 32, MT_N: 256, MT_K: 16, MI_M: 32, MI_N: 32, MI_K: 16,
    Occupancy: 2, WGM: 0, NTA: 0, NTB: 0}
  - {Latency: 46676, MT_M: 128, MT_N: 64, MT_K: 128, MI_M: 16, MI_N: 16, MI_K: 32,
    Occupancy: 1, WGM: 0, NTA: 0, NTB: 0}
  - {Latency: 47579, MT_M: 64, MT_N: 64, MT_K: 256, MI_M: 32, MI_N: 32, MI_K: 16,
    Occupancy: 1, WGM: 0, NTA: 0, NTB: 0}
  - {Latency: 48692, MT_M: 128, MT_N: 192, MT_K: 64, MI_M: 32, MI_N: 32, MI_K: 16,
    Occupancy: 1, WGM: 0, NTA: 0, NTB: 0}
  - {Latency: 48934, MT_M: 64, MT_N: 128, MT_K: 128, MI_M: 16, MI_N: 16, MI_K: 32,
    Occupancy: 1, WGM: 0, NTA: 0, NTB: 0}
  - {Latency: 51016, MT_M: 192, MT_N: 256, MT_K: 32, MI_M: 32, MI_N: 32, MI_K: 16,
    Occupancy: 1, WGM: 0, NTA: 0, NTB: 0}
  - {Latency: 51873, MT_M: 192, MT_N: 64, MT_K: 128, MI_M: 32, MI_N: 32, MI_K: 16,
    Occupancy: 1, WGM: 0, NTA: 0, NTB: 0}
  - {Latency: 53509, MT_M: 256, MT_N: 128, MT_K: 64, MI_M: 32, MI_N: 32, MI_K: 16,
    Occupancy: 1, WGM: 0, NTA: 0, NTB: 0}
  - {Latency: 55586, MT_M: 256, MT_N: 192, MT_K: 32, MI_M: 16, MI_N: 16, MI_K: 32,
    Occupancy: 1, WGM: 0, NTA: 0, NTB: 0}
  - {Latency: 56559, MT_M: 128, MT_N: 256, MT_K: 64, MI_M: 32, MI_N: 32, MI_K: 16,
    Occupancy: 1, WGM: 0, NTA: 0, NTB: 0}
  - {Latency: 56656, MT_M: 128, MT_N: 128, MT_K: 128, MI_M: 32, MI_N: 32, MI_K: 16,
    Occupancy: 1, WGM: 0, NTA: 0, NTB: 0}
  - {Latency: 57504, MT_M: 64, MT_N: 192, MT_K: 128, MI_M: 32, MI_N: 32, MI_K: 16,
    Occupancy: 1, WGM: 0, NTA: 0, NTB: 0}
  - {Latency: 59126, MT_M: 192, MT_N: 192, MT_K: 64, MI_M: 32, MI_N: 32, MI_K: 16,
    Occupancy: 1, WGM: 0, NTA: 0, NTB: 0}
  - {Latency: 59573, MT_M: 256, MT_N: 256, MT_K: 32, MI_M: 32, MI_N: 32, MI_K: 16,
    Occupancy: 1, WGM: 0, NTA: 0, NTB: 0}
  - {Latency: 78807, MT_M: 64, MT_N: 16, MT_K: 256, MI_M: 16, MI_N: 16, MI_K: 32,
    Occupancy: 1, WGM: 0, NTA: 0, NTB: 0}
  - {Latency: 79526, MT_M: 16, MT_N: 64, MT_K: 256, MI_M: 16, MI_N: 16, MI_K: 32,
    Occupancy: 1, WGM: 0, NTA: 0, NTB: 0}
  - {Latency: 236304, MT_M: 32, MT_N: 32, MT_K: 512, MI_M: 32, MI_N: 32, MI_K: 16,
    Occupancy: 1, WGM: 0, NTA: 0, NTB: 0}
  - {Latency: 339897, MT_M: 32, MT_N: 16, MT_K: 512, MI_M: 16, MI_N: 16, MI_K: 32,
    Occupancy: 1, WGM: 0, NTA: 0, NTB: 0}
  - {Latency: 341435, MT_M: 16, MT_N: 32, MT_K: 512, MI_M: 16, MI_N: 16, MI_K: 32,
    Occupancy: 1, WGM: 0, NTA: 0, NTB: 0}
  - {Latency: 544226, MT_M: 16, MT_N: 16, MT_K: 512, MI_M: 16, MI_N: 16, MI_K: 32,
    Occupancy: 1, WGM: 0, NTA: 0, NTB: 0}
- - {Latency: 4096, MT_M: 32, MT_N: 128, MT_K: 16, MI_M: 32, MI_N: 32, MI_K: 16, Occupancy: 5,
    WGM: 0, NTA: 0, NTB: 0}
  - {Latency: 6619, MT_M: 32, MT_N: 256, MT_K: 16, MI_M: 32, MI_N: 32, MI_K: 16, Occupancy: 2,
    WGM: 0, NTA: 0, NTB: 0}
  - {Latency: 111767, MT_M: 16, MT_N: 256, MT_K: 32, MI_M: 16, MI_N: 16, MI_K: 32,
    Occupancy: 2, WGM: 0, NTA: 0, NTB: 0}
  - {Latency: 132064, MT_M: 192, MT_N: 256, MT_K: 32, MI_M: 32, MI_N: 32, MI_K: 16,
    Occupancy: 1, WGM: 0, NTA: 0, NTB: 0}
  - {Latency: 135913, MT_M: 256, MT_N: 192, MT_K: 32, MI_M: 16, MI_N: 16, MI_K: 32,
    Occupancy: 1, WGM: 0, NTA: 0, NTB: 0}
  - {Latency: 140223, MT_M: 64, MT_N: 256, MT_K: 64, MI_M: 32, MI_N: 32, MI_K: 16,
    Occupancy: 1, WGM: 0, NTA: 0, NTB: 0}
  - {Latency: 141539, MT_M: 256, MT_N: 256, MT_K: 32, MI_M: 32, MI_N: 32, MI_K: 16,
    Occupancy: 1, WGM: 0, NTA: 0, NTB: 0}
  - {Latency: 142879, MT_M: 256, MT_N: 64, MT_K: 64, MI_M: 32, MI_N: 32, MI_K: 16,
    Occupancy: 1, WGM: 0, NTA: 0, NTB: 0}
  - {Latency: 145394, MT_M: 192, MT_N: 128, MT_K: 64, MI_M: 32, MI_N: 32, MI_K: 16,
    Occupancy: 1, WGM: 0, NTA: 0, NTB: 0}
  - {Latency: 145394, MT_M: 128, MT_N: 192, MT_K: 64, MI_M: 32, MI_N: 32, MI_K: 16,
    Occupancy: 1, WGM: 0, NTA: 0, NTB: 0}
  - {Latency: 159337, MT_M: 256, MT_N: 128, MT_K: 64, MI_M: 32, MI_N: 32, MI_K: 16,
    Occupancy: 1, WGM: 0, NTA: 0, NTB: 0}
  - {Latency: 159337, MT_M: 128, MT_N: 256, MT_K: 64, MI_M: 32, MI_N: 32, MI_K: 16,
    Occupancy: 1, WGM: 0, NTA: 0, NTB: 0}
  - {Latency: 162053, MT_M: 192, MT_N: 192, MT_K: 64, MI_M: 32, MI_N: 32, MI_K: 16,
    Occupancy: 1, WGM: 0, NTA: 0, NTB: 0}
  - {Latency: 181841, MT_M: 64, MT_N: 128, MT_K: 128, MI_M: 16, MI_N: 16, MI_K: 32,
    Occupancy: 1, WGM: 0, NTA: 0, NTB: 0}
  - {Latency: 187898, MT_M: 128, MT_N: 64, MT_K: 128, MI_M: 16, MI_N: 16, MI_K: 32,
    Occupancy: 1, WGM: 0, NTA: 0, NTB: 0}
  - {Latency: 207158, MT_M: 64, MT_N: 192, MT_K: 128, MI_M: 32, MI_N: 32, MI_K: 16,
    Occupancy: 1, WGM: 0, NTA: 0, NTB: 0}
  - {Latency: 212260, MT_M: 16, MT_N: 128, MT_K: 32, MI_M: 16, MI_N: 16, MI_K: 32,
    Occupancy: 3, WGM: 0, NTA: 0, NTB: 0}
  - {Latency: 213173, MT_M: 128, MT_N: 128, MT_K: 128, MI_M: 32, MI_N: 32, MI_K: 16,
    Occupancy: 1, WGM: 0, NTA: 0, NTB: 0}
  - {Latency: 215063, MT_M: 192, MT_N: 64, MT_K: 128, MI_M: 32, MI_N: 32, MI_K: 16,
    Occupancy: 1, WGM: 0, NTA: 0, NTB: 0}
  - {Latency: 270731, MT_M: 32, MT_N: 64, MT_K: 128, MI_M: 32, MI_N: 32, MI_K: 16,
    Occupancy: 1, WGM: 0, NTA: 0, NTB: 0}
  - {Latency: 270731, MT_M: 64, MT_N: 32, MT_K: 128, MI_M: 32, MI_N: 32, MI_K: 16,
    Occupancy: 1, WGM: 0, NTA: 0, NTB: 0}
  - {Latency: 286437, MT_M: 64, MT_N: 64, MT_K: 256, MI_M: 32, MI_N: 32, MI_K: 16,
    Occupancy: 1, WGM: 0, NTA: 0, NTB: 0}
  - {Latency: 642748, MT_M: 64, MT_N: 16, MT_K: 256, MI_M: 16, MI_N: 16, MI_K: 32,
    Occupancy: 1, WGM: 0, NTA: 0, NTB: 0}
  - {Latency: 644740, MT_M: 16, MT_N: 64, MT_K: 256, MI_M: 16, MI_N: 16, MI_K: 32,
    Occupancy: 1, WGM: 0, NTA: 0, NTB: 0}
  - {Latency: 1361086, MT_M: 32, MT_N: 32, MT_K: 512, MI_M: 32, MI_N: 32, MI_K: 16,
    Occupancy: 1, WGM: 0, NTA: 0, NTB: 0}
  - {Latency: 2214732, MT_M: 32, MT_N: 16, MT_K: 512, MI_M: 16, MI_N: 16, MI_K: 32,
    Occupancy: 1, WGM: 0, NTA: 0, NTB: 0}
  - {Latency: 2216724, MT_M: 16, MT_N: 32, MT_K: 512, MI_M: 16, MI_N: 16, MI_K: 32,
    Occupancy: 1, WGM: 0, NTA: 0, NTB: 0}
  - {Latency: 3325178, MT_M: 16, MT_N: 16, MT_K: 512, MI_M: 16, MI_N: 16, MI_K: 32,
    Occupancy: 1, WGM: 0, NTA: 0, NTB: 0}
- - {Latency: 3629, MT_M: 16, MT_N: 128, MT_K: 32, MI_M: 16, MI_N: 16, MI_K: 32, Occupancy: 3,
    WGM: 0, NTA: 0, NTB: 0}
  - {Latency: 3795, MT_M: 32, MT_N: 128, MT_K: 16, MI_M: 32, MI_N: 32, MI_K: 16, Occupancy: 5,
    WGM: 0, NTA: 0, NTB: 0}
  - {Latency: 10044, MT_M: 16, MT_N: 256, MT_K: 32, MI_M: 16, MI_N: 16, MI_K: 32,
    Occupancy: 2, WGM: 0, NTA: 0, NTB: 0}
  - {Latency: 10314, MT_M: 32, MT_N: 256, MT_K: 16, MI_M: 32, MI_N: 32, MI_K: 16,
    Occupancy: 2, WGM: 0, NTA: 0, NTB: 0}
  - {Latency: 31169, MT_M: 256, MT_N: 192, MT_K: 32, MI_M: 16, MI_N: 16, MI_K: 32,
    Occupancy: 1, WGM: 0, NTA: 0, NTB: 0}
  - {Latency: 32299, MT_M: 192, MT_N: 256, MT_K: 32, MI_M: 32, MI_N: 32, MI_K: 16,
    Occupancy: 1, WGM: 0, NTA: 0, NTB: 0}
  - {Latency: 40550, MT_M: 256, MT_N: 256, MT_K: 32, MI_M: 32, MI_N: 32, MI_K: 16,
    Occupancy: 1, WGM: 0, NTA: 0, NTB: 0}
  - {Latency: 120780, MT_M: 32, MT_N: 64, MT_K: 128, MI_M: 32, MI_N: 32, MI_K: 16,
    Occupancy: 1, WGM: 0, NTA: 0, NTB: 0}
  - {Latency: 121715, MT_M: 64, MT_N: 32, MT_K: 128, MI_M: 32, MI_N: 32, MI_K: 16,
    Occupancy: 1, WGM: 0, NTA: 0, NTB: 0}
  - {Latency: 125904, MT_M: 256, MT_N: 64, MT_K: 64, MI_M: 32, MI_N: 32, MI_K: 16,
    Occupancy: 1, WGM: 0, NTA: 0, NTB: 0}
  - {Latency: 129800, MT_M: 192, MT_N: 128, MT_K: 64, MI_M: 32, MI_N: 32, MI_K: 16,
    Occupancy: 1, WGM: 0, NTA: 0, NTB: 0}
  - {Latency: 137218, MT_M: 256, MT_N: 128, MT_K: 64, MI_M: 32, MI_N: 32, MI_K: 16,
    Occupancy: 1, WGM: 0, NTA: 0, NTB: 0}
  - {Latency: 140558, MT_M: 128, MT_N: 192, MT_K: 64, MI_M: 32, MI_N: 32, MI_K: 16,
    Occupancy: 1, WGM: 0, NTA: 0, NTB: 0}
  - {Latency: 142749, MT_M: 64, MT_N: 256, MT_K: 64, MI_M: 32, MI_N: 32, MI_K: 16,
    Occupancy: 1, WGM: 0, NTA: 0, NTB: 0}
  - {Latency: 151385, MT_M: 64, MT_N: 128, MT_K: 128, MI_M: 16, MI_N: 16, MI_K: 32,
    Occupancy: 1, WGM: 0, NTA: 0, NTB: 0}
  - {Latency: 152661, MT_M: 192, MT_N: 192, MT_K: 64, MI_M: 32, MI_N: 32, MI_K: 16,
    Occupancy: 1, WGM: 0, NTA: 0, NTB: 0}
  - {Latency: 155775, MT_M: 128, MT_N: 64, MT_K: 128, MI_M: 16, MI_N: 16, MI_K: 32,
    Occupancy: 1, WGM: 0, NTA: 0, NTB: 0}
  - {Latency: 161505, MT_M: 64, MT_N: 16, MT_K: 256, MI_M: 16, MI_N: 16, MI_K: 32,
    Occupancy: 1, WGM: 0, NTA: 0, NTB: 0}
  - {Latency: 163558, MT_M: 128, MT_N: 256, MT_K: 64, MI_M: 32, MI_N: 32, MI_K: 16,
    Occupancy: 1, WGM: 0, NTA: 0, NTB: 0}
  - {Latency: 165769, MT_M: 16, MT_N: 64, MT_K: 256, MI_M: 16, MI_N: 16, MI_K: 32,
    Occupancy: 1, WGM: 0, NTA: 0, NTB: 0}
  - {Latency: 168558, MT_M: 192, MT_N: 64, MT_K: 128, MI_M: 32, MI_N: 32, MI_K: 16,
    Occupancy: 1, WGM: 0, NTA: 0, NTB: 0}
  - {Latency: 172459, MT_M: 128, MT_N: 128, MT_K: 128, MI_M: 32, MI_N: 32, MI_K: 16,
    Occupancy: 1, WGM: 0, NTA: 0, NTB: 0}
  - {Latency: 192621, MT_M: 64, MT_N: 192, MT_K: 128, MI_M: 32, MI_N: 32, MI_K: 16,
    Occupancy: 1, WGM: 0, NTA: 0, NTB: 0}
  - {Latency: 214663, MT_M: 64, MT_N: 64, MT_K: 256, MI_M: 32, MI_N: 32, MI_K: 16,
    Occupancy: 1, WGM: 0, NTA: 0, NTB: 0}
  - {Latency: 238108, MT_M: 32, MT_N: 16, MT_K: 512, MI_M: 16, MI_N: 16, MI_K: 32,
    Occupancy: 1, WGM: 0, NTA: 0, NTB: 0}
  - {Latency: 254234, MT_M: 16, MT_N: 32, MT_K: 512, MI_M: 16, MI_N: 16, MI_K: 32,
    Occupancy: 1, WGM: 0, NTA: 0, NTB: 0}
  - {Latency: 307184, MT_M: 32, MT_N: 32, MT_K: 512, MI_M: 32, MI_N: 32, MI_K: 16,
    Occupancy: 1, WGM: 0, NTA: 0, NTB: 0}
  - {Latency: 377931, MT_M: 16, MT_N: 16, MT_K: 512, MI_M: 16, MI_N: 16, MI_K: 32,
    Occupancy: 1, WGM: 0, NTA: 0, NTB: 0}
- - {Latency: 14095, MT_M: 32, MT_N: 128, MT_K: 16, MI_M: 32, MI_N: 32, MI_K: 16,
    Occupancy: 5, WGM: 0, NTA: 0, NTB: 0}
  - {Latency: 18770, MT_M: 16, MT_N: 128, MT_K: 32, MI_M: 16, MI_N: 16, MI_K: 32,
    Occupancy: 3, WGM: 0, NTA: 0, NTB: 0}
  - {Latency: 19713, MT_M: 64, MT_N: 32, MT_K: 128, MI_M: 32, MI_N: 32, MI_K: 16,
    Occupancy: 1, WGM: 0, NTA: 0, NTB: 0}
  - {Latency: 19889, MT_M: 32, MT_N: 256, MT_K: 16, MI_M: 32, MI_N: 32, MI_K: 16,
    Occupancy: 2, WGM: 0, NTA: 0, NTB: 0}
  - {Latency: 20778, MT_M: 32, MT_N: 64, MT_K: 128, MI_M: 32, MI_N: 32, MI_K: 16,
    Occupancy: 1, WGM: 0, NTA: 0, NTB: 0}
  - {Latency: 23961, MT_M: 16, MT_N: 256, MT_K: 32, MI_M: 16, MI_N: 16, MI_K: 32,
    Occupancy: 2, WGM: 0, NTA: 0, NTB: 0}
  - {Latency: 32947, MT_M: 256, MT_N: 64, MT_K: 64, MI_M: 32, MI_N: 32, MI_K: 16,
    Occupancy: 1, WGM: 0, NTA: 0, NTB: 0}
  - {Latency: 32947, MT_M: 64, MT_N: 256, MT_K: 64, MI_M: 32, MI_N: 32, MI_K: 16,
    Occupancy: 1, WGM: 0, NTA: 0, NTB: 0}
  - {Latency: 34205, MT_M: 128, MT_N: 64, MT_K: 128, MI_M: 16, MI_N: 16, MI_K: 32,
    Occupancy: 1, WGM: 0, NTA: 0, NTB: 0}
  - {Latency: 35901, MT_M: 64, MT_N: 128, MT_K: 128, MI_M: 16, MI_N: 16, MI_K: 32,
    Occupancy: 1, WGM: 0, NTA: 0, NTB: 0}
  - {Latency: 42148, MT_M: 128, MT_N: 128, MT_K: 128, MI_M: 32, MI_N: 32, MI_K: 16,
    Occupancy: 1, WGM: 0, NTA: 0, NTB: 0}
  - {Latency: 42451, MT_M: 256, MT_N: 128, MT_K: 64, MI_M: 32, MI_N: 32, MI_K: 16,
    Occupancy: 1, WGM: 0, NTA: 0, NTB: 0}
  - {Latency: 42451, MT_M: 128, MT_N: 256, MT_K: 64, MI_M: 32, MI_N: 32, MI_K: 16,
    Occupancy: 1, WGM: 0, NTA: 0, NTB: 0}
  - {Latency: 44476, MT_M: 192, MT_N: 128, MT_K: 64, MI_M: 32, MI_N: 32, MI_K: 16,
    Occupancy: 1, WGM: 0, NTA: 0, NTB: 0}
  - {Latency: 45782, MT_M: 128, MT_N: 192, MT_K: 64, MI_M: 32, MI_N: 32, MI_K: 16,
    Occupancy: 1, WGM: 0, NTA: 0, NTB: 0}
  - {Latency: 51087, MT_M: 192, MT_N: 256, MT_K: 32, MI_M: 32, MI_N: 32, MI_K: 16,
    Occupancy: 1, WGM: 0, NTA: 0, NTB: 0}
  - {Latency: 52042, MT_M: 192, MT_N: 64, MT_K: 128, MI_M: 32, MI_N: 32, MI_K: 16,
    Occupancy: 1, WGM: 0, NTA: 0, NTB: 0}
  - {Latency: 53938, MT_M: 256, MT_N: 192, MT_K: 32, MI_M: 16, MI_N: 16, MI_K: 32,
    Occupancy: 1, WGM: 0, NTA: 0, NTB: 0}
  - {Latency: 56525, MT_M: 256, MT_N: 256, MT_K: 32, MI_M: 32, MI_N: 32, MI_K: 16,
    Occupancy: 1, WGM: 0, NTA: 0, NTB: 0}
  - {Latency: 57207, MT_M: 64, MT_N: 192, MT_K: 128, MI_M: 32, MI_N: 32, MI_K: 16,
    Occupancy: 1, WGM: 0, NTA: 0, NTB: 0}
  - {Latency: 69534, MT_M: 192, MT_N: 192, MT_K: 64, MI_M: 32, MI_N: 32, MI_K: 16,
    Occupancy: 1, WGM: 0, NTA: 0, NTB: 0}
  - {Latency: 113390, MT_M: 64, MT_N: 16, MT_K: 256, MI_M: 16, MI_N: 16, MI_K: 32,
    Occupancy: 1, WGM: 0, NTA: 0, NTB: 0}
  - {Latency: 115509, MT_M: 16, MT_N: 64, MT_K: 256, MI_M: 16, MI_N: 16, MI_K: 32,
    Occupancy: 1, WGM: 0, NTA: 0, NTB: 0}
  - {Latency: 120377, MT_M: 16, MT_N: 16, MT_K: 512, MI_M: 16, MI_N: 16, MI_K: 32,
    Occupancy: 1, WGM: 0, NTA: 0, NTB: 0}
  - {Latency: 125169, MT_M: 64, MT_N: 64, MT_K: 256, MI_M: 32, MI_N: 32, MI_K: 16,
    Occupancy: 1, WGM: 0, NTA: 0, NTB: 0}
  - {Latency: 130473, MT_M: 32, MT_N: 16, MT_K: 512, MI_M: 16, MI_N: 16, MI_K: 32,
    Occupancy: 1, WGM: 0, NTA: 0, NTB: 0}
  - {Latency: 130635, MT_M: 16, MT_N: 32, MT_K: 512, MI_M: 16, MI_N: 16, MI_K: 32,
    Occupancy: 1, WGM: 0, NTA: 0, NTB: 0}
  - {Latency: 139995, MT_M: 32, MT_N: 32, MT_K: 512, MI_M: 32, MI_N: 32, MI_K: 16,
    Occupancy: 1, WGM: 0, NTA: 0, NTB: 0}
- - {Latency: 41609, MT_M: 64, MT_N: 128, MT_K: 128, MI_M: 16, MI_N: 16, MI_K: 32,
    Occupancy: 1, WGM: 0, NTA: 0, NTB: 0}
  - {Latency: 41854, MT_M: 64, MT_N: 64, MT_K: 256, MI_M: 32, MI_N: 32, MI_K: 16,
    Occupancy: 1, WGM: 0, NTA: 0, NTB: 0}
  - {Latency: 44678, MT_M: 128, MT_N: 64, MT_K: 128, MI_M: 16, MI_N: 16, MI_K: 32,
    Occupancy: 1, WGM: 0, NTA: 0, NTB: 0}
  - {Latency: 45250, MT_M: 32, MT_N: 64, MT_K: 128, MI_M: 32, MI_N: 32, MI_K: 16,
    Occupancy: 1, WGM: 0, NTA: 0, NTB: 0}
  - {Latency: 45250, MT_M: 64, MT_N: 32, MT_K: 128, MI_M: 32, MI_N: 32, MI_K: 16,
    Occupancy: 1, WGM: 0, NTA: 0, NTB: 0}
  - {Latency: 52855, MT_M: 64, MT_N: 192, MT_K: 128, MI_M: 32, MI_N: 32, MI_K: 16,
    Occupancy: 1, WGM: 0, NTA: 0, NTB: 0}
  - {Latency: 53215, MT_M: 16, MT_N: 256, MT_K: 32, MI_M: 16, MI_N: 16, MI_K: 32,
    Occupancy: 2, WGM: 0, NTA: 0, NTB: 0}
  - {Latency: 56829, MT_M: 192, MT_N: 64, MT_K: 128, MI_M: 32, MI_N: 32, MI_K: 16,
    Occupancy: 1, WGM: 0, NTA: 0, NTB: 0}
  - {Latency: 58736, MT_M: 128, MT_N: 128, MT_K: 128, MI_M: 32, MI_N: 32, MI_K: 16,
    Occupancy: 1, WGM: 0, NTA: 0, NTB: 0}
  - {Latency: 60082, MT_M: 64, MT_N: 256, MT_K: 64, MI_M: 32, MI_N: 32, MI_K: 16,
    Occupancy: 1, WGM: 0, NTA: 0, NTB: 0}
  - {Latency: 64277, MT_M: 256, MT_N: 64, MT_K: 64, MI_M: 32, MI_N: 32, MI_K: 16,
    Occupancy: 1, WGM: 0, NTA: 0, NTB: 0}
  - {Latency: 67443, MT_M: 192, MT_N: 128, MT_K: 64, MI_M: 32, MI_N: 32, MI_K: 16,
    Occupancy: 1, WGM: 0, NTA: 0, NTB: 0}
  - {Latency: 67443, MT_M: 128, MT_N: 192, MT_K: 64, MI_M: 32, MI_N: 32, MI_K: 16,
    Occupancy: 1, WGM: 0, NTA: 0, NTB: 0}
  - {Latency: 69301, MT_M: 32, MT_N: 128, MT_K: 16, MI_M: 32, MI_N: 32, MI_K: 16,
    Occupancy: 5, WGM: 0, NTA: 0, NTB: 0}
  - {Latency: 73271, MT_M: 16, MT_N: 128, MT_K: 32, MI_M: 16, MI_N: 16, MI_K: 32,
    Occupancy: 3, WGM: 0, NTA: 0, NTB: 0}
  - {Latency: 76589, MT_M: 192, MT_N: 256, MT_K: 32, MI_M: 32, MI_N: 32, MI_K: 16,
    Occupancy: 1, WGM: 0, NTA: 0, NTB: 0}
  - {Latency: 78246, MT_M: 256, MT_N: 192, MT_K: 32, MI_M: 16, MI_N: 16, MI_K: 32,
    Occupancy: 1, WGM: 0, NTA: 0, NTB: 0}
  - {Latency: 80446, MT_M: 256, MT_N: 128, MT_K: 64, MI_M: 32, MI_N: 32, MI_K: 16,
    Occupancy: 1, WGM: 0, NTA: 0, NTB: 0}
  - {Latency: 82029, MT_M: 192, MT_N: 192, MT_K: 64, MI_M: 32, MI_N: 32, MI_K: 16,
    Occupancy: 1, WGM: 0, NTA: 0, NTB: 0}
  - {Latency: 82332, MT_M: 128, MT_N: 256, MT_K: 64, MI_M: 32, MI_N: 32, MI_K: 16,
    Occupancy: 1, WGM: 0, NTA: 0, NTB: 0}
  - {Latency: 82827, MT_M: 32, MT_N: 256, MT_K: 16, MI_M: 32, MI_N: 32, MI_K: 16,
    Occupancy: 2, WGM: 0, NTA: 0, NTB: 0}
  - {Latency: 89082, MT_M: 256, MT_N: 256, MT_K: 32, MI_M: 32, MI_N: 32, MI_K: 16,
    Occupancy: 1, WGM: 0, NTA: 0, NTB: 0}
  - {Latency: 96933, MT_M: 64, MT_N: 16, MT_K: 256, MI_M: 16, MI_N: 16, MI_K: 32,
    Occupancy: 1, WGM: 0, NTA: 0, NTB: 0}
  - {Latency: 97947, MT_M: 16, MT_N: 64, MT_K: 256, MI_M: 16, MI_N: 16, MI_K: 32,
    Occupancy: 1, WGM: 0, NTA: 0, NTB: 0}
  - {Latency: 173046, MT_M: 32, MT_N: 32, MT_K: 512, MI_M: 32, MI_N: 32, MI_K: 16,
    Occupancy: 1, WGM: 0, NTA: 0, NTB: 0}
  - {Latency: 271626, MT_M: 32, MT_N: 16, MT_K: 512, MI_M: 16, MI_N: 16, MI_K: 32,
    Occupancy: 1, WGM: 0, NTA: 0, NTB: 0}
  - {Latency: 272192, MT_M: 16, MT_N: 32, MT_K: 512, MI_M: 16, MI_N: 16, MI_K: 32,
    Occupancy: 1, WGM: 0, NTA: 0, NTB: 0}
  - {Latency: 457897, MT_M: 16, MT_N: 16, MT_K: 512, MI_M: 16, MI_N: 16, MI_K: 32,
    Occupancy: 1, WGM: 0, NTA: 0, NTB: 0}
- - {Latency: 341599, MT_M: 256, MT_N: 192, MT_K: 32, MI_M: 16, MI_N: 16, MI_K: 32,
    Occupancy: 1, WGM: 0, NTA: 0, NTB: 0}
  - {Latency: 359856, MT_M: 192, MT_N: 256, MT_K: 32, MI_M: 32, MI_N: 32, MI_K: 16,
    Occupancy: 1, WGM: 0, NTA: 0, NTB: 0}
  - {Latency: 376412, MT_M: 256, MT_N: 256, MT_K: 32, MI_M: 32, MI_N: 32, MI_K: 16,
    Occupancy: 1, WGM: 0, NTA: 0, NTB: 0}
  - {Latency: 457196, MT_M: 128, MT_N: 192, MT_K: 64, MI_M: 32, MI_N: 32, MI_K: 16,
    Occupancy: 1, WGM: 0, NTA: 0, NTB: 0}
  - {Latency: 483076, MT_M: 192, MT_N: 128, MT_K: 64, MI_M: 32, MI_N: 32, MI_K: 16,
    Occupancy: 1, WGM: 0, NTA: 0, NTB: 0}
  - {Latency: 518404, MT_M: 128, MT_N: 128, MT_K: 128, MI_M: 32, MI_N: 32, MI_K: 16,
    Occupancy: 1, WGM: 0, NTA: 0, NTB: 0}
  - {Latency: 540685, MT_M: 256, MT_N: 128, MT_K: 64, MI_M: 32, MI_N: 32, MI_K: 16,
    Occupancy: 1, WGM: 0, NTA: 0, NTB: 0}
  - {Latency: 540685, MT_M: 128, MT_N: 256, MT_K: 64, MI_M: 32, MI_N: 32, MI_K: 16,
    Occupancy: 1, WGM: 0, NTA: 0, NTB: 0}
  - {Latency: 577617, MT_M: 192, MT_N: 192, MT_K: 64, MI_M: 32, MI_N: 32, MI_K: 16,
    Occupancy: 1, WGM: 0, NTA: 0, NTB: 0}
  - {Latency: 656598, MT_M: 128, MT_N: 64, MT_K: 128, MI_M: 16, MI_N: 16, MI_K: 32,
    Occupancy: 1, WGM: 0, NTA: 0, NTB: 0}
  - {Latency: 656598, MT_M: 64, MT_N: 128, MT_K: 128, MI_M: 16, MI_N: 16, MI_K: 32,
    Occupancy: 1, WGM: 0, NTA: 0, NTB: 0}
  - {Latency: 668356, MT_M: 256, MT_N: 64, MT_K: 64, MI_M: 32, MI_N: 32, MI_K: 16,
    Occupancy: 1, WGM: 0, NTA: 0, NTB: 0}
  - {Latency: 668356, MT_M: 64, MT_N: 256, MT_K: 64, MI_M: 32, MI_N: 32, MI_K: 16,
    Occupancy: 1, WGM: 0, NTA: 0, NTB: 0}
  - {Latency: 678580, MT_M: 64, MT_N: 192, MT_K: 128, MI_M: 32, MI_N: 32, MI_K: 16,
    Occupancy: 1, WGM: 0, NTA: 0, NTB: 0}
  - {Latency: 720345, MT_M: 192, MT_N: 64, MT_K: 128, MI_M: 32, MI_N: 32, MI_K: 16,
    Occupancy: 1, WGM: 0, NTA: 0, NTB: 0}
  - {Latency: 844429, MT_M: 64, MT_N: 64, MT_K: 256, MI_M: 32, MI_N: 32, MI_K: 16,
    Occupancy: 1, WGM: 0, NTA: 0, NTB: 0}
  - {Latency: 1336824, MT_M: 32, MT_N: 64, MT_K: 128, MI_M: 32, MI_N: 32, MI_K: 16,
    Occupancy: 1, WGM: 0, NTA: 0, NTB: 0}
  - {Latency: 1355316, MT_M: 64, MT_N: 32, MT_K: 128, MI_M: 32, MI_N: 32, MI_K: 16,
    Occupancy: 1, WGM: 0, NTA: 0, NTB: 0}
  - {Latency: 1538304, MT_M: 32, MT_N: 32, MT_K: 512, MI_M: 32, MI_N: 32, MI_K: 16,
    Occupancy: 1, WGM: 0, NTA: 0, NTB: 0}
  - {Latency: 1940127, MT_M: 16, MT_N: 64, MT_K: 256, MI_M: 16, MI_N: 16, MI_K: 32,
    Occupancy: 1, WGM: 0, NTA: 0, NTB: 0}
  - {Latency: 1951440, MT_M: 16, MT_N: 256, MT_K: 32, MI_M: 16, MI_N: 16, MI_K: 32,
    Occupancy: 2, WGM: 0, NTA: 0, NTB: 0}
  - {Latency: 2015338, MT_M: 64, MT_N: 16, MT_K: 256, MI_M: 16, MI_N: 16, MI_K: 32,
    Occupancy: 1, WGM: 0, NTA: 0, NTB: 0}
  - {Latency: 2243087, MT_M: 32, MT_N: 256, MT_K: 16, MI_M: 32, MI_N: 32, MI_K: 16,
    Occupancy: 2, WGM: 0, NTA: 0, NTB: 0}
  - {Latency: 2310455, MT_M: 16, MT_N: 32, MT_K: 512, MI_M: 16, MI_N: 16, MI_K: 32,
    Occupancy: 1, WGM: 0, NTA: 0, NTB: 0}
  - {Latency: 2337006, MT_M: 32, MT_N: 16, MT_K: 512, MI_M: 16, MI_N: 16, MI_K: 32,
    Occupancy: 1, WGM: 0, NTA: 0, NTB: 0}
  - {Latency: 2598208, MT_M: 16, MT_N: 128, MT_K: 32, MI_M: 16, MI_N: 16, MI_K: 32,
    Occupancy: 3, WGM: 0, NTA: 0, NTB: 0}
  - {Latency: 3051117, MT_M: 32, MT_N: 128, MT_K: 16, MI_M: 32, MI_N: 32, MI_K: 16,
    Occupancy: 5, WGM: 0, NTA: 0, NTB: 0}
  - {Latency: 3221042, MT_M: 16, MT_N: 16, MT_K: 512, MI_M: 16, MI_N: 16, MI_K: 32,
    Occupancy: 1, WGM: 0, NTA: 0, NTB: 0}
- - {Latency: 163539, MT_M: 192, MT_N: 192, MT_K: 64, MI_M: 32, MI_N: 32, MI_K: 16,
    Occupancy: 1, WGM: 0, NTA: 0, NTB: 0}
  - {Latency: 191066, MT_M: 192, MT_N: 256, MT_K: 32, MI_M: 32, MI_N: 32, MI_K: 16,
    Occupancy: 1, WGM: 0, NTA: 0, NTB: 0}
  - {Latency: 193785, MT_M: 192, MT_N: 128, MT_K: 64, MI_M: 32, MI_N: 32, MI_K: 16,
    Occupancy: 1, WGM: 0, NTA: 0, NTB: 0}
  - {Latency: 197232, MT_M: 128, MT_N: 192, MT_K: 64, MI_M: 32, MI_N: 32, MI_K: 16,
    Occupancy: 1, WGM: 0, NTA: 0, NTB: 0}
  - {Latency: 200560, MT_M: 256, MT_N: 192, MT_K: 32, MI_M: 16, MI_N: 16, MI_K: 32,
    Occupancy: 1, WGM: 0, NTA: 0, NTB: 0}
  - {Latency: 230674, MT_M: 256, MT_N: 256, MT_K: 32, MI_M: 32, MI_N: 32, MI_K: 16,
    Occupancy: 1, WGM: 0, NTA: 0, NTB: 0}
  - {Latency: 232397, MT_M: 128, MT_N: 256, MT_K: 64, MI_M: 32, MI_N: 32, MI_K: 16,
    Occupancy: 1, WGM: 0, NTA: 0, NTB: 0}
  - {Latency: 236427, MT_M: 256, MT_N: 128, MT_K: 64, MI_M: 32, MI_N: 32, MI_K: 16,
    Occupancy: 1, WGM: 0, NTA: 0, NTB: 0}
  - {Latency: 293869, MT_M: 64, MT_N: 256, MT_K: 64, MI_M: 32, MI_N: 32, MI_K: 16,
    Occupancy: 1, WGM: 0, NTA: 0, NTB: 0}
  - {Latency: 296081, MT_M: 128, MT_N: 128, MT_K: 128, MI_M: 32, MI_N: 32, MI_K: 16,
    Occupancy: 1, WGM: 0, NTA: 0, NTB: 0}
  - {Latency: 299363, MT_M: 256, MT_N: 64, MT_K: 64, MI_M: 32, MI_N: 32, MI_K: 16,
    Occupancy: 1, WGM: 0, NTA: 0, NTB: 0}
  - {Latency: 336309, MT_M: 192, MT_N: 64, MT_K: 128, MI_M: 32, MI_N: 32, MI_K: 16,
    Occupancy: 1, WGM: 0, NTA: 0, NTB: 0}
  - {Latency: 342063, MT_M: 64, MT_N: 192, MT_K: 128, MI_M: 32, MI_N: 32, MI_K: 16,
    Occupancy: 1, WGM: 0, NTA: 0, NTB: 0}
  - {Latency: 419516, MT_M: 128, MT_N: 64, MT_K: 128, MI_M: 16, MI_N: 16, MI_K: 32,
    Occupancy: 1, WGM: 0, NTA: 0, NTB: 0}
  - {Latency: 419516, MT_M: 64, MT_N: 128, MT_K: 128, MI_M: 16, MI_N: 16, MI_K: 32,
    Occupancy: 1, WGM: 0, NTA: 0, NTB: 0}
  - {Latency: 782170, MT_M: 32, MT_N: 256, MT_K: 16, MI_M: 32, MI_N: 32, MI_K: 16,
    Occupancy: 2, WGM: 0, NTA: 0, NTB: 0}
  - {Latency: 815028, MT_M: 16, MT_N: 256, MT_K: 32, MI_M: 16, MI_N: 16, MI_K: 32,
    Occupancy: 2, WGM: 0, NTA: 0, NTB: 0}
  - {Latency: 886292, MT_M: 64, MT_N: 64, MT_K: 256, MI_M: 32, MI_N: 32, MI_K: 16,
    Occupancy: 1, WGM: 0, NTA: 0, NTB: 0}
  - {Latency: 981180, MT_M: 32, MT_N: 128, MT_K: 16, MI_M: 32, MI_N: 32, MI_K: 16,
    Occupancy: 5, WGM: 0, NTA: 0, NTB: 0}
  - {Latency: 984241, MT_M: 64, MT_N: 32, MT_K: 128, MI_M: 32, MI_N: 32, MI_K: 16,
    Occupancy: 1, WGM: 0, NTA: 0, NTB: 0}
  - {Latency: 984329, MT_M: 32, MT_N: 64, MT_K: 128, MI_M: 32, MI_N: 32, MI_K: 16,
    Occupancy: 1, WGM: 0, NTA: 0, NTB: 0}
  - {Latency: 1038334, MT_M: 16, MT_N: 128, MT_K: 32, MI_M: 16, MI_N: 16, MI_K: 32,
    Occupancy: 3, WGM: 0, NTA: 0, NTB: 0}
  - {Latency: 2883187, MT_M: 64, MT_N: 16, MT_K: 256, MI_M: 16, MI_N: 16, MI_K: 32,
    Occupancy: 1, WGM: 0, NTA: 0, NTB: 0}
  - {Latency: 2927257, MT_M: 16, MT_N: 64, MT_K: 256, MI_M: 16, MI_N: 16, MI_K: 32,
    Occupancy: 1, WGM: 0, NTA: 0, NTB: 0}
  - {Latency: 3132888, MT_M: 32, MT_N: 32, MT_K: 512, MI_M: 32, MI_N: 32, MI_K: 16,
    Occupancy: 1, WGM: 0, NTA: 0, NTB: 0}
  - {Latency: 5747070, MT_M: 32, MT_N: 16, MT_K: 512, MI_M: 16, MI_N: 16, MI_K: 32,
    Occupancy: 1, WGM: 0, NTA: 0, NTB: 0}
  - {Latency: 5790416, MT_M: 16, MT_N: 32, MT_K: 512, MI_M: 16, MI_N: 16, MI_K: 32,
    Occupancy: 1, WGM: 0, NTA: 0, NTB: 0}
  - {Latency: 10384135, MT_M: 16, MT_N: 16, MT_K: 512, MI_M: 16, MI_N: 16, MI_K: 32,
    Occupancy: 1, WGM: 0, NTA: 0, NTB: 0}
- - {Latency: 121235, MT_M: 256, MT_N: 128, MT_K: 64, MI_M: 32, MI_N: 32, MI_K: 16,
    Occupancy: 1, WGM: 0, NTA: 0, NTB: 0}
  - {Latency: 134208, MT_M: 256, MT_N: 64, MT_K: 64, MI_M: 32, MI_N: 32, MI_K: 16,
    Occupancy: 1, WGM: 0, NTA: 0, NTB: 0}
  - {Latency: 137415, MT_M: 256, MT_N: 192, MT_K: 32, MI_M: 16, MI_N: 16, MI_K: 32,
    Occupancy: 1, WGM: 0, NTA: 0, NTB: 0}
  - {Latency: 146455, MT_M: 128, MT_N: 64, MT_K: 128, MI_M: 16, MI_N: 16, MI_K: 32,
    Occupancy: 1, WGM: 0, NTA: 0, NTB: 0}
  - {Latency: 146455, MT_M: 64, MT_N: 128, MT_K: 128, MI_M: 16, MI_N: 16, MI_K: 32,
    Occupancy: 1, WGM: 0, NTA: 0, NTB: 0}
  - {Latency: 147186, MT_M: 192, MT_N: 128, MT_K: 64, MI_M: 32, MI_N: 32, MI_K: 16,
    Occupancy: 1, WGM: 0, NTA: 0, NTB: 0}
  - {Latency: 150025, MT_M: 128, MT_N: 192, MT_K: 64, MI_M: 32, MI_N: 32, MI_K: 16,
    Occupancy: 1, WGM: 0, NTA: 0, NTB: 0}
  - {Latency: 151025, MT_M: 128, MT_N: 128, MT_K: 128, MI_M: 32, MI_N: 32, MI_K: 16,
    Occupancy: 1, WGM: 0, NTA: 0, NTB: 0}
  - {Latency: 154673, MT_M: 192, MT_N: 192, MT_K: 64, MI_M: 32, MI_N: 32, MI_K: 16,
    Occupancy: 1, WGM: 0, NTA: 0, NTB: 0}
  - {Latency: 156108, MT_M: 64, MT_N: 64, MT_K: 256, MI_M: 32, MI_N: 32, MI_K: 16,
    Occupancy: 1, WGM: 0, NTA: 0, NTB: 0}
  - {Latency: 169328, MT_M: 256, MT_N: 256, MT_K: 32, MI_M: 32, MI_N: 32, MI_K: 16,
    Occupancy: 1, WGM: 0, NTA: 0, NTB: 0}
  - {Latency: 174412, MT_M: 128, MT_N: 256, MT_K: 64, MI_M: 32, MI_N: 32, MI_K: 16,
    Occupancy: 1, WGM: 0, NTA: 0, NTB: 0}
  - {Latency: 177507, MT_M: 192, MT_N: 256, MT_K: 32, MI_M: 32, MI_N: 32, MI_K: 16,
    Occupancy: 1, WGM: 0, NTA: 0, NTB: 0}
  - {Latency: 198233, MT_M: 192, MT_N: 64, MT_K: 128, MI_M: 32, MI_N: 32, MI_K: 16,
    Occupancy: 1, WGM: 0, NTA: 0, NTB: 0}
  - {Latency: 226771, MT_M: 64, MT_N: 192, MT_K: 128, MI_M: 32, MI_N: 32, MI_K: 16,
    Occupancy: 1, WGM: 0, NTA: 0, NTB: 0}
  - {Latency: 243476, MT_M: 32, MT_N: 64, MT_K: 128, MI_M: 32, MI_N: 32, MI_K: 16,
    Occupancy: 1, WGM: 0, NTA: 0, NTB: 0}
  - {Latency: 252591, MT_M: 64, MT_N: 32, MT_K: 128, MI_M: 32, MI_N: 32, MI_K: 16,
    Occupancy: 1, WGM: 0, NTA: 0, NTB: 0}
  - {Latency: 255221, MT_M: 64, MT_N: 256, MT_K: 64, MI_M: 32, MI_N: 32, MI_K: 16,
    Occupancy: 1, WGM: 0, NTA: 0, NTB: 0}
  - {Latency: 313744, MT_M: 32, MT_N: 32, MT_K: 512, MI_M: 32, MI_N: 32, MI_K: 16,
    Occupancy: 1, WGM: 0, NTA: 0, NTB: 0}
  - {Latency: 377449, MT_M: 16, MT_N: 64, MT_K: 256, MI_M: 16, MI_N: 16, MI_K: 32,
    Occupancy: 1, WGM: 0, NTA: 0, NTB: 0}
  - {Latency: 377746, MT_M: 16, MT_N: 256, MT_K: 32, MI_M: 16, MI_N: 16, MI_K: 32,
    Occupancy: 2, WGM: 0, NTA: 0, NTB: 0}
  - {Latency: 398718, MT_M: 64, MT_N: 16, MT_K: 256, MI_M: 16, MI_N: 16, MI_K: 32,
    Occupancy: 1, WGM: 0, NTA: 0, NTB: 0}
  - {Latency: 415055, MT_M: 16, MT_N: 32, MT_K: 512, MI_M: 16, MI_N: 16, MI_K: 32,
    Occupancy: 1, WGM: 0, NTA: 0, NTB: 0}
  - {Latency: 421901, MT_M: 32, MT_N: 16, MT_K: 512, MI_M: 16, MI_N: 16, MI_K: 32,
    Occupancy: 1, WGM: 0, NTA: 0, NTB: 0}
  - {Latency: 478029, MT_M: 32, MT_N: 256, MT_K: 16, MI_M: 32, MI_N: 32, MI_K: 16,
    Occupancy: 2, WGM: 0, NTA: 0, NTB: 0}
  - {Latency: 481132, MT_M: 16, MT_N: 128, MT_K: 32, MI_M: 16, MI_N: 16, MI_K: 32,
    Occupancy: 3, WGM: 0, NTA: 0, NTB: 0}
  - {Latency: 515777, MT_M: 32, MT_N: 128, MT_K: 16, MI_M: 32, MI_N: 32, MI_K: 16,
    Occupancy: 5, WGM: 0, NTA: 0, NTB: 0}
  - {Latency: 582501, MT_M: 16, MT_N: 16, MT_K: 512, MI_M: 16, MI_N: 16, MI_K: 32,
    Occupancy: 1, WGM: 0, NTA: 0, NTB: 0}
- - {Latency: 689930, MT_M: 256, MT_N: 256, MT_K: 32, MI_M: 32, MI_N: 32, MI_K: 16,
    Occupancy: 1, WGM: 0, NTA: 0, NTB: 0}
  - {Latency: 905342, MT_M: 256, MT_N: 192, MT_K: 32, MI_M: 16, MI_N: 16, MI_K: 32,
    Occupancy: 1, WGM: 0, NTA: 0, NTB: 0}
  - {Latency: 909457, MT_M: 192, MT_N: 256, MT_K: 32, MI_M: 32, MI_N: 32, MI_K: 16,
    Occupancy: 1, WGM: 0, NTA: 0, NTB: 0}
  - {Latency: 945831, MT_M: 256, MT_N: 128, MT_K: 64, MI_M: 32, MI_N: 32, MI_K: 16,
    Occupancy: 1, WGM: 0, NTA: 0, NTB: 0}
  - {Latency: 945831, MT_M: 128, MT_N: 256, MT_K: 64, MI_M: 32, MI_N: 32, MI_K: 16,
    Occupancy: 1, WGM: 0, NTA: 0, NTB: 0}
  - {Latency: 947606, MT_M: 192, MT_N: 192, MT_K: 64, MI_M: 32, MI_N: 32, MI_K: 16,
    Occupancy: 1, WGM: 0, NTA: 0, NTB: 0}
  - {Latency: 988966, MT_M: 128, MT_N: 192, MT_K: 64, MI_M: 32, MI_N: 32, MI_K: 16,
    Occupancy: 1, WGM: 0, NTA: 0, NTB: 0}
  - {Latency: 999198, MT_M: 192, MT_N: 128, MT_K: 64, MI_M: 32, MI_N: 32, MI_K: 16,
    Occupancy: 1, WGM: 0, NTA: 0, NTB: 0}
  - {Latency: 1249763, MT_M: 128, MT_N: 128, MT_K: 128, MI_M: 32, MI_N: 32, MI_K: 16,
    Occupancy: 1, WGM: 0, NTA: 0, NTB: 0}
  - {Latency: 1513435, MT_M: 192, MT_N: 64, MT_K: 128, MI_M: 32, MI_N: 32, MI_K: 16,
    Occupancy: 1, WGM: 0, NTA: 0, NTB: 0}
  - {Latency: 1513435, MT_M: 64, MT_N: 192, MT_K: 128, MI_M: 32, MI_N: 32, MI_K: 16,
    Occupancy: 1, WGM: 0, NTA: 0, NTB: 0}
  - {Latency: 1535911, MT_M: 256, MT_N: 64, MT_K: 64, MI_M: 32, MI_N: 32, MI_K: 16,
    Occupancy: 1, WGM: 0, NTA: 0, NTB: 0}
  - {Latency: 1552230, MT_M: 64, MT_N: 256, MT_K: 64, MI_M: 32, MI_N: 32, MI_K: 16,
    Occupancy: 1, WGM: 0, NTA: 0, NTB: 0}
  - {Latency: 1761556, MT_M: 128, MT_N: 64, MT_K: 128, MI_M: 16, MI_N: 16, MI_K: 32,
    Occupancy: 1, WGM: 0, NTA: 0, NTB: 0}
  - {Latency: 1781006, MT_M: 64, MT_N: 128, MT_K: 128, MI_M: 16, MI_N: 16, MI_K: 32,
    Occupancy: 1, WGM: 0, NTA: 0, NTB: 0}
  - {Latency: 2309317, MT_M: 64, MT_N: 64, MT_K: 256, MI_M: 32, MI_N: 32, MI_K: 16,
    Occupancy: 1, WGM: 0, NTA: 0, NTB: 0}
  - {Latency: 3652277, MT_M: 32, MT_N: 64, MT_K: 128, MI_M: 32, MI_N: 32, MI_K: 16,
    Occupancy: 1, WGM: 0, NTA: 0, NTB: 0}
  - {Latency: 3652277, MT_M: 64, MT_N: 32, MT_K: 128, MI_M: 32, MI_N: 32, MI_K: 16,
    Occupancy: 1, WGM: 0, NTA: 0, NTB: 0}
  - {Latency: 5517132, MT_M: 16, MT_N: 256, MT_K: 32, MI_M: 16, MI_N: 16, MI_K: 32,
    Occupancy: 2, WGM: 0, NTA: 0, NTB: 0}
  - {Latency: 5612597, MT_M: 32, MT_N: 32, MT_K: 512, MI_M: 32, MI_N: 32, MI_K: 16,
    Occupancy: 1, WGM: 0, NTA: 0, NTB: 0}
  - {Latency: 5808747, MT_M: 32, MT_N: 256, MT_K: 16, MI_M: 32, MI_N: 32, MI_K: 16,
    Occupancy: 2, WGM: 0, NTA: 0, NTB: 0}
  - {Latency: 5970241, MT_M: 64, MT_N: 16, MT_K: 256, MI_M: 16, MI_N: 16, MI_K: 32,
    Occupancy: 1, WGM: 0, NTA: 0, NTB: 0}
  - {Latency: 6048644, MT_M: 16, MT_N: 64, MT_K: 256, MI_M: 16, MI_N: 16, MI_K: 32,
    Occupancy: 1, WGM: 0, NTA: 0, NTB: 0}
  - {Latency: 7196316, MT_M: 16, MT_N: 128, MT_K: 32, MI_M: 16, MI_N: 16, MI_K: 32,
    Occupancy: 3, WGM: 0, NTA: 0, NTB: 0}
  - {Latency: 7621051, MT_M: 32, MT_N: 128, MT_K: 16, MI_M: 32, MI_N: 32, MI_K: 16,
    Occupancy: 5, WGM: 0, NTA: 0, NTB: 0}
  - {Latency: 9215703, MT_M: 32, MT_N: 16, MT_K: 512, MI_M: 16, MI_N: 16, MI_K: 32,
    Occupancy: 1, WGM: 0, NTA: 0, NTB: 0}
  - {Latency: 9294578, MT_M: 16, MT_N: 32, MT_K: 512, MI_M: 16, MI_N: 16, MI_K: 32,
    Occupancy: 1, WGM: 0, NTA: 0, NTB: 0}
  - {Latency: 14515002, MT_M: 16, MT_N: 16, MT_K: 512, MI_M: 16, MI_N: 16, MI_K: 32,
    Occupancy: 1, WGM: 0, NTA: 0, NTB: 0}
- - {Latency: 135151, MT_M: 192, MT_N: 128, MT_K: 64, MI_M: 32, MI_N: 32, MI_K: 16,
    Occupancy: 1, WGM: 0, NTA: 0, NTB: 0}
  - {Latency: 141084, MT_M: 128, MT_N: 192, MT_K: 64, MI_M: 32, MI_N: 32, MI_K: 16,
    Occupancy: 1, WGM: 0, NTA: 0, NTB: 0}
  - {Latency: 153068, MT_M: 192, MT_N: 256, MT_K: 32, MI_M: 32, MI_N: 32, MI_K: 16,
    Occupancy: 1, WGM: 0, NTA: 0, NTB: 0}
  - {Latency: 156609, MT_M: 256, MT_N: 128, MT_K: 64, MI_M: 32, MI_N: 32, MI_K: 16,
    Occupancy: 1, WGM: 0, NTA: 0, NTB: 0}
  - {Latency: 156609, MT_M: 128, MT_N: 256, MT_K: 64, MI_M: 32, MI_N: 32, MI_K: 16,
    Occupancy: 1, WGM: 0, NTA: 0, NTB: 0}
  - {Latency: 160458, MT_M: 256, MT_N: 192, MT_K: 32, MI_M: 16, MI_N: 16, MI_K: 32,
    Occupancy: 1, WGM: 0, NTA: 0, NTB: 0}
  - {Latency: 163900, MT_M: 192, MT_N: 192, MT_K: 64, MI_M: 32, MI_N: 32, MI_K: 16,
    Occupancy: 1, WGM: 0, NTA: 0, NTB: 0}
  - {Latency: 172662, MT_M: 256, MT_N: 256, MT_K: 32, MI_M: 32, MI_N: 32, MI_K: 16,
    Occupancy: 1, WGM: 0, NTA: 0, NTB: 0}
  - {Latency: 195945, MT_M: 192, MT_N: 64, MT_K: 128, MI_M: 32, MI_N: 32, MI_K: 16,
    Occupancy: 1, WGM: 0, NTA: 0, NTB: 0}
  - {Latency: 210188, MT_M: 64, MT_N: 192, MT_K: 128, MI_M: 32, MI_N: 32, MI_K: 16,
    Occupancy: 1, WGM: 0, NTA: 0, NTB: 0}
  - {Latency: 210978, MT_M: 128, MT_N: 128, MT_K: 128, MI_M: 32, MI_N: 32, MI_K: 16,
    Occupancy: 1, WGM: 0, NTA: 0, NTB: 0}
  - {Latency: 227162, MT_M: 128, MT_N: 64, MT_K: 128, MI_M: 16, MI_N: 16, MI_K: 32,
    Occupancy: 1, WGM: 0, NTA: 0, NTB: 0}
  - {Latency: 233731, MT_M: 64, MT_N: 128, MT_K: 128, MI_M: 16, MI_N: 16, MI_K: 32,
    Occupancy: 1, WGM: 0, NTA: 0, NTB: 0}
  - {Latency: 254996, MT_M: 256, MT_N: 64, MT_K: 64, MI_M: 32, MI_N: 32, MI_K: 16,
    Occupancy: 1, WGM: 0, NTA: 0, NTB: 0}
  - {Latency: 262040, MT_M: 64, MT_N: 256, MT_K: 64, MI_M: 32, MI_N: 32, MI_K: 16,
    Occupancy: 1, WGM: 0, NTA: 0, NTB: 0}
  - {Latency: 294617, MT_M: 64, MT_N: 64, MT_K: 256, MI_M: 32, MI_N: 32, MI_K: 16,
    Occupancy: 1, WGM: 0, NTA: 0, NTB: 0}
  - {Latency: 346161, MT_M: 64, MT_N: 32, MT_K: 128, MI_M: 32, MI_N: 32, MI_K: 16,
    Occupancy: 1, WGM: 0, NTA: 0, NTB: 0}
  - {Latency: 353247, MT_M: 32, MT_N: 64, MT_K: 128, MI_M: 32, MI_N: 32, MI_K: 16,
    Occupancy: 1, WGM: 0, NTA: 0, NTB: 0}
  - {Latency: 626015, MT_M: 16, MT_N: 256, MT_K: 32, MI_M: 16, MI_N: 16, MI_K: 32,
    Occupancy: 2, WGM: 0, NTA: 0, NTB: 0}
  - {Latency: 650482, MT_M: 64, MT_N: 16, MT_K: 256, MI_M: 16, MI_N: 16, MI_K: 32,
    Occupancy: 1, WGM: 0, NTA: 0, NTB: 0}
  - {Latency: 672183, MT_M: 32, MT_N: 32, MT_K: 512, MI_M: 32, MI_N: 32, MI_K: 16,
    Occupancy: 1, WGM: 0, NTA: 0, NTB: 0}
  - {Latency: 719001, MT_M: 16, MT_N: 64, MT_K: 256, MI_M: 16, MI_N: 16, MI_K: 32,
    Occupancy: 1, WGM: 0, NTA: 0, NTB: 0}
  - {Latency: 767840, MT_M: 32, MT_N: 256, MT_K: 16, MI_M: 32, MI_N: 32, MI_K: 16,
    Occupancy: 2, WGM: 0, NTA: 0, NTB: 0}
  - {Latency: 817154, MT_M: 16, MT_N: 128, MT_K: 32, MI_M: 16, MI_N: 16, MI_K: 32,
    Occupancy: 3, WGM: 0, NTA: 0, NTB: 0}
  - {Latency: 856962, MT_M: 32, MT_N: 128, MT_K: 16, MI_M: 32, MI_N: 32, MI_K: 16,
    Occupancy: 5, WGM: 0, NTA: 0, NTB: 0}
  - {Latency: 1008585, MT_M: 32, MT_N: 16, MT_K: 512, MI_M: 16, MI_N: 16, MI_K: 32,
    Occupancy: 1, WGM: 0, NTA: 0, NTB: 0}
  - {Latency: 1026732, MT_M: 16, MT_N: 32, MT_K: 512, MI_M: 16, MI_N: 16, MI_K: 32,
    Occupancy: 1, WGM: 0, NTA: 0, NTB: 0}
  - {Latency: 1520391, MT_M: 16, MT_N: 16, MT_K: 512, MI_M: 16, MI_N: 16, MI_K: 32,
    Occupancy: 1, WGM: 0, NTA: 0, NTB: 0}
- - {Latency: 469930, MT_M: 192, MT_N: 192, MT_K: 64, MI_M: 32, MI_N: 32, MI_K: 16,
    Occupancy: 1, WGM: 0, NTA: 0, NTB: 0}
  - {Latency: 583143, MT_M: 128, MT_N: 192, MT_K: 64, MI_M: 32, MI_N: 32, MI_K: 16,
    Occupancy: 1, WGM: 0, NTA: 0, NTB: 0}
  - {Latency: 583346, MT_M: 256, MT_N: 192, MT_K: 32, MI_M: 16, MI_N: 16, MI_K: 32,
    Occupancy: 1, WGM: 0, NTA: 0, NTB: 0}
  - {Latency: 587527, MT_M: 192, MT_N: 128, MT_K: 64, MI_M: 32, MI_N: 32, MI_K: 16,
    Occupancy: 1, WGM: 0, NTA: 0, NTB: 0}
  - {Latency: 604206, MT_M: 192, MT_N: 256, MT_K: 32, MI_M: 32, MI_N: 32, MI_K: 16,
    Occupancy: 1, WGM: 0, NTA: 0, NTB: 0}
  - {Latency: 683930, MT_M: 256, MT_N: 256, MT_K: 32, MI_M: 32, MI_N: 32, MI_K: 16,
    Occupancy: 1, WGM: 0, NTA: 0, NTB: 0}
  - {Latency: 690881, MT_M: 256, MT_N: 128, MT_K: 64, MI_M: 32, MI_N: 32, MI_K: 16,
    Occupancy: 1, WGM: 0, NTA: 0, NTB: 0}
  - {Latency: 716962, MT_M: 128, MT_N: 256, MT_K: 64, MI_M: 32, MI_N: 32, MI_K: 16,
    Occupancy: 1, WGM: 0, NTA: 0, NTB: 0}
  - {Latency: 747071, MT_M: 128, MT_N: 128, MT_K: 128, MI_M: 32, MI_N: 32, MI_K: 16,
    Occupancy: 1, WGM: 0, NTA: 0, NTB: 0}
  - {Latency: 866829, MT_M: 192, MT_N: 64, MT_K: 128, MI_M: 32, MI_N: 32, MI_K: 16,
    Occupancy: 1, WGM: 0, NTA: 0, NTB: 0}
  - {Latency: 870373, MT_M: 64, MT_N: 192, MT_K: 128, MI_M: 32, MI_N: 32, MI_K: 16,
    Occupancy: 1, WGM: 0, NTA: 0, NTB: 0}
  - {Latency: 924739, MT_M: 256, MT_N: 64, MT_K: 64, MI_M: 32, MI_N: 32, MI_K: 16,
    Occupancy: 1, WGM: 0, NTA: 0, NTB: 0}
  - {Latency: 971202, MT_M: 64, MT_N: 256, MT_K: 64, MI_M: 32, MI_N: 32, MI_K: 16,
    Occupancy: 1, WGM: 0, NTA: 0, NTB: 0}
  - {Latency: 1004009, MT_M: 128, MT_N: 64, MT_K: 128, MI_M: 16, MI_N: 16, MI_K: 32,
    Occupancy: 1, WGM: 0, NTA: 0, NTB: 0}
  - {Latency: 1015895, MT_M: 64, MT_N: 128, MT_K: 128, MI_M: 16, MI_N: 16, MI_K: 32,
    Occupancy: 1, WGM: 0, NTA: 0, NTB: 0}
  - {Latency: 1292619, MT_M: 64, MT_N: 64, MT_K: 256, MI_M: 32, MI_N: 32, MI_K: 16,
    Occupancy: 1, WGM: 0, NTA: 0, NTB: 0}
  - {Latency: 1994355, MT_M: 64, MT_N: 32, MT_K: 128, MI_M: 32, MI_N: 32, MI_K: 16,
    Occupancy: 1, WGM: 0, NTA: 0, NTB: 0}
  - {Latency: 2012156, MT_M: 32, MT_N: 64, MT_K: 128, MI_M: 32, MI_N: 32, MI_K: 16,
    Occupancy: 1, WGM: 0, NTA: 0, NTB: 0}
  - {Latency: 3039249, MT_M: 32, MT_N: 32, MT_K: 512, MI_M: 32, MI_N: 32, MI_K: 16,
    Occupancy: 1, WGM: 0, NTA: 0, NTB: 0}
  - {Latency: 3344636, MT_M: 16, MT_N: 256, MT_K: 32, MI_M: 16, MI_N: 16, MI_K: 32,
    Occupancy: 2, WGM: 0, NTA: 0, NTB: 0}
  - {Latency: 3348906, MT_M: 64, MT_N: 16, MT_K: 256, MI_M: 16, MI_N: 16, MI_K: 32,
    Occupancy: 1, WGM: 0, NTA: 0, NTB: 0}
  - {Latency: 3423113, MT_M: 16, MT_N: 64, MT_K: 256, MI_M: 16, MI_N: 16, MI_K: 32,
    Occupancy: 1, WGM: 0, NTA: 0, NTB: 0}
  - {Latency: 3433222, MT_M: 32, MT_N: 256, MT_K: 16, MI_M: 32, MI_N: 32, MI_K: 16,
    Occupancy: 2, WGM: 0, NTA: 0, NTB: 0}
  - {Latency: 4043242, MT_M: 16, MT_N: 128, MT_K: 32, MI_M: 16, MI_N: 16, MI_K: 32,
    Occupancy: 3, WGM: 0, NTA: 0, NTB: 0}
  - {Latency: 4246170, MT_M: 32, MT_N: 128, MT_K: 16, MI_M: 32, MI_N: 32, MI_K: 16,
    Occupancy: 5, WGM: 0, NTA: 0, NTB: 0}
  - {Latency: 4840764, MT_M: 32, MT_N: 16, MT_K: 512, MI_M: 16, MI_N: 16, MI_K: 32,
    Occupancy: 1, WGM: 0, NTA: 0, NTB: 0}
  - {Latency: 4884263, MT_M: 16, MT_N: 32, MT_K: 512, MI_M: 16, MI_N: 16, MI_K: 32,
    Occupancy: 1, WGM: 0, NTA: 0, NTB: 0}
  - {Latency: 7287948, MT_M: 16, MT_N: 16, MT_K: 512, MI_M: 16, MI_N: 16, MI_K: 32,
    Occupancy: 1, WGM: 0, NTA: 0, NTB: 0}
- - {Latency: 385298, MT_M: 192, MT_N: 256, MT_K: 32, MI_M: 32, MI_N: 32, MI_K: 16,
    Occupancy: 1, WGM: 0, NTA: 0, NTB: 0}
  - {Latency: 408247, MT_M: 256, MT_N: 192, MT_K: 32, MI_M: 16, MI_N: 16, MI_K: 32,
    Occupancy: 1, WGM: 0, NTA: 0, NTB: 0}
  - {Latency: 433305, MT_M: 256, MT_N: 256, MT_K: 32, MI_M: 32, MI_N: 32, MI_K: 16,
    Occupancy: 1, WGM: 0, NTA: 0, NTB: 0}
  - {Latency: 441988, MT_M: 192, MT_N: 128, MT_K: 64, MI_M: 32, MI_N: 32, MI_K: 16,
    Occupancy: 1, WGM: 0, NTA: 0, NTB: 0}
  - {Latency: 468981, MT_M: 128, MT_N: 192, MT_K: 64, MI_M: 32, MI_N: 32, MI_K: 16,
    Occupancy: 1, WGM: 0, NTA: 0, NTB: 0}
  - {Latency: 514981, MT_M: 256, MT_N: 128, MT_K: 64, MI_M: 32, MI_N: 32, MI_K: 16,
    Occupancy: 1, WGM: 0, NTA: 0, NTB: 0}
  - {Latency: 514981, MT_M: 128, MT_N: 256, MT_K: 64, MI_M: 32, MI_N: 32, MI_K: 16,
    Occupancy: 1, WGM: 0, NTA: 0, NTB: 0}
  - {Latency: 547459, MT_M: 192, MT_N: 192, MT_K: 64, MI_M: 32, MI_N: 32, MI_K: 16,
    Occupancy: 1, WGM: 0, NTA: 0, NTB: 0}
  - {Latency: 666532, MT_M: 192, MT_N: 64, MT_K: 128, MI_M: 32, MI_N: 32, MI_K: 16,
    Occupancy: 1, WGM: 0, NTA: 0, NTB: 0}
  - {Latency: 672857, MT_M: 128, MT_N: 128, MT_K: 128, MI_M: 32, MI_N: 32, MI_K: 16,
    Occupancy: 1, WGM: 0, NTA: 0, NTB: 0}
  - {Latency: 695253, MT_M: 64, MT_N: 192, MT_K: 128, MI_M: 32, MI_N: 32, MI_K: 16,
    Occupancy: 1, WGM: 0, NTA: 0, NTB: 0}
  - {Latency: 761402, MT_M: 64, MT_N: 128, MT_K: 128, MI_M: 16, MI_N: 16, MI_K: 32,
    Occupancy: 1, WGM: 0, NTA: 0, NTB: 0}
  - {Latency: 775165, MT_M: 128, MT_N: 64, MT_K: 128, MI_M: 16, MI_N: 16, MI_K: 32,
    Occupancy: 1, WGM: 0, NTA: 0, NTB: 0}
  - {Latency: 861180, MT_M: 64, MT_N: 256, MT_K: 64, MI_M: 32, MI_N: 32, MI_K: 16,
    Occupancy: 1, WGM: 0, NTA: 0, NTB: 0}
  - {Latency: 876323, MT_M: 256, MT_N: 64, MT_K: 64, MI_M: 32, MI_N: 32, MI_K: 16,
    Occupancy: 1, WGM: 0, NTA: 0, NTB: 0}
  - {Latency: 992681, MT_M: 64, MT_N: 64, MT_K: 256, MI_M: 32, MI_N: 32, MI_K: 16,
    Occupancy: 1, WGM: 0, NTA: 0, NTB: 0}
  - {Latency: 1541383, MT_M: 32, MT_N: 64, MT_K: 128, MI_M: 32, MI_N: 32, MI_K: 16,
    Occupancy: 1, WGM: 0, NTA: 0, NTB: 0}
  - {Latency: 1553912, MT_M: 64, MT_N: 32, MT_K: 128, MI_M: 32, MI_N: 32, MI_K: 16,
    Occupancy: 1, WGM: 0, NTA: 0, NTB: 0}
  - {Latency: 1817978, MT_M: 32, MT_N: 32, MT_K: 512, MI_M: 32, MI_N: 32, MI_K: 16,
    Occupancy: 1, WGM: 0, NTA: 0, NTB: 0}
  - {Latency: 2276912, MT_M: 16, MT_N: 64, MT_K: 256, MI_M: 16, MI_N: 16, MI_K: 32,
    Occupancy: 1, WGM: 0, NTA: 0, NTB: 0}
  - {Latency: 2293158, MT_M: 64, MT_N: 16, MT_K: 256, MI_M: 16, MI_N: 16, MI_K: 32,
    Occupancy: 1, WGM: 0, NTA: 0, NTB: 0}
  - {Latency: 2575446, MT_M: 16, MT_N: 256, MT_K: 32, MI_M: 16, MI_N: 16, MI_K: 32,
    Occupancy: 2, WGM: 0, NTA: 0, NTB: 0}
  - {Latency: 2664142, MT_M: 32, MT_N: 256, MT_K: 16, MI_M: 32, MI_N: 32, MI_K: 16,
    Occupancy: 2, WGM: 0, NTA: 0, NTB: 0}
  - {Latency: 2799322, MT_M: 32, MT_N: 16, MT_K: 512, MI_M: 16, MI_N: 16, MI_K: 32,
    Occupancy: 1, WGM: 0, NTA: 0, NTB: 0}
  - {Latency: 2800950, MT_M: 16, MT_N: 32, MT_K: 512, MI_M: 16, MI_N: 16, MI_K: 32,
    Occupancy: 1, WGM: 0, NTA: 0, NTB: 0}
  - {Latency: 3157101, MT_M: 16, MT_N: 128, MT_K: 32, MI_M: 16, MI_N: 16, MI_K: 32,
    Occupancy: 3, WGM: 0, NTA: 0, NTB: 0}
  - {Latency: 3635440, MT_M: 32, MT_N: 128, MT_K: 16, MI_M: 32, MI_N: 32, MI_K: 16,
    Occupancy: 5, WGM: 0, NTA: 0, NTB: 0}
  - {Latency: 4039835, MT_M: 16, MT_N: 16, MT_K: 512, MI_M: 16, MI_N: 16, MI_K: 32,
    Occupancy: 1, WGM: 0, NTA: 0, NTB: 0}
- - {Latency: 386547, MT_M: 256, MT_N: 192, MT_K: 32, MI_M: 16, MI_N: 16, MI_K: 32,
    Occupancy: 1, WGM: 0, NTA: 0, NTB: 0}
  - {Latency: 425581, MT_M: 256, MT_N: 256, MT_K: 32, MI_M: 32, MI_N: 32, MI_K: 16,
    Occupancy: 1, WGM: 0, NTA: 0, NTB: 0}
  - {Latency: 507307, MT_M: 128, MT_N: 192, MT_K: 64, MI_M: 32, MI_N: 32, MI_K: 16,
    Occupancy: 1, WGM: 0, NTA: 0, NTB: 0}
  - {Latency: 574905, MT_M: 128, MT_N: 128, MT_K: 128, MI_M: 32, MI_N: 32, MI_K: 16,
    Occupancy: 1, WGM: 0, NTA: 0, NTB: 0}
  - {Latency: 599216, MT_M: 256, MT_N: 128, MT_K: 64, MI_M: 32, MI_N: 32, MI_K: 16,
    Occupancy: 1, WGM: 0, NTA: 0, NTB: 0}
  - {Latency: 599216, MT_M: 128, MT_N: 256, MT_K: 64, MI_M: 32, MI_N: 32, MI_K: 16,
    Occupancy: 1, WGM: 0, NTA: 0, NTB: 0}
  - {Latency: 620219, MT_M: 192, MT_N: 192, MT_K: 64, MI_M: 32, MI_N: 32, MI_K: 16,
    Occupancy: 1, WGM: 0, NTA: 0, NTB: 0}
  - {Latency: 743532, MT_M: 256, MT_N: 64, MT_K: 64, MI_M: 32, MI_N: 32, MI_K: 16,
    Occupancy: 1, WGM: 0, NTA: 0, NTB: 0}
  - {Latency: 743532, MT_M: 64, MT_N: 256, MT_K: 64, MI_M: 32, MI_N: 32, MI_K: 16,
    Occupancy: 1, WGM: 0, NTA: 0, NTB: 0}
  - {Latency: 753927, MT_M: 64, MT_N: 192, MT_K: 128, MI_M: 32, MI_N: 32, MI_K: 16,
    Occupancy: 1, WGM: 0, NTA: 0, NTB: 0}
  - {Latency: 779918, MT_M: 192, MT_N: 128, MT_K: 64, MI_M: 32, MI_N: 32, MI_K: 16,
    Occupancy: 1, WGM: 0, NTA: 0, NTB: 0}
  - {Latency: 787719, MT_M: 192, MT_N: 256, MT_K: 32, MI_M: 32, MI_N: 32, MI_K: 16,
    Occupancy: 1, WGM: 0, NTA: 0, NTB: 0}
  - {Latency: 875651, MT_M: 128, MT_N: 64, MT_K: 128, MI_M: 16, MI_N: 16, MI_K: 32,
    Occupancy: 1, WGM: 0, NTA: 0, NTB: 0}
  - {Latency: 875651, MT_M: 64, MT_N: 128, MT_K: 128, MI_M: 16, MI_N: 16, MI_K: 32,
    Occupancy: 1, WGM: 0, NTA: 0, NTB: 0}
  - {Latency: 967880, MT_M: 192, MT_N: 64, MT_K: 128, MI_M: 32, MI_N: 32, MI_K: 16,
    Occupancy: 1, WGM: 0, NTA: 0, NTB: 0}
  - {Latency: 1126247, MT_M: 64, MT_N: 64, MT_K: 256, MI_M: 32, MI_N: 32, MI_K: 16,
    Occupancy: 1, WGM: 0, NTA: 0, NTB: 0}
  - {Latency: 1888748, MT_M: 32, MT_N: 64, MT_K: 128, MI_M: 32, MI_N: 32, MI_K: 16,
    Occupancy: 1, WGM: 0, NTA: 0, NTB: 0}
  - {Latency: 1903953, MT_M: 64, MT_N: 32, MT_K: 128, MI_M: 32, MI_N: 32, MI_K: 16,
    Occupancy: 1, WGM: 0, NTA: 0, NTB: 0}
  - {Latency: 2211746, MT_M: 32, MT_N: 32, MT_K: 512, MI_M: 32, MI_N: 32, MI_K: 16,
    Occupancy: 1, WGM: 0, NTA: 0, NTB: 0}
  - {Latency: 2901969, MT_M: 64, MT_N: 16, MT_K: 256, MI_M: 16, MI_N: 16, MI_K: 32,
    Occupancy: 1, WGM: 0, NTA: 0, NTB: 0}
  - {Latency: 2908065, MT_M: 16, MT_N: 64, MT_K: 256, MI_M: 16, MI_N: 16, MI_K: 32,
    Occupancy: 1, WGM: 0, NTA: 0, NTB: 0}
  - {Latency: 2929855, MT_M: 16, MT_N: 256, MT_K: 32, MI_M: 16, MI_N: 16, MI_K: 32,
    Occupancy: 2, WGM: 0, NTA: 0, NTB: 0}
  - {Latency: 3016017, MT_M: 32, MT_N: 256, MT_K: 16, MI_M: 32, MI_N: 32, MI_K: 16,
    Occupancy: 2, WGM: 0, NTA: 0, NTB: 0}
  - {Latency: 3373864, MT_M: 32, MT_N: 16, MT_K: 512, MI_M: 16, MI_N: 16, MI_K: 32,
    Occupancy: 1, WGM: 0, NTA: 0, NTB: 0}
  - {Latency: 3405408, MT_M: 16, MT_N: 32, MT_K: 512, MI_M: 16, MI_N: 16, MI_K: 32,
    Occupancy: 1, WGM: 0, NTA: 0, NTB: 0}
  - {Latency: 3901849, MT_M: 16, MT_N: 128, MT_K: 32, MI_M: 16, MI_N: 16, MI_K: 32,
    Occupancy: 3, WGM: 0, NTA: 0, NTB: 0}
  - {Latency: 4107028, MT_M: 32, MT_N: 128, MT_K: 16, MI_M: 32, MI_N: 32, MI_K: 16,
    Occupancy: 5, WGM: 0, NTA: 0, NTB: 0}
  - {Latency: 4732469, MT_M: 16, MT_N: 16, MT_K: 512, MI_M: 16, MI_N: 16, MI_K: 32,
    Occupancy: 1, WGM: 0, NTA: 0, NTB: 0}
- - {Latency: 134749, MT_M: 192, MT_N: 192, MT_K: 64, MI_M: 32, MI_N: 32, MI_K: 16,
    Occupancy: 1, WGM: 0, NTA: 0, NTB: 0}
  - {Latency: 136246, MT_M: 192, MT_N: 128, MT_K: 64, MI_M: 32, MI_N: 32, MI_K: 16,
    Occupancy: 1, WGM: 0, NTA: 0, NTB: 0}
  - {Latency: 138262, MT_M: 192, MT_N: 64, MT_K: 128, MI_M: 32, MI_N: 32, MI_K: 16,
    Occupancy: 1, WGM: 0, NTA: 0, NTB: 0}
  - {Latency: 158444, MT_M: 192, MT_N: 256, MT_K: 32, MI_M: 32, MI_N: 32, MI_K: 16,
    Occupancy: 1, WGM: 0, NTA: 0, NTB: 0}
  - {Latency: 160285, MT_M: 64, MT_N: 128, MT_K: 128, MI_M: 16, MI_N: 16, MI_K: 32,
    Occupancy: 1, WGM: 0, NTA: 0, NTB: 0}
  - {Latency: 162408, MT_M: 64, MT_N: 64, MT_K: 256, MI_M: 32, MI_N: 32, MI_K: 16,
    Occupancy: 1, WGM: 0, NTA: 0, NTB: 0}
  - {Latency: 178772, MT_M: 128, MT_N: 192, MT_K: 64, MI_M: 32, MI_N: 32, MI_K: 16,
    Occupancy: 1, WGM: 0, NTA: 0, NTB: 0}
  - {Latency: 179775, MT_M: 256, MT_N: 128, MT_K: 64, MI_M: 32, MI_N: 32, MI_K: 16,
    Occupancy: 1, WGM: 0, NTA: 0, NTB: 0}
  - {Latency: 181411, MT_M: 256, MT_N: 192, MT_K: 32, MI_M: 16, MI_N: 16, MI_K: 32,
    Occupancy: 1, WGM: 0, NTA: 0, NTB: 0}
  - {Latency: 188268, MT_M: 128, MT_N: 128, MT_K: 128, MI_M: 32, MI_N: 32, MI_K: 16,
    Occupancy: 1, WGM: 0, NTA: 0, NTB: 0}
  - {Latency: 191893, MT_M: 128, MT_N: 256, MT_K: 64, MI_M: 32, MI_N: 32, MI_K: 16,
    Occupancy: 1, WGM: 0, NTA: 0, NTB: 0}
  - {Latency: 205756, MT_M: 256, MT_N: 256, MT_K: 32, MI_M: 32, MI_N: 32, MI_K: 16,
    Occupancy: 1, WGM: 0, NTA: 0, NTB: 0}
  - {Latency: 206945, MT_M: 256, MT_N: 64, MT_K: 64, MI_M: 32, MI_N: 32, MI_K: 16,
    Occupancy: 1, WGM: 0, NTA: 0, NTB: 0}
  - {Latency: 236947, MT_M: 64, MT_N: 192, MT_K: 128, MI_M: 32, MI_N: 32, MI_K: 16,
    Occupancy: 1, WGM: 0, NTA: 0, NTB: 0}
  - {Latency: 253342, MT_M: 64, MT_N: 256, MT_K: 64, MI_M: 32, MI_N: 32, MI_K: 16,
    Occupancy: 1, WGM: 0, NTA: 0, NTB: 0}
  - {Latency: 258045, MT_M: 32, MT_N: 64, MT_K: 128, MI_M: 32, MI_N: 32, MI_K: 16,
    Occupancy: 1, WGM: 0, NTA: 0, NTB: 0}
  - {Latency: 264597, MT_M: 128, MT_N: 64, MT_K: 128, MI_M: 16, MI_N: 16, MI_K: 32,
    Occupancy: 1, WGM: 0, NTA: 0, NTB: 0}
  - {Latency: 269555, MT_M: 64, MT_N: 32, MT_K: 128, MI_M: 32, MI_N: 32, MI_K: 16,
    Occupancy: 1, WGM: 0, NTA: 0, NTB: 0}
  - {Latency: 324542, MT_M: 32, MT_N: 32, MT_K: 512, MI_M: 32, MI_N: 32, MI_K: 16,
    Occupancy: 1, WGM: 0, NTA: 0, NTB: 0}
  - {Latency: 402101, MT_M: 16, MT_N: 256, MT_K: 32, MI_M: 16, MI_N: 16, MI_K: 32,
    Occupancy: 2, WGM: 0, NTA: 0, NTB: 0}
  - {Latency: 407489, MT_M: 16, MT_N: 64, MT_K: 256, MI_M: 16, MI_N: 16, MI_K: 32,
    Occupancy: 1, WGM: 0, NTA: 0, NTB: 0}
  - {Latency: 424877, MT_M: 64, MT_N: 16, MT_K: 256, MI_M: 16, MI_N: 16, MI_K: 32,
    Occupancy: 1, WGM: 0, NTA: 0, NTB: 0}
  - {Latency: 492050, MT_M: 32, MT_N: 256, MT_K: 16, MI_M: 32, MI_N: 32, MI_K: 16,
    Occupancy: 2, WGM: 0, NTA: 0, NTB: 0}
  - {Latency: 509032, MT_M: 32, MT_N: 16, MT_K: 512, MI_M: 16, MI_N: 16, MI_K: 32,
    Occupancy: 1, WGM: 0, NTA: 0, NTB: 0}
  - {Latency: 511688, MT_M: 16, MT_N: 32, MT_K: 512, MI_M: 16, MI_N: 16, MI_K: 32,
    Occupancy: 1, WGM: 0, NTA: 0, NTB: 0}
  - {Latency: 535101, MT_M: 16, MT_N: 128, MT_K: 32, MI_M: 16, MI_N: 16, MI_K: 32,
    Occupancy: 3, WGM: 0, NTA: 0, NTB: 0}
  - {Latency: 565627, MT_M: 32, MT_N: 128, MT_K: 16, MI_M: 32, MI_N: 32, MI_K: 16,
    Occupancy: 5, WGM: 0, NTA: 0, NTB: 0}
  - {Latency: 693075, MT_M: 16, MT_N: 16, MT_K: 512, MI_M: 16, MI_N: 16, MI_K: 32,
    Occupancy: 1, WGM: 0, NTA: 0, NTB: 0}
- - {Latency: 99670, MT_M: 256, MT_N: 128, MT_K: 64, MI_M: 32, MI_N: 32, MI_K: 16,
    Occupancy: 1, WGM: 0, NTA: 0, NTB: 0}
  - {Latency: 105359, MT_M: 192, MT_N: 192, MT_K: 64, MI_M: 32, MI_N: 32, MI_K: 16,
    Occupancy: 1, WGM: 0, NTA: 0, NTB: 0}
  - {Latency: 112185, MT_M: 128, MT_N: 256, MT_K: 64, MI_M: 32, MI_N: 32, MI_K: 16,
    Occupancy: 1, WGM: 0, NTA: 0, NTB: 0}
  - {Latency: 121132, MT_M: 256, MT_N: 192, MT_K: 32, MI_M: 16, MI_N: 16, MI_K: 32,
    Occupancy: 1, WGM: 0, NTA: 0, NTB: 0}
  - {Latency: 125289, MT_M: 192, MT_N: 256, MT_K: 32, MI_M: 32, MI_N: 32, MI_K: 16,
    Occupancy: 1, WGM: 0, NTA: 0, NTB: 0}
  - {Latency: 144025, MT_M: 128, MT_N: 128, MT_K: 128, MI_M: 32, MI_N: 32, MI_K: 16,
    Occupancy: 1, WGM: 0, NTA: 0, NTB: 0}
  - {Latency: 145083, MT_M: 256, MT_N: 256, MT_K: 32, MI_M: 32, MI_N: 32, MI_K: 16,
    Occupancy: 1, WGM: 0, NTA: 0, NTB: 0}
  - {Latency: 162921, MT_M: 256, MT_N: 64, MT_K: 64, MI_M: 32, MI_N: 32, MI_K: 16,
    Occupancy: 1, WGM: 0, NTA: 0, NTB: 0}
  - {Latency: 173502, MT_M: 192, MT_N: 128, MT_K: 64, MI_M: 32, MI_N: 32, MI_K: 16,
    Occupancy: 1, WGM: 0, NTA: 0, NTB: 0}
  - {Latency: 178513, MT_M: 64, MT_N: 256, MT_K: 64, MI_M: 32, MI_N: 32, MI_K: 16,
    Occupancy: 1, WGM: 0, NTA: 0, NTB: 0}
  - {Latency: 183029, MT_M: 128, MT_N: 192, MT_K: 64, MI_M: 32, MI_N: 32, MI_K: 16,
    Occupancy: 1, WGM: 0, NTA: 0, NTB: 0}
  - {Latency: 205244, MT_M: 192, MT_N: 64, MT_K: 128, MI_M: 32, MI_N: 32, MI_K: 16,
    Occupancy: 1, WGM: 0, NTA: 0, NTB: 0}
  - {Latency: 215584, MT_M: 64, MT_N: 192, MT_K: 128, MI_M: 32, MI_N: 32, MI_K: 16,
    Occupancy: 1, WGM: 0, NTA: 0, NTB: 0}
  - {Latency: 218297, MT_M: 64, MT_N: 128, MT_K: 128, MI_M: 16, MI_N: 16, MI_K: 32,
    Occupancy: 1, WGM: 0, NTA: 0, NTB: 0}
  - {Latency: 219633, MT_M: 128, MT_N: 64, MT_K: 128, MI_M: 16, MI_N: 16, MI_K: 32,
    Occupancy: 1, WGM: 0, NTA: 0, NTB: 0}
  - {Latency: 335554, MT_M: 64, MT_N: 64, MT_K: 256, MI_M: 32, MI_N: 32, MI_K: 16,
    Occupancy: 1, WGM: 0, NTA: 0, NTB: 0}
  - {Latency: 405887, MT_M: 32, MT_N: 64, MT_K: 128, MI_M: 32, MI_N: 32, MI_K: 16,
    Occupancy: 1, WGM: 0, NTA: 0, NTB: 0}
  - {Latency: 406928, MT_M: 64, MT_N: 32, MT_K: 128, MI_M: 32, MI_N: 32, MI_K: 16,
    Occupancy: 1, WGM: 0, NTA: 0, NTB: 0}
  - {Latency: 533321, MT_M: 16, MT_N: 256, MT_K: 32, MI_M: 16, MI_N: 16, MI_K: 32,
    Occupancy: 2, WGM: 0, NTA: 0, NTB: 0}
  - {Latency: 591472, MT_M: 16, MT_N: 128, MT_K: 32, MI_M: 16, MI_N: 16, MI_K: 32,
    Occupancy: 3, WGM: 0, NTA: 0, NTB: 0}
  - {Latency: 613163, MT_M: 32, MT_N: 256, MT_K: 16, MI_M: 32, MI_N: 32, MI_K: 16,
    Occupancy: 2, WGM: 0, NTA: 0, NTB: 0}
  - {Latency: 657061, MT_M: 32, MT_N: 128, MT_K: 16, MI_M: 32, MI_N: 32, MI_K: 16,
    Occupancy: 5, WGM: 0, NTA: 0, NTB: 0}
  - {Latency: 907989, MT_M: 64, MT_N: 16, MT_K: 256, MI_M: 16, MI_N: 16, MI_K: 32,
    Occupancy: 1, WGM: 0, NTA: 0, NTB: 0}
  - {Latency: 921939, MT_M: 16, MT_N: 64, MT_K: 256, MI_M: 16, MI_N: 16, MI_K: 32,
    Occupancy: 1, WGM: 0, NTA: 0, NTB: 0}
  - {Latency: 963999, MT_M: 32, MT_N: 32, MT_K: 512, MI_M: 32, MI_N: 32, MI_K: 16,
    Occupancy: 1, WGM: 0, NTA: 0, NTB: 0}
  - {Latency: 1648427, MT_M: 32, MT_N: 16, MT_K: 512, MI_M: 16, MI_N: 16, MI_K: 32,
    Occupancy: 1, WGM: 0, NTA: 0, NTB: 0}
  - {Latency: 1663106, MT_M: 16, MT_N: 32, MT_K: 512, MI_M: 16, MI_N: 16, MI_K: 32,
    Occupancy: 1, WGM: 0, NTA: 0, NTB: 0}
  - {Latency: 2787140, MT_M: 16, MT_N: 16, MT_K: 512, MI_M: 16, MI_N: 16, MI_K: 32,
    Occupancy: 1, WGM: 0, NTA: 0, NTB: 0}
- - {Latency: 1343934, MT_M: 192, MT_N: 256, MT_K: 32, MI_M: 32, MI_N: 32, MI_K: 16,
    Occupancy: 1, WGM: 0, NTA: 0, NTB: 0}
  - {Latency: 1359883, MT_M: 256, MT_N: 192, MT_K: 32, MI_M: 16, MI_N: 16, MI_K: 32,
    Occupancy: 1, WGM: 0, NTA: 0, NTB: 0}
  - {Latency: 1407198, MT_M: 192, MT_N: 192, MT_K: 64, MI_M: 32, MI_N: 32, MI_K: 16,
    Occupancy: 1, WGM: 0, NTA: 0, NTB: 0}
  - {Latency: 1531853, MT_M: 256, MT_N: 256, MT_K: 32, MI_M: 32, MI_N: 32, MI_K: 16,
    Occupancy: 1, WGM: 0, NTA: 0, NTB: 0}
  - {Latency: 1728059, MT_M: 128, MT_N: 256, MT_K: 64, MI_M: 32, MI_N: 32, MI_K: 16,
    Occupancy: 1, WGM: 0, NTA: 0, NTB: 0}
  - {Latency: 1758454, MT_M: 128, MT_N: 192, MT_K: 64, MI_M: 32, MI_N: 32, MI_K: 16,
    Occupancy: 1, WGM: 0, NTA: 0, NTB: 0}
  - {Latency: 1760892, MT_M: 256, MT_N: 128, MT_K: 64, MI_M: 32, MI_N: 32, MI_K: 16,
    Occupancy: 1, WGM: 0, NTA: 0, NTB: 0}
  - {Latency: 1774859, MT_M: 192, MT_N: 128, MT_K: 64, MI_M: 32, MI_N: 32, MI_K: 16,
    Occupancy: 1, WGM: 0, NTA: 0, NTB: 0}
  - {Latency: 2043664, MT_M: 128, MT_N: 128, MT_K: 128, MI_M: 32, MI_N: 32, MI_K: 16,
    Occupancy: 1, WGM: 0, NTA: 0, NTB: 0}
  - {Latency: 2463135, MT_M: 64, MT_N: 192, MT_K: 128, MI_M: 32, MI_N: 32, MI_K: 16,
    Occupancy: 1, WGM: 0, NTA: 0, NTB: 0}
  - {Latency: 2487920, MT_M: 192, MT_N: 64, MT_K: 128, MI_M: 32, MI_N: 32, MI_K: 16,
    Occupancy: 1, WGM: 0, NTA: 0, NTB: 0}
  - {Latency: 2585454, MT_M: 64, MT_N: 256, MT_K: 64, MI_M: 32, MI_N: 32, MI_K: 16,
    Occupancy: 1, WGM: 0, NTA: 0, NTB: 0}
  - {Latency: 2634566, MT_M: 256, MT_N: 64, MT_K: 64, MI_M: 32, MI_N: 32, MI_K: 16,
    Occupancy: 1, WGM: 0, NTA: 0, NTB: 0}
  - {Latency: 2952718, MT_M: 128, MT_N: 64, MT_K: 128, MI_M: 16, MI_N: 16, MI_K: 32,
    Occupancy: 1, WGM: 0, NTA: 0, NTB: 0}
  - {Latency: 2952718, MT_M: 64, MT_N: 128, MT_K: 128, MI_M: 16, MI_N: 16, MI_K: 32,
    Occupancy: 1, WGM: 0, NTA: 0, NTB: 0}
  - {Latency: 3859565, MT_M: 64, MT_N: 64, MT_K: 256, MI_M: 32, MI_N: 32, MI_K: 16,
    Occupancy: 1, WGM: 0, NTA: 0, NTB: 0}
  - {Latency: 6206481, MT_M: 64, MT_N: 32, MT_K: 128, MI_M: 32, MI_N: 32, MI_K: 16,
    Occupancy: 1, WGM: 0, NTA: 0, NTB: 0}
  - {Latency: 6230977, MT_M: 32, MT_N: 64, MT_K: 128, MI_M: 32, MI_N: 32, MI_K: 16,
    Occupancy: 1, WGM: 0, NTA: 0, NTB: 0}
  - {Latency: 8197866, MT_M: 32, MT_N: 32, MT_K: 512, MI_M: 32, MI_N: 32, MI_K: 16,
    Occupancy: 1, WGM: 0, NTA: 0, NTB: 0}
  - {Latency: 9498057, MT_M: 16, MT_N: 256, MT_K: 32, MI_M: 16, MI_N: 16, MI_K: 32,
    Occupancy: 2, WGM: 0, NTA: 0, NTB: 0}
  - {Latency: 9709279, MT_M: 64, MT_N: 16, MT_K: 256, MI_M: 16, MI_N: 16, MI_K: 32,
    Occupancy: 1, WGM: 0, NTA: 0, NTB: 0}
  - {Latency: 9935314, MT_M: 16, MT_N: 64, MT_K: 256, MI_M: 16, MI_N: 16, MI_K: 32,
    Occupancy: 1, WGM: 0, NTA: 0, NTB: 0}
  - {Latency: 10091297, MT_M: 32, MT_N: 256, MT_K: 16, MI_M: 32, MI_N: 32, MI_K: 16,
    Occupancy: 2, WGM: 0, NTA: 0, NTB: 0}
  - {Latency: 12467746, MT_M: 16, MT_N: 128, MT_K: 32, MI_M: 16, MI_N: 16, MI_K: 32,
    Occupancy: 3, WGM: 0, NTA: 0, NTB: 0}
  - {Latency: 12861598, MT_M: 32, MT_N: 16, MT_K: 512, MI_M: 16, MI_N: 16, MI_K: 32,
    Occupancy: 1, WGM: 0, NTA: 0, NTB: 0}
  - {Latency: 13023500, MT_M: 16, MT_N: 32, MT_K: 512, MI_M: 16, MI_N: 16, MI_K: 32,
    Occupancy: 1, WGM: 0, NTA: 0, NTB: 0}
  - {Latency: 13342810, MT_M: 32, MT_N: 128, MT_K: 16, MI_M: 32, MI_N: 32, MI_K: 16,
    Occupancy: 5, WGM: 0, NTA: 0, NTB: 0}
  - {Latency: 19019922, MT_M: 16, MT_N: 16, MT_K: 512, MI_M: 16, MI_N: 16, MI_K: 32,
    Occupancy: 1, WGM: 0, NTA: 0, NTB: 0}
- - {Latency: 1952666, MT_M: 256, MT_N: 256, MT_K: 32, MI_M: 32, MI_N: 32, MI_K: 16,
    Occupancy: 1, WGM: 0, NTA: 0, NTB: 0}
  - {Latency: 2272441, MT_M: 256, MT_N: 128, MT_K: 64, MI_M: 32, MI_N: 32, MI_K: 16,
    Occupancy: 1, WGM: 0, NTA: 0, NTB: 0}
  - {Latency: 2272441, MT_M: 128, MT_N: 256, MT_K: 64, MI_M: 32, MI_N: 32, MI_K: 16,
    Occupancy: 1, WGM: 0, NTA: 0, NTB: 0}
  - {Latency: 2295128, MT_M: 192, MT_N: 192, MT_K: 64, MI_M: 32, MI_N: 32, MI_K: 16,
    Occupancy: 1, WGM: 0, NTA: 0, NTB: 0}
  - {Latency: 2297874, MT_M: 192, MT_N: 256, MT_K: 32, MI_M: 32, MI_N: 32, MI_K: 16,
    Occupancy: 1, WGM: 0, NTA: 0, NTB: 0}
  - {Latency: 2339551, MT_M: 256, MT_N: 192, MT_K: 32, MI_M: 16, MI_N: 16, MI_K: 32,
    Occupancy: 1, WGM: 0, NTA: 0, NTB: 0}
  - {Latency: 2685770, MT_M: 192, MT_N: 128, MT_K: 64, MI_M: 32, MI_N: 32, MI_K: 16,
    Occupancy: 1, WGM: 0, NTA: 0, NTB: 0}
  - {Latency: 2730946, MT_M: 128, MT_N: 192, MT_K: 64, MI_M: 32, MI_N: 32, MI_K: 16,
    Occupancy: 1, WGM: 0, NTA: 0, NTB: 0}
  - {Latency: 2963193, MT_M: 128, MT_N: 128, MT_K: 128, MI_M: 32, MI_N: 32, MI_K: 16,
    Occupancy: 1, WGM: 0, NTA: 0, NTB: 0}
  - {Latency: 3778791, MT_M: 64, MT_N: 256, MT_K: 64, MI_M: 32, MI_N: 32, MI_K: 16,
    Occupancy: 1, WGM: 0, NTA: 0, NTB: 0}
  - {Latency: 3784228, MT_M: 192, MT_N: 64, MT_K: 128, MI_M: 32, MI_N: 32, MI_K: 16,
    Occupancy: 1, WGM: 0, NTA: 0, NTB: 0}
  - {Latency: 3804060, MT_M: 256, MT_N: 64, MT_K: 64, MI_M: 32, MI_N: 32, MI_K: 16,
    Occupancy: 1, WGM: 0, NTA: 0, NTB: 0}
  - {Latency: 3825614, MT_M: 64, MT_N: 192, MT_K: 128, MI_M: 32, MI_N: 32, MI_K: 16,
    Occupancy: 1, WGM: 0, NTA: 0, NTB: 0}
  - {Latency: 4512649, MT_M: 64, MT_N: 128, MT_K: 128, MI_M: 16, MI_N: 16, MI_K: 32,
    Occupancy: 1, WGM: 0, NTA: 0, NTB: 0}
  - {Latency: 4543848, MT_M: 128, MT_N: 64, MT_K: 128, MI_M: 16, MI_N: 16, MI_K: 32,
    Occupancy: 1, WGM: 0, NTA: 0, NTB: 0}
  - {Latency: 5854826, MT_M: 64, MT_N: 64, MT_K: 256, MI_M: 32, MI_N: 32, MI_K: 16,
    Occupancy: 1, WGM: 0, NTA: 0, NTB: 0}
  - {Latency: 9622683, MT_M: 32, MT_N: 64, MT_K: 128, MI_M: 32, MI_N: 32, MI_K: 16,
    Occupancy: 1, WGM: 0, NTA: 0, NTB: 0}
  - {Latency: 9622683, MT_M: 64, MT_N: 32, MT_K: 128, MI_M: 32, MI_N: 32, MI_K: 16,
    Occupancy: 1, WGM: 0, NTA: 0, NTB: 0}
  - {Latency: 12354015, MT_M: 32, MT_N: 32, MT_K: 512, MI_M: 32, MI_N: 32, MI_K: 16,
    Occupancy: 1, WGM: 0, NTA: 0, NTB: 0}
  - {Latency: 14711181, MT_M: 16, MT_N: 256, MT_K: 32, MI_M: 16, MI_N: 16, MI_K: 32,
    Occupancy: 2, WGM: 0, NTA: 0, NTB: 0}
  - {Latency: 15110880, MT_M: 64, MT_N: 16, MT_K: 256, MI_M: 16, MI_N: 16, MI_K: 32,
    Occupancy: 1, WGM: 0, NTA: 0, NTB: 0}
  - {Latency: 15187167, MT_M: 16, MT_N: 64, MT_K: 256, MI_M: 16, MI_N: 16, MI_K: 32,
    Occupancy: 1, WGM: 0, NTA: 0, NTB: 0}
  - {Latency: 15615866, MT_M: 32, MT_N: 256, MT_K: 16, MI_M: 32, MI_N: 32, MI_K: 16,
    Occupancy: 2, WGM: 0, NTA: 0, NTB: 0}
  - {Latency: 19093217, MT_M: 32, MT_N: 16, MT_K: 512, MI_M: 16, MI_N: 16, MI_K: 32,
    Occupancy: 1, WGM: 0, NTA: 0, NTB: 0}
  - {Latency: 19099337, MT_M: 16, MT_N: 32, MT_K: 512, MI_M: 16, MI_N: 16, MI_K: 32,
    Occupancy: 1, WGM: 0, NTA: 0, NTB: 0}
  - {Latency: 19409938, MT_M: 16, MT_N: 128, MT_K: 32, MI_M: 16, MI_N: 16, MI_K: 32,
    Occupancy: 3, WGM: 0, NTA: 0, NTB: 0}
  - {Latency: 20777874, MT_M: 32, MT_N: 128, MT_K: 16, MI_M: 32, MI_N: 32, MI_K: 16,
    Occupancy: 5, WGM: 0, NTA: 0, NTB: 0}
  - {Latency: 26868564, MT_M: 16, MT_N: 16, MT_K: 512, MI_M: 16, MI_N: 16, MI_K: 32,
    Occupancy: 1, WGM: 0, NTA: 0, NTB: 0}
- - {Latency: 1168472, MT_M: 192, MT_N: 256, MT_K: 32, MI_M: 32, MI_N: 32, MI_K: 16,
    Occupancy: 1, WGM: 0, NTA: 0, NTB: 0}
  - {Latency: 1341680, MT_M: 256, MT_N: 256, MT_K: 32, MI_M: 32, MI_N: 32, MI_K: 16,
    Occupancy: 1, WGM: 0, NTA: 0, NTB: 0}
  - {Latency: 1368483, MT_M: 128, MT_N: 256, MT_K: 64, MI_M: 32, MI_N: 32, MI_K: 16,
    Occupancy: 1, WGM: 0, NTA: 0, NTB: 0}
  - {Latency: 1397579, MT_M: 256, MT_N: 128, MT_K: 64, MI_M: 32, MI_N: 32, MI_K: 16,
    Occupancy: 1, WGM: 0, NTA: 0, NTB: 0}
  - {Latency: 1407077, MT_M: 192, MT_N: 192, MT_K: 64, MI_M: 32, MI_N: 32, MI_K: 16,
    Occupancy: 1, WGM: 0, NTA: 0, NTB: 0}
  - {Latency: 1550570, MT_M: 192, MT_N: 128, MT_K: 64, MI_M: 32, MI_N: 32, MI_K: 16,
    Occupancy: 1, WGM: 0, NTA: 0, NTB: 0}
  - {Latency: 1583732, MT_M: 128, MT_N: 192, MT_K: 64, MI_M: 32, MI_N: 32, MI_K: 16,
    Occupancy: 1, WGM: 0, NTA: 0, NTB: 0}
  - {Latency: 1785189, MT_M: 128, MT_N: 128, MT_K: 128, MI_M: 32, MI_N: 32, MI_K: 16,
    Occupancy: 1, WGM: 0, NTA: 0, NTB: 0}
  - {Latency: 1826817, MT_M: 256, MT_N: 192, MT_K: 32, MI_M: 16, MI_N: 16, MI_K: 32,
    Occupancy: 1, WGM: 0, NTA: 0, NTB: 0}
  - {Latency: 2266811, MT_M: 64, MT_N: 256, MT_K: 64, MI_M: 32, MI_N: 32, MI_K: 16,
    Occupancy: 1, WGM: 0, NTA: 0, NTB: 0}
  - {Latency: 2339397, MT_M: 256, MT_N: 64, MT_K: 64, MI_M: 32, MI_N: 32, MI_K: 16,
    Occupancy: 1, WGM: 0, NTA: 0, NTB: 0}
  - {Latency: 2355003, MT_M: 192, MT_N: 64, MT_K: 128, MI_M: 32, MI_N: 32, MI_K: 16,
    Occupancy: 1, WGM: 0, NTA: 0, NTB: 0}
  - {Latency: 2382133, MT_M: 64, MT_N: 192, MT_K: 128, MI_M: 32, MI_N: 32, MI_K: 16,
    Occupancy: 1, WGM: 0, NTA: 0, NTB: 0}
  - {Latency: 2708030, MT_M: 64, MT_N: 128, MT_K: 128, MI_M: 16, MI_N: 16, MI_K: 32,
    Occupancy: 1, WGM: 0, NTA: 0, NTB: 0}
  - {Latency: 2737904, MT_M: 128, MT_N: 64, MT_K: 128, MI_M: 16, MI_N: 16, MI_K: 32,
    Occupancy: 1, WGM: 0, NTA: 0, NTB: 0}
  - {Latency: 3454989, MT_M: 64, MT_N: 64, MT_K: 256, MI_M: 32, MI_N: 32, MI_K: 16,
    Occupancy: 1, WGM: 0, NTA: 0, NTB: 0}
  - {Latency: 5754570, MT_M: 32, MT_N: 64, MT_K: 128, MI_M: 32, MI_N: 32, MI_K: 16,
    Occupancy: 1, WGM: 0, NTA: 0, NTB: 0}
  - {Latency: 5754570, MT_M: 64, MT_N: 32, MT_K: 128, MI_M: 32, MI_N: 32, MI_K: 16,
    Occupancy: 1, WGM: 0, NTA: 0, NTB: 0}
  - {Latency: 7394267, MT_M: 32, MT_N: 32, MT_K: 512, MI_M: 32, MI_N: 32, MI_K: 16,
    Occupancy: 1, WGM: 0, NTA: 0, NTB: 0}
  - {Latency: 8752160, MT_M: 16, MT_N: 256, MT_K: 32, MI_M: 16, MI_N: 16, MI_K: 32,
    Occupancy: 2, WGM: 0, NTA: 0, NTB: 0}
  - {Latency: 9015165, MT_M: 64, MT_N: 16, MT_K: 256, MI_M: 16, MI_N: 16, MI_K: 32,
    Occupancy: 1, WGM: 0, NTA: 0, NTB: 0}
  - {Latency: 9101360, MT_M: 16, MT_N: 64, MT_K: 256, MI_M: 16, MI_N: 16, MI_K: 32,
    Occupancy: 1, WGM: 0, NTA: 0, NTB: 0}
  - {Latency: 9398565, MT_M: 32, MT_N: 256, MT_K: 16, MI_M: 32, MI_N: 32, MI_K: 16,
    Occupancy: 2, WGM: 0, NTA: 0, NTB: 0}
  - {Latency: 11342625, MT_M: 32, MT_N: 16, MT_K: 512, MI_M: 16, MI_N: 16, MI_K: 32,
    Occupancy: 1, WGM: 0, NTA: 0, NTB: 0}
  - {Latency: 11435993, MT_M: 16, MT_N: 32, MT_K: 512, MI_M: 16, MI_N: 16, MI_K: 32,
    Occupancy: 1, WGM: 0, NTA: 0, NTB: 0}
  - {Latency: 11691982, MT_M: 16, MT_N: 128, MT_K: 32, MI_M: 16, MI_N: 16, MI_K: 32,
    Occupancy: 3, WGM: 0, NTA: 0, NTB: 0}
  - {Latency: 12289653, MT_M: 32, MT_N: 128, MT_K: 16, MI_M: 32, MI_N: 32, MI_K: 16,
    Occupancy: 5, WGM: 0, NTA: 0, NTB: 0}
  - {Latency: 16023805, MT_M: 16, MT_N: 16, MT_K: 512, MI_M: 16, MI_N: 16, MI_K: 32,
    Occupancy: 1, WGM: 0, NTA: 0, NTB: 0}
- - {Latency: 1362956, MT_M: 256, MT_N: 256, MT_K: 32, MI_M: 32, MI_N: 32, MI_K: 16,
    Occupancy: 1, WGM: 0, NTA: 0, NTB: 0}
  - {Latency: 1784469, MT_M: 256, MT_N: 192, MT_K: 32, MI_M: 16, MI_N: 16, MI_K: 32,
    Occupancy: 1, WGM: 0, NTA: 0, NTB: 0}
  - {Latency: 1814434, MT_M: 192, MT_N: 256, MT_K: 32, MI_M: 32, MI_N: 32, MI_K: 16,
    Occupancy: 1, WGM: 0, NTA: 0, NTB: 0}
  - {Latency: 1855860, MT_M: 256, MT_N: 128, MT_K: 64, MI_M: 32, MI_N: 32, MI_K: 16,
    Occupancy: 1, WGM: 0, NTA: 0, NTB: 0}
  - {Latency: 1862459, MT_M: 128, MT_N: 256, MT_K: 64, MI_M: 32, MI_N: 32, MI_K: 16,
    Occupancy: 1, WGM: 0, NTA: 0, NTB: 0}
  - {Latency: 1867497, MT_M: 192, MT_N: 192, MT_K: 64, MI_M: 32, MI_N: 32, MI_K: 16,
    Occupancy: 1, WGM: 0, NTA: 0, NTB: 0}
  - {Latency: 1937218, MT_M: 128, MT_N: 192, MT_K: 64, MI_M: 32, MI_N: 32, MI_K: 16,
    Occupancy: 1, WGM: 0, NTA: 0, NTB: 0}
  - {Latency: 1970712, MT_M: 192, MT_N: 128, MT_K: 64, MI_M: 32, MI_N: 32, MI_K: 16,
    Occupancy: 1, WGM: 0, NTA: 0, NTB: 0}
  - {Latency: 2378948, MT_M: 128, MT_N: 128, MT_K: 128, MI_M: 32, MI_N: 32, MI_K: 16,
    Occupancy: 1, WGM: 0, NTA: 0, NTB: 0}
  - {Latency: 2942126, MT_M: 64, MT_N: 192, MT_K: 128, MI_M: 32, MI_N: 32, MI_K: 16,
    Occupancy: 1, WGM: 0, NTA: 0, NTB: 0}
  - {Latency: 2963204, MT_M: 192, MT_N: 64, MT_K: 128, MI_M: 32, MI_N: 32, MI_K: 16,
    Occupancy: 1, WGM: 0, NTA: 0, NTB: 0}
  - {Latency: 3073665, MT_M: 256, MT_N: 64, MT_K: 64, MI_M: 32, MI_N: 32, MI_K: 16,
    Occupancy: 1, WGM: 0, NTA: 0, NTB: 0}
  - {Latency: 3117566, MT_M: 64, MT_N: 256, MT_K: 64, MI_M: 32, MI_N: 32, MI_K: 16,
    Occupancy: 1, WGM: 0, NTA: 0, NTB: 0}
  - {Latency: 3383221, MT_M: 128, MT_N: 64, MT_K: 128, MI_M: 16, MI_N: 16, MI_K: 32,
    Occupancy: 1, WGM: 0, NTA: 0, NTB: 0}
  - {Latency: 3420540, MT_M: 64, MT_N: 128, MT_K: 128, MI_M: 16, MI_N: 16, MI_K: 32,
    Occupancy: 1, WGM: 0, NTA: 0, NTB: 0}
  - {Latency: 4353857, MT_M: 64, MT_N: 64, MT_K: 256, MI_M: 32, MI_N: 32, MI_K: 16,
    Occupancy: 1, WGM: 0, NTA: 0, NTB: 0}
  - {Latency: 7127240, MT_M: 32, MT_N: 64, MT_K: 128, MI_M: 32, MI_N: 32, MI_K: 16,
    Occupancy: 1, WGM: 0, NTA: 0, NTB: 0}
  - {Latency: 7127240, MT_M: 64, MT_N: 32, MT_K: 128, MI_M: 32, MI_N: 32, MI_K: 16,
    Occupancy: 1, WGM: 0, NTA: 0, NTB: 0}
  - {Latency: 9157274, MT_M: 32, MT_N: 32, MT_K: 512, MI_M: 32, MI_N: 32, MI_K: 16,
    Occupancy: 1, WGM: 0, NTA: 0, NTB: 0}
  - {Latency: 11148018, MT_M: 16, MT_N: 64, MT_K: 256, MI_M: 16, MI_N: 16, MI_K: 32,
    Occupancy: 1, WGM: 0, NTA: 0, NTB: 0}
  - {Latency: 11196094, MT_M: 64, MT_N: 16, MT_K: 256, MI_M: 16, MI_N: 16, MI_K: 32,
    Occupancy: 1, WGM: 0, NTA: 0, NTB: 0}
  - {Latency: 11696041, MT_M: 16, MT_N: 256, MT_K: 32, MI_M: 16, MI_N: 16, MI_K: 32,
    Occupancy: 2, WGM: 0, NTA: 0, NTB: 0}
  - {Latency: 12066041, MT_M: 32, MT_N: 256, MT_K: 16, MI_M: 32, MI_N: 32, MI_K: 16,
    Occupancy: 2, WGM: 0, NTA: 0, NTB: 0}
  - {Latency: 14082875, MT_M: 16, MT_N: 32, MT_K: 512, MI_M: 16, MI_N: 16, MI_K: 32,
    Occupancy: 1, WGM: 0, NTA: 0, NTB: 0}
  - {Latency: 14102491, MT_M: 32, MT_N: 16, MT_K: 512, MI_M: 16, MI_N: 16, MI_K: 32,
    Occupancy: 1, WGM: 0, NTA: 0, NTB: 0}
  - {Latency: 14819932, MT_M: 16, MT_N: 128, MT_K: 32, MI_M: 16, MI_N: 16, MI_K: 32,
    Occupancy: 3, WGM: 0, NTA: 0, NTB: 0}
  - {Latency: 15605637, MT_M: 32, MT_N: 128, MT_K: 16, MI_M: 32, MI_N: 32, MI_K: 16,
    Occupancy: 5, WGM: 0, NTA: 0, NTB: 0}
  - {Latency: 19843178, MT_M: 16, MT_N: 16, MT_K: 512, MI_M: 16, MI_N: 16, MI_K: 32,
    Occupancy: 1, WGM: 0, NTA: 0, NTB: 0}
- - {Latency: 1732745, MT_M: 256, MT_N: 256, MT_K: 32, MI_M: 32, MI_N: 32, MI_K: 16,
    Occupancy: 1, WGM: 0, NTA: 0, NTB: 0}
  - {Latency: 2034512, MT_M: 192, MT_N: 256, MT_K: 32, MI_M: 32, MI_N: 32, MI_K: 16,
    Occupancy: 1, WGM: 0, NTA: 0, NTB: 0}
  - {Latency: 2054128, MT_M: 256, MT_N: 192, MT_K: 32, MI_M: 16, MI_N: 16, MI_K: 32,
    Occupancy: 1, WGM: 0, NTA: 0, NTB: 0}
  - {Latency: 2363015, MT_M: 128, MT_N: 256, MT_K: 64, MI_M: 32, MI_N: 32, MI_K: 16,
    Occupancy: 1, WGM: 0, NTA: 0, NTB: 0}
  - {Latency: 2398065, MT_M: 192, MT_N: 192, MT_K: 64, MI_M: 32, MI_N: 32, MI_K: 16,
    Occupancy: 1, WGM: 0, NTA: 0, NTB: 0}
  - {Latency: 2398286, MT_M: 256, MT_N: 128, MT_K: 64, MI_M: 32, MI_N: 32, MI_K: 16,
    Occupancy: 1, WGM: 0, NTA: 0, NTB: 0}
  - {Latency: 2675795, MT_M: 128, MT_N: 192, MT_K: 64, MI_M: 32, MI_N: 32, MI_K: 16,
    Occupancy: 1, WGM: 0, NTA: 0, NTB: 0}
  - {Latency: 2695378, MT_M: 192, MT_N: 128, MT_K: 64, MI_M: 32, MI_N: 32, MI_K: 16,
    Occupancy: 1, WGM: 0, NTA: 0, NTB: 0}
  - {Latency: 3042437, MT_M: 128, MT_N: 128, MT_K: 128, MI_M: 32, MI_N: 32, MI_K: 16,
    Occupancy: 1, WGM: 0, NTA: 0, NTB: 0}
  - {Latency: 3944087, MT_M: 64, MT_N: 256, MT_K: 64, MI_M: 32, MI_N: 32, MI_K: 16,
    Occupancy: 1, WGM: 0, NTA: 0, NTB: 0}
  - {Latency: 4002730, MT_M: 256, MT_N: 64, MT_K: 64, MI_M: 32, MI_N: 32, MI_K: 16,
    Occupancy: 1, WGM: 0, NTA: 0, NTB: 0}
  - {Latency: 4006278, MT_M: 64, MT_N: 192, MT_K: 128, MI_M: 32, MI_N: 32, MI_K: 16,
    Occupancy: 1, WGM: 0, NTA: 0, NTB: 0}
  - {Latency: 4037788, MT_M: 192, MT_N: 64, MT_K: 128, MI_M: 32, MI_N: 32, MI_K: 16,
    Occupancy: 1, WGM: 0, NTA: 0, NTB: 0}
  - {Latency: 4666353, MT_M: 128, MT_N: 64, MT_K: 128, MI_M: 16, MI_N: 16, MI_K: 32,
    Occupancy: 1, WGM: 0, NTA: 0, NTB: 0}
  - {Latency: 4666353, MT_M: 64, MT_N: 128, MT_K: 128, MI_M: 16, MI_N: 16, MI_K: 32,
    Occupancy: 1, WGM: 0, NTA: 0, NTB: 0}
  - {Latency: 6128240, MT_M: 64, MT_N: 64, MT_K: 256, MI_M: 32, MI_N: 32, MI_K: 16,
    Occupancy: 1, WGM: 0, NTA: 0, NTB: 0}
  - {Latency: 10048805, MT_M: 32, MT_N: 64, MT_K: 128, MI_M: 32, MI_N: 32, MI_K: 16,
    Occupancy: 1, WGM: 0, NTA: 0, NTB: 0}
  - {Latency: 10048805, MT_M: 64, MT_N: 32, MT_K: 128, MI_M: 32, MI_N: 32, MI_K: 16,
    Occupancy: 1, WGM: 0, NTA: 0, NTB: 0}
  - {Latency: 13205280, MT_M: 32, MT_N: 32, MT_K: 512, MI_M: 32, MI_N: 32, MI_K: 16,
    Occupancy: 1, WGM: 0, NTA: 0, NTB: 0}
  - {Latency: 15514502, MT_M: 16, MT_N: 256, MT_K: 32, MI_M: 16, MI_N: 16, MI_K: 32,
    Occupancy: 2, WGM: 0, NTA: 0, NTB: 0}
  - {Latency: 15911135, MT_M: 64, MT_N: 16, MT_K: 256, MI_M: 16, MI_N: 16, MI_K: 32,
    Occupancy: 1, WGM: 0, NTA: 0, NTB: 0}
  - {Latency: 16034657, MT_M: 16, MT_N: 64, MT_K: 256, MI_M: 16, MI_N: 16, MI_K: 32,
    Occupancy: 1, WGM: 0, NTA: 0, NTB: 0}
  - {Latency: 16274813, MT_M: 32, MT_N: 256, MT_K: 16, MI_M: 32, MI_N: 32, MI_K: 16,
    Occupancy: 2, WGM: 0, NTA: 0, NTB: 0}
  - {Latency: 20500092, MT_M: 16, MT_N: 128, MT_K: 32, MI_M: 16, MI_N: 16, MI_K: 32,
    Occupancy: 3, WGM: 0, NTA: 0, NTB: 0}
  - {Latency: 20518876, MT_M: 32, MT_N: 16, MT_K: 512, MI_M: 16, MI_N: 16, MI_K: 32,
    Occupancy: 1, WGM: 0, NTA: 0, NTB: 0}
  - {Latency: 20642398, MT_M: 16, MT_N: 32, MT_K: 512, MI_M: 16, MI_N: 16, MI_K: 32,
    Occupancy: 1, WGM: 0, NTA: 0, NTB: 0}
  - {Latency: 21742807, MT_M: 32, MT_N: 128, MT_K: 16, MI_M: 32, MI_N: 32, MI_K: 16,
    Occupancy: 5, WGM: 0, NTA: 0, NTB: 0}
  - {Latency: 29269523, MT_M: 16, MT_N: 16, MT_K: 512, MI_M: 16, MI_N: 16, MI_K: 32,
    Occupancy: 1, WGM: 0, NTA: 0, NTB: 0}
- - {Latency: 2043032, MT_M: 256, MT_N: 256, MT_K: 32, MI_M: 32, MI_N: 32, MI_K: 16,
    Occupancy: 1, WGM: 0, NTA: 0, NTB: 0}
  - {Latency: 2105776, MT_M: 192, MT_N: 192, MT_K: 64, MI_M: 32, MI_N: 32, MI_K: 16,
    Occupancy: 1, WGM: 0, NTA: 0, NTB: 0}
  - {Latency: 2246227, MT_M: 192, MT_N: 256, MT_K: 32, MI_M: 32, MI_N: 32, MI_K: 16,
    Occupancy: 1, WGM: 0, NTA: 0, NTB: 0}
  - {Latency: 2252233, MT_M: 256, MT_N: 192, MT_K: 32, MI_M: 16, MI_N: 16, MI_K: 32,
    Occupancy: 1, WGM: 0, NTA: 0, NTB: 0}
  - {Latency: 2438020, MT_M: 128, MT_N: 256, MT_K: 64, MI_M: 32, MI_N: 32, MI_K: 16,
    Occupancy: 1, WGM: 0, NTA: 0, NTB: 0}
  - {Latency: 2470628, MT_M: 256, MT_N: 128, MT_K: 64, MI_M: 32, MI_N: 32, MI_K: 16,
    Occupancy: 1, WGM: 0, NTA: 0, NTB: 0}
  - {Latency: 2640060, MT_M: 128, MT_N: 192, MT_K: 64, MI_M: 32, MI_N: 32, MI_K: 16,
    Occupancy: 1, WGM: 0, NTA: 0, NTB: 0}
  - {Latency: 2676531, MT_M: 192, MT_N: 128, MT_K: 64, MI_M: 32, MI_N: 32, MI_K: 16,
    Occupancy: 1, WGM: 0, NTA: 0, NTB: 0}
  - {Latency: 3192210, MT_M: 128, MT_N: 128, MT_K: 128, MI_M: 32, MI_N: 32, MI_K: 16,
    Occupancy: 1, WGM: 0, NTA: 0, NTB: 0}
  - {Latency: 4016131, MT_M: 64, MT_N: 192, MT_K: 128, MI_M: 32, MI_N: 32, MI_K: 16,
    Occupancy: 1, WGM: 0, NTA: 0, NTB: 0}
  - {Latency: 4044645, MT_M: 192, MT_N: 64, MT_K: 128, MI_M: 32, MI_N: 32, MI_K: 16,
    Occupancy: 1, WGM: 0, NTA: 0, NTB: 0}
  - {Latency: 4055054, MT_M: 64, MT_N: 256, MT_K: 64, MI_M: 32, MI_N: 32, MI_K: 16,
    Occupancy: 1, WGM: 0, NTA: 0, NTB: 0}
  - {Latency: 4079248, MT_M: 256, MT_N: 64, MT_K: 64, MI_M: 32, MI_N: 32, MI_K: 16,
    Occupancy: 1, WGM: 0, NTA: 0, NTB: 0}
  - {Latency: 4671321, MT_M: 128, MT_N: 64, MT_K: 128, MI_M: 16, MI_N: 16, MI_K: 32,
    Occupancy: 1, WGM: 0, NTA: 0, NTB: 0}
  - {Latency: 4706789, MT_M: 64, MT_N: 128, MT_K: 128, MI_M: 16, MI_N: 16, MI_K: 32,
    Occupancy: 1, WGM: 0, NTA: 0, NTB: 0}
  - {Latency: 6168889, MT_M: 64, MT_N: 64, MT_K: 256, MI_M: 32, MI_N: 32, MI_K: 16,
    Occupancy: 1, WGM: 0, NTA: 0, NTB: 0}
  - {Latency: 10110141, MT_M: 32, MT_N: 64, MT_K: 128, MI_M: 32, MI_N: 32, MI_K: 16,
    Occupancy: 1, WGM: 0, NTA: 0, NTB: 0}
  - {Latency: 10110141, MT_M: 64, MT_N: 32, MT_K: 128, MI_M: 32, MI_N: 32, MI_K: 16,
    Occupancy: 1, WGM: 0, NTA: 0, NTB: 0}
  - {Latency: 13442073, MT_M: 32, MT_N: 32, MT_K: 512, MI_M: 32, MI_N: 32, MI_K: 16,
    Occupancy: 1, WGM: 0, NTA: 0, NTB: 0}
  - {Latency: 15626148, MT_M: 16, MT_N: 256, MT_K: 32, MI_M: 16, MI_N: 16, MI_K: 32,
    Occupancy: 2, WGM: 0, NTA: 0, NTB: 0}
  - {Latency: 16018818, MT_M: 32, MT_N: 256, MT_K: 16, MI_M: 32, MI_N: 32, MI_K: 16,
    Occupancy: 2, WGM: 0, NTA: 0, NTB: 0}
  - {Latency: 16058910, MT_M: 64, MT_N: 16, MT_K: 256, MI_M: 16, MI_N: 16, MI_K: 32,
    Occupancy: 1, WGM: 0, NTA: 0, NTB: 0}
  - {Latency: 16230183, MT_M: 16, MT_N: 64, MT_K: 256, MI_M: 16, MI_N: 16, MI_K: 32,
    Occupancy: 1, WGM: 0, NTA: 0, NTB: 0}
  - {Latency: 20626628, MT_M: 16, MT_N: 128, MT_K: 32, MI_M: 16, MI_N: 16, MI_K: 32,
    Occupancy: 3, WGM: 0, NTA: 0, NTB: 0}
  - {Latency: 21183038, MT_M: 32, MT_N: 16, MT_K: 512, MI_M: 16, MI_N: 16, MI_K: 32,
    Occupancy: 1, WGM: 0, NTA: 0, NTB: 0}
  - {Latency: 21411366, MT_M: 16, MT_N: 32, MT_K: 512, MI_M: 16, MI_N: 16, MI_K: 32,
    Occupancy: 1, WGM: 0, NTA: 0, NTB: 0}
  - {Latency: 21812179, MT_M: 32, MT_N: 128, MT_K: 16, MI_M: 32, MI_N: 32, MI_K: 16,
    Occupancy: 5, WGM: 0, NTA: 0, NTB: 0}
  - {Latency: 31220342, MT_M: 16, MT_N: 16, MT_K: 512, MI_M: 16, MI_N: 16, MI_K: 32,
    Occupancy: 1, WGM: 0, NTA: 0, NTB: 0}
- - {Latency: 1765139, MT_M: 256, MT_N: 256, MT_K: 32, MI_M: 32, MI_N: 32, MI_K: 16,
    Occupancy: 1, WGM: 0, NTA: 0, NTB: 0}
  - {Latency: 2023911, MT_M: 128, MT_N: 256, MT_K: 64, MI_M: 32, MI_N: 32, MI_K: 16,
    Occupancy: 1, WGM: 0, NTA: 0, NTB: 0}
  - {Latency: 2071992, MT_M: 192, MT_N: 192, MT_K: 64, MI_M: 32, MI_N: 32, MI_K: 16,
    Occupancy: 1, WGM: 0, NTA: 0, NTB: 0}
  - {Latency: 2072215, MT_M: 192, MT_N: 256, MT_K: 32, MI_M: 32, MI_N: 32, MI_K: 16,
    Occupancy: 1, WGM: 0, NTA: 0, NTB: 0}
  - {Latency: 2109346, MT_M: 256, MT_N: 192, MT_K: 32, MI_M: 16, MI_N: 16, MI_K: 32,
    Occupancy: 1, WGM: 0, NTA: 0, NTB: 0}
  - {Latency: 2422849, MT_M: 192, MT_N: 128, MT_K: 64, MI_M: 32, MI_N: 32, MI_K: 16,
    Occupancy: 1, WGM: 0, NTA: 0, NTB: 0}
  - {Latency: 2426315, MT_M: 128, MT_N: 192, MT_K: 64, MI_M: 32, MI_N: 32, MI_K: 16,
    Occupancy: 1, WGM: 0, NTA: 0, NTB: 0}
  - {Latency: 2465159, MT_M: 256, MT_N: 128, MT_K: 64, MI_M: 32, MI_N: 32, MI_K: 16,
    Occupancy: 1, WGM: 0, NTA: 0, NTB: 0}
  - {Latency: 2643616, MT_M: 128, MT_N: 128, MT_K: 128, MI_M: 32, MI_N: 32, MI_K: 16,
    Occupancy: 1, WGM: 0, NTA: 0, NTB: 0}
  - {Latency: 3377785, MT_M: 64, MT_N: 256, MT_K: 64, MI_M: 32, MI_N: 32, MI_K: 16,
    Occupancy: 1, WGM: 0, NTA: 0, NTB: 0}
  - {Latency: 3397556, MT_M: 256, MT_N: 64, MT_K: 64, MI_M: 32, MI_N: 32, MI_K: 16,
    Occupancy: 1, WGM: 0, NTA: 0, NTB: 0}
  - {Latency: 3650809, MT_M: 192, MT_N: 64, MT_K: 128, MI_M: 32, MI_N: 32, MI_K: 16,
    Occupancy: 1, WGM: 0, NTA: 0, NTB: 0}
  - {Latency: 3691583, MT_M: 64, MT_N: 192, MT_K: 128, MI_M: 32, MI_N: 32, MI_K: 16,
    Occupancy: 1, WGM: 0, NTA: 0, NTB: 0}
  - {Latency: 4008714, MT_M: 128, MT_N: 64, MT_K: 128, MI_M: 16, MI_N: 16, MI_K: 32,
    Occupancy: 1, WGM: 0, NTA: 0, NTB: 0}
  - {Latency: 4046157, MT_M: 64, MT_N: 128, MT_K: 128, MI_M: 16, MI_N: 16, MI_K: 32,
    Occupancy: 1, WGM: 0, NTA: 0, NTB: 0}
  - {Latency: 5245575, MT_M: 64, MT_N: 64, MT_K: 256, MI_M: 32, MI_N: 32, MI_K: 16,
    Occupancy: 1, WGM: 0, NTA: 0, NTB: 0}
  - {Latency: 8590571, MT_M: 32, MT_N: 64, MT_K: 128, MI_M: 32, MI_N: 32, MI_K: 16,
    Occupancy: 1, WGM: 0, NTA: 0, NTB: 0}
  - {Latency: 8731027, MT_M: 64, MT_N: 32, MT_K: 128, MI_M: 32, MI_N: 32, MI_K: 16,
    Occupancy: 1, WGM: 0, NTA: 0, NTB: 0}
  - {Latency: 11130454, MT_M: 32, MT_N: 32, MT_K: 512, MI_M: 32, MI_N: 32, MI_K: 16,
    Occupancy: 1, WGM: 0, NTA: 0, NTB: 0}
  - {Latency: 13395781, MT_M: 16, MT_N: 256, MT_K: 32, MI_M: 16, MI_N: 16, MI_K: 32,
    Occupancy: 2, WGM: 0, NTA: 0, NTB: 0}
  - {Latency: 13416735, MT_M: 64, MT_N: 16, MT_K: 256, MI_M: 16, MI_N: 16, MI_K: 32,
    Occupancy: 1, WGM: 0, NTA: 0, NTB: 0}
  - {Latency: 13500349, MT_M: 16, MT_N: 64, MT_K: 256, MI_M: 16, MI_N: 16, MI_K: 32,
    Occupancy: 1, WGM: 0, NTA: 0, NTB: 0}
  - {Latency: 13763568, MT_M: 32, MT_N: 256, MT_K: 16, MI_M: 32, MI_N: 32, MI_K: 16,
    Occupancy: 2, WGM: 0, NTA: 0, NTB: 0}
  - {Latency: 17235215, MT_M: 32, MT_N: 16, MT_K: 512, MI_M: 16, MI_N: 16, MI_K: 32,
    Occupancy: 1, WGM: 0, NTA: 0, NTB: 0}
  - {Latency: 17434454, MT_M: 16, MT_N: 32, MT_K: 512, MI_M: 16, MI_N: 16, MI_K: 32,
    Occupancy: 1, WGM: 0, NTA: 0, NTB: 0}
  - {Latency: 17633239, MT_M: 16, MT_N: 128, MT_K: 32, MI_M: 16, MI_N: 16, MI_K: 32,
    Occupancy: 3, WGM: 0, NTA: 0, NTB: 0}
  - {Latency: 18745796, MT_M: 32, MT_N: 128, MT_K: 16, MI_M: 32, MI_N: 32, MI_K: 16,
    Occupancy: 5, WGM: 0, NTA: 0, NTB: 0}
  - {Latency: 24714774, MT_M: 16, MT_N: 16, MT_K: 512, MI_M: 16, MI_N: 16, MI_K: 32,
    Occupancy: 1, WGM: 0, NTA: 0, NTB: 0}
- - {Latency: 1665608, MT_M: 256, MT_N: 256, MT_K: 32, MI_M: 32, MI_N: 32, MI_K: 16,
    Occupancy: 1, WGM: 0, NTA: 0, NTB: 0}
  - {Latency: 1891025, MT_M: 192, MT_N: 192, MT_K: 64, MI_M: 32, MI_N: 32, MI_K: 16,
    Occupancy: 1, WGM: 0, NTA: 0, NTB: 0}
  - {Latency: 1941291, MT_M: 192, MT_N: 256, MT_K: 32, MI_M: 32, MI_N: 32, MI_K: 16,
    Occupancy: 1, WGM: 0, NTA: 0, NTB: 0}
  - {Latency: 1958008, MT_M: 256, MT_N: 192, MT_K: 32, MI_M: 16, MI_N: 16, MI_K: 32,
    Occupancy: 1, WGM: 0, NTA: 0, NTB: 0}
  - {Latency: 2270505, MT_M: 128, MT_N: 256, MT_K: 64, MI_M: 32, MI_N: 32, MI_K: 16,
    Occupancy: 1, WGM: 0, NTA: 0, NTB: 0}
  - {Latency: 2303312, MT_M: 256, MT_N: 128, MT_K: 64, MI_M: 32, MI_N: 32, MI_K: 16,
    Occupancy: 1, WGM: 0, NTA: 0, NTB: 0}
  - {Latency: 2547185, MT_M: 128, MT_N: 192, MT_K: 64, MI_M: 32, MI_N: 32, MI_K: 16,
    Occupancy: 1, WGM: 0, NTA: 0, NTB: 0}
  - {Latency: 2567950, MT_M: 192, MT_N: 128, MT_K: 64, MI_M: 32, MI_N: 32, MI_K: 16,
    Occupancy: 1, WGM: 0, NTA: 0, NTB: 0}
  - {Latency: 2910240, MT_M: 128, MT_N: 128, MT_K: 128, MI_M: 32, MI_N: 32, MI_K: 16,
    Occupancy: 1, WGM: 0, NTA: 0, NTB: 0}
  - {Latency: 3531903, MT_M: 64, MT_N: 192, MT_K: 128, MI_M: 32, MI_N: 32, MI_K: 16,
    Occupancy: 1, WGM: 0, NTA: 0, NTB: 0}
  - {Latency: 3559114, MT_M: 192, MT_N: 64, MT_K: 128, MI_M: 32, MI_N: 32, MI_K: 16,
    Occupancy: 1, WGM: 0, NTA: 0, NTB: 0}
  - {Latency: 3754898, MT_M: 64, MT_N: 256, MT_K: 64, MI_M: 32, MI_N: 32, MI_K: 16,
    Occupancy: 1, WGM: 0, NTA: 0, NTB: 0}
  - {Latency: 3805072, MT_M: 256, MT_N: 64, MT_K: 64, MI_M: 32, MI_N: 32, MI_K: 16,
    Occupancy: 1, WGM: 0, NTA: 0, NTB: 0}
  - {Latency: 4227027, MT_M: 128, MT_N: 64, MT_K: 128, MI_M: 16, MI_N: 16, MI_K: 32,
    Occupancy: 1, WGM: 0, NTA: 0, NTB: 0}
  - {Latency: 4231477, MT_M: 64, MT_N: 128, MT_K: 128, MI_M: 16, MI_N: 16, MI_K: 32,
    Occupancy: 1, WGM: 0, NTA: 0, NTB: 0}
  - {Latency: 5162497, MT_M: 64, MT_N: 64, MT_K: 256, MI_M: 32, MI_N: 32, MI_K: 16,
    Occupancy: 1, WGM: 0, NTA: 0, NTB: 0}
  - {Latency: 8700597, MT_M: 64, MT_N: 32, MT_K: 128, MI_M: 32, MI_N: 32, MI_K: 16,
    Occupancy: 1, WGM: 0, NTA: 0, NTB: 0}
  - {Latency: 8804820, MT_M: 32, MT_N: 64, MT_K: 128, MI_M: 32, MI_N: 32, MI_K: 16,
    Occupancy: 1, WGM: 0, NTA: 0, NTB: 0}
  - {Latency: 11713651, MT_M: 32, MT_N: 32, MT_K: 512, MI_M: 32, MI_N: 32, MI_K: 16,
    Occupancy: 1, WGM: 0, NTA: 0, NTB: 0}
  - {Latency: 13225872, MT_M: 64, MT_N: 16, MT_K: 256, MI_M: 16, MI_N: 16, MI_K: 32,
    Occupancy: 1, WGM: 0, NTA: 0, NTB: 0}
  - {Latency: 13425182, MT_M: 16, MT_N: 64, MT_K: 256, MI_M: 16, MI_N: 16, MI_K: 32,
    Occupancy: 1, WGM: 0, NTA: 0, NTB: 0}
  - {Latency: 13757070, MT_M: 16, MT_N: 256, MT_K: 32, MI_M: 16, MI_N: 16, MI_K: 32,
    Occupancy: 2, WGM: 0, NTA: 0, NTB: 0}
  - {Latency: 14198364, MT_M: 32, MT_N: 256, MT_K: 16, MI_M: 32, MI_N: 32, MI_K: 16,
    Occupancy: 2, WGM: 0, NTA: 0, NTB: 0}
  - {Latency: 18326545, MT_M: 16, MT_N: 128, MT_K: 32, MI_M: 16, MI_N: 16, MI_K: 32,
    Occupancy: 3, WGM: 0, NTA: 0, NTB: 0}
  - {Latency: 18360791, MT_M: 32, MT_N: 16, MT_K: 512, MI_M: 16, MI_N: 16, MI_K: 32,
    Occupancy: 1, WGM: 0, NTA: 0, NTB: 0}
  - {Latency: 18476012, MT_M: 16, MT_N: 32, MT_K: 512, MI_M: 16, MI_N: 16, MI_K: 32,
    Occupancy: 1, WGM: 0, NTA: 0, NTB: 0}
  - {Latency: 19329743, MT_M: 32, MT_N: 128, MT_K: 16, MI_M: 32, MI_N: 32, MI_K: 16,
    Occupancy: 5, WGM: 0, NTA: 0, NTB: 0}
  - {Latency: 26738940, MT_M: 16, MT_N: 16, MT_K: 512, MI_M: 16, MI_N: 16, MI_K: 32,
    Occupancy: 1, WGM: 0, NTA: 0, NTB: 0}
- - {Latency: 1600505, MT_M: 256, MT_N: 256, MT_K: 32, MI_M: 32, MI_N: 32, MI_K: 16,
    Occupancy: 1, WGM: 0, NTA: 0, NTB: 0}
  - {Latency: 1835131, MT_M: 192, MT_N: 192, MT_K: 64, MI_M: 32, MI_N: 32, MI_K: 16,
    Occupancy: 1, WGM: 0, NTA: 0, NTB: 0}
  - {Latency: 1861887, MT_M: 192, MT_N: 256, MT_K: 32, MI_M: 32, MI_N: 32, MI_K: 16,
    Occupancy: 1, WGM: 0, NTA: 0, NTB: 0}
  - {Latency: 1882429, MT_M: 256, MT_N: 192, MT_K: 32, MI_M: 16, MI_N: 16, MI_K: 32,
    Occupancy: 1, WGM: 0, NTA: 0, NTB: 0}
  - {Latency: 2200858, MT_M: 128, MT_N: 256, MT_K: 64, MI_M: 32, MI_N: 32, MI_K: 16,
    Occupancy: 1, WGM: 0, NTA: 0, NTB: 0}
  - {Latency: 2236269, MT_M: 256, MT_N: 128, MT_K: 64, MI_M: 32, MI_N: 32, MI_K: 16,
    Occupancy: 1, WGM: 0, NTA: 0, NTB: 0}
  - {Latency: 2471416, MT_M: 128, MT_N: 192, MT_K: 64, MI_M: 32, MI_N: 32, MI_K: 16,
    Occupancy: 1, WGM: 0, NTA: 0, NTB: 0}
  - {Latency: 2489320, MT_M: 192, MT_N: 128, MT_K: 64, MI_M: 32, MI_N: 32, MI_K: 16,
    Occupancy: 1, WGM: 0, NTA: 0, NTB: 0}
  - {Latency: 2879919, MT_M: 128, MT_N: 128, MT_K: 128, MI_M: 32, MI_N: 32, MI_K: 16,
    Occupancy: 1, WGM: 0, NTA: 0, NTB: 0}
  - {Latency: 3524849, MT_M: 192, MT_N: 64, MT_K: 128, MI_M: 32, MI_N: 32, MI_K: 16,
    Occupancy: 1, WGM: 0, NTA: 0, NTB: 0}
  - {Latency: 3524849, MT_M: 64, MT_N: 192, MT_K: 128, MI_M: 32, MI_N: 32, MI_K: 16,
    Occupancy: 1, WGM: 0, NTA: 0, NTB: 0}
  - {Latency: 3664235, MT_M: 64, MT_N: 256, MT_K: 64, MI_M: 32, MI_N: 32, MI_K: 16,
    Occupancy: 1, WGM: 0, NTA: 0, NTB: 0}
  - {Latency: 3695768, MT_M: 256, MT_N: 64, MT_K: 64, MI_M: 32, MI_N: 32, MI_K: 16,
    Occupancy: 1, WGM: 0, NTA: 0, NTB: 0}
  - {Latency: 4188200, MT_M: 128, MT_N: 64, MT_K: 128, MI_M: 16, MI_N: 16, MI_K: 32,
    Occupancy: 1, WGM: 0, NTA: 0, NTB: 0}
  - {Latency: 4220155, MT_M: 64, MT_N: 128, MT_K: 128, MI_M: 16, MI_N: 16, MI_K: 32,
    Occupancy: 1, WGM: 0, NTA: 0, NTB: 0}
  - {Latency: 5500412, MT_M: 64, MT_N: 64, MT_K: 256, MI_M: 32, MI_N: 32, MI_K: 16,
    Occupancy: 1, WGM: 0, NTA: 0, NTB: 0}
  - {Latency: 8889108, MT_M: 32, MT_N: 64, MT_K: 128, MI_M: 32, MI_N: 32, MI_K: 16,
    Occupancy: 1, WGM: 0, NTA: 0, NTB: 0}
  - {Latency: 8891809, MT_M: 64, MT_N: 32, MT_K: 128, MI_M: 32, MI_N: 32, MI_K: 16,
    Occupancy: 1, WGM: 0, NTA: 0, NTB: 0}
  - {Latency: 11601478, MT_M: 32, MT_N: 32, MT_K: 512, MI_M: 32, MI_N: 32, MI_K: 16,
    Occupancy: 1, WGM: 0, NTA: 0, NTB: 0}
  - {Latency: 13549307, MT_M: 16, MT_N: 256, MT_K: 32, MI_M: 16, MI_N: 16, MI_K: 32,
    Occupancy: 2, WGM: 0, NTA: 0, NTB: 0}
  - {Latency: 13930849, MT_M: 64, MT_N: 16, MT_K: 256, MI_M: 16, MI_N: 16, MI_K: 32,
    Occupancy: 1, WGM: 0, NTA: 0, NTB: 0}
  - {Latency: 14149667, MT_M: 16, MT_N: 64, MT_K: 256, MI_M: 16, MI_N: 16, MI_K: 32,
    Occupancy: 1, WGM: 0, NTA: 0, NTB: 0}
  - {Latency: 14289920, MT_M: 32, MT_N: 256, MT_K: 16, MI_M: 32, MI_N: 32, MI_K: 16,
    Occupancy: 2, WGM: 0, NTA: 0, NTB: 0}
  - {Latency: 17787020, MT_M: 32, MT_N: 16, MT_K: 512, MI_M: 16, MI_N: 16, MI_K: 32,
    Occupancy: 1, WGM: 0, NTA: 0, NTB: 0}
  - {Latency: 17843295, MT_M: 16, MT_N: 128, MT_K: 32, MI_M: 16, MI_N: 16, MI_K: 32,
    Occupancy: 3, WGM: 0, NTA: 0, NTB: 0}
  - {Latency: 17989746, MT_M: 16, MT_N: 32, MT_K: 512, MI_M: 16, MI_N: 16, MI_K: 32,
    Occupancy: 1, WGM: 0, NTA: 0, NTB: 0}
  - {Latency: 19027069, MT_M: 32, MT_N: 128, MT_K: 16, MI_M: 32, MI_N: 32, MI_K: 16,
    Occupancy: 5, WGM: 0, NTA: 0, NTB: 0}
  - {Latency: 25147342, MT_M: 16, MT_N: 16, MT_K: 512, MI_M: 16, MI_N: 16, MI_K: 32,
    Occupancy: 1, WGM: 0, NTA: 0, NTB: 0}
- - {Latency: 1224253, MT_M: 256, MT_N: 256, MT_K: 32, MI_M: 32, MI_N: 32, MI_K: 16,
    Occupancy: 1, WGM: 0, NTA: 0, NTB: 0}
  - {Latency: 1281785, MT_M: 192, MT_N: 192, MT_K: 64, MI_M: 32, MI_N: 32, MI_K: 16,
    Occupancy: 1, WGM: 0, NTA: 0, NTB: 0}
  - {Latency: 1627806, MT_M: 192, MT_N: 256, MT_K: 32, MI_M: 32, MI_N: 32, MI_K: 16,
    Occupancy: 1, WGM: 0, NTA: 0, NTB: 0}
  - {Latency: 1632458, MT_M: 256, MT_N: 192, MT_K: 32, MI_M: 16, MI_N: 16, MI_K: 32,
    Occupancy: 1, WGM: 0, NTA: 0, NTB: 0}
  - {Latency: 1658154, MT_M: 128, MT_N: 256, MT_K: 64, MI_M: 32, MI_N: 32, MI_K: 16,
    Occupancy: 1, WGM: 0, NTA: 0, NTB: 0}
  - {Latency: 1667963, MT_M: 256, MT_N: 128, MT_K: 64, MI_M: 32, MI_N: 32, MI_K: 16,
    Occupancy: 1, WGM: 0, NTA: 0, NTB: 0}
  - {Latency: 1759220, MT_M: 128, MT_N: 192, MT_K: 64, MI_M: 32, MI_N: 32, MI_K: 16,
    Occupancy: 1, WGM: 0, NTA: 0, NTB: 0}
  - {Latency: 1769430, MT_M: 192, MT_N: 128, MT_K: 64, MI_M: 32, MI_N: 32, MI_K: 16,
    Occupancy: 1, WGM: 0, NTA: 0, NTB: 0}
  - {Latency: 1867241, MT_M: 128, MT_N: 128, MT_K: 128, MI_M: 32, MI_N: 32, MI_K: 16,
    Occupancy: 1, WGM: 0, NTA: 0, NTB: 0}
  - {Latency: 2416331, MT_M: 64, MT_N: 192, MT_K: 128, MI_M: 32, MI_N: 32, MI_K: 16,
    Occupancy: 1, WGM: 0, NTA: 0, NTB: 0}
  - {Latency: 2422200, MT_M: 64, MT_N: 256, MT_K: 64, MI_M: 32, MI_N: 32, MI_K: 16,
    Occupancy: 1, WGM: 0, NTA: 0, NTB: 0}
  - {Latency: 2431407, MT_M: 192, MT_N: 64, MT_K: 128, MI_M: 32, MI_N: 32, MI_K: 16,
    Occupancy: 1, WGM: 0, NTA: 0, NTB: 0}
  - {Latency: 2436470, MT_M: 256, MT_N: 64, MT_K: 64, MI_M: 32, MI_N: 32, MI_K: 16,
    Occupancy: 1, WGM: 0, NTA: 0, NTB: 0}
  - {Latency: 2657198, MT_M: 128, MT_N: 64, MT_K: 128, MI_M: 16, MI_N: 16, MI_K: 32,
    Occupancy: 1, WGM: 0, NTA: 0, NTB: 0}
  - {Latency: 2657198, MT_M: 64, MT_N: 128, MT_K: 128, MI_M: 16, MI_N: 16, MI_K: 32,
    Occupancy: 1, WGM: 0, NTA: 0, NTB: 0}
  - {Latency: 3554009, MT_M: 64, MT_N: 64, MT_K: 256, MI_M: 32, MI_N: 32, MI_K: 16,
    Occupancy: 1, WGM: 0, NTA: 0, NTB: 0}
  - {Latency: 5858605, MT_M: 64, MT_N: 32, MT_K: 128, MI_M: 32, MI_N: 32, MI_K: 16,
    Occupancy: 1, WGM: 0, NTA: 0, NTB: 0}
  - {Latency: 5882337, MT_M: 32, MT_N: 64, MT_K: 128, MI_M: 32, MI_N: 32, MI_K: 16,
    Occupancy: 1, WGM: 0, NTA: 0, NTB: 0}
  - {Latency: 7469941, MT_M: 32, MT_N: 32, MT_K: 512, MI_M: 32, MI_N: 32, MI_K: 16,
    Occupancy: 1, WGM: 0, NTA: 0, NTB: 0}
  - {Latency: 9054453, MT_M: 64, MT_N: 16, MT_K: 256, MI_M: 16, MI_N: 16, MI_K: 32,
    Occupancy: 1, WGM: 0, NTA: 0, NTB: 0}
  - {Latency: 9245768, MT_M: 16, MT_N: 64, MT_K: 256, MI_M: 16, MI_N: 16, MI_K: 32,
    Occupancy: 1, WGM: 0, NTA: 0, NTB: 0}
  - {Latency: 9343911, MT_M: 16, MT_N: 256, MT_K: 32, MI_M: 16, MI_N: 16, MI_K: 32,
    Occupancy: 2, WGM: 0, NTA: 0, NTB: 0}
  - {Latency: 10036366, MT_M: 32, MT_N: 256, MT_K: 16, MI_M: 32, MI_N: 32, MI_K: 16,
    Occupancy: 2, WGM: 0, NTA: 0, NTB: 0}
  - {Latency: 11621501, MT_M: 32, MT_N: 16, MT_K: 512, MI_M: 16, MI_N: 16, MI_K: 32,
    Occupancy: 1, WGM: 0, NTA: 0, NTB: 0}
  - {Latency: 11680851, MT_M: 16, MT_N: 32, MT_K: 512, MI_M: 16, MI_N: 16, MI_K: 32,
    Occupancy: 1, WGM: 0, NTA: 0, NTB: 0}
  - {Latency: 11831391, MT_M: 16, MT_N: 128, MT_K: 32, MI_M: 16, MI_N: 16, MI_K: 32,
    Occupancy: 3, WGM: 0, NTA: 0, NTB: 0}
  - {Latency: 12509384, MT_M: 32, MT_N: 128, MT_K: 16, MI_M: 32, MI_N: 32, MI_K: 16,
    Occupancy: 5, WGM: 0, NTA: 0, NTB: 0}
  - {Latency: 16909911, MT_M: 16, MT_N: 16, MT_K: 512, MI_M: 16, MI_N: 16, MI_K: 32,
    Occupancy: 1, WGM: 0, NTA: 0, NTB: 0}
- - {Latency: 38880832, MT_M: 256, MT_N: 256, MT_K: 32, MI_M: 32, MI_N: 32, MI_K: 16,
    Occupancy: 1, WGM: 0, NTA: 0, NTB: 0}
  - {Latency: 44366970, MT_M: 256, MT_N: 192, MT_K: 32, MI_M: 16, MI_N: 16, MI_K: 32,
    Occupancy: 1, WGM: 0, NTA: 0, NTB: 0}
  - {Latency: 45683449, MT_M: 192, MT_N: 256, MT_K: 32, MI_M: 32, MI_N: 32, MI_K: 16,
    Occupancy: 1, WGM: 0, NTA: 0, NTB: 0}
  - {Latency: 46887130, MT_M: 192, MT_N: 192, MT_K: 64, MI_M: 32, MI_N: 32, MI_K: 16,
    Occupancy: 1, WGM: 0, NTA: 0, NTB: 0}
  - {Latency: 54146790, MT_M: 256, MT_N: 128, MT_K: 64, MI_M: 32, MI_N: 32, MI_K: 16,
    Occupancy: 1, WGM: 0, NTA: 0, NTB: 0}
  - {Latency: 54146790, MT_M: 128, MT_N: 256, MT_K: 64, MI_M: 32, MI_N: 32, MI_K: 16,
    Occupancy: 1, WGM: 0, NTA: 0, NTB: 0}
  - {Latency: 58942820, MT_M: 128, MT_N: 192, MT_K: 64, MI_M: 32, MI_N: 32, MI_K: 16,
    Occupancy: 1, WGM: 0, NTA: 0, NTB: 0}
  - {Latency: 60985695, MT_M: 192, MT_N: 128, MT_K: 64, MI_M: 32, MI_N: 32, MI_K: 16,
    Occupancy: 1, WGM: 0, NTA: 0, NTB: 0}
  - {Latency: 70752760, MT_M: 128, MT_N: 128, MT_K: 128, MI_M: 32, MI_N: 32, MI_K: 16,
    Occupancy: 1, WGM: 0, NTA: 0, NTB: 0}
  - {Latency: 86550419, MT_M: 256, MT_N: 64, MT_K: 64, MI_M: 32, MI_N: 32, MI_K: 16,
    Occupancy: 1, WGM: 0, NTA: 0, NTB: 0}
  - {Latency: 89576729, MT_M: 64, MT_N: 256, MT_K: 64, MI_M: 32, MI_N: 32, MI_K: 16,
    Occupancy: 1, WGM: 0, NTA: 0, NTB: 0}
  - {Latency: 89724948, MT_M: 192, MT_N: 64, MT_K: 128, MI_M: 32, MI_N: 32, MI_K: 16,
    Occupancy: 1, WGM: 0, NTA: 0, NTB: 0}
  - {Latency: 89724948, MT_M: 64, MT_N: 192, MT_K: 128, MI_M: 32, MI_N: 32, MI_K: 16,
    Occupancy: 1, WGM: 0, NTA: 0, NTB: 0}
  - {Latency: 104094454, MT_M: 128, MT_N: 64, MT_K: 128, MI_M: 16, MI_N: 16, MI_K: 32,
    Occupancy: 1, WGM: 0, NTA: 0, NTB: 0}
  - {Latency: 107965739, MT_M: 64, MT_N: 128, MT_K: 128, MI_M: 16, MI_N: 16, MI_K: 32,
    Occupancy: 1, WGM: 0, NTA: 0, NTB: 0}
  - {Latency: 137372348, MT_M: 64, MT_N: 64, MT_K: 256, MI_M: 32, MI_N: 32, MI_K: 16,
    Occupancy: 1, WGM: 0, NTA: 0, NTB: 0}
  - {Latency: 228182298, MT_M: 32, MT_N: 64, MT_K: 128, MI_M: 32, MI_N: 32, MI_K: 16,
    Occupancy: 1, WGM: 0, NTA: 0, NTB: 0}
  - {Latency: 228182298, MT_M: 64, MT_N: 32, MT_K: 128, MI_M: 32, MI_N: 32, MI_K: 16,
    Occupancy: 1, WGM: 0, NTA: 0, NTB: 0}
  - {Latency: 308386886, MT_M: 32, MT_N: 32, MT_K: 512, MI_M: 32, MI_N: 32, MI_K: 16,
    Occupancy: 1, WGM: 0, NTA: 0, NTB: 0}
  - {Latency: 353107931, MT_M: 16, MT_N: 256, MT_K: 32, MI_M: 16, MI_N: 16, MI_K: 32,
    Occupancy: 2, WGM: 0, NTA: 0, NTB: 0}
  - {Latency: 358141952, MT_M: 64, MT_N: 16, MT_K: 256, MI_M: 16, MI_N: 16, MI_K: 32,
    Occupancy: 1, WGM: 0, NTA: 0, NTB: 0}
  - {Latency: 361849013, MT_M: 32, MT_N: 256, MT_K: 16, MI_M: 32, MI_N: 32, MI_K: 16,
    Occupancy: 2, WGM: 0, NTA: 0, NTB: 0}
  - {Latency: 364744976, MT_M: 16, MT_N: 64, MT_K: 256, MI_M: 16, MI_N: 16, MI_K: 32,
    Occupancy: 1, WGM: 0, NTA: 0, NTB: 0}
  - {Latency: 469180140, MT_M: 16, MT_N: 128, MT_K: 32, MI_M: 16, MI_N: 16, MI_K: 32,
    Occupancy: 3, WGM: 0, NTA: 0, NTB: 0}
  - {Latency: 489938800, MT_M: 32, MT_N: 16, MT_K: 512, MI_M: 16, MI_N: 16, MI_K: 32,
    Occupancy: 1, WGM: 0, NTA: 0, NTB: 0}
  - {Latency: 491334362, MT_M: 32, MT_N: 128, MT_K: 16, MI_M: 32, MI_N: 32, MI_K: 16,
    Occupancy: 5, WGM: 0, NTA: 0, NTB: 0}
  - {Latency: 497521989, MT_M: 16, MT_N: 32, MT_K: 512, MI_M: 16, MI_N: 16, MI_K: 32,
    Occupancy: 1, WGM: 0, NTA: 0, NTB: 0}
  - {Latency: 738747202, MT_M: 16, MT_N: 16, MT_K: 512, MI_M: 16, MI_N: 16, MI_K: 32,
    Occupancy: 1, WGM: 0, NTA: 0, NTB: 0}
- - {Latency: 75167799, MT_M: 256, MT_N: 256, MT_K: 32, MI_M: 32, MI_N: 32, MI_K: 16,
    Occupancy: 1, WGM: 0, NTA: 0, NTB: 0}
  - {Latency: 87715013, MT_M: 192, MT_N: 256, MT_K: 32, MI_M: 32, MI_N: 32, MI_K: 16,
    Occupancy: 1, WGM: 0, NTA: 0, NTB: 0}
  - {Latency: 88227736, MT_M: 256, MT_N: 192, MT_K: 32, MI_M: 16, MI_N: 16, MI_K: 32,
    Occupancy: 1, WGM: 0, NTA: 0, NTB: 0}
  - {Latency: 94008250, MT_M: 192, MT_N: 192, MT_K: 64, MI_M: 32, MI_N: 32, MI_K: 16,
    Occupancy: 1, WGM: 0, NTA: 0, NTB: 0}
  - {Latency: 104237922, MT_M: 128, MT_N: 256, MT_K: 64, MI_M: 32, MI_N: 32, MI_K: 16,
    Occupancy: 1, WGM: 0, NTA: 0, NTB: 0}
  - {Latency: 104250629, MT_M: 256, MT_N: 128, MT_K: 64, MI_M: 32, MI_N: 32, MI_K: 16,
    Occupancy: 1, WGM: 0, NTA: 0, NTB: 0}
  - {Latency: 117210840, MT_M: 128, MT_N: 192, MT_K: 64, MI_M: 32, MI_N: 32, MI_K: 16,
    Occupancy: 1, WGM: 0, NTA: 0, NTB: 0}
  - {Latency: 117217890, MT_M: 192, MT_N: 128, MT_K: 64, MI_M: 32, MI_N: 32, MI_K: 16,
    Occupancy: 1, WGM: 0, NTA: 0, NTB: 0}
  - {Latency: 135446075, MT_M: 128, MT_N: 128, MT_K: 128, MI_M: 32, MI_N: 32, MI_K: 16,
    Occupancy: 1, WGM: 0, NTA: 0, NTB: 0}
  - {Latency: 169745746, MT_M: 64, MT_N: 256, MT_K: 64, MI_M: 32, MI_N: 32, MI_K: 16,
    Occupancy: 1, WGM: 0, NTA: 0, NTB: 0}
  - {Latency: 169777350, MT_M: 256, MT_N: 64, MT_K: 64, MI_M: 32, MI_N: 32, MI_K: 16,
    Occupancy: 1, WGM: 0, NTA: 0, NTB: 0}
  - {Latency: 176201078, MT_M: 64, MT_N: 192, MT_K: 128, MI_M: 32, MI_N: 32, MI_K: 16,
    Occupancy: 1, WGM: 0, NTA: 0, NTB: 0}
  - {Latency: 176223907, MT_M: 192, MT_N: 64, MT_K: 128, MI_M: 32, MI_N: 32, MI_K: 16,
    Occupancy: 1, WGM: 0, NTA: 0, NTB: 0}
  - {Latency: 206099848, MT_M: 64, MT_N: 128, MT_K: 128, MI_M: 16, MI_N: 16, MI_K: 32,
    Occupancy: 1, WGM: 0, NTA: 0, NTB: 0}
  - {Latency: 206112831, MT_M: 128, MT_N: 64, MT_K: 128, MI_M: 16, MI_N: 16, MI_K: 32,
    Occupancy: 1, WGM: 0, NTA: 0, NTB: 0}
  - {Latency: 289742992, MT_M: 64, MT_N: 64, MT_K: 256, MI_M: 32, MI_N: 32, MI_K: 16,
    Occupancy: 1, WGM: 0, NTA: 0, NTB: 0}
  - {Latency: 454489798, MT_M: 32, MT_N: 64, MT_K: 128, MI_M: 32, MI_N: 32, MI_K: 16,
    Occupancy: 1, WGM: 0, NTA: 0, NTB: 0}
  - {Latency: 454489798, MT_M: 64, MT_N: 32, MT_K: 128, MI_M: 32, MI_N: 32, MI_K: 16,
    Occupancy: 1, WGM: 0, NTA: 0, NTB: 0}
  - {Latency: 649681725, MT_M: 16, MT_N: 256, MT_K: 32, MI_M: 16, MI_N: 16, MI_K: 32,
    Occupancy: 2, WGM: 0, NTA: 0, NTB: 0}
  - {Latency: 664763896, MT_M: 32, MT_N: 256, MT_K: 16, MI_M: 32, MI_N: 32, MI_K: 16,
    Occupancy: 2, WGM: 0, NTA: 0, NTB: 0}
  - {Latency: 754690845, MT_M: 32, MT_N: 32, MT_K: 512, MI_M: 32, MI_N: 32, MI_K: 16,
    Occupancy: 1, WGM: 0, NTA: 0, NTB: 0}
  - {Latency: 760538449, MT_M: 64, MT_N: 16, MT_K: 256, MI_M: 16, MI_N: 16, MI_K: 32,
    Occupancy: 1, WGM: 0, NTA: 0, NTB: 0}
  - {Latency: 771568841, MT_M: 16, MT_N: 64, MT_K: 256, MI_M: 16, MI_N: 16, MI_K: 32,
    Occupancy: 1, WGM: 0, NTA: 0, NTB: 0}
  - {Latency: 861940849, MT_M: 16, MT_N: 128, MT_K: 32, MI_M: 16, MI_N: 16, MI_K: 32,
    Occupancy: 3, WGM: 0, NTA: 0, NTB: 0}
  - {Latency: 903097834, MT_M: 32, MT_N: 128, MT_K: 16, MI_M: 32, MI_N: 32, MI_K: 16,
    Occupancy: 5, WGM: 0, NTA: 0, NTB: 0}
  - {Latency: 1252533978, MT_M: 32, MT_N: 16, MT_K: 512, MI_M: 16, MI_N: 16, MI_K: 32,
    Occupancy: 1, WGM: 0, NTA: 0, NTB: 0}
  - {Latency: 1263569429, MT_M: 16, MT_N: 32, MT_K: 512, MI_M: 16, MI_N: 16, MI_K: 32,
    Occupancy: 1, WGM: 0, NTA: 0, NTB: 0}
  - {Latency: 1996424592, MT_M: 16, MT_N: 16, MT_K: 512, MI_M: 16, MI_N: 16, MI_K: 32,
    Occupancy: 1, WGM: 0, NTA: 0, NTB: 0}
- - {Latency: 12509264, MT_M: 256, MT_N: 256, MT_K: 32, MI_M: 32, MI_N: 32, MI_K: 16,
    Occupancy: 1, WGM: 0, NTA: 0, NTB: 0}
  - {Latency: 14280783, MT_M: 192, MT_N: 256, MT_K: 32, MI_M: 32, MI_N: 32, MI_K: 16,
    Occupancy: 1, WGM: 0, NTA: 0, NTB: 0}
  - {Latency: 14433213, MT_M: 256, MT_N: 192, MT_K: 32, MI_M: 16, MI_N: 16, MI_K: 32,
    Occupancy: 1, WGM: 0, NTA: 0, NTB: 0}
  - {Latency: 15523566, MT_M: 192, MT_N: 192, MT_K: 64, MI_M: 32, MI_N: 32, MI_K: 16,
    Occupancy: 1, WGM: 0, NTA: 0, NTB: 0}
  - {Latency: 16051209, MT_M: 256, MT_N: 128, MT_K: 64, MI_M: 32, MI_N: 32, MI_K: 16,
    Occupancy: 1, WGM: 0, NTA: 0, NTB: 0}
  - {Latency: 17025910, MT_M: 128, MT_N: 256, MT_K: 64, MI_M: 32, MI_N: 32, MI_K: 16,
    Occupancy: 1, WGM: 0, NTA: 0, NTB: 0}
  - {Latency: 17876632, MT_M: 192, MT_N: 128, MT_K: 64, MI_M: 32, MI_N: 32, MI_K: 16,
    Occupancy: 1, WGM: 0, NTA: 0, NTB: 0}
  - {Latency: 18899664, MT_M: 128, MT_N: 192, MT_K: 64, MI_M: 32, MI_N: 32, MI_K: 16,
    Occupancy: 1, WGM: 0, NTA: 0, NTB: 0}
  - {Latency: 21790226, MT_M: 128, MT_N: 128, MT_K: 128, MI_M: 32, MI_N: 32, MI_K: 16,
    Occupancy: 1, WGM: 0, NTA: 0, NTB: 0}
  - {Latency: 25145743, MT_M: 256, MT_N: 64, MT_K: 64, MI_M: 32, MI_N: 32, MI_K: 16,
    Occupancy: 1, WGM: 0, NTA: 0, NTB: 0}
  - {Latency: 26702149, MT_M: 64, MT_N: 256, MT_K: 64, MI_M: 32, MI_N: 32, MI_K: 16,
    Occupancy: 1, WGM: 0, NTA: 0, NTB: 0}
  - {Latency: 27840265, MT_M: 192, MT_N: 64, MT_K: 128, MI_M: 32, MI_N: 32, MI_K: 16,
    Occupancy: 1, WGM: 0, NTA: 0, NTB: 0}
  - {Latency: 29604934, MT_M: 64, MT_N: 192, MT_K: 128, MI_M: 32, MI_N: 32, MI_K: 16,
    Occupancy: 1, WGM: 0, NTA: 0, NTB: 0}
  - {Latency: 32415144, MT_M: 64, MT_N: 128, MT_K: 128, MI_M: 16, MI_N: 16, MI_K: 32,
    Occupancy: 1, WGM: 0, NTA: 0, NTB: 0}
  - {Latency: 32420356, MT_M: 128, MT_N: 64, MT_K: 128, MI_M: 16, MI_N: 16, MI_K: 32,
    Occupancy: 1, WGM: 0, NTA: 0, NTB: 0}
  - {Latency: 52088706, MT_M: 64, MT_N: 64, MT_K: 256, MI_M: 32, MI_N: 32, MI_K: 16,
    Occupancy: 1, WGM: 0, NTA: 0, NTB: 0}
  - {Latency: 67443839, MT_M: 32, MT_N: 64, MT_K: 128, MI_M: 32, MI_N: 32, MI_K: 16,
    Occupancy: 1, WGM: 0, NTA: 0, NTB: 0}
  - {Latency: 67443839, MT_M: 64, MT_N: 32, MT_K: 128, MI_M: 32, MI_N: 32, MI_K: 16,
    Occupancy: 1, WGM: 0, NTA: 0, NTB: 0}
  - {Latency: 94117473, MT_M: 32, MT_N: 256, MT_K: 16, MI_M: 32, MI_N: 32, MI_K: 16,
    Occupancy: 2, WGM: 0, NTA: 0, NTB: 0}
  - {Latency: 96549236, MT_M: 16, MT_N: 256, MT_K: 32, MI_M: 16, MI_N: 16, MI_K: 32,
    Occupancy: 2, WGM: 0, NTA: 0, NTB: 0}
  - {Latency: 119703907, MT_M: 32, MT_N: 128, MT_K: 16, MI_M: 32, MI_N: 32, MI_K: 16,
    Occupancy: 5, WGM: 0, NTA: 0, NTB: 0}
  - {Latency: 120168865, MT_M: 16, MT_N: 128, MT_K: 32, MI_M: 16, MI_N: 16, MI_K: 32,
    Occupancy: 3, WGM: 0, NTA: 0, NTB: 0}
  - {Latency: 145285392, MT_M: 64, MT_N: 16, MT_K: 256, MI_M: 16, MI_N: 16, MI_K: 32,
    Occupancy: 1, WGM: 0, NTA: 0, NTB: 0}
  - {Latency: 149246258, MT_M: 16, MT_N: 64, MT_K: 256, MI_M: 16, MI_N: 16, MI_K: 32,
    Occupancy: 1, WGM: 0, NTA: 0, NTB: 0}
  - {Latency: 207615205, MT_M: 32, MT_N: 32, MT_K: 512, MI_M: 32, MI_N: 32, MI_K: 16,
    Occupancy: 1, WGM: 0, NTA: 0, NTB: 0}
  - {Latency: 374041097, MT_M: 32, MT_N: 16, MT_K: 512, MI_M: 16, MI_N: 16, MI_K: 32,
    Occupancy: 1, WGM: 0, NTA: 0, NTB: 0}
  - {Latency: 379088201, MT_M: 16, MT_N: 32, MT_K: 512, MI_M: 16, MI_N: 16, MI_K: 32,
    Occupancy: 1, WGM: 0, NTA: 0, NTB: 0}
  - {Latency: 671890217, MT_M: 16, MT_N: 16, MT_K: 512, MI_M: 16, MI_N: 16, MI_K: 32,
    Occupancy: 1, WGM: 0, NTA: 0, NTB: 0}
- - {Latency: 3335953, MT_M: 256, MT_N: 256, MT_K: 32, MI_M: 32, MI_N: 32, MI_K: 16,
    Occupancy: 1, WGM: 0, NTA: 0, NTB: 0}
  - {Latency: 3925520, MT_M: 192, MT_N: 256, MT_K: 32, MI_M: 32, MI_N: 32, MI_K: 16,
    Occupancy: 1, WGM: 0, NTA: 0, NTB: 0}
  - {Latency: 4000840, MT_M: 256, MT_N: 192, MT_K: 32, MI_M: 16, MI_N: 16, MI_K: 32,
    Occupancy: 1, WGM: 0, NTA: 0, NTB: 0}
  - {Latency: 4336412, MT_M: 192, MT_N: 192, MT_K: 64, MI_M: 32, MI_N: 32, MI_K: 16,
    Occupancy: 1, WGM: 0, NTA: 0, NTB: 0}
  - {Latency: 4613496, MT_M: 128, MT_N: 256, MT_K: 64, MI_M: 32, MI_N: 32, MI_K: 16,
    Occupancy: 1, WGM: 0, NTA: 0, NTB: 0}
  - {Latency: 4655124, MT_M: 256, MT_N: 128, MT_K: 64, MI_M: 32, MI_N: 32, MI_K: 16,
    Occupancy: 1, WGM: 0, NTA: 0, NTB: 0}
  - {Latency: 4917199, MT_M: 192, MT_N: 128, MT_K: 64, MI_M: 32, MI_N: 32, MI_K: 16,
    Occupancy: 1, WGM: 0, NTA: 0, NTB: 0}
  - {Latency: 4959137, MT_M: 128, MT_N: 192, MT_K: 64, MI_M: 32, MI_N: 32, MI_K: 16,
    Occupancy: 1, WGM: 0, NTA: 0, NTB: 0}
  - {Latency: 5776214, MT_M: 128, MT_N: 128, MT_K: 128, MI_M: 32, MI_N: 32, MI_K: 16,
    Occupancy: 1, WGM: 0, NTA: 0, NTB: 0}
  - {Latency: 7372995, MT_M: 64, MT_N: 256, MT_K: 64, MI_M: 32, MI_N: 32, MI_K: 16,
    Occupancy: 1, WGM: 0, NTA: 0, NTB: 0}
  - {Latency: 7439318, MT_M: 256, MT_N: 64, MT_K: 64, MI_M: 32, MI_N: 32, MI_K: 16,
    Occupancy: 1, WGM: 0, NTA: 0, NTB: 0}
  - {Latency: 7475218, MT_M: 192, MT_N: 64, MT_K: 128, MI_M: 32, MI_N: 32, MI_K: 16,
    Occupancy: 1, WGM: 0, NTA: 0, NTB: 0}
  - {Latency: 7544125, MT_M: 64, MT_N: 192, MT_K: 128, MI_M: 32, MI_N: 32, MI_K: 16,
    Occupancy: 1, WGM: 0, NTA: 0, NTB: 0}
  - {Latency: 8649094, MT_M: 128, MT_N: 64, MT_K: 128, MI_M: 16, MI_N: 16, MI_K: 32,
    Occupancy: 1, WGM: 0, NTA: 0, NTB: 0}
  - {Latency: 8649094, MT_M: 64, MT_N: 128, MT_K: 128, MI_M: 16, MI_N: 16, MI_K: 32,
    Occupancy: 1, WGM: 0, NTA: 0, NTB: 0}
  - {Latency: 11212772, MT_M: 64, MT_N: 64, MT_K: 256, MI_M: 32, MI_N: 32, MI_K: 16,
    Occupancy: 1, WGM: 0, NTA: 0, NTB: 0}
  - {Latency: 18624670, MT_M: 32, MT_N: 64, MT_K: 128, MI_M: 32, MI_N: 32, MI_K: 16,
    Occupancy: 1, WGM: 0, NTA: 0, NTB: 0}
  - {Latency: 18769727, MT_M: 64, MT_N: 32, MT_K: 128, MI_M: 32, MI_N: 32, MI_K: 16,
    Occupancy: 1, WGM: 0, NTA: 0, NTB: 0}
  - {Latency: 24085165, MT_M: 32, MT_N: 32, MT_K: 512, MI_M: 32, MI_N: 32, MI_K: 16,
    Occupancy: 1, WGM: 0, NTA: 0, NTB: 0}
  - {Latency: 27956382, MT_M: 16, MT_N: 256, MT_K: 32, MI_M: 16, MI_N: 16, MI_K: 32,
    Occupancy: 2, WGM: 0, NTA: 0, NTB: 0}
  - {Latency: 28880634, MT_M: 32, MT_N: 256, MT_K: 16, MI_M: 32, MI_N: 32, MI_K: 16,
    Occupancy: 2, WGM: 0, NTA: 0, NTB: 0}
  - {Latency: 29272922, MT_M: 64, MT_N: 16, MT_K: 256, MI_M: 16, MI_N: 16, MI_K: 32,
    Occupancy: 1, WGM: 0, NTA: 0, NTB: 0}
  - {Latency: 29324953, MT_M: 16, MT_N: 64, MT_K: 256, MI_M: 16, MI_N: 16, MI_K: 32,
    Occupancy: 1, WGM: 0, NTA: 0, NTB: 0}
  - {Latency: 37328549, MT_M: 16, MT_N: 128, MT_K: 32, MI_M: 16, MI_N: 16, MI_K: 32,
    Occupancy: 3, WGM: 0, NTA: 0, NTB: 0}
  - {Latency: 38276710, MT_M: 32, MT_N: 16, MT_K: 512, MI_M: 16, MI_N: 16, MI_K: 32,
    Occupancy: 1, WGM: 0, NTA: 0, NTB: 0}
  - {Latency: 38415431, MT_M: 16, MT_N: 32, MT_K: 512, MI_M: 16, MI_N: 16, MI_K: 32,
    Occupancy: 1, WGM: 0, NTA: 0, NTB: 0}
  - {Latency: 39392893, MT_M: 32, MT_N: 128, MT_K: 16, MI_M: 32, MI_N: 32, MI_K: 16,
    Occupancy: 5, WGM: 0, NTA: 0, NTB: 0}
  - {Latency: 56710571, MT_M: 16, MT_N: 16, MT_K: 512, MI_M: 16, MI_N: 16, MI_K: 32,
    Occupancy: 1, WGM: 0, NTA: 0, NTB: 0}
- - {Latency: 37044219, MT_M: 256, MT_N: 256, MT_K: 32, MI_M: 32, MI_N: 32, MI_K: 16,
    Occupancy: 1, WGM: 0, NTA: 0, NTB: 0}
  - {Latency: 42002940, MT_M: 192, MT_N: 256, MT_K: 32, MI_M: 32, MI_N: 32, MI_K: 16,
    Occupancy: 1, WGM: 0, NTA: 0, NTB: 0}
  - {Latency: 42539867, MT_M: 256, MT_N: 192, MT_K: 32, MI_M: 16, MI_N: 16, MI_K: 32,
    Occupancy: 1, WGM: 0, NTA: 0, NTB: 0}
  - {Latency: 45738315, MT_M: 192, MT_N: 192, MT_K: 64, MI_M: 32, MI_N: 32, MI_K: 16,
    Occupancy: 1, WGM: 0, NTA: 0, NTB: 0}
  - {Latency: 49941702, MT_M: 128, MT_N: 256, MT_K: 64, MI_M: 32, MI_N: 32, MI_K: 16,
    Occupancy: 1, WGM: 0, NTA: 0, NTB: 0}
  - {Latency: 49947396, MT_M: 256, MT_N: 128, MT_K: 64, MI_M: 32, MI_N: 32, MI_K: 16,
    Occupancy: 1, WGM: 0, NTA: 0, NTB: 0}
  - {Latency: 55564121, MT_M: 192, MT_N: 128, MT_K: 64, MI_M: 32, MI_N: 32, MI_K: 16,
    Occupancy: 1, WGM: 0, NTA: 0, NTB: 0}
  - {Latency: 55564121, MT_M: 128, MT_N: 192, MT_K: 64, MI_M: 32, MI_N: 32, MI_K: 16,
    Occupancy: 1, WGM: 0, NTA: 0, NTB: 0}
  - {Latency: 69796050, MT_M: 128, MT_N: 128, MT_K: 128, MI_M: 32, MI_N: 32, MI_K: 16,
    Occupancy: 1, WGM: 0, NTA: 0, NTB: 0}
  - {Latency: 75894683, MT_M: 256, MT_N: 64, MT_K: 64, MI_M: 32, MI_N: 32, MI_K: 16,
    Occupancy: 1, WGM: 0, NTA: 0, NTB: 0}
  - {Latency: 77159662, MT_M: 64, MT_N: 256, MT_K: 64, MI_M: 32, MI_N: 32, MI_K: 16,
    Occupancy: 1, WGM: 0, NTA: 0, NTB: 0}
  - {Latency: 86992365, MT_M: 192, MT_N: 64, MT_K: 128, MI_M: 32, MI_N: 32, MI_K: 16,
    Occupancy: 1, WGM: 0, NTA: 0, NTB: 0}
  - {Latency: 88609202, MT_M: 64, MT_N: 192, MT_K: 128, MI_M: 32, MI_N: 32, MI_K: 16,
    Occupancy: 1, WGM: 0, NTA: 0, NTB: 0}
  - {Latency: 102816916, MT_M: 128, MT_N: 64, MT_K: 128, MI_M: 16, MI_N: 16, MI_K: 32,
    Occupancy: 1, WGM: 0, NTA: 0, NTB: 0}
  - {Latency: 104684934, MT_M: 64, MT_N: 128, MT_K: 128, MI_M: 16, MI_N: 16, MI_K: 32,
    Occupancy: 1, WGM: 0, NTA: 0, NTB: 0}
  - {Latency: 161746188, MT_M: 64, MT_N: 64, MT_K: 256, MI_M: 32, MI_N: 32, MI_K: 16,
    Occupancy: 1, WGM: 0, NTA: 0, NTB: 0}
  - {Latency: 221466302, MT_M: 64, MT_N: 32, MT_K: 128, MI_M: 32, MI_N: 32, MI_K: 16,
    Occupancy: 1, WGM: 0, NTA: 0, NTB: 0}
  - {Latency: 223380731, MT_M: 32, MT_N: 64, MT_K: 128, MI_M: 32, MI_N: 32, MI_K: 16,
    Occupancy: 1, WGM: 0, NTA: 0, NTB: 0}
  - {Latency: 257808585, MT_M: 32, MT_N: 256, MT_K: 16, MI_M: 32, MI_N: 32, MI_K: 16,
    Occupancy: 2, WGM: 0, NTA: 0, NTB: 0}
  - {Latency: 271616990, MT_M: 16, MT_N: 256, MT_K: 32, MI_M: 16, MI_N: 16, MI_K: 32,
    Occupancy: 2, WGM: 0, NTA: 0, NTB: 0}
  - {Latency: 345131959, MT_M: 32, MT_N: 128, MT_K: 16, MI_M: 32, MI_N: 32, MI_K: 16,
    Occupancy: 5, WGM: 0, NTA: 0, NTB: 0}
  - {Latency: 356402610, MT_M: 16, MT_N: 128, MT_K: 32, MI_M: 16, MI_N: 16, MI_K: 32,
    Occupancy: 3, WGM: 0, NTA: 0, NTB: 0}
  - {Latency: 420120282, MT_M: 64, MT_N: 16, MT_K: 256, MI_M: 16, MI_N: 16, MI_K: 32,
    Occupancy: 1, WGM: 0, NTA: 0, NTB: 0}
  - {Latency: 436985802, MT_M: 16, MT_N: 64, MT_K: 256, MI_M: 16, MI_N: 16, MI_K: 32,
    Occupancy: 1, WGM: 0, NTA: 0, NTB: 0}
  - {Latency: 469584688, MT_M: 32, MT_N: 32, MT_K: 512, MI_M: 32, MI_N: 32, MI_K: 16,
    Occupancy: 1, WGM: 0, NTA: 0, NTB: 0}
  - {Latency: 746814876, MT_M: 32, MT_N: 16, MT_K: 512, MI_M: 16, MI_N: 16, MI_K: 32,
    Occupancy: 1, WGM: 0, NTA: 0, NTB: 0}
  - {Latency: 761287090, MT_M: 16, MT_N: 32, MT_K: 512, MI_M: 16, MI_N: 16, MI_K: 32,
    Occupancy: 1, WGM: 0, NTA: 0, NTB: 0}
  - {Latency: 1116621603, MT_M: 16, MT_N: 16, MT_K: 512, MI_M: 16, MI_N: 16, MI_K: 32,
    Occupancy: 1, WGM: 0, NTA: 0, NTB: 0}
- - {Latency: 58534033, MT_M: 256, MT_N: 256, MT_K: 32, MI_M: 32, MI_N: 32, MI_K: 16,
    Occupancy: 1, WGM: 0, NTA: 0, NTB: 0}
  - {Latency: 69345103, MT_M: 192, MT_N: 256, MT_K: 32, MI_M: 32, MI_N: 32, MI_K: 16,
    Occupancy: 1, WGM: 0, NTA: 0, NTB: 0}
  - {Latency: 69510997, MT_M: 256, MT_N: 192, MT_K: 32, MI_M: 16, MI_N: 16, MI_K: 32,
    Occupancy: 1, WGM: 0, NTA: 0, NTB: 0}
  - {Latency: 72906532, MT_M: 192, MT_N: 192, MT_K: 64, MI_M: 32, MI_N: 32, MI_K: 16,
    Occupancy: 1, WGM: 0, NTA: 0, NTB: 0}
  - {Latency: 81428397, MT_M: 128, MT_N: 256, MT_K: 64, MI_M: 32, MI_N: 32, MI_K: 16,
    Occupancy: 1, WGM: 0, NTA: 0, NTB: 0}
  - {Latency: 81443932, MT_M: 256, MT_N: 128, MT_K: 64, MI_M: 32, MI_N: 32, MI_K: 16,
    Occupancy: 1, WGM: 0, NTA: 0, NTB: 0}
  - {Latency: 92400220, MT_M: 128, MT_N: 192, MT_K: 64, MI_M: 32, MI_N: 32, MI_K: 16,
    Occupancy: 1, WGM: 0, NTA: 0, NTB: 0}
  - {Latency: 92408860, MT_M: 192, MT_N: 128, MT_K: 64, MI_M: 32, MI_N: 32, MI_K: 16,
    Occupancy: 1, WGM: 0, NTA: 0, NTB: 0}
  - {Latency: 106192733, MT_M: 128, MT_N: 128, MT_K: 128, MI_M: 32, MI_N: 32, MI_K: 16,
    Occupancy: 1, WGM: 0, NTA: 0, NTB: 0}
  - {Latency: 129563930, MT_M: 256, MT_N: 64, MT_K: 64, MI_M: 32, MI_N: 32, MI_K: 16,
    Occupancy: 1, WGM: 0, NTA: 0, NTB: 0}
  - {Latency: 132767145, MT_M: 192, MT_N: 64, MT_K: 128, MI_M: 32, MI_N: 32, MI_K: 16,
    Occupancy: 1, WGM: 0, NTA: 0, NTB: 0}
  - {Latency: 136557807, MT_M: 64, MT_N: 256, MT_K: 64, MI_M: 32, MI_N: 32, MI_K: 16,
    Occupancy: 1, WGM: 0, NTA: 0, NTB: 0}
  - {Latency: 140150867, MT_M: 64, MT_N: 192, MT_K: 128, MI_M: 32, MI_N: 32, MI_K: 16,
    Occupancy: 1, WGM: 0, NTA: 0, NTB: 0}
  - {Latency: 154374121, MT_M: 128, MT_N: 64, MT_K: 128, MI_M: 16, MI_N: 16, MI_K: 32,
    Occupancy: 1, WGM: 0, NTA: 0, NTB: 0}
  - {Latency: 162598307, MT_M: 64, MT_N: 128, MT_K: 128, MI_M: 16, MI_N: 16, MI_K: 32,
    Occupancy: 1, WGM: 0, NTA: 0, NTB: 0}
  - {Latency: 200690974, MT_M: 64, MT_N: 64, MT_K: 256, MI_M: 32, MI_N: 32, MI_K: 16,
    Occupancy: 1, WGM: 0, NTA: 0, NTB: 0}
  - {Latency: 333062733, MT_M: 64, MT_N: 32, MT_K: 128, MI_M: 32, MI_N: 32, MI_K: 16,
    Occupancy: 1, WGM: 0, NTA: 0, NTB: 0}
  - {Latency: 341581360, MT_M: 32, MT_N: 64, MT_K: 128, MI_M: 32, MI_N: 32, MI_K: 16,
    Occupancy: 1, WGM: 0, NTA: 0, NTB: 0}
  - {Latency: 410040397, MT_M: 32, MT_N: 32, MT_K: 512, MI_M: 32, MI_N: 32, MI_K: 16,
    Occupancy: 1, WGM: 0, NTA: 0, NTB: 0}
  - {Latency: 506865267, MT_M: 64, MT_N: 16, MT_K: 256, MI_M: 16, MI_N: 16, MI_K: 32,
    Occupancy: 1, WGM: 0, NTA: 0, NTB: 0}
  - {Latency: 530600579, MT_M: 16, MT_N: 64, MT_K: 256, MI_M: 16, MI_N: 16, MI_K: 32,
    Occupancy: 1, WGM: 0, NTA: 0, NTB: 0}
  - {Latency: 543798613, MT_M: 16, MT_N: 256, MT_K: 32, MI_M: 16, MI_N: 16, MI_K: 32,
    Occupancy: 2, WGM: 0, NTA: 0, NTB: 0}
  - {Latency: 560742233, MT_M: 32, MT_N: 256, MT_K: 16, MI_M: 32, MI_N: 32, MI_K: 16,
    Occupancy: 2, WGM: 0, NTA: 0, NTB: 0}
  - {Latency: 635677375, MT_M: 32, MT_N: 16, MT_K: 512, MI_M: 16, MI_N: 16, MI_K: 32,
    Occupancy: 1, WGM: 0, NTA: 0, NTB: 0}
  - {Latency: 647274006, MT_M: 16, MT_N: 32, MT_K: 512, MI_M: 16, MI_N: 16, MI_K: 32,
    Occupancy: 1, WGM: 0, NTA: 0, NTB: 0}
  - {Latency: 721718759, MT_M: 16, MT_N: 128, MT_K: 32, MI_M: 16, MI_N: 16, MI_K: 32,
    Occupancy: 3, WGM: 0, NTA: 0, NTB: 0}
  - {Latency: 760721220, MT_M: 32, MT_N: 128, MT_K: 16, MI_M: 32, MI_N: 32, MI_K: 16,
    Occupancy: 5, WGM: 0, NTA: 0, NTB: 0}
  - {Latency: 926268592, MT_M: 16, MT_N: 16, MT_K: 512, MI_M: 16, MI_N: 16, MI_K: 32,
    Occupancy: 1, WGM: 0, NTA: 0, NTB: 0}
- - {Latency: 20212182, MT_M: 256, MT_N: 256, MT_K: 32, MI_M: 32, MI_N: 32, MI_K: 16,
    Occupancy: 1, WGM: 0, NTA: 0, NTB: 0}
  - {Latency: 22917344, MT_M: 256, MT_N: 192, MT_K: 32, MI_M: 16, MI_N: 16, MI_K: 32,
    Occupancy: 1, WGM: 0, NTA: 0, NTB: 0}
  - {Latency: 23700373, MT_M: 192, MT_N: 256, MT_K: 32, MI_M: 32, MI_N: 32, MI_K: 16,
    Occupancy: 1, WGM: 0, NTA: 0, NTB: 0}
  - {Latency: 24287722, MT_M: 192, MT_N: 192, MT_K: 64, MI_M: 32, MI_N: 32, MI_K: 16,
    Occupancy: 1, WGM: 0, NTA: 0, NTB: 0}
  - {Latency: 26154967, MT_M: 256, MT_N: 128, MT_K: 64, MI_M: 32, MI_N: 32, MI_K: 16,
    Occupancy: 1, WGM: 0, NTA: 0, NTB: 0}
  - {Latency: 27829656, MT_M: 128, MT_N: 256, MT_K: 64, MI_M: 32, MI_N: 32, MI_K: 16,
    Occupancy: 1, WGM: 0, NTA: 0, NTB: 0}
  - {Latency: 29369916, MT_M: 192, MT_N: 128, MT_K: 64, MI_M: 32, MI_N: 32, MI_K: 16,
    Occupancy: 1, WGM: 0, NTA: 0, NTB: 0}
  - {Latency: 30537939, MT_M: 128, MT_N: 192, MT_K: 64, MI_M: 32, MI_N: 32, MI_K: 16,
    Occupancy: 1, WGM: 0, NTA: 0, NTB: 0}
  - {Latency: 33385175, MT_M: 128, MT_N: 128, MT_K: 128, MI_M: 32, MI_N: 32, MI_K: 16,
    Occupancy: 1, WGM: 0, NTA: 0, NTB: 0}
  - {Latency: 43333367, MT_M: 256, MT_N: 64, MT_K: 64, MI_M: 32, MI_N: 32, MI_K: 16,
    Occupancy: 1, WGM: 0, NTA: 0, NTB: 0}
  - {Latency: 43972531, MT_M: 192, MT_N: 64, MT_K: 128, MI_M: 32, MI_N: 32, MI_K: 16,
    Occupancy: 1, WGM: 0, NTA: 0, NTB: 0}
  - {Latency: 45500339, MT_M: 64, MT_N: 192, MT_K: 128, MI_M: 32, MI_N: 32, MI_K: 16,
    Occupancy: 1, WGM: 0, NTA: 0, NTB: 0}
  - {Latency: 46444839, MT_M: 64, MT_N: 256, MT_K: 64, MI_M: 32, MI_N: 32, MI_K: 16,
    Occupancy: 1, WGM: 0, NTA: 0, NTB: 0}
  - {Latency: 51179801, MT_M: 64, MT_N: 128, MT_K: 128, MI_M: 16, MI_N: 16, MI_K: 32,
    Occupancy: 1, WGM: 0, NTA: 0, NTB: 0}
  - {Latency: 51196170, MT_M: 128, MT_N: 64, MT_K: 128, MI_M: 16, MI_N: 16, MI_K: 32,
    Occupancy: 1, WGM: 0, NTA: 0, NTB: 0}
  - {Latency: 67023803, MT_M: 64, MT_N: 64, MT_K: 256, MI_M: 32, MI_N: 32, MI_K: 16,
    Occupancy: 1, WGM: 0, NTA: 0, NTB: 0}
  - {Latency: 113305801, MT_M: 32, MT_N: 64, MT_K: 128, MI_M: 32, MI_N: 32, MI_K: 16,
    Occupancy: 1, WGM: 0, NTA: 0, NTB: 0}
  - {Latency: 113321979, MT_M: 64, MT_N: 32, MT_K: 128, MI_M: 32, MI_N: 32, MI_K: 16,
    Occupancy: 1, WGM: 0, NTA: 0, NTB: 0}
  - {Latency: 147341487, MT_M: 32, MT_N: 32, MT_K: 512, MI_M: 32, MI_N: 32, MI_K: 16,
    Occupancy: 1, WGM: 0, NTA: 0, NTB: 0}
  - {Latency: 177071645, MT_M: 64, MT_N: 16, MT_K: 256, MI_M: 16, MI_N: 16, MI_K: 32,
    Occupancy: 1, WGM: 0, NTA: 0, NTB: 0}
  - {Latency: 178310723, MT_M: 16, MT_N: 64, MT_K: 256, MI_M: 16, MI_N: 16, MI_K: 32,
    Occupancy: 1, WGM: 0, NTA: 0, NTB: 0}
  - {Latency: 183733656, MT_M: 16, MT_N: 256, MT_K: 32, MI_M: 16, MI_N: 16, MI_K: 32,
    Occupancy: 2, WGM: 0, NTA: 0, NTB: 0}
  - {Latency: 190193964, MT_M: 32, MT_N: 256, MT_K: 16, MI_M: 32, MI_N: 32, MI_K: 16,
    Occupancy: 2, WGM: 0, NTA: 0, NTB: 0}
  - {Latency: 229673255, MT_M: 16, MT_N: 128, MT_K: 32, MI_M: 16, MI_N: 16, MI_K: 32,
    Occupancy: 3, WGM: 0, NTA: 0, NTB: 0}
  - {Latency: 230642010, MT_M: 32, MT_N: 16, MT_K: 512, MI_M: 16, MI_N: 16, MI_K: 32,
    Occupancy: 1, WGM: 0, NTA: 0, NTB: 0}
  - {Latency: 231933615, MT_M: 16, MT_N: 32, MT_K: 512, MI_M: 16, MI_N: 16, MI_K: 32,
    Occupancy: 1, WGM: 0, NTA: 0, NTB: 0}
  - {Latency: 242507324, MT_M: 32, MT_N: 128, MT_K: 16, MI_M: 32, MI_N: 32, MI_K: 16,
    Occupancy: 5, WGM: 0, NTA: 0, NTB: 0}
  - {Latency: 333737296, MT_M: 16, MT_N: 16, MT_K: 512, MI_M: 16, MI_N: 16, MI_K: 32,
    Occupancy: 1, WGM: 0, NTA: 0, NTB: 0}
- - {Latency: 33201767, MT_M: 256, MT_N: 256, MT_K: 32, MI_M: 32, MI_N: 32, MI_K: 16,
    Occupancy: 1, WGM: 0, NTA: 0, NTB: 0}
  - {Latency: 37526563, MT_M: 192, MT_N: 256, MT_K: 32, MI_M: 32, MI_N: 32, MI_K: 16,
    Occupancy: 1, WGM: 0, NTA: 0, NTB: 0}
  - {Latency: 38021023, MT_M: 256, MT_N: 192, MT_K: 32, MI_M: 16, MI_N: 16, MI_K: 32,
    Occupancy: 1, WGM: 0, NTA: 0, NTB: 0}
  - {Latency: 41072191, MT_M: 192, MT_N: 192, MT_K: 64, MI_M: 32, MI_N: 32, MI_K: 16,
    Occupancy: 1, WGM: 0, NTA: 0, NTB: 0}
  - {Latency: 44761015, MT_M: 128, MT_N: 256, MT_K: 64, MI_M: 32, MI_N: 32, MI_K: 16,
    Occupancy: 1, WGM: 0, NTA: 0, NTB: 0}
  - {Latency: 44767686, MT_M: 256, MT_N: 128, MT_K: 64, MI_M: 32, MI_N: 32, MI_K: 16,
    Occupancy: 1, WGM: 0, NTA: 0, NTB: 0}
  - {Latency: 49804713, MT_M: 128, MT_N: 192, MT_K: 64, MI_M: 32, MI_N: 32, MI_K: 16,
    Occupancy: 1, WGM: 0, NTA: 0, NTB: 0}
  - {Latency: 49812100, MT_M: 192, MT_N: 128, MT_K: 64, MI_M: 32, MI_N: 32, MI_K: 16,
    Occupancy: 1, WGM: 0, NTA: 0, NTB: 0}
  - {Latency: 64144328, MT_M: 128, MT_N: 128, MT_K: 128, MI_M: 32, MI_N: 32, MI_K: 16,
    Occupancy: 1, WGM: 0, NTA: 0, NTB: 0}
  - {Latency: 68023995, MT_M: 256, MT_N: 64, MT_K: 64, MI_M: 32, MI_N: 32, MI_K: 16,
    Occupancy: 1, WGM: 0, NTA: 0, NTB: 0}
  - {Latency: 68953070, MT_M: 64, MT_N: 256, MT_K: 64, MI_M: 32, MI_N: 32, MI_K: 16,
    Occupancy: 1, WGM: 0, NTA: 0, NTB: 0}
  - {Latency: 80268184, MT_M: 192, MT_N: 64, MT_K: 128, MI_M: 32, MI_N: 32, MI_K: 16,
    Occupancy: 1, WGM: 0, NTA: 0, NTB: 0}
  - {Latency: 81360208, MT_M: 64, MT_N: 192, MT_K: 128, MI_M: 32, MI_N: 32, MI_K: 16,
    Occupancy: 1, WGM: 0, NTA: 0, NTB: 0}
  - {Latency: 97883369, MT_M: 128, MT_N: 64, MT_K: 128, MI_M: 16, MI_N: 16, MI_K: 32,
    Occupancy: 1, WGM: 0, NTA: 0, NTB: 0}
  - {Latency: 99178517, MT_M: 64, MT_N: 128, MT_K: 128, MI_M: 16, MI_N: 16, MI_K: 32,
    Occupancy: 1, WGM: 0, NTA: 0, NTB: 0}
  - {Latency: 190533270, MT_M: 64, MT_N: 64, MT_K: 256, MI_M: 32, MI_N: 32, MI_K: 16,
    Occupancy: 1, WGM: 0, NTA: 0, NTB: 0}
  - {Latency: 226421881, MT_M: 32, MT_N: 256, MT_K: 16, MI_M: 32, MI_N: 32, MI_K: 16,
    Occupancy: 2, WGM: 0, NTA: 0, NTB: 0}
  - {Latency: 236803189, MT_M: 32, MT_N: 64, MT_K: 128, MI_M: 32, MI_N: 32, MI_K: 16,
    Occupancy: 1, WGM: 0, NTA: 0, NTB: 0}
  - {Latency: 236803189, MT_M: 64, MT_N: 32, MT_K: 128, MI_M: 32, MI_N: 32, MI_K: 16,
    Occupancy: 1, WGM: 0, NTA: 0, NTB: 0}
  - {Latency: 240239763, MT_M: 16, MT_N: 256, MT_K: 32, MI_M: 16, MI_N: 16, MI_K: 32,
    Occupancy: 2, WGM: 0, NTA: 0, NTB: 0}
  - {Latency: 303023061, MT_M: 32, MT_N: 128, MT_K: 16, MI_M: 32, MI_N: 32, MI_K: 16,
    Occupancy: 5, WGM: 0, NTA: 0, NTB: 0}
  - {Latency: 315431911, MT_M: 16, MT_N: 128, MT_K: 32, MI_M: 16, MI_N: 16, MI_K: 32,
    Occupancy: 3, WGM: 0, NTA: 0, NTB: 0}
  - {Latency: 606020898, MT_M: 64, MT_N: 16, MT_K: 256, MI_M: 16, MI_N: 16, MI_K: 32,
    Occupancy: 1, WGM: 0, NTA: 0, NTB: 0}
  - {Latency: 618101081, MT_M: 16, MT_N: 64, MT_K: 256, MI_M: 16, MI_N: 16, MI_K: 32,
    Occupancy: 1, WGM: 0, NTA: 0, NTB: 0}
  - {Latency: 967220328, MT_M: 32, MT_N: 32, MT_K: 512, MI_M: 32, MI_N: 32, MI_K: 16,
    Occupancy: 1, WGM: 0, NTA: 0, NTB: 0}
  - {Latency: 1835344463, MT_M: 32, MT_N: 16, MT_K: 512, MI_M: 16, MI_N: 16, MI_K: 32,
    Occupancy: 1, WGM: 0, NTA: 0, NTB: 0}
  - {Latency: 1850134900, MT_M: 16, MT_N: 32, MT_K: 512, MI_M: 16, MI_N: 16, MI_K: 32,
    Occupancy: 1, WGM: 0, NTA: 0, NTB: 0}
  - {Latency: 3487431643, MT_M: 16, MT_N: 16, MT_K: 512, MI_M: 16, MI_N: 16, MI_K: 32,
    Occupancy: 1, WGM: 0, NTA: 0, NTB: 0}
- - {Latency: 160824952, MT_M: 256, MT_N: 256, MT_K: 32, MI_M: 32, MI_N: 32, MI_K: 16,
    Occupancy: 1, WGM: 0, NTA: 0, NTB: 0}
  - {Latency: 189860954, MT_M: 192, MT_N: 256, MT_K: 32, MI_M: 32, MI_N: 32, MI_K: 16,
    Occupancy: 1, WGM: 0, NTA: 0, NTB: 0}
  - {Latency: 195891184, MT_M: 256, MT_N: 192, MT_K: 32, MI_M: 16, MI_N: 16, MI_K: 32,
    Occupancy: 1, WGM: 0, NTA: 0, NTB: 0}
  - {Latency: 204858937, MT_M: 192, MT_N: 192, MT_K: 64, MI_M: 32, MI_N: 32, MI_K: 16,
    Occupancy: 1, WGM: 0, NTA: 0, NTB: 0}
  - {Latency: 222011168, MT_M: 128, MT_N: 256, MT_K: 64, MI_M: 32, MI_N: 32, MI_K: 16,
    Occupancy: 1, WGM: 0, NTA: 0, NTB: 0}
  - {Latency: 222051910, MT_M: 256, MT_N: 128, MT_K: 64, MI_M: 32, MI_N: 32, MI_K: 16,
    Occupancy: 1, WGM: 0, NTA: 0, NTB: 0}
  - {Latency: 251484593, MT_M: 192, MT_N: 128, MT_K: 64, MI_M: 32, MI_N: 32, MI_K: 16,
    Occupancy: 1, WGM: 0, NTA: 0, NTB: 0}
  - {Latency: 258955461, MT_M: 128, MT_N: 192, MT_K: 64, MI_M: 32, MI_N: 32, MI_K: 16,
    Occupancy: 1, WGM: 0, NTA: 0, NTB: 0}
  - {Latency: 285801694, MT_M: 128, MT_N: 128, MT_K: 128, MI_M: 32, MI_N: 32, MI_K: 16,
    Occupancy: 1, WGM: 0, NTA: 0, NTB: 0}
  - {Latency: 370893699, MT_M: 64, MT_N: 256, MT_K: 64, MI_M: 32, MI_N: 32, MI_K: 16,
    Occupancy: 1, WGM: 0, NTA: 0, NTB: 0}
  - {Latency: 370961446, MT_M: 256, MT_N: 64, MT_K: 64, MI_M: 32, MI_N: 32, MI_K: 16,
    Occupancy: 1, WGM: 0, NTA: 0, NTB: 0}
  - {Latency: 376552764, MT_M: 192, MT_N: 64, MT_K: 128, MI_M: 32, MI_N: 32, MI_K: 16,
    Occupancy: 1, WGM: 0, NTA: 0, NTB: 0}
  - {Latency: 387843206, MT_M: 64, MT_N: 192, MT_K: 128, MI_M: 32, MI_N: 32, MI_K: 16,
    Occupancy: 1, WGM: 0, NTA: 0, NTB: 0}
  - {Latency: 438501451, MT_M: 128, MT_N: 64, MT_K: 128, MI_M: 16, MI_N: 16, MI_K: 32,
    Occupancy: 1, WGM: 0, NTA: 0, NTB: 0}
  - {Latency: 438501451, MT_M: 64, MT_N: 128, MT_K: 128, MI_M: 16, MI_N: 16, MI_K: 32,
    Occupancy: 1, WGM: 0, NTA: 0, NTB: 0}
  - {Latency: 587022360, MT_M: 64, MT_N: 64, MT_K: 256, MI_M: 32, MI_N: 32, MI_K: 16,
    Occupancy: 1, WGM: 0, NTA: 0, NTB: 0}
  - {Latency: 974918987, MT_M: 32, MT_N: 64, MT_K: 128, MI_M: 32, MI_N: 32, MI_K: 16,
    Occupancy: 1, WGM: 0, NTA: 0, NTB: 0}
  - {Latency: 974959770, MT_M: 64, MT_N: 32, MT_K: 128, MI_M: 32, MI_N: 32, MI_K: 16,
    Occupancy: 1, WGM: 0, NTA: 0, NTB: 0}
  - {Latency: 1257660824, MT_M: 32, MT_N: 32, MT_K: 512, MI_M: 32, MI_N: 32, MI_K: 16,
    Occupancy: 1, WGM: 0, NTA: 0, NTB: 0}
  - {Latency: 1491008670, MT_M: 16, MT_N: 256, MT_K: 32, MI_M: 16, MI_N: 16, MI_K: 32,
    Occupancy: 2, WGM: 0, NTA: 0, NTB: 0}
  - {Latency: 1532718722, MT_M: 32, MT_N: 256, MT_K: 16, MI_M: 32, MI_N: 32, MI_K: 16,
    Occupancy: 2, WGM: 0, NTA: 0, NTB: 0}
  - {Latency: 1540733568, MT_M: 64, MT_N: 16, MT_K: 256, MI_M: 16, MI_N: 16, MI_K: 32,
    Occupancy: 1, WGM: 0, NTA: 0, NTB: 0}
  - {Latency: 1552073681, MT_M: 16, MT_N: 64, MT_K: 256, MI_M: 16, MI_N: 16, MI_K: 32,
    Occupancy: 1, WGM: 0, NTA: 0, NTB: 0}
  - {Latency: 1986245743, MT_M: 32, MT_N: 16, MT_K: 512, MI_M: 16, MI_N: 16, MI_K: 32,
    Occupancy: 1, WGM: 0, NTA: 0, NTB: 0}
  - {Latency: 1991752946, MT_M: 16, MT_N: 128, MT_K: 32, MI_M: 16, MI_N: 16, MI_K: 32,
    Occupancy: 3, WGM: 0, NTA: 0, NTB: 0}
  - {Latency: 1997680513, MT_M: 16, MT_N: 32, MT_K: 512, MI_M: 16, MI_N: 16, MI_K: 32,
    Occupancy: 1, WGM: 0, NTA: 0, NTB: 0}
  - {Latency: 2091052278, MT_M: 32, MT_N: 128, MT_K: 16, MI_M: 32, MI_N: 32, MI_K: 16,
    Occupancy: 5, WGM: 0, NTA: 0, NTB: 0}
  - {Latency: 2919954820, MT_M: 16, MT_N: 16, MT_K: 512, MI_M: 16, MI_N: 16, MI_K: 32,
    Occupancy: 1, WGM: 0, NTA: 0, NTB: 0}
- - {Latency: 103953441, MT_M: 256, MT_N: 256, MT_K: 32, MI_M: 32, MI_N: 32, MI_K: 16,
    Occupancy: 1, WGM: 0, NTA: 0, NTB: 0}
  - {Latency: 117945690, MT_M: 256, MT_N: 192, MT_K: 32, MI_M: 16, MI_N: 16, MI_K: 32,
    Occupancy: 1, WGM: 0, NTA: 0, NTB: 0}
  - {Latency: 121709314, MT_M: 192, MT_N: 256, MT_K: 32, MI_M: 32, MI_N: 32, MI_K: 16,
    Occupancy: 1, WGM: 0, NTA: 0, NTB: 0}
  - {Latency: 122608907, MT_M: 192, MT_N: 192, MT_K: 64, MI_M: 32, MI_N: 32, MI_K: 16,
    Occupancy: 1, WGM: 0, NTA: 0, NTB: 0}
  - {Latency: 136508101, MT_M: 256, MT_N: 128, MT_K: 64, MI_M: 32, MI_N: 32, MI_K: 16,
    Occupancy: 1, WGM: 0, NTA: 0, NTB: 0}
  - {Latency: 141788326, MT_M: 128, MT_N: 256, MT_K: 64, MI_M: 32, MI_N: 32, MI_K: 16,
    Occupancy: 1, WGM: 0, NTA: 0, NTB: 0}
  - {Latency: 153428589, MT_M: 128, MT_N: 192, MT_K: 64, MI_M: 32, MI_N: 32, MI_K: 16,
    Occupancy: 1, WGM: 0, NTA: 0, NTB: 0}
  - {Latency: 153437750, MT_M: 192, MT_N: 128, MT_K: 64, MI_M: 32, MI_N: 32, MI_K: 16,
    Occupancy: 1, WGM: 0, NTA: 0, NTB: 0}
  - {Latency: 173856036, MT_M: 128, MT_N: 128, MT_K: 128, MI_M: 32, MI_N: 32, MI_K: 16,
    Occupancy: 1, WGM: 0, NTA: 0, NTB: 0}
  - {Latency: 219181006, MT_M: 256, MT_N: 64, MT_K: 64, MI_M: 32, MI_N: 32, MI_K: 16,
    Occupancy: 1, WGM: 0, NTA: 0, NTB: 0}
  - {Latency: 222343074, MT_M: 192, MT_N: 64, MT_K: 128, MI_M: 32, MI_N: 32, MI_K: 16,
    Occupancy: 1, WGM: 0, NTA: 0, NTB: 0}
  - {Latency: 226972295, MT_M: 64, MT_N: 192, MT_K: 128, MI_M: 32, MI_N: 32, MI_K: 16,
    Occupancy: 1, WGM: 0, NTA: 0, NTB: 0}
  - {Latency: 232578871, MT_M: 64, MT_N: 256, MT_K: 64, MI_M: 32, MI_N: 32, MI_K: 16,
    Occupancy: 1, WGM: 0, NTA: 0, NTB: 0}
  - {Latency: 258293234, MT_M: 128, MT_N: 64, MT_K: 128, MI_M: 16, MI_N: 16, MI_K: 32,
    Occupancy: 1, WGM: 0, NTA: 0, NTB: 0}
  - {Latency: 263573602, MT_M: 64, MT_N: 128, MT_K: 128, MI_M: 16, MI_N: 16, MI_K: 32,
    Occupancy: 1, WGM: 0, NTA: 0, NTB: 0}
  - {Latency: 331616758, MT_M: 64, MT_N: 64, MT_K: 256, MI_M: 32, MI_N: 32, MI_K: 16,
    Occupancy: 1, WGM: 0, NTA: 0, NTB: 0}
  - {Latency: 559164641, MT_M: 32, MT_N: 64, MT_K: 128, MI_M: 32, MI_N: 32, MI_K: 16,
    Occupancy: 1, WGM: 0, NTA: 0, NTB: 0}
  - {Latency: 559180819, MT_M: 64, MT_N: 32, MT_K: 128, MI_M: 32, MI_N: 32, MI_K: 16,
    Occupancy: 1, WGM: 0, NTA: 0, NTB: 0}
  - {Latency: 663268981, MT_M: 32, MT_N: 32, MT_K: 512, MI_M: 32, MI_N: 32, MI_K: 16,
    Occupancy: 1, WGM: 0, NTA: 0, NTB: 0}
  - {Latency: 853011496, MT_M: 64, MT_N: 16, MT_K: 256, MI_M: 16, MI_N: 16, MI_K: 32,
    Occupancy: 1, WGM: 0, NTA: 0, NTB: 0}
  - {Latency: 865040324, MT_M: 16, MT_N: 64, MT_K: 256, MI_M: 16, MI_N: 16, MI_K: 32,
    Occupancy: 1, WGM: 0, NTA: 0, NTB: 0}
  - {Latency: 917262390, MT_M: 16, MT_N: 256, MT_K: 32, MI_M: 16, MI_N: 16, MI_K: 32,
    Occupancy: 2, WGM: 0, NTA: 0, NTB: 0}
  - {Latency: 941771168, MT_M: 32, MT_N: 256, MT_K: 16, MI_M: 32, MI_N: 32, MI_K: 16,
    Occupancy: 2, WGM: 0, NTA: 0, NTB: 0}
  - {Latency: 1020630809, MT_M: 32, MT_N: 16, MT_K: 512, MI_M: 16, MI_N: 16, MI_K: 32,
    Occupancy: 1, WGM: 0, NTA: 0, NTB: 0}
  - {Latency: 1032733998, MT_M: 16, MT_N: 32, MT_K: 512, MI_M: 16, MI_N: 16, MI_K: 32,
    Occupancy: 1, WGM: 0, NTA: 0, NTB: 0}
  - {Latency: 1173496069, MT_M: 16, MT_N: 128, MT_K: 32, MI_M: 16, MI_N: 16, MI_K: 32,
    Occupancy: 3, WGM: 0, NTA: 0, NTB: 0}
  - {Latency: 1232706658, MT_M: 32, MT_N: 128, MT_K: 16, MI_M: 32, MI_N: 32, MI_K: 16,
    Occupancy: 5, WGM: 0, NTA: 0, NTB: 0}
  - {Latency: 1435924411, MT_M: 16, MT_N: 16, MT_K: 512, MI_M: 16, MI_N: 16, MI_K: 32,
    Occupancy: 1, WGM: 0, NTA: 0, NTB: 0}
- - {Latency: 588286, MT_M: 64, MT_N: 32, MT_K: 128, MI_M: 32, MI_N: 32, MI_K: 16,
    Occupancy: 1, WGM: 6, NTA: 4, NTB: 0}
  - {Latency: 670662, MT_M: 256, MT_N: 64, MT_K: 64, MI_M: 32, MI_N: 32, MI_K: 16,
    Occupancy: 1, WGM: 6, NTA: 4, NTB: 0}
  - {Latency: 1149978, MT_M: 192, MT_N: 64, MT_K: 128, MI_M: 32, MI_N: 32, MI_K: 16,
    Occupancy: 1, WGM: 6, NTA: 4, NTB: 0}
  - {Latency: 1240612, MT_M: 128, MT_N: 64, MT_K: 128, MI_M: 16, MI_N: 16, MI_K: 32,
    Occupancy: 1, WGM: 6, NTA: 4, NTB: 0}
  - {Latency: 1276669, MT_M: 32, MT_N: 64, MT_K: 128, MI_M: 32, MI_N: 32, MI_K: 16,
    Occupancy: 1, WGM: 6, NTA: 4, NTB: 0}
  - {Latency: 1388014, MT_M: 192, MT_N: 128, MT_K: 64, MI_M: 32, MI_N: 32, MI_K: 16,
    Occupancy: 1, WGM: 6, NTA: 4, NTB: 0}
  - {Latency: 1402737, MT_M: 256, MT_N: 128, MT_K: 64, MI_M: 32, MI_N: 32, MI_K: 16,
    Occupancy: 1, WGM: 6, NTA: 4, NTB: 0}
  - {Latency: 2097038, MT_M: 256, MT_N: 192, MT_K: 32, MI_M: 16, MI_N: 16, MI_K: 32,
    Occupancy: 1, WGM: 6, NTA: 4, NTB: 0}
  - {Latency: 2182785, MT_M: 192, MT_N: 192, MT_K: 64, MI_M: 32, MI_N: 32, MI_K: 16,
    Occupancy: 1, WGM: 6, NTA: 4, NTB: 0}
  - {Latency: 2244239, MT_M: 128, MT_N: 192, MT_K: 64, MI_M: 32, MI_N: 32, MI_K: 16,
    Occupancy: 1, WGM: 6, NTA: 4, NTB: 0}
  - {Latency: 2493808, MT_M: 128, MT_N: 128, MT_K: 128, MI_M: 32, MI_N: 32, MI_K: 16,
    Occupancy: 1, WGM: 6, NTA: 4, NTB: 0}
  - {Latency: 2659503, MT_M: 192, MT_N: 256, MT_K: 32, MI_M: 32, MI_N: 32, MI_K: 16,
    Occupancy: 1, WGM: 6, NTA: 4, NTB: 0}
  - {Latency: 2676553, MT_M: 256, MT_N: 256, MT_K: 32, MI_M: 32, MI_N: 32, MI_K: 16,
    Occupancy: 1, WGM: 6, NTA: 4, NTB: 0}
  - {Latency: 2846879, MT_M: 64, MT_N: 128, MT_K: 128, MI_M: 16, MI_N: 16, MI_K: 32,
    Occupancy: 1, WGM: 6, NTA: 4, NTB: 0}
  - {Latency: 3216212, MT_M: 128, MT_N: 256, MT_K: 64, MI_M: 32, MI_N: 32, MI_K: 16,
    Occupancy: 1, WGM: 6, NTA: 4, NTB: 0}
  - {Latency: 3501354, MT_M: 32, MT_N: 128, MT_K: 16, MI_M: 32, MI_N: 32, MI_K: 16,
    Occupancy: 5, WGM: 0, NTA: 0, NTB: 0}
  - {Latency: 3686783, MT_M: 16, MT_N: 128, MT_K: 32, MI_M: 16, MI_N: 16, MI_K: 32,
    Occupancy: 3, WGM: 1, NTA: 4, NTB: 0}
  - {Latency: 4508448, MT_M: 64, MT_N: 256, MT_K: 64, MI_M: 32, MI_N: 32, MI_K: 16,
    Occupancy: 1, WGM: 6, NTA: 4, NTB: 0}
  - {Latency: 5065817, MT_M: 64, MT_N: 192, MT_K: 128, MI_M: 32, MI_N: 32, MI_K: 16,
    Occupancy: 1, WGM: 6, NTA: 4, NTB: 0}
  - {Latency: 10462204, MT_M: 64, MT_N: 64, MT_K: 256, MI_M: 32, MI_N: 32, MI_K: 16,
    Occupancy: 1, WGM: 6, NTA: 4, NTB: 0}
  - {Latency: 11386490, MT_M: 32, MT_N: 256, MT_K: 16, MI_M: 32, MI_N: 32, MI_K: 16,
    Occupancy: 2, WGM: 0, NTA: 0, NTB: 0}
  - {Latency: 12094069, MT_M: 16, MT_N: 256, MT_K: 32, MI_M: 16, MI_N: 16, MI_K: 32,
    Occupancy: 2, WGM: 1, NTA: 4, NTB: 0}
  - {Latency: 14611554, MT_M: 64, MT_N: 16, MT_K: 256, MI_M: 16, MI_N: 16, MI_K: 32,
    Occupancy: 1, WGM: 6, NTA: 4, NTB: 0}
  - {Latency: 20265854, MT_M: 32, MT_N: 32, MT_K: 512, MI_M: 32, MI_N: 32, MI_K: 16,
    Occupancy: 1, WGM: 6, NTA: 4, NTB: 0}
  - {Latency: 32394955, MT_M: 16, MT_N: 64, MT_K: 256, MI_M: 16, MI_N: 16, MI_K: 32,
    Occupancy: 1, WGM: 6, NTA: 4, NTB: 0}
  - {Latency: 33458052, MT_M: 32, MT_N: 16, MT_K: 512, MI_M: 16, MI_N: 16, MI_K: 32,
    Occupancy: 1, WGM: 6, NTA: 4, NTB: 0}
  - {Latency: 33540601, MT_M: 16, MT_N: 32, MT_K: 512, MI_M: 16, MI_N: 16, MI_K: 32,
    Occupancy: 1, WGM: 6, NTA: 4, NTB: 0}
  - {Latency: 61187362, MT_M: 16, MT_N: 16, MT_K: 512, MI_M: 16, MI_N: 16, MI_K: 32,
    Occupancy: 1, WGM: 6, NTA: 4, NTB: 0}
- - {Latency: 306298, MT_M: 192, MT_N: 128, MT_K: 64, MI_M: 32, MI_N: 32, MI_K: 16,
    Occupancy: 1, WGM: 6, NTA: 4, NTB: 0}
  - {Latency: 310080, MT_M: 256, MT_N: 64, MT_K: 64, MI_M: 32, MI_N: 32, MI_K: 16,
    Occupancy: 1, WGM: 6, NTA: 4, NTB: 0}
  - {Latency: 324700, MT_M: 256, MT_N: 128, MT_K: 64, MI_M: 32, MI_N: 32, MI_K: 16,
    Occupancy: 1, WGM: 6, NTA: 4, NTB: 0}
  - {Latency: 399491, MT_M: 256, MT_N: 192, MT_K: 32, MI_M: 16, MI_N: 16, MI_K: 32,
    Occupancy: 1, WGM: 6, NTA: 4, NTB: 0}
  - {Latency: 402962, MT_M: 32, MT_N: 128, MT_K: 16, MI_M: 32, MI_N: 32, MI_K: 16,
    Occupancy: 5, WGM: 0, NTA: 0, NTB: 0}
  - {Latency: 471369, MT_M: 192, MT_N: 192, MT_K: 64, MI_M: 32, MI_N: 32, MI_K: 16,
    Occupancy: 1, WGM: 6, NTA: 4, NTB: 0}
  - {Latency: 476686, MT_M: 128, MT_N: 192, MT_K: 64, MI_M: 32, MI_N: 32, MI_K: 16,
    Occupancy: 1, WGM: 6, NTA: 4, NTB: 0}
  - {Latency: 484918, MT_M: 192, MT_N: 256, MT_K: 32, MI_M: 32, MI_N: 32, MI_K: 16,
    Occupancy: 1, WGM: 6, NTA: 4, NTB: 0}
  - {Latency: 514547, MT_M: 256, MT_N: 256, MT_K: 32, MI_M: 32, MI_N: 32, MI_K: 16,
    Occupancy: 1, WGM: 6, NTA: 4, NTB: 0}
  - {Latency: 531208, MT_M: 16, MT_N: 128, MT_K: 32, MI_M: 16, MI_N: 16, MI_K: 32,
    Occupancy: 3, WGM: 1, NTA: 4, NTB: 0}
  - {Latency: 663776, MT_M: 128, MT_N: 256, MT_K: 64, MI_M: 32, MI_N: 32, MI_K: 16,
    Occupancy: 1, WGM: 6, NTA: 4, NTB: 0}
  - {Latency: 823420, MT_M: 64, MT_N: 256, MT_K: 64, MI_M: 32, MI_N: 32, MI_K: 16,
    Occupancy: 1, WGM: 6, NTA: 4, NTB: 0}
  - {Latency: 1100035, MT_M: 32, MT_N: 256, MT_K: 16, MI_M: 32, MI_N: 32, MI_K: 16,
    Occupancy: 2, WGM: 0, NTA: 0, NTB: 0}
  - {Latency: 1412397, MT_M: 16, MT_N: 256, MT_K: 32, MI_M: 16, MI_N: 16, MI_K: 32,
    Occupancy: 2, WGM: 1, NTA: 4, NTB: 0}
  - {Latency: 2239469, MT_M: 128, MT_N: 128, MT_K: 128, MI_M: 32, MI_N: 32, MI_K: 16,
    Occupancy: 1, WGM: 6, NTA: 4, NTB: 0}
  - {Latency: 2747242, MT_M: 192, MT_N: 64, MT_K: 128, MI_M: 32, MI_N: 32, MI_K: 16,
    Occupancy: 1, WGM: 6, NTA: 4, NTB: 0}
  - {Latency: 3721087, MT_M: 128, MT_N: 64, MT_K: 128, MI_M: 16, MI_N: 16, MI_K: 32,
    Occupancy: 1, WGM: 6, NTA: 4, NTB: 0}
  - {Latency: 3721087, MT_M: 64, MT_N: 128, MT_K: 128, MI_M: 16, MI_N: 16, MI_K: 32,
    Occupancy: 1, WGM: 6, NTA: 4, NTB: 0}
  - {Latency: 4337762, MT_M: 64, MT_N: 192, MT_K: 128, MI_M: 32, MI_N: 32, MI_K: 16,
    Occupancy: 1, WGM: 6, NTA: 4, NTB: 0}
  - {Latency: 9033164, MT_M: 64, MT_N: 64, MT_K: 256, MI_M: 32, MI_N: 32, MI_K: 16,
    Occupancy: 1, WGM: 6, NTA: 4, NTB: 0}
  - {Latency: 12812296, MT_M: 64, MT_N: 32, MT_K: 128, MI_M: 32, MI_N: 32, MI_K: 16,
    Occupancy: 1, WGM: 0, NTA: 0, NTB: 0}
  - {Latency: 12812296, MT_M: 32, MT_N: 64, MT_K: 128, MI_M: 32, MI_N: 32, MI_K: 16,
    Occupancy: 1, WGM: 6, NTA: 4, NTB: 0}
  - {Latency: 25887418, MT_M: 64, MT_N: 16, MT_K: 256, MI_M: 16, MI_N: 16, MI_K: 32,
    Occupancy: 1, WGM: 0, NTA: 0, NTB: 0}
  - {Latency: 30717817, MT_M: 16, MT_N: 64, MT_K: 256, MI_M: 16, MI_N: 16, MI_K: 32,
    Occupancy: 1, WGM: 6, NTA: 4, NTB: 0}
  - {Latency: 46233147, MT_M: 32, MT_N: 32, MT_K: 512, MI_M: 32, MI_N: 32, MI_K: 16,
    Occupancy: 1, WGM: 0, NTA: 0, NTB: 0}
  - {Latency: 67163026, MT_M: 32, MT_N: 16, MT_K: 512, MI_M: 16, MI_N: 16, MI_K: 32,
    Occupancy: 1, WGM: 0, NTA: 0, NTB: 0}
  - {Latency: 81263313, MT_M: 16, MT_N: 32, MT_K: 512, MI_M: 16, MI_N: 16, MI_K: 32,
    Occupancy: 1, WGM: 0, NTA: 0, NTB: 0}
  - {Latency: 115919464, MT_M: 16, MT_N: 16, MT_K: 512, MI_M: 16, MI_N: 16, MI_K: 32,
    Occupancy: 1, WGM: 0, NTA: 0, NTB: 0}
- - {Latency: 357893, MT_M: 256, MT_N: 64, MT_K: 64, MI_M: 32, MI_N: 32, MI_K: 16,
    Occupancy: 1, WGM: 0, NTA: 0, NTB: 0}
  - {Latency: 511395, MT_M: 256, MT_N: 128, MT_K: 64, MI_M: 32, MI_N: 32, MI_K: 16,
    Occupancy: 1, WGM: 0, NTA: 0, NTB: 0}
  - {Latency: 517436, MT_M: 256, MT_N: 192, MT_K: 32, MI_M: 16, MI_N: 16, MI_K: 32,
    Occupancy: 1, WGM: 0, NTA: 0, NTB: 0}
  - {Latency: 524340, MT_M: 32, MT_N: 128, MT_K: 16, MI_M: 32, MI_N: 32, MI_K: 16,
    Occupancy: 5, WGM: 0, NTA: 0, NTB: 0}
  - {Latency: 526097, MT_M: 192, MT_N: 128, MT_K: 64, MI_M: 32, MI_N: 32, MI_K: 16,
    Occupancy: 1, WGM: 0, NTA: 0, NTB: 0}
  - {Latency: 605873, MT_M: 192, MT_N: 256, MT_K: 32, MI_M: 32, MI_N: 32, MI_K: 16,
    Occupancy: 1, WGM: 0, NTA: 0, NTB: 0}
  - {Latency: 643693, MT_M: 256, MT_N: 256, MT_K: 32, MI_M: 32, MI_N: 32, MI_K: 16,
    Occupancy: 1, WGM: 0, NTA: 0, NTB: 0}
  - {Latency: 676388, MT_M: 192, MT_N: 192, MT_K: 64, MI_M: 32, MI_N: 32, MI_K: 16,
    Occupancy: 1, WGM: 0, NTA: 0, NTB: 0}
  - {Latency: 809594, MT_M: 192, MT_N: 64, MT_K: 128, MI_M: 32, MI_N: 32, MI_K: 16,
    Occupancy: 1, WGM: 0, NTA: 0, NTB: 0}
  - {Latency: 809851, MT_M: 128, MT_N: 192, MT_K: 64, MI_M: 32, MI_N: 32, MI_K: 16,
    Occupancy: 1, WGM: 0, NTA: 0, NTB: 0}
  - {Latency: 986575, MT_M: 128, MT_N: 256, MT_K: 64, MI_M: 32, MI_N: 32, MI_K: 16,
    Occupancy: 1, WGM: 0, NTA: 0, NTB: 0}
  - {Latency: 1121837, MT_M: 128, MT_N: 64, MT_K: 128, MI_M: 16, MI_N: 16, MI_K: 32,
    Occupancy: 1, WGM: 0, NTA: 0, NTB: 0}
  - {Latency: 1343766, MT_M: 128, MT_N: 128, MT_K: 128, MI_M: 32, MI_N: 32, MI_K: 16,
    Occupancy: 1, WGM: 0, NTA: 0, NTB: 0}
  - {Latency: 1555270, MT_M: 32, MT_N: 256, MT_K: 16, MI_M: 32, MI_N: 32, MI_K: 16,
    Occupancy: 2, WGM: 0, NTA: 0, NTB: 0}
  - {Latency: 1593341, MT_M: 64, MT_N: 256, MT_K: 64, MI_M: 32, MI_N: 32, MI_K: 16,
    Occupancy: 1, WGM: 0, NTA: 0, NTB: 0}
  - {Latency: 1709206, MT_M: 16, MT_N: 128, MT_K: 32, MI_M: 16, MI_N: 16, MI_K: 32,
    Occupancy: 3, WGM: 0, NTA: 0, NTB: 0}
  - {Latency: 2309649, MT_M: 64, MT_N: 128, MT_K: 128, MI_M: 16, MI_N: 16, MI_K: 32,
    Occupancy: 1, WGM: 0, NTA: 0, NTB: 0}
  - {Latency: 2503906, MT_M: 64, MT_N: 64, MT_K: 256, MI_M: 32, MI_N: 32, MI_K: 16,
    Occupancy: 1, WGM: 0, NTA: 0, NTB: 0}
  - {Latency: 2692420, MT_M: 64, MT_N: 192, MT_K: 128, MI_M: 32, MI_N: 32, MI_K: 16,
    Occupancy: 1, WGM: 0, NTA: 0, NTB: 0}
  - {Latency: 3139267, MT_M: 16, MT_N: 256, MT_K: 32, MI_M: 16, MI_N: 16, MI_K: 32,
    Occupancy: 2, WGM: 0, NTA: 0, NTB: 0}
  - {Latency: 3731712, MT_M: 32, MT_N: 64, MT_K: 128, MI_M: 32, MI_N: 32, MI_K: 16,
    Occupancy: 1, WGM: 0, NTA: 0, NTB: 0}
  - {Latency: 3731712, MT_M: 64, MT_N: 32, MT_K: 128, MI_M: 32, MI_N: 32, MI_K: 16,
    Occupancy: 1, WGM: 0, NTA: 0, NTB: 0}
  - {Latency: 8212461, MT_M: 64, MT_N: 16, MT_K: 256, MI_M: 16, MI_N: 16, MI_K: 32,
    Occupancy: 1, WGM: 0, NTA: 0, NTB: 0}
  - {Latency: 8258885, MT_M: 16, MT_N: 64, MT_K: 256, MI_M: 16, MI_N: 16, MI_K: 32,
    Occupancy: 1, WGM: 0, NTA: 0, NTB: 0}
  - {Latency: 10607056, MT_M: 32, MT_N: 32, MT_K: 512, MI_M: 32, MI_N: 32, MI_K: 16,
    Occupancy: 1, WGM: 0, NTA: 0, NTB: 0}
  - {Latency: 19482705, MT_M: 32, MT_N: 16, MT_K: 512, MI_M: 16, MI_N: 16, MI_K: 32,
    Occupancy: 1, WGM: 0, NTA: 0, NTB: 0}
  - {Latency: 19528891, MT_M: 16, MT_N: 32, MT_K: 512, MI_M: 16, MI_N: 16, MI_K: 32,
    Occupancy: 1, WGM: 0, NTA: 0, NTB: 0}
  - {Latency: 35283859, MT_M: 16, MT_N: 16, MT_K: 512, MI_M: 16, MI_N: 16, MI_K: 32,
    Occupancy: 1, WGM: 0, NTA: 0, NTB: 0}
- - {Latency: 66017, MT_M: 192, MT_N: 128, MT_K: 64, MI_M: 32, MI_N: 32, MI_K: 16,
    Occupancy: 1, WGM: 6, NTA: 4, NTB: 0}
  - {Latency: 66795, MT_M: 256, MT_N: 64, MT_K: 64, MI_M: 32, MI_N: 32, MI_K: 16,
    Occupancy: 1, WGM: 6, NTA: 4, NTB: 0}
  - {Latency: 87461, MT_M: 256, MT_N: 128, MT_K: 64, MI_M: 32, MI_N: 32, MI_K: 16,
    Occupancy: 1, WGM: 6, NTA: 4, NTB: 0}
  - {Latency: 89943, MT_M: 32, MT_N: 128, MT_K: 16, MI_M: 32, MI_N: 32, MI_K: 16,
    Occupancy: 5, WGM: 0, NTA: 0, NTB: 0}
  - {Latency: 101894, MT_M: 192, MT_N: 192, MT_K: 64, MI_M: 32, MI_N: 32, MI_K: 16,
    Occupancy: 1, WGM: 6, NTA: 4, NTB: 0}
  - {Latency: 102386, MT_M: 192, MT_N: 256, MT_K: 32, MI_M: 32, MI_N: 32, MI_K: 16,
    Occupancy: 1, WGM: 6, NTA: 4, NTB: 0}
  - {Latency: 103032, MT_M: 128, MT_N: 192, MT_K: 64, MI_M: 32, MI_N: 32, MI_K: 16,
    Occupancy: 1, WGM: 6, NTA: 4, NTB: 0}
  - {Latency: 105733, MT_M: 256, MT_N: 192, MT_K: 32, MI_M: 16, MI_N: 16, MI_K: 32,
    Occupancy: 1, WGM: 6, NTA: 4, NTB: 0}
  - {Latency: 117744, MT_M: 16, MT_N: 128, MT_K: 32, MI_M: 16, MI_N: 16, MI_K: 32,
    Occupancy: 3, WGM: 1, NTA: 4, NTB: 0}
  - {Latency: 135751, MT_M: 256, MT_N: 256, MT_K: 32, MI_M: 32, MI_N: 32, MI_K: 16,
    Occupancy: 1, WGM: 6, NTA: 4, NTB: 0}
  - {Latency: 144041, MT_M: 128, MT_N: 256, MT_K: 64, MI_M: 32, MI_N: 32, MI_K: 16,
    Occupancy: 1, WGM: 6, NTA: 4, NTB: 0}
  - {Latency: 187685, MT_M: 64, MT_N: 256, MT_K: 64, MI_M: 32, MI_N: 32, MI_K: 16,
    Occupancy: 1, WGM: 6, NTA: 4, NTB: 0}
  - {Latency: 252452, MT_M: 32, MT_N: 256, MT_K: 16, MI_M: 32, MI_N: 32, MI_K: 16,
    Occupancy: 2, WGM: 0, NTA: 0, NTB: 0}
  - {Latency: 321695, MT_M: 16, MT_N: 256, MT_K: 32, MI_M: 16, MI_N: 16, MI_K: 32,
    Occupancy: 2, WGM: 1, NTA: 4, NTB: 0}
  - {Latency: 467040, MT_M: 128, MT_N: 128, MT_K: 128, MI_M: 32, MI_N: 32, MI_K: 16,
    Occupancy: 1, WGM: 6, NTA: 4, NTB: 0}
  - {Latency: 568822, MT_M: 192, MT_N: 64, MT_K: 128, MI_M: 32, MI_N: 32, MI_K: 16,
    Occupancy: 1, WGM: 6, NTA: 4, NTB: 0}
  - {Latency: 792451, MT_M: 128, MT_N: 64, MT_K: 128, MI_M: 16, MI_N: 16, MI_K: 32,
    Occupancy: 1, WGM: 6, NTA: 4, NTB: 0}
  - {Latency: 792451, MT_M: 64, MT_N: 128, MT_K: 128, MI_M: 16, MI_N: 16, MI_K: 32,
    Occupancy: 1, WGM: 6, NTA: 4, NTB: 0}
  - {Latency: 938707, MT_M: 64, MT_N: 192, MT_K: 128, MI_M: 32, MI_N: 32, MI_K: 16,
    Occupancy: 1, WGM: 6, NTA: 4, NTB: 0}
  - {Latency: 1974439, MT_M: 64, MT_N: 64, MT_K: 256, MI_M: 32, MI_N: 32, MI_K: 16,
    Occupancy: 1, WGM: 6, NTA: 4, NTB: 0}
  - {Latency: 1983912, MT_M: 64, MT_N: 32, MT_K: 128, MI_M: 32, MI_N: 32, MI_K: 16,
    Occupancy: 1, WGM: 0, NTA: 0, NTB: 0}
  - {Latency: 2712233, MT_M: 32, MT_N: 64, MT_K: 128, MI_M: 32, MI_N: 32, MI_K: 16,
    Occupancy: 1, WGM: 6, NTA: 4, NTB: 0}
  - {Latency: 4660199, MT_M: 64, MT_N: 16, MT_K: 256, MI_M: 16, MI_N: 16, MI_K: 32,
    Occupancy: 1, WGM: 0, NTA: 0, NTB: 0}
  - {Latency: 6697147, MT_M: 16, MT_N: 64, MT_K: 256, MI_M: 16, MI_N: 16, MI_K: 32,
    Occupancy: 1, WGM: 6, NTA: 4, NTB: 0}
  - {Latency: 6815234, MT_M: 32, MT_N: 32, MT_K: 512, MI_M: 32, MI_N: 32, MI_K: 16,
    Occupancy: 1, WGM: 0, NTA: 0, NTB: 0}
  - {Latency: 12089968, MT_M: 32, MT_N: 16, MT_K: 512, MI_M: 16, MI_N: 16, MI_K: 32,
    Occupancy: 1, WGM: 0, NTA: 0, NTB: 0}
  - {Latency: 12113087, MT_M: 16, MT_N: 32, MT_K: 512, MI_M: 16, MI_N: 16, MI_K: 32,
    Occupancy: 1, WGM: 0, NTA: 0, NTB: 0}
  - {Latency: 20865504, MT_M: 16, MT_N: 16, MT_K: 512, MI_M: 16, MI_N: 16, MI_K: 32,
    Occupancy: 1, WGM: 0, NTA: 0, NTB: 0}
- - {Latency: 699535, MT_M: 256, MT_N: 128, MT_K: 64, MI_M: 32, MI_N: 32, MI_K: 16,
    Occupancy: 1, WGM: 6, NTA: 4, NTB: 0}
  - {Latency: 712321, MT_M: 256, MT_N: 64, MT_K: 64, MI_M: 32, MI_N: 32, MI_K: 16,
    Occupancy: 1, WGM: 6, NTA: 4, NTB: 0}
  - {Latency: 725791, MT_M: 192, MT_N: 128, MT_K: 64, MI_M: 32, MI_N: 32, MI_K: 16,
    Occupancy: 1, WGM: 6, NTA: 4, NTB: 0}
  - {Latency: 845720, MT_M: 256, MT_N: 192, MT_K: 32, MI_M: 16, MI_N: 16, MI_K: 32,
    Occupancy: 1, WGM: 6, NTA: 4, NTB: 0}
  - {Latency: 951827, MT_M: 32, MT_N: 128, MT_K: 16, MI_M: 32, MI_N: 32, MI_K: 16,
    Occupancy: 5, WGM: 0, NTA: 0, NTB: 0}
  - {Latency: 1085831, MT_M: 256, MT_N: 256, MT_K: 32, MI_M: 32, MI_N: 32, MI_K: 16,
    Occupancy: 1, WGM: 6, NTA: 4, NTB: 0}
  - {Latency: 1098750, MT_M: 128, MT_N: 192, MT_K: 64, MI_M: 32, MI_N: 32, MI_K: 16,
    Occupancy: 1, WGM: 6, NTA: 4, NTB: 0}
  - {Latency: 1120197, MT_M: 192, MT_N: 192, MT_K: 64, MI_M: 32, MI_N: 32, MI_K: 16,
    Occupancy: 1, WGM: 6, NTA: 4, NTB: 0}
  - {Latency: 1125797, MT_M: 192, MT_N: 256, MT_K: 32, MI_M: 32, MI_N: 32, MI_K: 16,
    Occupancy: 1, WGM: 6, NTA: 4, NTB: 0}
  - {Latency: 1241219, MT_M: 16, MT_N: 128, MT_K: 32, MI_M: 16, MI_N: 16, MI_K: 32,
    Occupancy: 3, WGM: 1, NTA: 4, NTB: 0}
  - {Latency: 1536063, MT_M: 128, MT_N: 256, MT_K: 64, MI_M: 32, MI_N: 32, MI_K: 16,
    Occupancy: 1, WGM: 6, NTA: 4, NTB: 0}
  - {Latency: 2001403, MT_M: 64, MT_N: 256, MT_K: 64, MI_M: 32, MI_N: 32, MI_K: 16,
    Occupancy: 1, WGM: 6, NTA: 4, NTB: 0}
  - {Latency: 2671510, MT_M: 32, MT_N: 256, MT_K: 16, MI_M: 32, MI_N: 32, MI_K: 16,
    Occupancy: 2, WGM: 0, NTA: 0, NTB: 0}
  - {Latency: 3391205, MT_M: 16, MT_N: 256, MT_K: 32, MI_M: 16, MI_N: 16, MI_K: 32,
    Occupancy: 2, WGM: 1, NTA: 4, NTB: 0}
  - {Latency: 4981131, MT_M: 128, MT_N: 128, MT_K: 128, MI_M: 32, MI_N: 32, MI_K: 16,
    Occupancy: 1, WGM: 6, NTA: 4, NTB: 0}
  - {Latency: 6113249, MT_M: 192, MT_N: 64, MT_K: 128, MI_M: 32, MI_N: 32, MI_K: 16,
    Occupancy: 1, WGM: 6, NTA: 4, NTB: 0}
  - {Latency: 8452071, MT_M: 128, MT_N: 64, MT_K: 128, MI_M: 16, MI_N: 16, MI_K: 32,
    Occupancy: 1, WGM: 6, NTA: 4, NTB: 0}
  - {Latency: 8452071, MT_M: 64, MT_N: 128, MT_K: 128, MI_M: 16, MI_N: 16, MI_K: 32,
    Occupancy: 1, WGM: 6, NTA: 4, NTB: 0}
  - {Latency: 10011513, MT_M: 64, MT_N: 192, MT_K: 128, MI_M: 32, MI_N: 32, MI_K: 16,
    Occupancy: 1, WGM: 6, NTA: 4, NTB: 0}
  - {Latency: 20892696, MT_M: 64, MT_N: 64, MT_K: 256, MI_M: 32, MI_N: 32, MI_K: 16,
    Occupancy: 1, WGM: 6, NTA: 4, NTB: 0}
  - {Latency: 20940587, MT_M: 64, MT_N: 32, MT_K: 128, MI_M: 32, MI_N: 32, MI_K: 16,
    Occupancy: 1, WGM: 0, NTA: 0, NTB: 0}
  - {Latency: 28591042, MT_M: 32, MT_N: 64, MT_K: 128, MI_M: 32, MI_N: 32, MI_K: 16,
    Occupancy: 1, WGM: 6, NTA: 4, NTB: 0}
  - {Latency: 49056788, MT_M: 64, MT_N: 16, MT_K: 256, MI_M: 16, MI_N: 16, MI_K: 32,
    Occupancy: 1, WGM: 0, NTA: 0, NTB: 0}
  - {Latency: 70459568, MT_M: 16, MT_N: 64, MT_K: 256, MI_M: 16, MI_N: 16, MI_K: 32,
    Occupancy: 1, WGM: 6, NTA: 4, NTB: 0}
  - {Latency: 71744330, MT_M: 32, MT_N: 32, MT_K: 512, MI_M: 32, MI_N: 32, MI_K: 16,
    Occupancy: 1, WGM: 0, NTA: 0, NTB: 0}
  - {Latency: 127272982, MT_M: 32, MT_N: 16, MT_K: 512, MI_M: 16, MI_N: 16, MI_K: 32,
    Occupancy: 1, WGM: 0, NTA: 0, NTB: 0}
  - {Latency: 127523888, MT_M: 16, MT_N: 32, MT_K: 512, MI_M: 16, MI_N: 16, MI_K: 32,
    Occupancy: 1, WGM: 0, NTA: 0, NTB: 0}
  - {Latency: 219522485, MT_M: 16, MT_N: 16, MT_K: 512, MI_M: 16, MI_N: 16, MI_K: 32,
    Occupancy: 1, WGM: 0, NTA: 0, NTB: 0}
- - {Latency: 316545, MT_M: 256, MT_N: 64, MT_K: 64, MI_M: 32, MI_N: 32, MI_K: 16,
    Occupancy: 1, WGM: 6, NTA: 4, NTB: 0}
  - {Latency: 644064, MT_M: 192, MT_N: 128, MT_K: 64, MI_M: 32, MI_N: 32, MI_K: 16,
    Occupancy: 1, WGM: 6, NTA: 4, NTB: 0}
  - {Latency: 657010, MT_M: 256, MT_N: 128, MT_K: 64, MI_M: 32, MI_N: 32, MI_K: 16,
    Occupancy: 1, WGM: 6, NTA: 4, NTB: 0}
  - {Latency: 733477, MT_M: 256, MT_N: 192, MT_K: 32, MI_M: 16, MI_N: 16, MI_K: 32,
    Occupancy: 1, WGM: 6, NTA: 4, NTB: 0}
  - {Latency: 883322, MT_M: 32, MT_N: 128, MT_K: 16, MI_M: 32, MI_N: 32, MI_K: 16,
    Occupancy: 5, WGM: 0, NTA: 0, NTB: 0}
  - {Latency: 909604, MT_M: 192, MT_N: 256, MT_K: 32, MI_M: 32, MI_N: 32, MI_K: 16,
    Occupancy: 1, WGM: 6, NTA: 4, NTB: 0}
  - {Latency: 927383, MT_M: 256, MT_N: 256, MT_K: 32, MI_M: 32, MI_N: 32, MI_K: 16,
    Occupancy: 1, WGM: 6, NTA: 4, NTB: 0}
  - {Latency: 1006596, MT_M: 192, MT_N: 192, MT_K: 64, MI_M: 32, MI_N: 32, MI_K: 16,
    Occupancy: 1, WGM: 6, NTA: 4, NTB: 0}
  - {Latency: 1044689, MT_M: 128, MT_N: 192, MT_K: 64, MI_M: 32, MI_N: 32, MI_K: 16,
    Occupancy: 1, WGM: 6, NTA: 4, NTB: 0}
  - {Latency: 1078524, MT_M: 16, MT_N: 128, MT_K: 32, MI_M: 16, MI_N: 16, MI_K: 32,
    Occupancy: 3, WGM: 1, NTA: 4, NTB: 0}
  - {Latency: 1485093, MT_M: 128, MT_N: 256, MT_K: 64, MI_M: 32, MI_N: 32, MI_K: 16,
    Occupancy: 1, WGM: 6, NTA: 4, NTB: 0}
  - {Latency: 2005201, MT_M: 64, MT_N: 256, MT_K: 64, MI_M: 32, MI_N: 32, MI_K: 16,
    Occupancy: 1, WGM: 6, NTA: 4, NTB: 0}
  - {Latency: 2212477, MT_M: 192, MT_N: 64, MT_K: 128, MI_M: 32, MI_N: 32, MI_K: 16,
    Occupancy: 1, WGM: 6, NTA: 4, NTB: 0}
  - {Latency: 2770750, MT_M: 32, MT_N: 256, MT_K: 16, MI_M: 32, MI_N: 32, MI_K: 16,
    Occupancy: 2, WGM: 0, NTA: 0, NTB: 0}
  - {Latency: 2995076, MT_M: 128, MT_N: 64, MT_K: 128, MI_M: 16, MI_N: 16, MI_K: 32,
    Occupancy: 1, WGM: 6, NTA: 4, NTB: 0}
  - {Latency: 3316528, MT_M: 16, MT_N: 256, MT_K: 32, MI_M: 16, MI_N: 16, MI_K: 32,
    Occupancy: 2, WGM: 1, NTA: 4, NTB: 0}
  - {Latency: 4003979, MT_M: 128, MT_N: 128, MT_K: 128, MI_M: 32, MI_N: 32, MI_K: 16,
    Occupancy: 1, WGM: 6, NTA: 4, NTB: 0}
  - {Latency: 6174129, MT_M: 64, MT_N: 128, MT_K: 128, MI_M: 16, MI_N: 16, MI_K: 32,
    Occupancy: 1, WGM: 6, NTA: 4, NTB: 0}
  - {Latency: 7294270, MT_M: 64, MT_N: 64, MT_K: 256, MI_M: 32, MI_N: 32, MI_K: 16,
    Occupancy: 1, WGM: 6, NTA: 4, NTB: 0}
  - {Latency: 7971020, MT_M: 64, MT_N: 192, MT_K: 128, MI_M: 32, MI_N: 32, MI_K: 16,
    Occupancy: 1, WGM: 6, NTA: 4, NTB: 0}
  - {Latency: 8814616, MT_M: 32, MT_N: 64, MT_K: 128, MI_M: 32, MI_N: 32, MI_K: 16,
    Occupancy: 1, WGM: 6, NTA: 4, NTB: 0}
  - {Latency: 8814616, MT_M: 64, MT_N: 32, MT_K: 128, MI_M: 32, MI_N: 32, MI_K: 16,
    Occupancy: 1, WGM: 6, NTA: 4, NTB: 0}
  - {Latency: 15144026, MT_M: 64, MT_N: 16, MT_K: 256, MI_M: 16, MI_N: 16, MI_K: 32,
    Occupancy: 1, WGM: 0, NTA: 0, NTB: 0}
  - {Latency: 21765728, MT_M: 16, MT_N: 64, MT_K: 256, MI_M: 16, MI_N: 16, MI_K: 32,
    Occupancy: 1, WGM: 6, NTA: 4, NTB: 0}
  - {Latency: 34113328, MT_M: 32, MT_N: 32, MT_K: 512, MI_M: 32, MI_N: 32, MI_K: 16,
    Occupancy: 1, WGM: 6, NTA: 4, NTB: 0}
  - {Latency: 39121928, MT_M: 32, MT_N: 16, MT_K: 512, MI_M: 16, MI_N: 16, MI_K: 32,
    Occupancy: 1, WGM: 0, NTA: 0, NTB: 0}
  - {Latency: 59274960, MT_M: 16, MT_N: 32, MT_K: 512, MI_M: 16, MI_N: 16, MI_K: 32,
    Occupancy: 1, WGM: 6, NTA: 4, NTB: 0}
  - {Latency: 67523088, MT_M: 16, MT_N: 16, MT_K: 512, MI_M: 16, MI_N: 16, MI_K: 32,
    Occupancy: 1, WGM: 0, NTA: 0, NTB: 0}
- - {Latency: 108913, MT_M: 192, MT_N: 128, MT_K: 64, MI_M: 32, MI_N: 32, MI_K: 16,
    Occupancy: 1, WGM: 6, NTA: 4, NTB: 0}
  - {Latency: 122445, MT_M: 256, MT_N: 64, MT_K: 64, MI_M: 32, MI_N: 32, MI_K: 16,
    Occupancy: 1, WGM: 6, NTA: 4, NTB: 0}
  - {Latency: 144358, MT_M: 256, MT_N: 128, MT_K: 64, MI_M: 32, MI_N: 32, MI_K: 16,
    Occupancy: 1, WGM: 6, NTA: 4, NTB: 0}
  - {Latency: 148692, MT_M: 32, MT_N: 128, MT_K: 16, MI_M: 32, MI_N: 32, MI_K: 16,
    Occupancy: 5, WGM: 0, NTA: 0, NTB: 0}
  - {Latency: 164807, MT_M: 192, MT_N: 256, MT_K: 32, MI_M: 32, MI_N: 32, MI_K: 16,
    Occupancy: 1, WGM: 6, NTA: 4, NTB: 0}
  - {Latency: 168677, MT_M: 192, MT_N: 192, MT_K: 64, MI_M: 32, MI_N: 32, MI_K: 16,
    Occupancy: 1, WGM: 6, NTA: 4, NTB: 0}
  - {Latency: 170873, MT_M: 256, MT_N: 192, MT_K: 32, MI_M: 16, MI_N: 16, MI_K: 32,
    Occupancy: 1, WGM: 6, NTA: 4, NTB: 0}
  - {Latency: 185763, MT_M: 16, MT_N: 128, MT_K: 32, MI_M: 16, MI_N: 16, MI_K: 32,
    Occupancy: 3, WGM: 1, NTA: 4, NTB: 0}
  - {Latency: 189595, MT_M: 128, MT_N: 192, MT_K: 64, MI_M: 32, MI_N: 32, MI_K: 16,
    Occupancy: 1, WGM: 6, NTA: 4, NTB: 0}
  - {Latency: 218526, MT_M: 256, MT_N: 256, MT_K: 32, MI_M: 32, MI_N: 32, MI_K: 16,
    Occupancy: 1, WGM: 6, NTA: 4, NTB: 0}
  - {Latency: 266288, MT_M: 128, MT_N: 256, MT_K: 64, MI_M: 32, MI_N: 32, MI_K: 16,
    Occupancy: 1, WGM: 6, NTA: 4, NTB: 0}
  - {Latency: 317748, MT_M: 64, MT_N: 256, MT_K: 64, MI_M: 32, MI_N: 32, MI_K: 16,
    Occupancy: 1, WGM: 6, NTA: 4, NTB: 0}
  - {Latency: 430789, MT_M: 32, MT_N: 256, MT_K: 16, MI_M: 32, MI_N: 32, MI_K: 16,
    Occupancy: 2, WGM: 0, NTA: 0, NTB: 0}
  - {Latency: 524130, MT_M: 16, MT_N: 256, MT_K: 32, MI_M: 16, MI_N: 16, MI_K: 32,
    Occupancy: 2, WGM: 1, NTA: 4, NTB: 0}
  - {Latency: 822883, MT_M: 128, MT_N: 128, MT_K: 128, MI_M: 32, MI_N: 32, MI_K: 16,
    Occupancy: 1, WGM: 6, NTA: 4, NTB: 0}
  - {Latency: 893493, MT_M: 192, MT_N: 64, MT_K: 128, MI_M: 32, MI_N: 32, MI_K: 16,
    Occupancy: 1, WGM: 6, NTA: 4, NTB: 0}
  - {Latency: 1235873, MT_M: 128, MT_N: 64, MT_K: 128, MI_M: 16, MI_N: 16, MI_K: 32,
    Occupancy: 1, WGM: 6, NTA: 4, NTB: 0}
  - {Latency: 1235873, MT_M: 64, MT_N: 128, MT_K: 128, MI_M: 16, MI_N: 16, MI_K: 32,
    Occupancy: 1, WGM: 6, NTA: 4, NTB: 0}
  - {Latency: 1494288, MT_M: 64, MT_N: 192, MT_K: 128, MI_M: 32, MI_N: 32, MI_K: 16,
    Occupancy: 1, WGM: 6, NTA: 4, NTB: 0}
  - {Latency: 3021092, MT_M: 64, MT_N: 32, MT_K: 128, MI_M: 32, MI_N: 32, MI_K: 16,
    Occupancy: 1, WGM: 0, NTA: 0, NTB: 0}
  - {Latency: 3182272, MT_M: 64, MT_N: 64, MT_K: 256, MI_M: 32, MI_N: 32, MI_K: 16,
    Occupancy: 1, WGM: 6, NTA: 4, NTB: 0}
  - {Latency: 4033527, MT_M: 32, MT_N: 64, MT_K: 128, MI_M: 32, MI_N: 32, MI_K: 16,
    Occupancy: 1, WGM: 6, NTA: 4, NTB: 0}
  - {Latency: 5695468, MT_M: 64, MT_N: 16, MT_K: 256, MI_M: 16, MI_N: 16, MI_K: 32,
    Occupancy: 1, WGM: 0, NTA: 0, NTB: 0}
  - {Latency: 10294399, MT_M: 16, MT_N: 64, MT_K: 256, MI_M: 16, MI_N: 16, MI_K: 32,
    Occupancy: 1, WGM: 6, NTA: 4, NTB: 0}
  - {Latency: 10966981, MT_M: 32, MT_N: 32, MT_K: 512, MI_M: 32, MI_N: 32, MI_K: 16,
    Occupancy: 1, WGM: 0, NTA: 0, NTB: 0}
  - {Latency: 14775664, MT_M: 32, MT_N: 16, MT_K: 512, MI_M: 16, MI_N: 16, MI_K: 32,
    Occupancy: 1, WGM: 0, NTA: 0, NTB: 0}
  - {Latency: 19073435, MT_M: 16, MT_N: 32, MT_K: 512, MI_M: 16, MI_N: 16, MI_K: 32,
    Occupancy: 1, WGM: 0, NTA: 0, NTB: 0}
  - {Latency: 25357383, MT_M: 16, MT_N: 16, MT_K: 512, MI_M: 16, MI_N: 16, MI_K: 32,
    Occupancy: 1, WGM: 0, NTA: 0, NTB: 0}
- - {Latency: 838426, MT_M: 32, MT_N: 128, MT_K: 16, MI_M: 32, MI_N: 32, MI_K: 16,
    Occupancy: 5, WGM: 0, NTA: 0, NTB: 0}
  - {Latency: 1444021, MT_M: 256, MT_N: 192, MT_K: 32, MI_M: 16, MI_N: 16, MI_K: 32,
    Occupancy: 1, WGM: 0, NTA: 0, NTB: 0}
  - {Latency: 1661950, MT_M: 256, MT_N: 64, MT_K: 64, MI_M: 32, MI_N: 32, MI_K: 16,
    Occupancy: 1, WGM: 0, NTA: 0, NTB: 0}
  - {Latency: 1711761, MT_M: 256, MT_N: 256, MT_K: 32, MI_M: 32, MI_N: 32, MI_K: 16,
    Occupancy: 1, WGM: 0, NTA: 0, NTB: 0}
  - {Latency: 1853391, MT_M: 192, MT_N: 256, MT_K: 32, MI_M: 32, MI_N: 32, MI_K: 16,
    Occupancy: 1, WGM: 0, NTA: 0, NTB: 0}
  - {Latency: 2164174, MT_M: 256, MT_N: 128, MT_K: 64, MI_M: 32, MI_N: 32, MI_K: 16,
    Occupancy: 1, WGM: 0, NTA: 0, NTB: 0}
  - {Latency: 2569298, MT_M: 192, MT_N: 128, MT_K: 64, MI_M: 32, MI_N: 32, MI_K: 16,
    Occupancy: 1, WGM: 0, NTA: 0, NTB: 0}
  - {Latency: 2651330, MT_M: 32, MT_N: 256, MT_K: 16, MI_M: 32, MI_N: 32, MI_K: 16,
    Occupancy: 2, WGM: 0, NTA: 0, NTB: 0}
  - {Latency: 3052314, MT_M: 192, MT_N: 64, MT_K: 128, MI_M: 32, MI_N: 32, MI_K: 16,
    Occupancy: 1, WGM: 0, NTA: 0, NTB: 0}
  - {Latency: 3121749, MT_M: 192, MT_N: 192, MT_K: 64, MI_M: 32, MI_N: 32, MI_K: 16,
    Occupancy: 1, WGM: 0, NTA: 0, NTB: 0}
  - {Latency: 3939969, MT_M: 128, MT_N: 192, MT_K: 64, MI_M: 32, MI_N: 32, MI_K: 16,
    Occupancy: 1, WGM: 0, NTA: 0, NTB: 0}
  - {Latency: 3945589, MT_M: 128, MT_N: 64, MT_K: 128, MI_M: 16, MI_N: 16, MI_K: 32,
    Occupancy: 1, WGM: 0, NTA: 0, NTB: 0}
  - {Latency: 4602104, MT_M: 128, MT_N: 256, MT_K: 64, MI_M: 32, MI_N: 32, MI_K: 16,
    Occupancy: 1, WGM: 0, NTA: 0, NTB: 0}
  - {Latency: 5517309, MT_M: 128, MT_N: 128, MT_K: 128, MI_M: 32, MI_N: 32, MI_K: 16,
    Occupancy: 1, WGM: 0, NTA: 0, NTB: 0}
  - {Latency: 7693291, MT_M: 16, MT_N: 128, MT_K: 32, MI_M: 16, MI_N: 16, MI_K: 32,
    Occupancy: 3, WGM: 0, NTA: 0, NTB: 0}
  - {Latency: 7747716, MT_M: 64, MT_N: 256, MT_K: 64, MI_M: 32, MI_N: 32, MI_K: 16,
    Occupancy: 1, WGM: 0, NTA: 0, NTB: 0}
  - {Latency: 8263073, MT_M: 64, MT_N: 128, MT_K: 128, MI_M: 16, MI_N: 16, MI_K: 32,
    Occupancy: 1, WGM: 0, NTA: 0, NTB: 0}
  - {Latency: 10104575, MT_M: 64, MT_N: 64, MT_K: 256, MI_M: 32, MI_N: 32, MI_K: 16,
    Occupancy: 1, WGM: 0, NTA: 0, NTB: 0}
  - {Latency: 10856275, MT_M: 32, MT_N: 64, MT_K: 128, MI_M: 32, MI_N: 32, MI_K: 16,
    Occupancy: 1, WGM: 0, NTA: 0, NTB: 0}
  - {Latency: 10856275, MT_M: 64, MT_N: 32, MT_K: 128, MI_M: 32, MI_N: 32, MI_K: 16,
    Occupancy: 1, WGM: 0, NTA: 0, NTB: 0}
  - {Latency: 11068614, MT_M: 16, MT_N: 256, MT_K: 32, MI_M: 16, MI_N: 16, MI_K: 32,
    Occupancy: 2, WGM: 0, NTA: 0, NTB: 0}
  - {Latency: 11108769, MT_M: 64, MT_N: 192, MT_K: 128, MI_M: 32, MI_N: 32, MI_K: 16,
    Occupancy: 1, WGM: 0, NTA: 0, NTB: 0}
  - {Latency: 19301512, MT_M: 64, MT_N: 16, MT_K: 256, MI_M: 16, MI_N: 16, MI_K: 32,
    Occupancy: 1, WGM: 0, NTA: 0, NTB: 0}
  - {Latency: 28136428, MT_M: 16, MT_N: 64, MT_K: 256, MI_M: 16, MI_N: 16, MI_K: 32,
    Occupancy: 1, WGM: 0, NTA: 0, NTB: 0}
  - {Latency: 47701364, MT_M: 32, MT_N: 32, MT_K: 512, MI_M: 32, MI_N: 32, MI_K: 16,
    Occupancy: 1, WGM: 0, NTA: 0, NTB: 0}
  - {Latency: 52702762, MT_M: 32, MT_N: 16, MT_K: 512, MI_M: 16, MI_N: 16, MI_K: 32,
    Occupancy: 1, WGM: 0, NTA: 0, NTB: 0}
  - {Latency: 81549703, MT_M: 16, MT_N: 32, MT_K: 512, MI_M: 16, MI_N: 16, MI_K: 32,
    Occupancy: 1, WGM: 0, NTA: 0, NTB: 0}
  - {Latency: 88411802, MT_M: 16, MT_N: 16, MT_K: 512, MI_M: 16, MI_N: 16, MI_K: 32,
    Occupancy: 1, WGM: 0, NTA: 0, NTB: 0}
- - {Latency: 473265, MT_M: 32, MT_N: 128, MT_K: 16, MI_M: 32, MI_N: 32, MI_K: 16,
    Occupancy: 5, WGM: 0, NTA: 0, NTB: 0}
  - {Latency: 621094, MT_M: 256, MT_N: 192, MT_K: 32, MI_M: 16, MI_N: 16, MI_K: 32,
    Occupancy: 1, WGM: 6, NTA: 4, NTB: 0}
  - {Latency: 768763, MT_M: 256, MT_N: 256, MT_K: 32, MI_M: 32, MI_N: 32, MI_K: 16,
    Occupancy: 1, WGM: 6, NTA: 4, NTB: 0}
  - {Latency: 871143, MT_M: 192, MT_N: 256, MT_K: 32, MI_M: 32, MI_N: 32, MI_K: 16,
    Occupancy: 1, WGM: 6, NTA: 4, NTB: 0}
  - {Latency: 937118, MT_M: 256, MT_N: 64, MT_K: 64, MI_M: 32, MI_N: 32, MI_K: 16,
    Occupancy: 1, WGM: 6, NTA: 4, NTB: 0}
  - {Latency: 956420, MT_M: 16, MT_N: 128, MT_K: 32, MI_M: 16, MI_N: 16, MI_K: 32,
    Occupancy: 3, WGM: 1, NTA: 4, NTB: 0}
  - {Latency: 1541658, MT_M: 256, MT_N: 128, MT_K: 64, MI_M: 32, MI_N: 32, MI_K: 16,
    Occupancy: 1, WGM: 6, NTA: 4, NTB: 0}
  - {Latency: 1708574, MT_M: 32, MT_N: 256, MT_K: 16, MI_M: 32, MI_N: 32, MI_K: 16,
    Occupancy: 2, WGM: 0, NTA: 0, NTB: 0}
  - {Latency: 1890777, MT_M: 192, MT_N: 128, MT_K: 64, MI_M: 32, MI_N: 32, MI_K: 16,
    Occupancy: 1, WGM: 6, NTA: 4, NTB: 0}
  - {Latency: 2590511, MT_M: 64, MT_N: 32, MT_K: 128, MI_M: 32, MI_N: 32, MI_K: 16,
    Occupancy: 1, WGM: 6, NTA: 4, NTB: 0}
  - {Latency: 2649824, MT_M: 128, MT_N: 192, MT_K: 64, MI_M: 32, MI_N: 32, MI_K: 16,
    Occupancy: 1, WGM: 6, NTA: 4, NTB: 0}
  - {Latency: 2655873, MT_M: 192, MT_N: 192, MT_K: 64, MI_M: 32, MI_N: 32, MI_K: 16,
    Occupancy: 1, WGM: 6, NTA: 4, NTB: 0}
  - {Latency: 2873490, MT_M: 192, MT_N: 64, MT_K: 128, MI_M: 32, MI_N: 32, MI_K: 16,
    Occupancy: 1, WGM: 6, NTA: 4, NTB: 0}
  - {Latency: 2955810, MT_M: 128, MT_N: 64, MT_K: 128, MI_M: 16, MI_N: 16, MI_K: 32,
    Occupancy: 1, WGM: 6, NTA: 4, NTB: 0}
  - {Latency: 3371718, MT_M: 16, MT_N: 256, MT_K: 32, MI_M: 16, MI_N: 16, MI_K: 32,
    Occupancy: 2, WGM: 1, NTA: 4, NTB: 0}
  - {Latency: 3494350, MT_M: 128, MT_N: 256, MT_K: 64, MI_M: 32, MI_N: 32, MI_K: 16,
    Occupancy: 1, WGM: 6, NTA: 4, NTB: 0}
  - {Latency: 3526820, MT_M: 64, MT_N: 16, MT_K: 256, MI_M: 16, MI_N: 16, MI_K: 32,
    Occupancy: 1, WGM: 6, NTA: 4, NTB: 0}
  - {Latency: 5164849, MT_M: 128, MT_N: 128, MT_K: 128, MI_M: 32, MI_N: 32, MI_K: 16,
    Occupancy: 1, WGM: 6, NTA: 4, NTB: 0}
  - {Latency: 5404978, MT_M: 32, MT_N: 64, MT_K: 128, MI_M: 32, MI_N: 32, MI_K: 16,
    Occupancy: 1, WGM: 6, NTA: 4, NTB: 0}
  - {Latency: 5646469, MT_M: 64, MT_N: 256, MT_K: 64, MI_M: 32, MI_N: 32, MI_K: 16,
    Occupancy: 1, WGM: 6, NTA: 4, NTB: 0}
  - {Latency: 6733686, MT_M: 64, MT_N: 128, MT_K: 128, MI_M: 16, MI_N: 16, MI_K: 32,
    Occupancy: 1, WGM: 6, NTA: 4, NTB: 0}
  - {Latency: 9704026, MT_M: 64, MT_N: 64, MT_K: 256, MI_M: 32, MI_N: 32, MI_K: 16,
    Occupancy: 1, WGM: 6, NTA: 4, NTB: 0}
  - {Latency: 10915658, MT_M: 32, MT_N: 16, MT_K: 512, MI_M: 16, MI_N: 16, MI_K: 32,
    Occupancy: 1, WGM: 6, NTA: 4, NTB: 0}
  - {Latency: 10945064, MT_M: 64, MT_N: 192, MT_K: 128, MI_M: 32, MI_N: 32, MI_K: 16,
    Occupancy: 1, WGM: 6, NTA: 4, NTB: 0}
  - {Latency: 14256295, MT_M: 16, MT_N: 16, MT_K: 512, MI_M: 16, MI_N: 16, MI_K: 32,
    Occupancy: 1, WGM: 6, NTA: 4, NTB: 0}
  - {Latency: 18844206, MT_M: 32, MT_N: 32, MT_K: 512, MI_M: 32, MI_N: 32, MI_K: 16,
    Occupancy: 1, WGM: 6, NTA: 4, NTB: 0}
  - {Latency: 20991834, MT_M: 16, MT_N: 64, MT_K: 256, MI_M: 16, MI_N: 16, MI_K: 32,
    Occupancy: 1, WGM: 6, NTA: 4, NTB: 0}
  - {Latency: 23645055, MT_M: 16, MT_N: 32, MT_K: 512, MI_M: 16, MI_N: 16, MI_K: 32,
    Occupancy: 1, WGM: 6, NTA: 4, NTB: 0}
- - {Latency: 85743, MT_M: 32, MT_N: 128, MT_K: 16, MI_M: 32, MI_N: 32, MI_K: 16,
    Occupancy: 5, WGM: 0, NTA: 0, NTB: 0}
  - {Latency: 172448, MT_M: 256, MT_N: 192, MT_K: 32, MI_M: 16, MI_N: 16, MI_K: 32,
    Occupancy: 1, WGM: 0, NTA: 0, NTB: 0}
  - {Latency: 202476, MT_M: 256, MT_N: 256, MT_K: 32, MI_M: 32, MI_N: 32, MI_K: 16,
    Occupancy: 1, WGM: 0, NTA: 0, NTB: 0}
  - {Latency: 231552, MT_M: 32, MT_N: 256, MT_K: 16, MI_M: 32, MI_N: 32, MI_K: 16,
    Occupancy: 2, WGM: 0, NTA: 0, NTB: 0}
  - {Latency: 253551, MT_M: 192, MT_N: 256, MT_K: 32, MI_M: 32, MI_N: 32, MI_K: 16,
    Occupancy: 1, WGM: 0, NTA: 0, NTB: 0}
  - {Latency: 287513, MT_M: 256, MT_N: 128, MT_K: 64, MI_M: 32, MI_N: 32, MI_K: 16,
    Occupancy: 1, WGM: 0, NTA: 0, NTB: 0}
  - {Latency: 399001, MT_M: 192, MT_N: 128, MT_K: 64, MI_M: 32, MI_N: 32, MI_K: 16,
    Occupancy: 1, WGM: 0, NTA: 0, NTB: 0}
  - {Latency: 452801, MT_M: 192, MT_N: 192, MT_K: 64, MI_M: 32, MI_N: 32, MI_K: 16,
    Occupancy: 1, WGM: 0, NTA: 0, NTB: 0}
  - {Latency: 489112, MT_M: 256, MT_N: 64, MT_K: 64, MI_M: 32, MI_N: 32, MI_K: 16,
    Occupancy: 1, WGM: 0, NTA: 0, NTB: 0}
  - {Latency: 537386, MT_M: 128, MT_N: 192, MT_K: 64, MI_M: 32, MI_N: 32, MI_K: 16,
    Occupancy: 1, WGM: 0, NTA: 0, NTB: 0}
  - {Latency: 592070, MT_M: 128, MT_N: 256, MT_K: 64, MI_M: 32, MI_N: 32, MI_K: 16,
    Occupancy: 1, WGM: 0, NTA: 0, NTB: 0}
  - {Latency: 622747, MT_M: 128, MT_N: 128, MT_K: 128, MI_M: 32, MI_N: 32, MI_K: 16,
    Occupancy: 1, WGM: 0, NTA: 0, NTB: 0}
  - {Latency: 853131, MT_M: 192, MT_N: 64, MT_K: 128, MI_M: 32, MI_N: 32, MI_K: 16,
    Occupancy: 1, WGM: 0, NTA: 0, NTB: 0}
  - {Latency: 1050188, MT_M: 64, MT_N: 256, MT_K: 64, MI_M: 32, MI_N: 32, MI_K: 16,
    Occupancy: 1, WGM: 0, NTA: 0, NTB: 0}
  - {Latency: 1056526, MT_M: 64, MT_N: 128, MT_K: 128, MI_M: 16, MI_N: 16, MI_K: 32,
    Occupancy: 1, WGM: 0, NTA: 0, NTB: 0}
  - {Latency: 1056633, MT_M: 128, MT_N: 64, MT_K: 128, MI_M: 16, MI_N: 16, MI_K: 32,
    Occupancy: 1, WGM: 0, NTA: 0, NTB: 0}
  - {Latency: 1185419, MT_M: 16, MT_N: 128, MT_K: 32, MI_M: 16, MI_N: 16, MI_K: 32,
    Occupancy: 3, WGM: 0, NTA: 0, NTB: 0}
  - {Latency: 1251470, MT_M: 64, MT_N: 192, MT_K: 128, MI_M: 32, MI_N: 32, MI_K: 16,
    Occupancy: 1, WGM: 0, NTA: 0, NTB: 0}
  - {Latency: 1448856, MT_M: 16, MT_N: 256, MT_K: 32, MI_M: 16, MI_N: 16, MI_K: 32,
    Occupancy: 2, WGM: 0, NTA: 0, NTB: 0}
  - {Latency: 2632230, MT_M: 64, MT_N: 64, MT_K: 256, MI_M: 32, MI_N: 32, MI_K: 16,
    Occupancy: 1, WGM: 0, NTA: 0, NTB: 0}
  - {Latency: 3503289, MT_M: 32, MT_N: 64, MT_K: 128, MI_M: 32, MI_N: 32, MI_K: 16,
    Occupancy: 1, WGM: 0, NTA: 0, NTB: 0}
  - {Latency: 3503289, MT_M: 64, MT_N: 32, MT_K: 128, MI_M: 32, MI_N: 32, MI_K: 16,
    Occupancy: 1, WGM: 0, NTA: 0, NTB: 0}
  - {Latency: 8609606, MT_M: 64, MT_N: 16, MT_K: 256, MI_M: 16, MI_N: 16, MI_K: 32,
    Occupancy: 1, WGM: 0, NTA: 0, NTB: 0}
  - {Latency: 8650482, MT_M: 16, MT_N: 64, MT_K: 256, MI_M: 16, MI_N: 16, MI_K: 32,
    Occupancy: 1, WGM: 0, NTA: 0, NTB: 0}
  - {Latency: 13558790, MT_M: 32, MT_N: 32, MT_K: 512, MI_M: 32, MI_N: 32, MI_K: 16,
    Occupancy: 1, WGM: 0, NTA: 0, NTB: 0}
  - {Latency: 23403712, MT_M: 32, MT_N: 16, MT_K: 512, MI_M: 16, MI_N: 16, MI_K: 32,
    Occupancy: 1, WGM: 0, NTA: 0, NTB: 0}
  - {Latency: 23443151, MT_M: 16, MT_N: 32, MT_K: 512, MI_M: 16, MI_N: 16, MI_K: 32,
    Occupancy: 1, WGM: 0, NTA: 0, NTB: 0}
  - {Latency: 39258670, MT_M: 16, MT_N: 16, MT_K: 512, MI_M: 16, MI_N: 16, MI_K: 32,
    Occupancy: 1, WGM: 0, NTA: 0, NTB: 0}
- - {Latency: 2901007, MT_M: 256, MT_N: 256, MT_K: 32, MI_M: 32, MI_N: 32, MI_K: 16,
    Occupancy: 1, WGM: 0, NTA: 0, NTB: 0}
  - {Latency: 3393696, MT_M: 192, MT_N: 192, MT_K: 64, MI_M: 32, MI_N: 32, MI_K: 16,
    Occupancy: 1, WGM: 0, NTA: 0, NTB: 0}
  - {Latency: 3417246, MT_M: 192, MT_N: 256, MT_K: 32, MI_M: 32, MI_N: 32, MI_K: 16,
    Occupancy: 1, WGM: 0, NTA: 0, NTB: 0}
  - {Latency: 3419014, MT_M: 256, MT_N: 192, MT_K: 32, MI_M: 16, MI_N: 16, MI_K: 32,
    Occupancy: 1, WGM: 0, NTA: 0, NTB: 0}
  - {Latency: 3586593, MT_M: 128, MT_N: 256, MT_K: 64, MI_M: 32, MI_N: 32, MI_K: 16,
    Occupancy: 1, WGM: 0, NTA: 0, NTB: 0}
  - {Latency: 4037424, MT_M: 256, MT_N: 128, MT_K: 64, MI_M: 32, MI_N: 32, MI_K: 16,
    Occupancy: 1, WGM: 0, NTA: 0, NTB: 0}
  - {Latency: 4129699, MT_M: 128, MT_N: 192, MT_K: 64, MI_M: 32, MI_N: 32, MI_K: 16,
    Occupancy: 1, WGM: 0, NTA: 0, NTB: 0}
  - {Latency: 4273536, MT_M: 192, MT_N: 128, MT_K: 64, MI_M: 32, MI_N: 32, MI_K: 16,
    Occupancy: 1, WGM: 0, NTA: 0, NTB: 0}
  - {Latency: 4607581, MT_M: 128, MT_N: 128, MT_K: 128, MI_M: 32, MI_N: 32, MI_K: 16,
    Occupancy: 1, WGM: 0, NTA: 0, NTB: 0}
  - {Latency: 5949424, MT_M: 64, MT_N: 256, MT_K: 64, MI_M: 32, MI_N: 32, MI_K: 16,
    Occupancy: 1, WGM: 0, NTA: 0, NTB: 0}
  - {Latency: 5982077, MT_M: 64, MT_N: 192, MT_K: 128, MI_M: 32, MI_N: 32, MI_K: 16,
    Occupancy: 1, WGM: 0, NTA: 0, NTB: 0}
  - {Latency: 6407406, MT_M: 256, MT_N: 64, MT_K: 64, MI_M: 32, MI_N: 32, MI_K: 16,
    Occupancy: 1, WGM: 0, NTA: 0, NTB: 0}
  - {Latency: 6408391, MT_M: 192, MT_N: 64, MT_K: 128, MI_M: 32, MI_N: 32, MI_K: 16,
    Occupancy: 1, WGM: 0, NTA: 0, NTB: 0}
  - {Latency: 6871082, MT_M: 128, MT_N: 64, MT_K: 128, MI_M: 16, MI_N: 16, MI_K: 32,
    Occupancy: 1, WGM: 0, NTA: 0, NTB: 0}
  - {Latency: 6883251, MT_M: 64, MT_N: 128, MT_K: 128, MI_M: 16, MI_N: 16, MI_K: 32,
    Occupancy: 1, WGM: 0, NTA: 0, NTB: 0}
  - {Latency: 9198829, MT_M: 64, MT_N: 64, MT_K: 256, MI_M: 32, MI_N: 32, MI_K: 16,
    Occupancy: 1, WGM: 0, NTA: 0, NTB: 0}
  - {Latency: 14772124, MT_M: 32, MT_N: 64, MT_K: 128, MI_M: 32, MI_N: 32, MI_K: 16,
    Occupancy: 1, WGM: 0, NTA: 0, NTB: 0}
  - {Latency: 14981824, MT_M: 64, MT_N: 32, MT_K: 128, MI_M: 32, MI_N: 32, MI_K: 16,
    Occupancy: 1, WGM: 0, NTA: 0, NTB: 0}
  - {Latency: 20096087, MT_M: 32, MT_N: 32, MT_K: 512, MI_M: 32, MI_N: 32, MI_K: 16,
    Occupancy: 1, WGM: 0, NTA: 0, NTB: 0}
  - {Latency: 22406948, MT_M: 16, MT_N: 256, MT_K: 32, MI_M: 16, MI_N: 16, MI_K: 32,
    Occupancy: 2, WGM: 0, NTA: 0, NTB: 0}
  - {Latency: 23291916, MT_M: 32, MT_N: 256, MT_K: 16, MI_M: 32, MI_N: 32, MI_K: 16,
    Occupancy: 2, WGM: 0, NTA: 0, NTB: 0}
  - {Latency: 23579863, MT_M: 16, MT_N: 64, MT_K: 256, MI_M: 16, MI_N: 16, MI_K: 32,
    Occupancy: 1, WGM: 0, NTA: 0, NTB: 0}
  - {Latency: 24021938, MT_M: 64, MT_N: 16, MT_K: 256, MI_M: 16, MI_N: 16, MI_K: 32,
    Occupancy: 1, WGM: 0, NTA: 0, NTB: 0}
  - {Latency: 29436104, MT_M: 16, MT_N: 128, MT_K: 32, MI_M: 16, MI_N: 16, MI_K: 32,
    Occupancy: 3, WGM: 0, NTA: 0, NTB: 0}
  - {Latency: 31253966, MT_M: 32, MT_N: 128, MT_K: 16, MI_M: 32, MI_N: 32, MI_K: 16,
    Occupancy: 5, WGM: 0, NTA: 0, NTB: 0}
  - {Latency: 31873891, MT_M: 16, MT_N: 32, MT_K: 512, MI_M: 16, MI_N: 16, MI_K: 32,
    Occupancy: 1, WGM: 0, NTA: 0, NTB: 0}
  - {Latency: 31960913, MT_M: 32, MT_N: 16, MT_K: 512, MI_M: 16, MI_N: 16, MI_K: 32,
    Occupancy: 1, WGM: 0, NTA: 0, NTB: 0}
  - {Latency: 47224469, MT_M: 16, MT_N: 16, MT_K: 512, MI_M: 16, MI_N: 16, MI_K: 32,
    Occupancy: 1, WGM: 0, NTA: 0, NTB: 0}
- - {Latency: 46427592, MT_M: 256, MT_N: 256, MT_K: 32, MI_M: 32, MI_N: 32, MI_K: 16,
    Occupancy: 1, WGM: 0, NTA: 0, NTB: 0}
  - {Latency: 46708170, MT_M: 192, MT_N: 256, MT_K: 32, MI_M: 32, MI_N: 32, MI_K: 16,
    Occupancy: 1, WGM: 0, NTA: 0, NTB: 0}
  - {Latency: 49501869, MT_M: 192, MT_N: 192, MT_K: 64, MI_M: 32, MI_N: 32, MI_K: 16,
    Occupancy: 1, WGM: 0, NTA: 0, NTB: 0}
  - {Latency: 54623659, MT_M: 256, MT_N: 192, MT_K: 32, MI_M: 16, MI_N: 16, MI_K: 32,
    Occupancy: 1, WGM: 0, NTA: 0, NTB: 0}
  - {Latency: 58235064, MT_M: 128, MT_N: 256, MT_K: 64, MI_M: 32, MI_N: 32, MI_K: 16,
    Occupancy: 1, WGM: 0, NTA: 0, NTB: 0}
  - {Latency: 62141783, MT_M: 192, MT_N: 128, MT_K: 64, MI_M: 32, MI_N: 32, MI_K: 16,
    Occupancy: 1, WGM: 0, NTA: 0, NTB: 0}
  - {Latency: 64657071, MT_M: 256, MT_N: 128, MT_K: 64, MI_M: 32, MI_N: 32, MI_K: 16,
    Occupancy: 1, WGM: 0, NTA: 0, NTB: 0}
  - {Latency: 65673551, MT_M: 128, MT_N: 192, MT_K: 64, MI_M: 32, MI_N: 32, MI_K: 16,
    Occupancy: 1, WGM: 0, NTA: 0, NTB: 0}
  - {Latency: 76695785, MT_M: 128, MT_N: 128, MT_K: 128, MI_M: 32, MI_N: 32, MI_K: 16,
    Occupancy: 1, WGM: 0, NTA: 0, NTB: 0}
  - {Latency: 90892538, MT_M: 64, MT_N: 256, MT_K: 64, MI_M: 32, MI_N: 32, MI_K: 16,
    Occupancy: 1, WGM: 0, NTA: 0, NTB: 0}
  - {Latency: 94833405, MT_M: 192, MT_N: 64, MT_K: 128, MI_M: 32, MI_N: 32, MI_K: 16,
    Occupancy: 1, WGM: 0, NTA: 0, NTB: 0}
  - {Latency: 94833405, MT_M: 64, MT_N: 192, MT_K: 128, MI_M: 32, MI_N: 32, MI_K: 16,
    Occupancy: 1, WGM: 0, NTA: 0, NTB: 0}
  - {Latency: 106385488, MT_M: 256, MT_N: 64, MT_K: 64, MI_M: 32, MI_N: 32, MI_K: 16,
    Occupancy: 1, WGM: 0, NTA: 0, NTB: 0}
  - {Latency: 110272310, MT_M: 64, MT_N: 128, MT_K: 128, MI_M: 16, MI_N: 16, MI_K: 32,
    Occupancy: 1, WGM: 0, NTA: 0, NTB: 0}
  - {Latency: 116577887, MT_M: 128, MT_N: 64, MT_K: 128, MI_M: 16, MI_N: 16, MI_K: 32,
    Occupancy: 1, WGM: 0, NTA: 0, NTB: 0}
  - {Latency: 147634198, MT_M: 64, MT_N: 64, MT_K: 256, MI_M: 32, MI_N: 32, MI_K: 16,
    Occupancy: 1, WGM: 0, NTA: 0, NTB: 0}
  - {Latency: 240877220, MT_M: 64, MT_N: 32, MT_K: 128, MI_M: 32, MI_N: 32, MI_K: 16,
    Occupancy: 1, WGM: 0, NTA: 0, NTB: 0}
  - {Latency: 240884224, MT_M: 32, MT_N: 64, MT_K: 128, MI_M: 32, MI_N: 32, MI_K: 16,
    Occupancy: 1, WGM: 0, NTA: 0, NTB: 0}
  - {Latency: 351662396, MT_M: 32, MT_N: 32, MT_K: 512, MI_M: 32, MI_N: 32, MI_K: 16,
    Occupancy: 1, WGM: 0, NTA: 0, NTB: 0}
  - {Latency: 354678379, MT_M: 16, MT_N: 256, MT_K: 32, MI_M: 16, MI_N: 16, MI_K: 32,
    Occupancy: 2, WGM: 0, NTA: 0, NTB: 0}
  - {Latency: 364458277, MT_M: 32, MT_N: 256, MT_K: 16, MI_M: 32, MI_N: 32, MI_K: 16,
    Occupancy: 2, WGM: 0, NTA: 0, NTB: 0}
  - {Latency: 390384322, MT_M: 64, MT_N: 16, MT_K: 256, MI_M: 16, MI_N: 16, MI_K: 32,
    Occupancy: 1, WGM: 0, NTA: 0, NTB: 0}
  - {Latency: 394848305, MT_M: 16, MT_N: 64, MT_K: 256, MI_M: 16, MI_N: 16, MI_K: 32,
    Occupancy: 1, WGM: 0, NTA: 0, NTB: 0}
  - {Latency: 472126290, MT_M: 16, MT_N: 128, MT_K: 32, MI_M: 16, MI_N: 16, MI_K: 32,
    Occupancy: 3, WGM: 0, NTA: 0, NTB: 0}
  - {Latency: 496266641, MT_M: 32, MT_N: 128, MT_K: 16, MI_M: 32, MI_N: 32, MI_K: 16,
    Occupancy: 5, WGM: 0, NTA: 0, NTB: 0}
  - {Latency: 573421255, MT_M: 32, MT_N: 16, MT_K: 512, MI_M: 16, MI_N: 16, MI_K: 32,
    Occupancy: 1, WGM: 0, NTA: 0, NTB: 0}
  - {Latency: 577917593, MT_M: 16, MT_N: 32, MT_K: 512, MI_M: 16, MI_N: 16, MI_K: 32,
    Occupancy: 1, WGM: 0, NTA: 0, NTB: 0}
  - {Latency: 889382967, MT_M: 16, MT_N: 16, MT_K: 512, MI_M: 16, MI_N: 16, MI_K: 32,
    Occupancy: 1, WGM: 0, NTA: 0, NTB: 0}
- - {Latency: 6021288, MT_M: 256, MT_N: 256, MT_K: 32, MI_M: 32, MI_N: 32, MI_K: 16,
    Occupancy: 1, WGM: 0, NTA: 0, NTB: 0}
  - {Latency: 6836093, MT_M: 192, MT_N: 256, MT_K: 32, MI_M: 32, MI_N: 32, MI_K: 16,
    Occupancy: 1, WGM: 0, NTA: 0, NTB: 0}
  - {Latency: 6890767, MT_M: 256, MT_N: 192, MT_K: 32, MI_M: 16, MI_N: 16, MI_K: 32,
    Occupancy: 1, WGM: 0, NTA: 0, NTB: 0}
  - {Latency: 7400968, MT_M: 192, MT_N: 192, MT_K: 64, MI_M: 32, MI_N: 32, MI_K: 16,
    Occupancy: 1, WGM: 0, NTA: 0, NTB: 0}
  - {Latency: 8237815, MT_M: 256, MT_N: 128, MT_K: 64, MI_M: 32, MI_N: 32, MI_K: 16,
    Occupancy: 1, WGM: 0, NTA: 0, NTB: 0}
  - {Latency: 8237815, MT_M: 128, MT_N: 256, MT_K: 64, MI_M: 32, MI_N: 32, MI_K: 16,
    Occupancy: 1, WGM: 0, NTA: 0, NTB: 0}
  - {Latency: 9083695, MT_M: 192, MT_N: 128, MT_K: 64, MI_M: 32, MI_N: 32, MI_K: 16,
    Occupancy: 1, WGM: 0, NTA: 0, NTB: 0}
  - {Latency: 9084495, MT_M: 128, MT_N: 192, MT_K: 64, MI_M: 32, MI_N: 32, MI_K: 16,
    Occupancy: 1, WGM: 0, NTA: 0, NTB: 0}
  - {Latency: 10982648, MT_M: 128, MT_N: 128, MT_K: 128, MI_M: 32, MI_N: 32, MI_K: 16,
    Occupancy: 1, WGM: 0, NTA: 0, NTB: 0}
  - {Latency: 11156156, MT_M: 64, MT_N: 256, MT_K: 64, MI_M: 32, MI_N: 32, MI_K: 16,
    Occupancy: 1, WGM: 0, NTA: 0, NTB: 0}
  - {Latency: 12078859, MT_M: 64, MT_N: 192, MT_K: 128, MI_M: 32, MI_N: 32, MI_K: 16,
    Occupancy: 1, WGM: 0, NTA: 0, NTB: 0}
  - {Latency: 13102323, MT_M: 256, MT_N: 64, MT_K: 64, MI_M: 32, MI_N: 32, MI_K: 16,
    Occupancy: 1, WGM: 0, NTA: 0, NTB: 0}
  - {Latency: 14031060, MT_M: 64, MT_N: 128, MT_K: 128, MI_M: 16, MI_N: 16, MI_K: 32,
    Occupancy: 1, WGM: 0, NTA: 0, NTB: 0}
  - {Latency: 14140696, MT_M: 192, MT_N: 64, MT_K: 128, MI_M: 32, MI_N: 32, MI_K: 16,
    Occupancy: 1, WGM: 0, NTA: 0, NTB: 0}
  - {Latency: 16449417, MT_M: 128, MT_N: 64, MT_K: 128, MI_M: 16, MI_N: 16, MI_K: 32,
    Occupancy: 1, WGM: 0, NTA: 0, NTB: 0}
  - {Latency: 20095534, MT_M: 64, MT_N: 64, MT_K: 256, MI_M: 32, MI_N: 32, MI_K: 16,
    Occupancy: 1, WGM: 0, NTA: 0, NTB: 0}
  - {Latency: 29992513, MT_M: 32, MT_N: 64, MT_K: 128, MI_M: 32, MI_N: 32, MI_K: 16,
    Occupancy: 1, WGM: 0, NTA: 0, NTB: 0}
  - {Latency: 29992513, MT_M: 64, MT_N: 32, MT_K: 128, MI_M: 32, MI_N: 32, MI_K: 16,
    Occupancy: 1, WGM: 0, NTA: 0, NTB: 0}
  - {Latency: 41459026, MT_M: 16, MT_N: 256, MT_K: 32, MI_M: 16, MI_N: 16, MI_K: 32,
    Occupancy: 2, WGM: 0, NTA: 0, NTB: 0}
  - {Latency: 42110688, MT_M: 32, MT_N: 256, MT_K: 16, MI_M: 32, MI_N: 32, MI_K: 16,
    Occupancy: 2, WGM: 0, NTA: 0, NTB: 0}
  - {Latency: 49679627, MT_M: 32, MT_N: 32, MT_K: 512, MI_M: 32, MI_N: 32, MI_K: 16,
    Occupancy: 1, WGM: 0, NTA: 0, NTB: 0}
  - {Latency: 51561865, MT_M: 64, MT_N: 16, MT_K: 256, MI_M: 16, MI_N: 16, MI_K: 32,
    Occupancy: 1, WGM: 0, NTA: 0, NTB: 0}
  - {Latency: 52538089, MT_M: 16, MT_N: 64, MT_K: 256, MI_M: 16, MI_N: 16, MI_K: 32,
    Occupancy: 1, WGM: 0, NTA: 0, NTB: 0}
  - {Latency: 54665262, MT_M: 16, MT_N: 128, MT_K: 32, MI_M: 16, MI_N: 16, MI_K: 32,
    Occupancy: 3, WGM: 0, NTA: 0, NTB: 0}
  - {Latency: 57049910, MT_M: 32, MT_N: 128, MT_K: 16, MI_M: 32, MI_N: 32, MI_K: 16,
    Occupancy: 5, WGM: 0, NTA: 0, NTB: 0}
  - {Latency: 77072837, MT_M: 32, MT_N: 16, MT_K: 512, MI_M: 16, MI_N: 16, MI_K: 32,
    Occupancy: 1, WGM: 0, NTA: 0, NTB: 0}
  - {Latency: 78049061, MT_M: 16, MT_N: 32, MT_K: 512, MI_M: 16, MI_N: 16, MI_K: 32,
    Occupancy: 1, WGM: 0, NTA: 0, NTB: 0}
  - {Latency: 109765270, MT_M: 16, MT_N: 16, MT_K: 512, MI_M: 16, MI_N: 16, MI_K: 32,
    Occupancy: 1, WGM: 0, NTA: 0, NTB: 0}
- - {Latency: 3532846, MT_M: 256, MT_N: 256, MT_K: 32, MI_M: 32, MI_N: 32, MI_K: 16,
    Occupancy: 1, WGM: 0, NTA: 0, NTB: 0}
  - {Latency: 3856169, MT_M: 192, MT_N: 256, MT_K: 32, MI_M: 32, MI_N: 32, MI_K: 16,
    Occupancy: 1, WGM: 0, NTA: 0, NTB: 0}
  - {Latency: 3952282, MT_M: 256, MT_N: 192, MT_K: 32, MI_M: 16, MI_N: 16, MI_K: 32,
    Occupancy: 1, WGM: 0, NTA: 0, NTB: 0}
  - {Latency: 4072549, MT_M: 192, MT_N: 192, MT_K: 64, MI_M: 32, MI_N: 32, MI_K: 16,
    Occupancy: 1, WGM: 0, NTA: 0, NTB: 0}
  - {Latency: 4337016, MT_M: 256, MT_N: 128, MT_K: 64, MI_M: 32, MI_N: 32, MI_K: 16,
    Occupancy: 1, WGM: 0, NTA: 0, NTB: 0}
  - {Latency: 4337016, MT_M: 128, MT_N: 256, MT_K: 64, MI_M: 32, MI_N: 32, MI_K: 16,
    Occupancy: 1, WGM: 0, NTA: 0, NTB: 0}
  - {Latency: 4625610, MT_M: 192, MT_N: 128, MT_K: 64, MI_M: 32, MI_N: 32, MI_K: 16,
    Occupancy: 1, WGM: 0, NTA: 0, NTB: 0}
  - {Latency: 4625610, MT_M: 128, MT_N: 192, MT_K: 64, MI_M: 32, MI_N: 32, MI_K: 16,
    Occupancy: 1, WGM: 0, NTA: 0, NTB: 0}
  - {Latency: 5146623, MT_M: 64, MT_N: 256, MT_K: 64, MI_M: 32, MI_N: 32, MI_K: 16,
    Occupancy: 1, WGM: 0, NTA: 0, NTB: 0}
  - {Latency: 5350779, MT_M: 128, MT_N: 128, MT_K: 128, MI_M: 32, MI_N: 32, MI_K: 16,
    Occupancy: 1, WGM: 0, NTA: 0, NTB: 0}
  - {Latency: 5521924, MT_M: 64, MT_N: 192, MT_K: 128, MI_M: 32, MI_N: 32, MI_K: 16,
    Occupancy: 1, WGM: 0, NTA: 0, NTB: 0}
  - {Latency: 5927320, MT_M: 256, MT_N: 64, MT_K: 64, MI_M: 32, MI_N: 32, MI_K: 16,
    Occupancy: 1, WGM: 0, NTA: 0, NTB: 0}
  - {Latency: 6349763, MT_M: 64, MT_N: 128, MT_K: 128, MI_M: 16, MI_N: 16, MI_K: 32,
    Occupancy: 1, WGM: 0, NTA: 0, NTB: 0}
  - {Latency: 6365158, MT_M: 192, MT_N: 64, MT_K: 128, MI_M: 32, MI_N: 32, MI_K: 16,
    Occupancy: 1, WGM: 0, NTA: 0, NTB: 0}
  - {Latency: 7349066, MT_M: 128, MT_N: 64, MT_K: 128, MI_M: 16, MI_N: 16, MI_K: 32,
    Occupancy: 1, WGM: 0, NTA: 0, NTB: 0}
  - {Latency: 10654439, MT_M: 64, MT_N: 32, MT_K: 128, MI_M: 32, MI_N: 32, MI_K: 16,
    Occupancy: 1, WGM: 0, NTA: 0, NTB: 0}
  - {Latency: 10654695, MT_M: 32, MT_N: 64, MT_K: 128, MI_M: 32, MI_N: 32, MI_K: 16,
    Occupancy: 1, WGM: 0, NTA: 0, NTB: 0}
  - {Latency: 15167462, MT_M: 32, MT_N: 256, MT_K: 16, MI_M: 32, MI_N: 32, MI_K: 16,
    Occupancy: 2, WGM: 0, NTA: 0, NTB: 0}
  - {Latency: 15743787, MT_M: 16, MT_N: 256, MT_K: 32, MI_M: 16, MI_N: 16, MI_K: 32,
    Occupancy: 2, WGM: 0, NTA: 0, NTB: 0}
  - {Latency: 19497677, MT_M: 16, MT_N: 128, MT_K: 32, MI_M: 16, MI_N: 16, MI_K: 32,
    Occupancy: 3, WGM: 0, NTA: 0, NTB: 0}
  - {Latency: 19605725, MT_M: 32, MT_N: 128, MT_K: 16, MI_M: 32, MI_N: 32, MI_K: 16,
    Occupancy: 5, WGM: 0, NTA: 0, NTB: 0}
  - {Latency: 33555100, MT_M: 64, MT_N: 64, MT_K: 256, MI_M: 32, MI_N: 32, MI_K: 16,
    Occupancy: 1, WGM: 0, NTA: 0, NTB: 0}
  - {Latency: 112090511, MT_M: 16, MT_N: 64, MT_K: 256, MI_M: 16, MI_N: 16, MI_K: 32,
    Occupancy: 1, WGM: 0, NTA: 0, NTB: 0}
  - {Latency: 113531326, MT_M: 64, MT_N: 16, MT_K: 256, MI_M: 16, MI_N: 16, MI_K: 32,
    Occupancy: 1, WGM: 0, NTA: 0, NTB: 0}
  - {Latency: 298854717, MT_M: 32, MT_N: 32, MT_K: 512, MI_M: 32, MI_N: 32, MI_K: 16,
    Occupancy: 1, WGM: 0, NTA: 0, NTB: 0}
  - {Latency: 564752291, MT_M: 16, MT_N: 32, MT_K: 512, MI_M: 16, MI_N: 16, MI_K: 32,
    Occupancy: 1, WGM: 0, NTA: 0, NTB: 0}
  - {Latency: 577525741, MT_M: 32, MT_N: 16, MT_K: 512, MI_M: 16, MI_N: 16, MI_K: 32,
    Occupancy: 1, WGM: 0, NTA: 0, NTB: 0}
  - {Latency: 1087507696, MT_M: 16, MT_N: 16, MT_K: 512, MI_M: 16, MI_N: 16, MI_K: 32,
    Occupancy: 1, WGM: 0, NTA: 0, NTB: 0}
- - {Latency: 4693602, MT_M: 192, MT_N: 256, MT_K: 32, MI_M: 32, MI_N: 32, MI_K: 16,
    Occupancy: 1, WGM: 0, NTA: 0, NTB: 0}
  - {Latency: 4878294, MT_M: 256, MT_N: 256, MT_K: 32, MI_M: 32, MI_N: 32, MI_K: 16,
    Occupancy: 1, WGM: 0, NTA: 0, NTB: 0}
  - {Latency: 4942508, MT_M: 192, MT_N: 192, MT_K: 64, MI_M: 32, MI_N: 32, MI_K: 16,
    Occupancy: 1, WGM: 0, NTA: 0, NTB: 0}
  - {Latency: 5434934, MT_M: 128, MT_N: 256, MT_K: 64, MI_M: 32, MI_N: 32, MI_K: 16,
    Occupancy: 1, WGM: 0, NTA: 0, NTB: 0}
  - {Latency: 5690498, MT_M: 256, MT_N: 192, MT_K: 32, MI_M: 16, MI_N: 16, MI_K: 32,
    Occupancy: 1, WGM: 0, NTA: 0, NTB: 0}
  - {Latency: 6166651, MT_M: 192, MT_N: 128, MT_K: 64, MI_M: 32, MI_N: 32, MI_K: 16,
    Occupancy: 1, WGM: 0, NTA: 0, NTB: 0}
  - {Latency: 6167725, MT_M: 128, MT_N: 192, MT_K: 64, MI_M: 32, MI_N: 32, MI_K: 16,
    Occupancy: 1, WGM: 0, NTA: 0, NTB: 0}
  - {Latency: 6513049, MT_M: 256, MT_N: 128, MT_K: 64, MI_M: 32, MI_N: 32, MI_K: 16,
    Occupancy: 1, WGM: 0, NTA: 0, NTB: 0}
  - {Latency: 7325679, MT_M: 128, MT_N: 128, MT_K: 128, MI_M: 32, MI_N: 32, MI_K: 16,
    Occupancy: 1, WGM: 0, NTA: 0, NTB: 0}
  - {Latency: 8699332, MT_M: 64, MT_N: 256, MT_K: 64, MI_M: 32, MI_N: 32, MI_K: 16,
    Occupancy: 1, WGM: 0, NTA: 0, NTB: 0}
  - {Latency: 9486041, MT_M: 192, MT_N: 64, MT_K: 128, MI_M: 32, MI_N: 32, MI_K: 16,
    Occupancy: 1, WGM: 0, NTA: 0, NTB: 0}
  - {Latency: 9487882, MT_M: 64, MT_N: 192, MT_K: 128, MI_M: 32, MI_N: 32, MI_K: 16,
    Occupancy: 1, WGM: 0, NTA: 0, NTB: 0}
  - {Latency: 10451290, MT_M: 256, MT_N: 64, MT_K: 64, MI_M: 32, MI_N: 32, MI_K: 16,
    Occupancy: 1, WGM: 0, NTA: 0, NTB: 0}
  - {Latency: 11040211, MT_M: 128, MT_N: 64, MT_K: 128, MI_M: 16, MI_N: 16, MI_K: 32,
    Occupancy: 1, WGM: 0, NTA: 0, NTB: 0}
  - {Latency: 11040211, MT_M: 64, MT_N: 128, MT_K: 128, MI_M: 16, MI_N: 16, MI_K: 32,
    Occupancy: 1, WGM: 0, NTA: 0, NTB: 0}
  - {Latency: 16314463, MT_M: 64, MT_N: 64, MT_K: 256, MI_M: 32, MI_N: 32, MI_K: 16,
    Occupancy: 1, WGM: 0, NTA: 0, NTB: 0}
  - {Latency: 22551167, MT_M: 32, MT_N: 64, MT_K: 128, MI_M: 32, MI_N: 32, MI_K: 16,
    Occupancy: 1, WGM: 0, NTA: 0, NTB: 0}
  - {Latency: 23693709, MT_M: 64, MT_N: 32, MT_K: 128, MI_M: 32, MI_N: 32, MI_K: 16,
    Occupancy: 1, WGM: 0, NTA: 0, NTB: 0}
  - {Latency: 31232797, MT_M: 32, MT_N: 256, MT_K: 16, MI_M: 32, MI_N: 32, MI_K: 16,
    Occupancy: 2, WGM: 0, NTA: 0, NTB: 0}
  - {Latency: 31322826, MT_M: 16, MT_N: 256, MT_K: 32, MI_M: 16, MI_N: 16, MI_K: 32,
    Occupancy: 2, WGM: 0, NTA: 0, NTB: 0}
  - {Latency: 41352264, MT_M: 16, MT_N: 128, MT_K: 32, MI_M: 16, MI_N: 16, MI_K: 32,
    Occupancy: 3, WGM: 0, NTA: 0, NTB: 0}
  - {Latency: 42126574, MT_M: 32, MT_N: 128, MT_K: 16, MI_M: 32, MI_N: 32, MI_K: 16,
    Occupancy: 5, WGM: 0, NTA: 0, NTB: 0}
  - {Latency: 43633388, MT_M: 16, MT_N: 64, MT_K: 256, MI_M: 16, MI_N: 16, MI_K: 32,
    Occupancy: 1, WGM: 0, NTA: 0, NTB: 0}
  - {Latency: 44923754, MT_M: 64, MT_N: 16, MT_K: 256, MI_M: 16, MI_N: 16, MI_K: 32,
    Occupancy: 1, WGM: 0, NTA: 0, NTB: 0}
  - {Latency: 51134121, MT_M: 32, MT_N: 32, MT_K: 512, MI_M: 32, MI_N: 32, MI_K: 16,
    Occupancy: 1, WGM: 0, NTA: 0, NTB: 0}
  - {Latency: 90046708, MT_M: 32, MT_N: 16, MT_K: 512, MI_M: 16, MI_N: 16, MI_K: 32,
    Occupancy: 1, WGM: 0, NTA: 0, NTB: 0}
  - {Latency: 90809885, MT_M: 16, MT_N: 32, MT_K: 512, MI_M: 16, MI_N: 16, MI_K: 32,
    Occupancy: 1, WGM: 0, NTA: 0, NTB: 0}
  - {Latency: 155983889, MT_M: 16, MT_N: 16, MT_K: 512, MI_M: 16, MI_N: 16, MI_K: 32,
    Occupancy: 1, WGM: 0, NTA: 0, NTB: 0}
- - {Latency: 28561501, MT_M: 256, MT_N: 256, MT_K: 32, MI_M: 32, MI_N: 32, MI_K: 16,
    Occupancy: 1, WGM: 0, NTA: 0, NTB: 0}
  - {Latency: 33567387, MT_M: 192, MT_N: 256, MT_K: 32, MI_M: 32, MI_N: 32, MI_K: 16,
    Occupancy: 1, WGM: 0, NTA: 0, NTB: 0}
  - {Latency: 33732680, MT_M: 256, MT_N: 192, MT_K: 32, MI_M: 16, MI_N: 16, MI_K: 32,
    Occupancy: 1, WGM: 0, NTA: 0, NTB: 0}
  - {Latency: 35330581, MT_M: 192, MT_N: 192, MT_K: 64, MI_M: 32, MI_N: 32, MI_K: 16,
    Occupancy: 1, WGM: 0, NTA: 0, NTB: 0}
  - {Latency: 39145383, MT_M: 256, MT_N: 128, MT_K: 64, MI_M: 32, MI_N: 32, MI_K: 16,
    Occupancy: 1, WGM: 0, NTA: 0, NTB: 0}
  - {Latency: 39145383, MT_M: 128, MT_N: 256, MT_K: 64, MI_M: 32, MI_N: 32, MI_K: 16,
    Occupancy: 1, WGM: 0, NTA: 0, NTB: 0}
  - {Latency: 44046418, MT_M: 192, MT_N: 128, MT_K: 64, MI_M: 32, MI_N: 32, MI_K: 16,
    Occupancy: 1, WGM: 0, NTA: 0, NTB: 0}
  - {Latency: 44046418, MT_M: 128, MT_N: 192, MT_K: 64, MI_M: 32, MI_N: 32, MI_K: 16,
    Occupancy: 1, WGM: 0, NTA: 0, NTB: 0}
  - {Latency: 51715978, MT_M: 128, MT_N: 128, MT_K: 128, MI_M: 32, MI_N: 32, MI_K: 16,
    Occupancy: 1, WGM: 0, NTA: 0, NTB: 0}
  - {Latency: 64240637, MT_M: 256, MT_N: 64, MT_K: 64, MI_M: 32, MI_N: 32, MI_K: 16,
    Occupancy: 1, WGM: 0, NTA: 0, NTB: 0}
  - {Latency: 64240637, MT_M: 64, MT_N: 256, MT_K: 64, MI_M: 32, MI_N: 32, MI_K: 16,
    Occupancy: 1, WGM: 0, NTA: 0, NTB: 0}
  - {Latency: 67453276, MT_M: 192, MT_N: 64, MT_K: 128, MI_M: 32, MI_N: 32, MI_K: 16,
    Occupancy: 1, WGM: 0, NTA: 0, NTB: 0}
  - {Latency: 67453276, MT_M: 64, MT_N: 192, MT_K: 128, MI_M: 32, MI_N: 32, MI_K: 16,
    Occupancy: 1, WGM: 0, NTA: 0, NTB: 0}
  - {Latency: 78495877, MT_M: 128, MT_N: 64, MT_K: 128, MI_M: 16, MI_N: 16, MI_K: 32,
    Occupancy: 1, WGM: 0, NTA: 0, NTB: 0}
  - {Latency: 78495877, MT_M: 64, MT_N: 128, MT_K: 128, MI_M: 16, MI_N: 16, MI_K: 32,
    Occupancy: 1, WGM: 0, NTA: 0, NTB: 0}
  - {Latency: 106446388, MT_M: 64, MT_N: 64, MT_K: 256, MI_M: 32, MI_N: 32, MI_K: 16,
    Occupancy: 1, WGM: 0, NTA: 0, NTB: 0}
  - {Latency: 167984804, MT_M: 32, MT_N: 64, MT_K: 128, MI_M: 32, MI_N: 32, MI_K: 16,
    Occupancy: 1, WGM: 0, NTA: 0, NTB: 0}
  - {Latency: 171113106, MT_M: 64, MT_N: 32, MT_K: 128, MI_M: 32, MI_N: 32, MI_K: 16,
    Occupancy: 1, WGM: 0, NTA: 0, NTB: 0}
  - {Latency: 245475457, MT_M: 16, MT_N: 256, MT_K: 32, MI_M: 16, MI_N: 16, MI_K: 32,
    Occupancy: 2, WGM: 0, NTA: 0, NTB: 0}
  - {Latency: 251559355, MT_M: 32, MT_N: 256, MT_K: 16, MI_M: 32, MI_N: 32, MI_K: 16,
    Occupancy: 2, WGM: 0, NTA: 0, NTB: 0}
  - {Latency: 260445363, MT_M: 32, MT_N: 32, MT_K: 512, MI_M: 32, MI_N: 32, MI_K: 16,
    Occupancy: 1, WGM: 0, NTA: 0, NTB: 0}
  - {Latency: 278654080, MT_M: 16, MT_N: 64, MT_K: 256, MI_M: 16, MI_N: 16, MI_K: 32,
    Occupancy: 1, WGM: 0, NTA: 0, NTB: 0}
  - {Latency: 282923028, MT_M: 64, MT_N: 16, MT_K: 256, MI_M: 16, MI_N: 16, MI_K: 32,
    Occupancy: 1, WGM: 0, NTA: 0, NTB: 0}
  - {Latency: 326557978, MT_M: 16, MT_N: 128, MT_K: 32, MI_M: 16, MI_N: 16, MI_K: 32,
    Occupancy: 3, WGM: 0, NTA: 0, NTB: 0}
  - {Latency: 342037872, MT_M: 32, MT_N: 128, MT_K: 16, MI_M: 32, MI_N: 32, MI_K: 16,
    Occupancy: 5, WGM: 0, NTA: 0, NTB: 0}
  - {Latency: 430263792, MT_M: 16, MT_N: 32, MT_K: 512, MI_M: 16, MI_N: 16, MI_K: 32,
    Occupancy: 1, WGM: 0, NTA: 0, NTB: 0}
  - {Latency: 430447954, MT_M: 32, MT_N: 16, MT_K: 512, MI_M: 16, MI_N: 16, MI_K: 32,
    Occupancy: 1, WGM: 0, NTA: 0, NTB: 0}
  - {Latency: 676275959, MT_M: 16, MT_N: 16, MT_K: 512, MI_M: 16, MI_N: 16, MI_K: 32,
    Occupancy: 1, WGM: 0, NTA: 0, NTB: 0}
- - {Latency: 23934144, MT_M: 256, MT_N: 256, MT_K: 32, MI_M: 32, MI_N: 32, MI_K: 16,
    Occupancy: 1, WGM: 0, NTA: 0, NTB: 0}
  - {Latency: 25184815, MT_M: 192, MT_N: 256, MT_K: 32, MI_M: 32, MI_N: 32, MI_K: 16,
    Occupancy: 1, WGM: 0, NTA: 0, NTB: 0}
  - {Latency: 26966145, MT_M: 256, MT_N: 192, MT_K: 32, MI_M: 16, MI_N: 16, MI_K: 32,
    Occupancy: 1, WGM: 0, NTA: 0, NTB: 0}
  - {Latency: 30425214, MT_M: 192, MT_N: 192, MT_K: 64, MI_M: 32, MI_N: 32, MI_K: 16,
    Occupancy: 1, WGM: 0, NTA: 0, NTB: 0}
  - {Latency: 33388442, MT_M: 128, MT_N: 256, MT_K: 64, MI_M: 32, MI_N: 32, MI_K: 16,
    Occupancy: 1, WGM: 0, NTA: 0, NTB: 0}
  - {Latency: 34483739, MT_M: 256, MT_N: 128, MT_K: 64, MI_M: 32, MI_N: 32, MI_K: 16,
    Occupancy: 1, WGM: 0, NTA: 0, NTB: 0}
  - {Latency: 36258432, MT_M: 192, MT_N: 128, MT_K: 64, MI_M: 32, MI_N: 32, MI_K: 16,
    Occupancy: 1, WGM: 0, NTA: 0, NTB: 0}
  - {Latency: 36879686, MT_M: 128, MT_N: 192, MT_K: 64, MI_M: 32, MI_N: 32, MI_K: 16,
    Occupancy: 1, WGM: 0, NTA: 0, NTB: 0}
  - {Latency: 48845646, MT_M: 64, MT_N: 256, MT_K: 64, MI_M: 32, MI_N: 32, MI_K: 16,
    Occupancy: 1, WGM: 0, NTA: 0, NTB: 0}
  - {Latency: 51419014, MT_M: 256, MT_N: 64, MT_K: 64, MI_M: 32, MI_N: 32, MI_K: 16,
    Occupancy: 1, WGM: 0, NTA: 0, NTB: 0}
  - {Latency: 53524246, MT_M: 128, MT_N: 128, MT_K: 128, MI_M: 32, MI_N: 32, MI_K: 16,
    Occupancy: 1, WGM: 0, NTA: 0, NTB: 0}
  - {Latency: 66234017, MT_M: 192, MT_N: 64, MT_K: 128, MI_M: 32, MI_N: 32, MI_K: 16,
    Occupancy: 1, WGM: 0, NTA: 0, NTB: 0}
  - {Latency: 66240431, MT_M: 64, MT_N: 192, MT_K: 128, MI_M: 32, MI_N: 32, MI_K: 16,
    Occupancy: 1, WGM: 0, NTA: 0, NTB: 0}
  - {Latency: 83422928, MT_M: 64, MT_N: 128, MT_K: 128, MI_M: 16, MI_N: 16, MI_K: 32,
    Occupancy: 1, WGM: 0, NTA: 0, NTB: 0}
  - {Latency: 84729127, MT_M: 128, MT_N: 64, MT_K: 128, MI_M: 16, MI_N: 16, MI_K: 32,
    Occupancy: 1, WGM: 0, NTA: 0, NTB: 0}
  - {Latency: 133394390, MT_M: 32, MT_N: 256, MT_K: 16, MI_M: 32, MI_N: 32, MI_K: 16,
    Occupancy: 2, WGM: 0, NTA: 0, NTB: 0}
  - {Latency: 138467073, MT_M: 16, MT_N: 256, MT_K: 32, MI_M: 16, MI_N: 16, MI_K: 32,
    Occupancy: 2, WGM: 0, NTA: 0, NTB: 0}
  - {Latency: 150485405, MT_M: 64, MT_N: 64, MT_K: 256, MI_M: 32, MI_N: 32, MI_K: 16,
    Occupancy: 1, WGM: 0, NTA: 0, NTB: 0}
  - {Latency: 176151062, MT_M: 16, MT_N: 128, MT_K: 32, MI_M: 16, MI_N: 16, MI_K: 32,
    Occupancy: 3, WGM: 0, NTA: 0, NTB: 0}
  - {Latency: 176309808, MT_M: 32, MT_N: 128, MT_K: 16, MI_M: 32, MI_N: 32, MI_K: 16,
    Occupancy: 5, WGM: 0, NTA: 0, NTB: 0}
  - {Latency: 216915472, MT_M: 32, MT_N: 64, MT_K: 128, MI_M: 32, MI_N: 32, MI_K: 16,
    Occupancy: 1, WGM: 0, NTA: 0, NTB: 0}
  - {Latency: 218483923, MT_M: 64, MT_N: 32, MT_K: 128, MI_M: 32, MI_N: 32, MI_K: 16,
    Occupancy: 1, WGM: 0, NTA: 0, NTB: 0}
  - {Latency: 454492184, MT_M: 64, MT_N: 16, MT_K: 256, MI_M: 16, MI_N: 16, MI_K: 32,
    Occupancy: 1, WGM: 0, NTA: 0, NTB: 0}
  - {Latency: 461079549, MT_M: 16, MT_N: 64, MT_K: 256, MI_M: 16, MI_N: 16, MI_K: 32,
    Occupancy: 1, WGM: 0, NTA: 0, NTB: 0}
  - {Latency: 537248075, MT_M: 32, MT_N: 32, MT_K: 512, MI_M: 32, MI_N: 32, MI_K: 16,
    Occupancy: 1, WGM: 0, NTA: 0, NTB: 0}
  - {Latency: 930282892, MT_M: 32, MT_N: 16, MT_K: 512, MI_M: 16, MI_N: 16, MI_K: 32,
    Occupancy: 1, WGM: 0, NTA: 0, NTB: 0}
  - {Latency: 940330696, MT_M: 16, MT_N: 32, MT_K: 512, MI_M: 16, MI_N: 16, MI_K: 32,
    Occupancy: 1, WGM: 0, NTA: 0, NTB: 0}
  - {Latency: 1567419984, MT_M: 16, MT_N: 16, MT_K: 512, MI_M: 16, MI_N: 16, MI_K: 32,
    Occupancy: 1, WGM: 0, NTA: 0, NTB: 0}
- - {Latency: 4486908, MT_M: 256, MT_N: 256, MT_K: 32, MI_M: 32, MI_N: 32, MI_K: 16,
    Occupancy: 1, WGM: 0, NTA: 0, NTB: 0}
  - {Latency: 4576684, MT_M: 192, MT_N: 256, MT_K: 32, MI_M: 32, MI_N: 32, MI_K: 16,
    Occupancy: 1, WGM: 0, NTA: 0, NTB: 0}
  - {Latency: 4875336, MT_M: 192, MT_N: 192, MT_K: 64, MI_M: 32, MI_N: 32, MI_K: 16,
    Occupancy: 1, WGM: 0, NTA: 0, NTB: 0}
  - {Latency: 4904797, MT_M: 256, MT_N: 192, MT_K: 32, MI_M: 16, MI_N: 16, MI_K: 32,
    Occupancy: 1, WGM: 0, NTA: 0, NTB: 0}
  - {Latency: 5073541, MT_M: 128, MT_N: 256, MT_K: 64, MI_M: 32, MI_N: 32, MI_K: 16,
    Occupancy: 1, WGM: 0, NTA: 0, NTB: 0}
  - {Latency: 5229496, MT_M: 256, MT_N: 128, MT_K: 64, MI_M: 32, MI_N: 32, MI_K: 16,
    Occupancy: 1, WGM: 0, NTA: 0, NTB: 0}
  - {Latency: 5281674, MT_M: 192, MT_N: 128, MT_K: 64, MI_M: 32, MI_N: 32, MI_K: 16,
    Occupancy: 1, WGM: 0, NTA: 0, NTB: 0}
  - {Latency: 5282779, MT_M: 128, MT_N: 192, MT_K: 64, MI_M: 32, MI_N: 32, MI_K: 16,
    Occupancy: 1, WGM: 0, NTA: 0, NTB: 0}
  - {Latency: 6268398, MT_M: 64, MT_N: 256, MT_K: 64, MI_M: 32, MI_N: 32, MI_K: 16,
    Occupancy: 1, WGM: 0, NTA: 0, NTB: 0}
  - {Latency: 6499984, MT_M: 256, MT_N: 64, MT_K: 64, MI_M: 32, MI_N: 32, MI_K: 16,
    Occupancy: 1, WGM: 0, NTA: 0, NTB: 0}
  - {Latency: 14602962, MT_M: 32, MT_N: 256, MT_K: 16, MI_M: 32, MI_N: 32, MI_K: 16,
    Occupancy: 2, WGM: 0, NTA: 0, NTB: 0}
  - {Latency: 17041615, MT_M: 16, MT_N: 256, MT_K: 32, MI_M: 16, MI_N: 16, MI_K: 32,
    Occupancy: 2, WGM: 0, NTA: 0, NTB: 0}
  - {Latency: 17457892, MT_M: 128, MT_N: 128, MT_K: 128, MI_M: 32, MI_N: 32, MI_K: 16,
    Occupancy: 1, WGM: 0, NTA: 0, NTB: 0}
  - {Latency: 18102866, MT_M: 32, MT_N: 128, MT_K: 16, MI_M: 32, MI_N: 32, MI_K: 16,
    Occupancy: 5, WGM: 0, NTA: 0, NTB: 0}
  - {Latency: 19949236, MT_M: 16, MT_N: 128, MT_K: 32, MI_M: 16, MI_N: 16, MI_K: 32,
    Occupancy: 3, WGM: 0, NTA: 0, NTB: 0}
  - {Latency: 22018925, MT_M: 192, MT_N: 64, MT_K: 128, MI_M: 32, MI_N: 32, MI_K: 16,
    Occupancy: 1, WGM: 0, NTA: 0, NTB: 0}
  - {Latency: 22022209, MT_M: 64, MT_N: 192, MT_K: 128, MI_M: 32, MI_N: 32, MI_K: 16,
    Occupancy: 1, WGM: 0, NTA: 0, NTB: 0}
  - {Latency: 29867340, MT_M: 128, MT_N: 64, MT_K: 128, MI_M: 16, MI_N: 16, MI_K: 32,
    Occupancy: 1, WGM: 0, NTA: 0, NTB: 0}
  - {Latency: 29867340, MT_M: 64, MT_N: 128, MT_K: 128, MI_M: 16, MI_N: 16, MI_K: 32,
    Occupancy: 1, WGM: 0, NTA: 0, NTB: 0}
  - {Latency: 92262442, MT_M: 32, MT_N: 64, MT_K: 128, MI_M: 32, MI_N: 32, MI_K: 16,
    Occupancy: 1, WGM: 0, NTA: 0, NTB: 0}
  - {Latency: 92915597, MT_M: 64, MT_N: 32, MT_K: 128, MI_M: 32, MI_N: 32, MI_K: 16,
    Occupancy: 1, WGM: 0, NTA: 0, NTB: 0}
  - {Latency: 135135051, MT_M: 64, MT_N: 64, MT_K: 256, MI_M: 32, MI_N: 32, MI_K: 16,
    Occupancy: 1, WGM: 0, NTA: 0, NTB: 0}
  - {Latency: 501750450, MT_M: 16, MT_N: 64, MT_K: 256, MI_M: 16, MI_N: 16, MI_K: 32,
    Occupancy: 1, WGM: 0, NTA: 0, NTB: 0}
  - {Latency: 504037928, MT_M: 64, MT_N: 16, MT_K: 256, MI_M: 16, MI_N: 16, MI_K: 32,
    Occupancy: 1, WGM: 0, NTA: 0, NTB: 0}
  - {Latency: 591135555, MT_M: 32, MT_N: 32, MT_K: 512, MI_M: 32, MI_N: 32, MI_K: 16,
    Occupancy: 1, WGM: 0, NTA: 0, NTB: 0}
  - {Latency: 1114049476, MT_M: 16, MT_N: 32, MT_K: 512, MI_M: 16, MI_N: 16, MI_K: 32,
    Occupancy: 1, WGM: 0, NTA: 0, NTB: 0}
  - {Latency: 1115405171, MT_M: 32, MT_N: 16, MT_K: 512, MI_M: 16, MI_N: 16, MI_K: 32,
    Occupancy: 1, WGM: 0, NTA: 0, NTB: 0}
  - {Latency: 2083782399, MT_M: 16, MT_N: 16, MT_K: 512, MI_M: 16, MI_N: 16, MI_K: 32,
    Occupancy: 1, WGM: 0, NTA: 0, NTB: 0}
- - {Latency: 1513990, MT_M: 256, MT_N: 256, MT_K: 32, MI_M: 32, MI_N: 32, MI_K: 16,
    Occupancy: 1, WGM: 0, NTA: 0, NTB: 0}
  - {Latency: 1566110, MT_M: 192, MT_N: 256, MT_K: 32, MI_M: 32, MI_N: 32, MI_K: 16,
    Occupancy: 1, WGM: 0, NTA: 0, NTB: 0}
  - {Latency: 1728718, MT_M: 256, MT_N: 192, MT_K: 32, MI_M: 16, MI_N: 16, MI_K: 32,
    Occupancy: 1, WGM: 0, NTA: 0, NTB: 0}
  - {Latency: 1792570, MT_M: 192, MT_N: 192, MT_K: 64, MI_M: 32, MI_N: 32, MI_K: 16,
    Occupancy: 1, WGM: 0, NTA: 0, NTB: 0}
  - {Latency: 2041326, MT_M: 256, MT_N: 128, MT_K: 64, MI_M: 32, MI_N: 32, MI_K: 16,
    Occupancy: 1, WGM: 0, NTA: 0, NTB: 0}
  - {Latency: 2042894, MT_M: 128, MT_N: 256, MT_K: 64, MI_M: 32, MI_N: 32, MI_K: 16,
    Occupancy: 1, WGM: 0, NTA: 0, NTB: 0}
  - {Latency: 2161883, MT_M: 192, MT_N: 128, MT_K: 64, MI_M: 32, MI_N: 32, MI_K: 16,
    Occupancy: 1, WGM: 0, NTA: 0, NTB: 0}
  - {Latency: 2286388, MT_M: 128, MT_N: 192, MT_K: 64, MI_M: 32, MI_N: 32, MI_K: 16,
    Occupancy: 1, WGM: 0, NTA: 0, NTB: 0}
  - {Latency: 2875481, MT_M: 128, MT_N: 128, MT_K: 128, MI_M: 32, MI_N: 32, MI_K: 16,
    Occupancy: 1, WGM: 0, NTA: 0, NTB: 0}
  - {Latency: 2983101, MT_M: 64, MT_N: 256, MT_K: 64, MI_M: 32, MI_N: 32, MI_K: 16,
    Occupancy: 1, WGM: 0, NTA: 0, NTB: 0}
  - {Latency: 3123853, MT_M: 256, MT_N: 64, MT_K: 64, MI_M: 32, MI_N: 32, MI_K: 16,
    Occupancy: 1, WGM: 0, NTA: 0, NTB: 0}
  - {Latency: 3404430, MT_M: 192, MT_N: 64, MT_K: 128, MI_M: 32, MI_N: 32, MI_K: 16,
    Occupancy: 1, WGM: 0, NTA: 0, NTB: 0}
  - {Latency: 3404430, MT_M: 64, MT_N: 192, MT_K: 128, MI_M: 32, MI_N: 32, MI_K: 16,
    Occupancy: 1, WGM: 0, NTA: 0, NTB: 0}
  - {Latency: 4032336, MT_M: 64, MT_N: 128, MT_K: 128, MI_M: 16, MI_N: 16, MI_K: 32,
    Occupancy: 1, WGM: 0, NTA: 0, NTB: 0}
  - {Latency: 4280855, MT_M: 128, MT_N: 64, MT_K: 128, MI_M: 16, MI_N: 16, MI_K: 32,
    Occupancy: 1, WGM: 0, NTA: 0, NTB: 0}
  - {Latency: 7806033, MT_M: 64, MT_N: 64, MT_K: 256, MI_M: 32, MI_N: 32, MI_K: 16,
    Occupancy: 1, WGM: 0, NTA: 0, NTB: 0}
  - {Latency: 8219987, MT_M: 32, MT_N: 64, MT_K: 128, MI_M: 32, MI_N: 32, MI_K: 16,
    Occupancy: 1, WGM: 0, NTA: 0, NTB: 0}
  - {Latency: 8487083, MT_M: 64, MT_N: 32, MT_K: 128, MI_M: 32, MI_N: 32, MI_K: 16,
    Occupancy: 1, WGM: 0, NTA: 0, NTB: 0}
  - {Latency: 9138195, MT_M: 32, MT_N: 256, MT_K: 16, MI_M: 32, MI_N: 32, MI_K: 16,
    Occupancy: 2, WGM: 0, NTA: 0, NTB: 0}
  - {Latency: 9254662, MT_M: 16, MT_N: 256, MT_K: 32, MI_M: 16, MI_N: 16, MI_K: 32,
    Occupancy: 2, WGM: 0, NTA: 0, NTB: 0}
  - {Latency: 11935687, MT_M: 16, MT_N: 128, MT_K: 32, MI_M: 16, MI_N: 16, MI_K: 32,
    Occupancy: 3, WGM: 0, NTA: 0, NTB: 0}
  - {Latency: 12212613, MT_M: 32, MT_N: 128, MT_K: 16, MI_M: 32, MI_N: 32, MI_K: 16,
    Occupancy: 5, WGM: 0, NTA: 0, NTB: 0}
  - {Latency: 23500943, MT_M: 16, MT_N: 64, MT_K: 256, MI_M: 16, MI_N: 16, MI_K: 32,
    Occupancy: 1, WGM: 0, NTA: 0, NTB: 0}
  - {Latency: 23652664, MT_M: 64, MT_N: 16, MT_K: 256, MI_M: 16, MI_N: 16, MI_K: 32,
    Occupancy: 1, WGM: 0, NTA: 0, NTB: 0}
  - {Latency: 40297188, MT_M: 32, MT_N: 32, MT_K: 512, MI_M: 32, MI_N: 32, MI_K: 16,
    Occupancy: 1, WGM: 0, NTA: 0, NTB: 0}
  - {Latency: 76107999, MT_M: 32, MT_N: 16, MT_K: 512, MI_M: 16, MI_N: 16, MI_K: 32,
    Occupancy: 1, WGM: 0, NTA: 0, NTB: 0}
  - {Latency: 76568219, MT_M: 16, MT_N: 32, MT_K: 512, MI_M: 16, MI_N: 16, MI_K: 32,
    Occupancy: 1, WGM: 0, NTA: 0, NTB: 0}
  - {Latency: 143419796, MT_M: 16, MT_N: 16, MT_K: 512, MI_M: 16, MI_N: 16, MI_K: 32,
    Occupancy: 1, WGM: 0, NTA: 0, NTB: 0}
- - {Latency: 35303293, MT_M: 256, MT_N: 256, MT_K: 32, MI_M: 32, MI_N: 32, MI_K: 16,
    Occupancy: 1, WGM: 0, NTA: 0, NTB: 0}
  - {Latency: 41071991, MT_M: 256, MT_N: 192, MT_K: 32, MI_M: 16, MI_N: 16, MI_K: 32,
    Occupancy: 1, WGM: 0, NTA: 0, NTB: 0}
  - {Latency: 42234963, MT_M: 192, MT_N: 256, MT_K: 32, MI_M: 32, MI_N: 32, MI_K: 16,
    Occupancy: 1, WGM: 0, NTA: 0, NTB: 0}
  - {Latency: 46056813, MT_M: 192, MT_N: 192, MT_K: 64, MI_M: 32, MI_N: 32, MI_K: 16,
    Occupancy: 1, WGM: 0, NTA: 0, NTB: 0}
  - {Latency: 48893050, MT_M: 256, MT_N: 128, MT_K: 64, MI_M: 32, MI_N: 32, MI_K: 16,
    Occupancy: 1, WGM: 0, NTA: 0, NTB: 0}
  - {Latency: 48901924, MT_M: 128, MT_N: 256, MT_K: 64, MI_M: 32, MI_N: 32, MI_K: 16,
    Occupancy: 1, WGM: 0, NTA: 0, NTB: 0}
  - {Latency: 54679652, MT_M: 128, MT_N: 192, MT_K: 64, MI_M: 32, MI_N: 32, MI_K: 16,
    Occupancy: 1, WGM: 0, NTA: 0, NTB: 0}
  - {Latency: 56781421, MT_M: 192, MT_N: 128, MT_K: 64, MI_M: 32, MI_N: 32, MI_K: 16,
    Occupancy: 1, WGM: 0, NTA: 0, NTB: 0}
  - {Latency: 64644814, MT_M: 128, MT_N: 128, MT_K: 128, MI_M: 32, MI_N: 32, MI_K: 16,
    Occupancy: 1, WGM: 0, NTA: 0, NTB: 0}
  - {Latency: 77857121, MT_M: 256, MT_N: 64, MT_K: 64, MI_M: 32, MI_N: 32, MI_K: 16,
    Occupancy: 1, WGM: 0, NTA: 0, NTB: 0}
  - {Latency: 77879104, MT_M: 64, MT_N: 256, MT_K: 64, MI_M: 32, MI_N: 32, MI_K: 16,
    Occupancy: 1, WGM: 0, NTA: 0, NTB: 0}
  - {Latency: 83301716, MT_M: 64, MT_N: 192, MT_K: 128, MI_M: 32, MI_N: 32, MI_K: 16,
    Occupancy: 1, WGM: 0, NTA: 0, NTB: 0}
  - {Latency: 86593014, MT_M: 192, MT_N: 64, MT_K: 128, MI_M: 32, MI_N: 32, MI_K: 16,
    Occupancy: 1, WGM: 0, NTA: 0, NTB: 0}
  - {Latency: 98084463, MT_M: 128, MT_N: 64, MT_K: 128, MI_M: 16, MI_N: 16, MI_K: 32,
    Occupancy: 1, WGM: 0, NTA: 0, NTB: 0}
  - {Latency: 98164232, MT_M: 64, MT_N: 128, MT_K: 128, MI_M: 16, MI_N: 16, MI_K: 32,
    Occupancy: 1, WGM: 0, NTA: 0, NTB: 0}
  - {Latency: 144728251, MT_M: 64, MT_N: 64, MT_K: 256, MI_M: 32, MI_N: 32, MI_K: 16,
    Occupancy: 1, WGM: 0, NTA: 0, NTB: 0}
  - {Latency: 218229562, MT_M: 32, MT_N: 64, MT_K: 128, MI_M: 32, MI_N: 32, MI_K: 16,
    Occupancy: 1, WGM: 0, NTA: 0, NTB: 0}
  - {Latency: 218229562, MT_M: 64, MT_N: 32, MT_K: 128, MI_M: 32, MI_N: 32, MI_K: 16,
    Occupancy: 1, WGM: 0, NTA: 0, NTB: 0}
  - {Latency: 284762637, MT_M: 16, MT_N: 256, MT_K: 32, MI_M: 16, MI_N: 16, MI_K: 32,
    Occupancy: 2, WGM: 0, NTA: 0, NTB: 0}
  - {Latency: 290055519, MT_M: 32, MT_N: 256, MT_K: 16, MI_M: 32, MI_N: 32, MI_K: 16,
    Occupancy: 2, WGM: 0, NTA: 0, NTB: 0}
  - {Latency: 375209652, MT_M: 16, MT_N: 128, MT_K: 32, MI_M: 16, MI_N: 16, MI_K: 32,
    Occupancy: 3, WGM: 0, NTA: 0, NTB: 0}
  - {Latency: 385058337, MT_M: 64, MT_N: 16, MT_K: 256, MI_M: 16, MI_N: 16, MI_K: 32,
    Occupancy: 1, WGM: 0, NTA: 0, NTB: 0}
  - {Latency: 390508060, MT_M: 16, MT_N: 64, MT_K: 256, MI_M: 16, MI_N: 16, MI_K: 32,
    Occupancy: 1, WGM: 0, NTA: 0, NTB: 0}
  - {Latency: 392182344, MT_M: 32, MT_N: 128, MT_K: 16, MI_M: 32, MI_N: 32, MI_K: 16,
    Occupancy: 5, WGM: 0, NTA: 0, NTB: 0}
  - {Latency: 469380831, MT_M: 32, MT_N: 32, MT_K: 512, MI_M: 32, MI_N: 32, MI_K: 16,
    Occupancy: 1, WGM: 0, NTA: 0, NTB: 0}
  - {Latency: 815210641, MT_M: 32, MT_N: 16, MT_K: 512, MI_M: 16, MI_N: 16, MI_K: 32,
    Occupancy: 1, WGM: 0, NTA: 0, NTB: 0}
  - {Latency: 819237561, MT_M: 16, MT_N: 32, MT_K: 512, MI_M: 16, MI_N: 16, MI_K: 32,
    Occupancy: 1, WGM: 0, NTA: 0, NTB: 0}
  - {Latency: 1381123722, MT_M: 16, MT_N: 16, MT_K: 512, MI_M: 16, MI_N: 16, MI_K: 32,
    Occupancy: 1, WGM: 0, NTA: 0, NTB: 0}
- - {Latency: 76959, MT_M: 128, MT_N: 256, MT_K: 64, MI_M: 32, MI_N: 32, MI_K: 16,
    Occupancy: 1, WGM: 6, NTA: 0, NTB: 4}
  - {Latency: 78414, MT_M: 64, MT_N: 256, MT_K: 64, MI_M: 32, MI_N: 32, MI_K: 16,
    Occupancy: 1, WGM: 6, NTA: 0, NTB: 4}
  - {Latency: 86976, MT_M: 128, MT_N: 192, MT_K: 64, MI_M: 32, MI_N: 32, MI_K: 16,
    Occupancy: 1, WGM: 6, NTA: 0, NTB: 4}
  - {Latency: 105253, MT_M: 64, MT_N: 192, MT_K: 128, MI_M: 32, MI_N: 32, MI_K: 16,
    Occupancy: 1, WGM: 6, NTA: 0, NTB: 4}
  - {Latency: 109599, MT_M: 128, MT_N: 64, MT_K: 128, MI_M: 16, MI_N: 16, MI_K: 32,
    Occupancy: 1, WGM: 6, NTA: 0, NTB: 4}
  - {Latency: 109599, MT_M: 64, MT_N: 128, MT_K: 128, MI_M: 16, MI_N: 16, MI_K: 32,
    Occupancy: 1, WGM: 6, NTA: 0, NTB: 4}
  - {Latency: 111527, MT_M: 128, MT_N: 128, MT_K: 128, MI_M: 32, MI_N: 32, MI_K: 16,
    Occupancy: 1, WGM: 6, NTA: 0, NTB: 4}
  - {Latency: 112176, MT_M: 192, MT_N: 256, MT_K: 32, MI_M: 32, MI_N: 32, MI_K: 16,
    Occupancy: 1, WGM: 6, NTA: 0, NTB: 4}
  - {Latency: 119617, MT_M: 192, MT_N: 128, MT_K: 64, MI_M: 32, MI_N: 32, MI_K: 16,
    Occupancy: 1, WGM: 6, NTA: 0, NTB: 4}
  - {Latency: 132062, MT_M: 32, MT_N: 256, MT_K: 16, MI_M: 32, MI_N: 32, MI_K: 16,
    Occupancy: 2, WGM: 0, NTA: 0, NTB: 0}
  - {Latency: 133058, MT_M: 192, MT_N: 192, MT_K: 64, MI_M: 32, MI_N: 32, MI_K: 16,
    Occupancy: 1, WGM: 6, NTA: 0, NTB: 4}
  - {Latency: 146264, MT_M: 32, MT_N: 128, MT_K: 16, MI_M: 32, MI_N: 32, MI_K: 16,
    Occupancy: 5, WGM: 0, NTA: 0, NTB: 0}
  - {Latency: 150562, MT_M: 256, MT_N: 256, MT_K: 32, MI_M: 32, MI_N: 32, MI_K: 16,
    Occupancy: 1, WGM: 6, NTA: 0, NTB: 4}
  - {Latency: 153412, MT_M: 16, MT_N: 256, MT_K: 32, MI_M: 16, MI_N: 16, MI_K: 32,
    Occupancy: 2, WGM: 0, NTA: 0, NTB: 0}
  - {Latency: 156551, MT_M: 32, MT_N: 64, MT_K: 128, MI_M: 32, MI_N: 32, MI_K: 16,
    Occupancy: 1, WGM: 0, NTA: 0, NTB: 0}
  - {Latency: 156551, MT_M: 64, MT_N: 32, MT_K: 128, MI_M: 32, MI_N: 32, MI_K: 16,
    Occupancy: 1, WGM: 6, NTA: 0, NTB: 4}
  - {Latency: 165754, MT_M: 256, MT_N: 128, MT_K: 64, MI_M: 32, MI_N: 32, MI_K: 16,
    Occupancy: 1, WGM: 6, NTA: 0, NTB: 4}
  - {Latency: 172260, MT_M: 16, MT_N: 128, MT_K: 32, MI_M: 16, MI_N: 16, MI_K: 32,
    Occupancy: 3, WGM: 0, NTA: 0, NTB: 0}
  - {Latency: 180663, MT_M: 256, MT_N: 192, MT_K: 32, MI_M: 16, MI_N: 16, MI_K: 32,
    Occupancy: 1, WGM: 6, NTA: 0, NTB: 4}
  - {Latency: 183644, MT_M: 256, MT_N: 64, MT_K: 64, MI_M: 32, MI_N: 32, MI_K: 16,
    Occupancy: 1, WGM: 6, NTA: 0, NTB: 4}
  - {Latency: 185180, MT_M: 192, MT_N: 64, MT_K: 128, MI_M: 32, MI_N: 32, MI_K: 16,
    Occupancy: 1, WGM: 6, NTA: 0, NTB: 4}
  - {Latency: 1640123, MT_M: 64, MT_N: 64, MT_K: 256, MI_M: 32, MI_N: 32, MI_K: 16,
    Occupancy: 1, WGM: 6, NTA: 0, NTB: 4}
  - {Latency: 5995632, MT_M: 64, MT_N: 16, MT_K: 256, MI_M: 16, MI_N: 16, MI_K: 32,
    Occupancy: 1, WGM: 6, NTA: 0, NTB: 4}
  - {Latency: 6030165, MT_M: 16, MT_N: 64, MT_K: 256, MI_M: 16, MI_N: 16, MI_K: 32,
    Occupancy: 1, WGM: 0, NTA: 0, NTB: 0}
  - {Latency: 7552032, MT_M: 32, MT_N: 32, MT_K: 512, MI_M: 32, MI_N: 32, MI_K: 16,
    Occupancy: 1, WGM: 0, NTA: 0, NTB: 0}
  - {Latency: 13974393, MT_M: 32, MT_N: 16, MT_K: 512, MI_M: 16, MI_N: 16, MI_K: 32,
    Occupancy: 1, WGM: 0, NTA: 0, NTB: 0}
  - {Latency: 14008926, MT_M: 16, MT_N: 32, MT_K: 512, MI_M: 16, MI_N: 16, MI_K: 32,
    Occupancy: 1, WGM: 0, NTA: 0, NTB: 0}
  - {Latency: 25433301, MT_M: 16, MT_N: 16, MT_K: 512, MI_M: 16, MI_N: 16, MI_K: 32,
    Occupancy: 1, WGM: 0, NTA: 0, NTB: 0}
- - {Latency: 116400, MT_M: 16, MT_N: 256, MT_K: 32, MI_M: 16, MI_N: 16, MI_K: 32,
    Occupancy: 2, WGM: 1, NTA: 0, NTB: 4}
  - {Latency: 124693, MT_M: 16, MT_N: 128, MT_K: 32, MI_M: 16, MI_N: 16, MI_K: 32,
    Occupancy: 3, WGM: 1, NTA: 0, NTB: 4}
  - {Latency: 317768, MT_M: 32, MT_N: 256, MT_K: 16, MI_M: 32, MI_N: 32, MI_K: 16,
    Occupancy: 2, WGM: 0, NTA: 0, NTB: 0}
  - {Latency: 322685, MT_M: 32, MT_N: 128, MT_K: 16, MI_M: 32, MI_N: 32, MI_K: 16,
    Occupancy: 5, WGM: 0, NTA: 0, NTB: 0}
  - {Latency: 899173, MT_M: 64, MT_N: 256, MT_K: 64, MI_M: 32, MI_N: 32, MI_K: 16,
    Occupancy: 1, WGM: 6, NTA: 0, NTB: 4}
  - {Latency: 1242747, MT_M: 192, MT_N: 256, MT_K: 32, MI_M: 32, MI_N: 32, MI_K: 16,
    Occupancy: 1, WGM: 6, NTA: 0, NTB: 4}
  - {Latency: 1635223, MT_M: 128, MT_N: 256, MT_K: 64, MI_M: 32, MI_N: 32, MI_K: 16,
    Occupancy: 1, WGM: 6, NTA: 0, NTB: 4}
  - {Latency: 1653262, MT_M: 128, MT_N: 192, MT_K: 64, MI_M: 32, MI_N: 32, MI_K: 16,
    Occupancy: 1, WGM: 6, NTA: 0, NTB: 4}
  - {Latency: 1710214, MT_M: 256, MT_N: 256, MT_K: 32, MI_M: 32, MI_N: 32, MI_K: 16,
    Occupancy: 1, WGM: 6, NTA: 0, NTB: 4}
  - {Latency: 1887169, MT_M: 256, MT_N: 192, MT_K: 32, MI_M: 16, MI_N: 16, MI_K: 32,
    Occupancy: 1, WGM: 6, NTA: 0, NTB: 4}
  - {Latency: 2110141, MT_M: 64, MT_N: 192, MT_K: 128, MI_M: 32, MI_N: 32, MI_K: 16,
    Occupancy: 1, WGM: 6, NTA: 0, NTB: 4}
  - {Latency: 2434737, MT_M: 192, MT_N: 192, MT_K: 64, MI_M: 32, MI_N: 32, MI_K: 16,
    Occupancy: 1, WGM: 6, NTA: 0, NTB: 4}
  - {Latency: 2708030, MT_M: 192, MT_N: 128, MT_K: 64, MI_M: 32, MI_N: 32, MI_K: 16,
    Occupancy: 1, WGM: 6, NTA: 0, NTB: 4}
  - {Latency: 2730646, MT_M: 64, MT_N: 128, MT_K: 128, MI_M: 16, MI_N: 16, MI_K: 32,
    Occupancy: 1, WGM: 6, NTA: 0, NTB: 4}
  - {Latency: 3306287, MT_M: 32, MT_N: 64, MT_K: 128, MI_M: 32, MI_N: 32, MI_K: 16,
    Occupancy: 1, WGM: 6, NTA: 0, NTB: 4}
  - {Latency: 3711696, MT_M: 256, MT_N: 128, MT_K: 64, MI_M: 32, MI_N: 32, MI_K: 16,
    Occupancy: 1, WGM: 6, NTA: 0, NTB: 4}
  - {Latency: 3847770, MT_M: 16, MT_N: 64, MT_K: 256, MI_M: 16, MI_N: 16, MI_K: 32,
    Occupancy: 1, WGM: 6, NTA: 0, NTB: 4}
  - {Latency: 4058452, MT_M: 128, MT_N: 128, MT_K: 128, MI_M: 32, MI_N: 32, MI_K: 16,
    Occupancy: 1, WGM: 6, NTA: 0, NTB: 4}
  - {Latency: 5551935, MT_M: 256, MT_N: 64, MT_K: 64, MI_M: 32, MI_N: 32, MI_K: 16,
    Occupancy: 1, WGM: 6, NTA: 0, NTB: 4}
  - {Latency: 5692033, MT_M: 128, MT_N: 64, MT_K: 128, MI_M: 16, MI_N: 16, MI_K: 32,
    Occupancy: 1, WGM: 6, NTA: 0, NTB: 4}
  - {Latency: 6598573, MT_M: 64, MT_N: 32, MT_K: 128, MI_M: 32, MI_N: 32, MI_K: 16,
    Occupancy: 1, WGM: 6, NTA: 0, NTB: 4}
  - {Latency: 7330942, MT_M: 64, MT_N: 64, MT_K: 256, MI_M: 32, MI_N: 32, MI_K: 16,
    Occupancy: 1, WGM: 6, NTA: 0, NTB: 4}
  - {Latency: 8108488, MT_M: 192, MT_N: 64, MT_K: 128, MI_M: 32, MI_N: 32, MI_K: 16,
    Occupancy: 1, WGM: 6, NTA: 0, NTB: 4}
  - {Latency: 9677544, MT_M: 16, MT_N: 32, MT_K: 512, MI_M: 16, MI_N: 16, MI_K: 32,
    Occupancy: 1, WGM: 6, NTA: 0, NTB: 4}
  - {Latency: 14009135, MT_M: 32, MT_N: 32, MT_K: 512, MI_M: 32, MI_N: 32, MI_K: 16,
    Occupancy: 1, WGM: 6, NTA: 0, NTB: 4}
  - {Latency: 15068155, MT_M: 16, MT_N: 16, MT_K: 512, MI_M: 16, MI_N: 16, MI_K: 32,
    Occupancy: 1, WGM: 6, NTA: 0, NTB: 4}
  - {Latency: 18714777, MT_M: 64, MT_N: 16, MT_K: 256, MI_M: 16, MI_N: 16, MI_K: 32,
    Occupancy: 1, WGM: 6, NTA: 0, NTB: 4}
  - {Latency: 20167844, MT_M: 32, MT_N: 16, MT_K: 512, MI_M: 16, MI_N: 16, MI_K: 32,
    Occupancy: 1, WGM: 6, NTA: 0, NTB: 4}
- - {Latency: 417694, MT_M: 32, MT_N: 128, MT_K: 16, MI_M: 32, MI_N: 32, MI_K: 16,
    Occupancy: 5, WGM: 0, NTA: 0, NTB: 0}
  - {Latency: 430377, MT_M: 32, MT_N: 256, MT_K: 16, MI_M: 32, MI_N: 32, MI_K: 16,
    Occupancy: 2, WGM: 0, NTA: 0, NTB: 0}
  - {Latency: 1957123, MT_M: 192, MT_N: 256, MT_K: 32, MI_M: 32, MI_N: 32, MI_K: 16,
    Occupancy: 1, WGM: 0, NTA: 0, NTB: 0}
  - {Latency: 2234545, MT_M: 256, MT_N: 256, MT_K: 32, MI_M: 32, MI_N: 32, MI_K: 16,
    Occupancy: 1, WGM: 0, NTA: 0, NTB: 0}
  - {Latency: 2378849, MT_M: 128, MT_N: 256, MT_K: 64, MI_M: 32, MI_N: 32, MI_K: 16,
    Occupancy: 1, WGM: 0, NTA: 0, NTB: 0}
  - {Latency: 2752606, MT_M: 256, MT_N: 192, MT_K: 32, MI_M: 16, MI_N: 16, MI_K: 32,
    Occupancy: 1, WGM: 0, NTA: 0, NTB: 0}
  - {Latency: 2781288, MT_M: 128, MT_N: 192, MT_K: 64, MI_M: 32, MI_N: 32, MI_K: 16,
    Occupancy: 1, WGM: 0, NTA: 0, NTB: 0}
  - {Latency: 3449516, MT_M: 192, MT_N: 192, MT_K: 64, MI_M: 32, MI_N: 32, MI_K: 16,
    Occupancy: 1, WGM: 0, NTA: 0, NTB: 0}
  - {Latency: 3597295, MT_M: 64, MT_N: 256, MT_K: 64, MI_M: 32, MI_N: 32, MI_K: 16,
    Occupancy: 1, WGM: 0, NTA: 0, NTB: 0}
  - {Latency: 4271932, MT_M: 192, MT_N: 128, MT_K: 64, MI_M: 32, MI_N: 32, MI_K: 16,
    Occupancy: 1, WGM: 0, NTA: 0, NTB: 0}
  - {Latency: 5082071, MT_M: 256, MT_N: 128, MT_K: 64, MI_M: 32, MI_N: 32, MI_K: 16,
    Occupancy: 1, WGM: 0, NTA: 0, NTB: 0}
  - {Latency: 6343853, MT_M: 128, MT_N: 128, MT_K: 128, MI_M: 32, MI_N: 32, MI_K: 16,
    Occupancy: 1, WGM: 0, NTA: 0, NTB: 0}
  - {Latency: 7152254, MT_M: 64, MT_N: 192, MT_K: 128, MI_M: 32, MI_N: 32, MI_K: 16,
    Occupancy: 1, WGM: 0, NTA: 0, NTB: 0}
  - {Latency: 8649477, MT_M: 256, MT_N: 64, MT_K: 64, MI_M: 32, MI_N: 32, MI_K: 16,
    Occupancy: 1, WGM: 0, NTA: 0, NTB: 0}
  - {Latency: 9249633, MT_M: 16, MT_N: 256, MT_K: 32, MI_M: 16, MI_N: 16, MI_K: 32,
    Occupancy: 2, WGM: 0, NTA: 0, NTB: 0}
  - {Latency: 9399101, MT_M: 128, MT_N: 64, MT_K: 128, MI_M: 16, MI_N: 16, MI_K: 32,
    Occupancy: 1, WGM: 0, NTA: 0, NTB: 0}
  - {Latency: 9399101, MT_M: 64, MT_N: 128, MT_K: 128, MI_M: 16, MI_N: 16, MI_K: 32,
    Occupancy: 1, WGM: 0, NTA: 0, NTB: 0}
  - {Latency: 13099490, MT_M: 192, MT_N: 64, MT_K: 128, MI_M: 32, MI_N: 32, MI_K: 16,
    Occupancy: 1, WGM: 0, NTA: 0, NTB: 0}
  - {Latency: 17581060, MT_M: 16, MT_N: 128, MT_K: 32, MI_M: 16, MI_N: 16, MI_K: 32,
    Occupancy: 3, WGM: 0, NTA: 0, NTB: 0}
  - {Latency: 26489668, MT_M: 64, MT_N: 32, MT_K: 128, MI_M: 32, MI_N: 32, MI_K: 16,
    Occupancy: 1, WGM: 0, NTA: 0, NTB: 0}
  - {Latency: 26489968, MT_M: 32, MT_N: 64, MT_K: 128, MI_M: 32, MI_N: 32, MI_K: 16,
    Occupancy: 1, WGM: 0, NTA: 0, NTB: 0}
  - {Latency: 29783496, MT_M: 64, MT_N: 64, MT_K: 256, MI_M: 32, MI_N: 32, MI_K: 16,
    Occupancy: 1, WGM: 0, NTA: 0, NTB: 0}
  - {Latency: 71138627, MT_M: 16, MT_N: 64, MT_K: 256, MI_M: 16, MI_N: 16, MI_K: 32,
    Occupancy: 1, WGM: 0, NTA: 0, NTB: 0}
  - {Latency: 87092739, MT_M: 64, MT_N: 16, MT_K: 256, MI_M: 16, MI_N: 16, MI_K: 32,
    Occupancy: 1, WGM: 0, NTA: 0, NTB: 0}
  - {Latency: 190536628, MT_M: 32, MT_N: 32, MT_K: 512, MI_M: 32, MI_N: 32, MI_K: 16,
    Occupancy: 1, WGM: 0, NTA: 0, NTB: 0}
  - {Latency: 244212756, MT_M: 16, MT_N: 32, MT_K: 512, MI_M: 16, MI_N: 16, MI_K: 32,
    Occupancy: 1, WGM: 0, NTA: 0, NTB: 0}
  - {Latency: 307623934, MT_M: 32, MT_N: 16, MT_K: 512, MI_M: 16, MI_N: 16, MI_K: 32,
    Occupancy: 1, WGM: 0, NTA: 0, NTB: 0}
  - {Latency: 366046687, MT_M: 16, MT_N: 16, MT_K: 512, MI_M: 16, MI_N: 16, MI_K: 32,
    Occupancy: 1, WGM: 0, NTA: 0, NTB: 0}
- - {Latency: 66528, MT_M: 16, MT_N: 128, MT_K: 32, MI_M: 16, MI_N: 16, MI_K: 32,
    Occupancy: 3, WGM: 1, NTA: 0, NTB: 4}
  - {Latency: 67558, MT_M: 16, MT_N: 256, MT_K: 32, MI_M: 16, MI_N: 16, MI_K: 32,
    Occupancy: 2, WGM: 1, NTA: 0, NTB: 4}
  - {Latency: 69232, MT_M: 32, MT_N: 128, MT_K: 16, MI_M: 32, MI_N: 32, MI_K: 16,
    Occupancy: 5, WGM: 0, NTA: 0, NTB: 0}
  - {Latency: 78235, MT_M: 32, MT_N: 256, MT_K: 16, MI_M: 32, MI_N: 32, MI_K: 16,
    Occupancy: 2, WGM: 0, NTA: 0, NTB: 0}
  - {Latency: 170567, MT_M: 64, MT_N: 256, MT_K: 64, MI_M: 32, MI_N: 32, MI_K: 16,
    Occupancy: 1, WGM: 6, NTA: 0, NTB: 4}
  - {Latency: 333363, MT_M: 128, MT_N: 192, MT_K: 64, MI_M: 32, MI_N: 32, MI_K: 16,
    Occupancy: 1, WGM: 6, NTA: 0, NTB: 4}
  - {Latency: 344705, MT_M: 192, MT_N: 256, MT_K: 32, MI_M: 32, MI_N: 32, MI_K: 16,
    Occupancy: 1, WGM: 6, NTA: 0, NTB: 4}
  - {Latency: 354935, MT_M: 128, MT_N: 256, MT_K: 64, MI_M: 32, MI_N: 32, MI_K: 16,
    Occupancy: 1, WGM: 6, NTA: 0, NTB: 4}
  - {Latency: 474732, MT_M: 256, MT_N: 256, MT_K: 32, MI_M: 32, MI_N: 32, MI_K: 16,
    Occupancy: 1, WGM: 6, NTA: 0, NTB: 4}
  - {Latency: 492268, MT_M: 192, MT_N: 128, MT_K: 64, MI_M: 32, MI_N: 32, MI_K: 16,
    Occupancy: 1, WGM: 6, NTA: 0, NTB: 4}
  - {Latency: 509025, MT_M: 256, MT_N: 192, MT_K: 32, MI_M: 16, MI_N: 16, MI_K: 32,
    Occupancy: 1, WGM: 6, NTA: 0, NTB: 4}
  - {Latency: 521109, MT_M: 192, MT_N: 192, MT_K: 64, MI_M: 32, MI_N: 32, MI_K: 16,
    Occupancy: 1, WGM: 6, NTA: 0, NTB: 4}
  - {Latency: 703741, MT_M: 256, MT_N: 128, MT_K: 64, MI_M: 32, MI_N: 32, MI_K: 16,
    Occupancy: 1, WGM: 6, NTA: 0, NTB: 4}
  - {Latency: 930399, MT_M: 256, MT_N: 64, MT_K: 64, MI_M: 32, MI_N: 32, MI_K: 16,
    Occupancy: 1, WGM: 6, NTA: 0, NTB: 4}
  - {Latency: 1014926, MT_M: 64, MT_N: 192, MT_K: 128, MI_M: 32, MI_N: 32, MI_K: 16,
    Occupancy: 1, WGM: 6, NTA: 0, NTB: 4}
  - {Latency: 1209278, MT_M: 64, MT_N: 128, MT_K: 128, MI_M: 16, MI_N: 16, MI_K: 32,
    Occupancy: 1, WGM: 6, NTA: 0, NTB: 4}
  - {Latency: 1524898, MT_M: 32, MT_N: 64, MT_K: 128, MI_M: 32, MI_N: 32, MI_K: 16,
    Occupancy: 1, WGM: 6, NTA: 0, NTB: 4}
  - {Latency: 1716616, MT_M: 128, MT_N: 128, MT_K: 128, MI_M: 32, MI_N: 32, MI_K: 16,
    Occupancy: 1, WGM: 6, NTA: 0, NTB: 4}
  - {Latency: 2399433, MT_M: 128, MT_N: 64, MT_K: 128, MI_M: 16, MI_N: 16, MI_K: 32,
    Occupancy: 1, WGM: 6, NTA: 0, NTB: 4}
  - {Latency: 2982677, MT_M: 64, MT_N: 64, MT_K: 256, MI_M: 32, MI_N: 32, MI_K: 16,
    Occupancy: 1, WGM: 6, NTA: 0, NTB: 4}
  - {Latency: 3089667, MT_M: 64, MT_N: 32, MT_K: 128, MI_M: 32, MI_N: 32, MI_K: 16,
    Occupancy: 1, WGM: 6, NTA: 0, NTB: 4}
  - {Latency: 3280742, MT_M: 192, MT_N: 64, MT_K: 128, MI_M: 32, MI_N: 32, MI_K: 16,
    Occupancy: 1, WGM: 6, NTA: 0, NTB: 4}
  - {Latency: 3478707, MT_M: 16, MT_N: 64, MT_K: 256, MI_M: 16, MI_N: 16, MI_K: 32,
    Occupancy: 1, WGM: 6, NTA: 0, NTB: 4}
  - {Latency: 5811877, MT_M: 32, MT_N: 32, MT_K: 512, MI_M: 32, MI_N: 32, MI_K: 16,
    Occupancy: 1, WGM: 6, NTA: 0, NTB: 4}
  - {Latency: 8043065, MT_M: 64, MT_N: 16, MT_K: 256, MI_M: 16, MI_N: 16, MI_K: 32,
    Occupancy: 1, WGM: 6, NTA: 0, NTB: 4}
  - {Latency: 8563169, MT_M: 32, MT_N: 16, MT_K: 512, MI_M: 16, MI_N: 16, MI_K: 32,
    Occupancy: 1, WGM: 6, NTA: 0, NTB: 4}
  - {Latency: 8580103, MT_M: 16, MT_N: 32, MT_K: 512, MI_M: 16, MI_N: 16, MI_K: 32,
    Occupancy: 1, WGM: 6, NTA: 0, NTB: 4}
  - {Latency: 14779732, MT_M: 16, MT_N: 16, MT_K: 512, MI_M: 16, MI_N: 16, MI_K: 32,
    Occupancy: 1, WGM: 6, NTA: 0, NTB: 4}
- - {Latency: 516344, MT_M: 32, MT_N: 256, MT_K: 16, MI_M: 32, MI_N: 32, MI_K: 16,
    Occupancy: 2, WGM: 0, NTA: 0, NTB: 0}
  - {Latency: 562086, MT_M: 32, MT_N: 128, MT_K: 16, MI_M: 32, MI_N: 32, MI_K: 16,
    Occupancy: 5, WGM: 0, NTA: 0, NTB: 0}
  - {Latency: 1007645, MT_M: 64, MT_N: 256, MT_K: 64, MI_M: 32, MI_N: 32, MI_K: 16,
    Occupancy: 1, WGM: 0, NTA: 0, NTB: 0}
  - {Latency: 1394091, MT_M: 192, MT_N: 256, MT_K: 32, MI_M: 32, MI_N: 32, MI_K: 16,
    Occupancy: 1, WGM: 0, NTA: 0, NTB: 0}
  - {Latency: 1422394, MT_M: 16, MT_N: 256, MT_K: 32, MI_M: 16, MI_N: 16, MI_K: 32,
    Occupancy: 2, WGM: 0, NTA: 0, NTB: 0}
  - {Latency: 1439855, MT_M: 128, MT_N: 256, MT_K: 64, MI_M: 32, MI_N: 32, MI_K: 16,
    Occupancy: 1, WGM: 0, NTA: 0, NTB: 0}
  - {Latency: 1583831, MT_M: 128, MT_N: 192, MT_K: 64, MI_M: 32, MI_N: 32, MI_K: 16,
    Occupancy: 1, WGM: 0, NTA: 0, NTB: 0}
  - {Latency: 1817022, MT_M: 256, MT_N: 256, MT_K: 32, MI_M: 32, MI_N: 32, MI_K: 16,
    Occupancy: 1, WGM: 0, NTA: 0, NTB: 0}
  - {Latency: 1962453, MT_M: 256, MT_N: 192, MT_K: 32, MI_M: 16, MI_N: 16, MI_K: 32,
    Occupancy: 1, WGM: 0, NTA: 0, NTB: 0}
  - {Latency: 2031416, MT_M: 192, MT_N: 192, MT_K: 64, MI_M: 32, MI_N: 32, MI_K: 16,
    Occupancy: 1, WGM: 0, NTA: 0, NTB: 0}
  - {Latency: 2236601, MT_M: 16, MT_N: 128, MT_K: 32, MI_M: 16, MI_N: 16, MI_K: 32,
    Occupancy: 3, WGM: 0, NTA: 0, NTB: 0}
  - {Latency: 2432062, MT_M: 192, MT_N: 128, MT_K: 64, MI_M: 32, MI_N: 32, MI_K: 16,
    Occupancy: 1, WGM: 0, NTA: 0, NTB: 0}
  - {Latency: 2438361, MT_M: 64, MT_N: 192, MT_K: 128, MI_M: 32, MI_N: 32, MI_K: 16,
    Occupancy: 1, WGM: 0, NTA: 0, NTB: 0}
  - {Latency: 2959500, MT_M: 256, MT_N: 128, MT_K: 64, MI_M: 32, MI_N: 32, MI_K: 16,
    Occupancy: 1, WGM: 0, NTA: 0, NTB: 0}
  - {Latency: 3373178, MT_M: 64, MT_N: 128, MT_K: 128, MI_M: 16, MI_N: 16, MI_K: 32,
    Occupancy: 1, WGM: 0, NTA: 0, NTB: 0}
  - {Latency: 4034554, MT_M: 128, MT_N: 128, MT_K: 128, MI_M: 32, MI_N: 32, MI_K: 16,
    Occupancy: 1, WGM: 0, NTA: 0, NTB: 0}
  - {Latency: 4691435, MT_M: 256, MT_N: 64, MT_K: 64, MI_M: 32, MI_N: 32, MI_K: 16,
    Occupancy: 1, WGM: 0, NTA: 0, NTB: 0}
  - {Latency: 6800590, MT_M: 128, MT_N: 64, MT_K: 128, MI_M: 16, MI_N: 16, MI_K: 32,
    Occupancy: 1, WGM: 0, NTA: 0, NTB: 0}
  - {Latency: 7379312, MT_M: 64, MT_N: 64, MT_K: 256, MI_M: 32, MI_N: 32, MI_K: 16,
    Occupancy: 1, WGM: 0, NTA: 0, NTB: 0}
  - {Latency: 7927600, MT_M: 192, MT_N: 64, MT_K: 128, MI_M: 32, MI_N: 32, MI_K: 16,
    Occupancy: 1, WGM: 0, NTA: 0, NTB: 0}
  - {Latency: 11202199, MT_M: 32, MT_N: 64, MT_K: 128, MI_M: 32, MI_N: 32, MI_K: 16,
    Occupancy: 1, WGM: 0, NTA: 0, NTB: 0}
  - {Latency: 11202199, MT_M: 64, MT_N: 32, MT_K: 128, MI_M: 32, MI_N: 32, MI_K: 16,
    Occupancy: 1, WGM: 0, NTA: 0, NTB: 0}
  - {Latency: 24519874, MT_M: 64, MT_N: 16, MT_K: 256, MI_M: 16, MI_N: 16, MI_K: 32,
    Occupancy: 1, WGM: 0, NTA: 0, NTB: 0}
  - {Latency: 24658733, MT_M: 16, MT_N: 64, MT_K: 256, MI_M: 16, MI_N: 16, MI_K: 32,
    Occupancy: 1, WGM: 0, NTA: 0, NTB: 0}
  - {Latency: 31669248, MT_M: 32, MT_N: 32, MT_K: 512, MI_M: 32, MI_N: 32, MI_K: 16,
    Occupancy: 1, WGM: 0, NTA: 0, NTB: 0}
  - {Latency: 58168894, MT_M: 32, MT_N: 16, MT_K: 512, MI_M: 16, MI_N: 16, MI_K: 32,
    Occupancy: 1, WGM: 0, NTA: 0, NTB: 0}
  - {Latency: 58307990, MT_M: 16, MT_N: 32, MT_K: 512, MI_M: 16, MI_N: 16, MI_K: 32,
    Occupancy: 1, WGM: 0, NTA: 0, NTB: 0}
  - {Latency: 105347521, MT_M: 16, MT_N: 16, MT_K: 512, MI_M: 16, MI_N: 16, MI_K: 32,
    Occupancy: 1, WGM: 0, NTA: 0, NTB: 0}
- - {Latency: 143451, MT_M: 16, MT_N: 256, MT_K: 32, MI_M: 16, MI_N: 16, MI_K: 32,
    Occupancy: 2, WGM: 1, NTA: 0, NTB: 4}
  - {Latency: 148794, MT_M: 16, MT_N: 128, MT_K: 32, MI_M: 16, MI_N: 16, MI_K: 32,
    Occupancy: 3, WGM: 1, NTA: 0, NTB: 4}
  - {Latency: 354453, MT_M: 32, MT_N: 128, MT_K: 16, MI_M: 32, MI_N: 32, MI_K: 16,
    Occupancy: 5, WGM: 0, NTA: 0, NTB: 0}
  - {Latency: 358041, MT_M: 32, MT_N: 256, MT_K: 16, MI_M: 32, MI_N: 32, MI_K: 16,
    Occupancy: 2, WGM: 0, NTA: 0, NTB: 0}
  - {Latency: 815185, MT_M: 64, MT_N: 256, MT_K: 64, MI_M: 32, MI_N: 32, MI_K: 16,
    Occupancy: 1, WGM: 6, NTA: 0, NTB: 4}
  - {Latency: 1538802, MT_M: 192, MT_N: 256, MT_K: 32, MI_M: 32, MI_N: 32, MI_K: 16,
    Occupancy: 1, WGM: 6, NTA: 0, NTB: 4}
  - {Latency: 1711722, MT_M: 128, MT_N: 256, MT_K: 64, MI_M: 32, MI_N: 32, MI_K: 16,
    Occupancy: 1, WGM: 6, NTA: 0, NTB: 4}
  - {Latency: 1753202, MT_M: 128, MT_N: 192, MT_K: 64, MI_M: 32, MI_N: 32, MI_K: 16,
    Occupancy: 1, WGM: 6, NTA: 0, NTB: 4}
  - {Latency: 2136697, MT_M: 256, MT_N: 256, MT_K: 32, MI_M: 32, MI_N: 32, MI_K: 16,
    Occupancy: 1, WGM: 6, NTA: 0, NTB: 4}
  - {Latency: 2567956, MT_M: 256, MT_N: 192, MT_K: 32, MI_M: 16, MI_N: 16, MI_K: 32,
    Occupancy: 1, WGM: 6, NTA: 0, NTB: 4}
  - {Latency: 2731768, MT_M: 192, MT_N: 128, MT_K: 64, MI_M: 32, MI_N: 32, MI_K: 16,
    Occupancy: 1, WGM: 6, NTA: 0, NTB: 4}
  - {Latency: 2759917, MT_M: 192, MT_N: 192, MT_K: 64, MI_M: 32, MI_N: 32, MI_K: 16,
    Occupancy: 1, WGM: 6, NTA: 0, NTB: 4}
  - {Latency: 3943764, MT_M: 256, MT_N: 128, MT_K: 64, MI_M: 32, MI_N: 32, MI_K: 16,
    Occupancy: 1, WGM: 6, NTA: 0, NTB: 4}
  - {Latency: 4461783, MT_M: 64, MT_N: 192, MT_K: 128, MI_M: 32, MI_N: 32, MI_K: 16,
    Occupancy: 1, WGM: 6, NTA: 0, NTB: 4}
  - {Latency: 5272255, MT_M: 64, MT_N: 128, MT_K: 128, MI_M: 16, MI_N: 16, MI_K: 32,
    Occupancy: 1, WGM: 6, NTA: 0, NTB: 4}
  - {Latency: 5675822, MT_M: 256, MT_N: 64, MT_K: 64, MI_M: 32, MI_N: 32, MI_K: 16,
    Occupancy: 1, WGM: 6, NTA: 0, NTB: 4}
  - {Latency: 5708957, MT_M: 32, MT_N: 64, MT_K: 128, MI_M: 32, MI_N: 32, MI_K: 16,
    Occupancy: 1, WGM: 6, NTA: 0, NTB: 4}
  - {Latency: 7002433, MT_M: 16, MT_N: 64, MT_K: 256, MI_M: 16, MI_N: 16, MI_K: 32,
    Occupancy: 1, WGM: 6, NTA: 0, NTB: 4}
  - {Latency: 8343325, MT_M: 128, MT_N: 128, MT_K: 128, MI_M: 32, MI_N: 32, MI_K: 16,
    Occupancy: 1, WGM: 6, NTA: 0, NTB: 4}
  - {Latency: 11322290, MT_M: 128, MT_N: 64, MT_K: 128, MI_M: 16, MI_N: 16, MI_K: 32,
    Occupancy: 1, WGM: 6, NTA: 0, NTB: 4}
  - {Latency: 11546251, MT_M: 64, MT_N: 32, MT_K: 128, MI_M: 32, MI_N: 32, MI_K: 16,
    Occupancy: 1, WGM: 6, NTA: 0, NTB: 4}
  - {Latency: 15294366, MT_M: 64, MT_N: 64, MT_K: 256, MI_M: 32, MI_N: 32, MI_K: 16,
    Occupancy: 1, WGM: 6, NTA: 0, NTB: 4}
  - {Latency: 17037534, MT_M: 192, MT_N: 64, MT_K: 128, MI_M: 32, MI_N: 32, MI_K: 16,
    Occupancy: 1, WGM: 6, NTA: 0, NTB: 4}
  - {Latency: 18981607, MT_M: 16, MT_N: 32, MT_K: 512, MI_M: 16, MI_N: 16, MI_K: 32,
    Occupancy: 1, WGM: 6, NTA: 0, NTB: 4}
  - {Latency: 27515241, MT_M: 16, MT_N: 16, MT_K: 512, MI_M: 16, MI_N: 16, MI_K: 32,
    Occupancy: 1, WGM: 6, NTA: 0, NTB: 4}
  - {Latency: 29402184, MT_M: 32, MT_N: 32, MT_K: 512, MI_M: 32, MI_N: 32, MI_K: 16,
    Occupancy: 1, WGM: 6, NTA: 0, NTB: 4}
  - {Latency: 36208115, MT_M: 64, MT_N: 16, MT_K: 256, MI_M: 16, MI_N: 16, MI_K: 32,
    Occupancy: 1, WGM: 6, NTA: 0, NTB: 4}
  - {Latency: 39711196, MT_M: 32, MT_N: 16, MT_K: 512, MI_M: 16, MI_N: 16, MI_K: 32,
    Occupancy: 1, WGM: 6, NTA: 0, NTB: 4}
- - {Latency: 172182, MT_M: 32, MT_N: 256, MT_K: 16, MI_M: 32, MI_N: 32, MI_K: 16,
    Occupancy: 2, WGM: 0, NTA: 0, NTB: 0}
  - {Latency: 180310, MT_M: 32, MT_N: 128, MT_K: 16, MI_M: 32, MI_N: 32, MI_K: 16,
    Occupancy: 5, WGM: 0, NTA: 0, NTB: 0}
  - {Latency: 359934, MT_M: 64, MT_N: 256, MT_K: 64, MI_M: 32, MI_N: 32, MI_K: 16,
    Occupancy: 1, WGM: 0, NTA: 0, NTB: 0}
  - {Latency: 456309, MT_M: 16, MT_N: 256, MT_K: 32, MI_M: 16, MI_N: 16, MI_K: 32,
    Occupancy: 2, WGM: 0, NTA: 0, NTB: 0}
  - {Latency: 498065, MT_M: 192, MT_N: 256, MT_K: 32, MI_M: 32, MI_N: 32, MI_K: 16,
    Occupancy: 1, WGM: 0, NTA: 0, NTB: 0}
  - {Latency: 514363, MT_M: 128, MT_N: 256, MT_K: 64, MI_M: 32, MI_N: 32, MI_K: 16,
    Occupancy: 1, WGM: 0, NTA: 0, NTB: 0}
  - {Latency: 527938, MT_M: 128, MT_N: 192, MT_K: 64, MI_M: 32, MI_N: 32, MI_K: 16,
    Occupancy: 1, WGM: 0, NTA: 0, NTB: 0}
  - {Latency: 649178, MT_M: 256, MT_N: 256, MT_K: 32, MI_M: 32, MI_N: 32, MI_K: 16,
    Occupancy: 1, WGM: 0, NTA: 0, NTB: 0}
  - {Latency: 654138, MT_M: 256, MT_N: 192, MT_K: 32, MI_M: 16, MI_N: 16, MI_K: 32,
    Occupancy: 1, WGM: 0, NTA: 0, NTB: 0}
  - {Latency: 677129, MT_M: 192, MT_N: 192, MT_K: 64, MI_M: 32, MI_N: 32, MI_K: 16,
    Occupancy: 1, WGM: 0, NTA: 0, NTB: 0}
  - {Latency: 702953, MT_M: 16, MT_N: 128, MT_K: 32, MI_M: 16, MI_N: 16, MI_K: 32,
    Occupancy: 3, WGM: 0, NTA: 0, NTB: 0}
  - {Latency: 810743, MT_M: 192, MT_N: 128, MT_K: 64, MI_M: 32, MI_N: 32, MI_K: 16,
    Occupancy: 1, WGM: 0, NTA: 0, NTB: 0}
  - {Latency: 812782, MT_M: 64, MT_N: 192, MT_K: 128, MI_M: 32, MI_N: 32, MI_K: 16,
    Occupancy: 1, WGM: 0, NTA: 0, NTB: 0}
  - {Latency: 986582, MT_M: 256, MT_N: 128, MT_K: 64, MI_M: 32, MI_N: 32, MI_K: 16,
    Occupancy: 1, WGM: 0, NTA: 0, NTB: 0}
  - {Latency: 1124428, MT_M: 64, MT_N: 128, MT_K: 128, MI_M: 16, MI_N: 16, MI_K: 32,
    Occupancy: 1, WGM: 0, NTA: 0, NTB: 0}
  - {Latency: 1344921, MT_M: 128, MT_N: 128, MT_K: 128, MI_M: 32, MI_N: 32, MI_K: 16,
    Occupancy: 1, WGM: 0, NTA: 0, NTB: 0}
  - {Latency: 1504824, MT_M: 256, MT_N: 64, MT_K: 64, MI_M: 32, MI_N: 32, MI_K: 16,
    Occupancy: 1, WGM: 0, NTA: 0, NTB: 0}
  - {Latency: 2181337, MT_M: 128, MT_N: 64, MT_K: 128, MI_M: 16, MI_N: 16, MI_K: 32,
    Occupancy: 1, WGM: 0, NTA: 0, NTB: 0}
  - {Latency: 2366974, MT_M: 64, MT_N: 64, MT_K: 256, MI_M: 32, MI_N: 32, MI_K: 16,
    Occupancy: 1, WGM: 0, NTA: 0, NTB: 0}
  - {Latency: 2542843, MT_M: 192, MT_N: 64, MT_K: 128, MI_M: 32, MI_N: 32, MI_K: 16,
    Occupancy: 1, WGM: 0, NTA: 0, NTB: 0}
  - {Latency: 3520698, MT_M: 32, MT_N: 64, MT_K: 128, MI_M: 32, MI_N: 32, MI_K: 16,
    Occupancy: 1, WGM: 0, NTA: 0, NTB: 0}
  - {Latency: 3520698, MT_M: 64, MT_N: 32, MT_K: 128, MI_M: 32, MI_N: 32, MI_K: 16,
    Occupancy: 1, WGM: 0, NTA: 0, NTB: 0}
  - {Latency: 7743118, MT_M: 64, MT_N: 16, MT_K: 256, MI_M: 16, MI_N: 16, MI_K: 32,
    Occupancy: 1, WGM: 0, NTA: 0, NTB: 0}
  - {Latency: 7787012, MT_M: 16, MT_N: 64, MT_K: 256, MI_M: 16, MI_N: 16, MI_K: 32,
    Occupancy: 1, WGM: 0, NTA: 0, NTB: 0}
  - {Latency: 10000950, MT_M: 32, MT_N: 32, MT_K: 512, MI_M: 32, MI_N: 32, MI_K: 16,
    Occupancy: 1, WGM: 0, NTA: 0, NTB: 0}
  - {Latency: 18369124, MT_M: 32, MT_N: 16, MT_K: 512, MI_M: 16, MI_N: 16, MI_K: 32,
    Occupancy: 1, WGM: 0, NTA: 0, NTB: 0}
  - {Latency: 18413254, MT_M: 16, MT_N: 32, MT_K: 512, MI_M: 16, MI_N: 16, MI_K: 32,
    Occupancy: 1, WGM: 0, NTA: 0, NTB: 0}
  - {Latency: 33267638, MT_M: 16, MT_N: 16, MT_K: 512, MI_M: 16, MI_N: 16, MI_K: 32,
    Occupancy: 1, WGM: 0, NTA: 0, NTB: 0}
- - {Latency: 91271, MT_M: 16, MT_N: 256, MT_K: 32, MI_M: 16, MI_N: 16, MI_K: 32,
    Occupancy: 2, WGM: 1, NTA: 0, NTB: 4}
  - {Latency: 94681, MT_M: 16, MT_N: 128, MT_K: 32, MI_M: 16, MI_N: 16, MI_K: 32,
    Occupancy: 3, WGM: 1, NTA: 0, NTB: 4}
  - {Latency: 128454, MT_M: 32, MT_N: 128, MT_K: 16, MI_M: 32, MI_N: 32, MI_K: 16,
    Occupancy: 5, WGM: 0, NTA: 0, NTB: 0}
  - {Latency: 137948, MT_M: 32, MT_N: 256, MT_K: 16, MI_M: 32, MI_N: 32, MI_K: 16,
    Occupancy: 2, WGM: 0, NTA: 0, NTB: 0}
  - {Latency: 979012, MT_M: 192, MT_N: 256, MT_K: 32, MI_M: 32, MI_N: 32, MI_K: 16,
    Occupancy: 1, WGM: 6, NTA: 0, NTB: 4}
  - {Latency: 1359398, MT_M: 256, MT_N: 256, MT_K: 32, MI_M: 32, MI_N: 32, MI_K: 16,
    Occupancy: 1, WGM: 6, NTA: 0, NTB: 4}
  - {Latency: 1659358, MT_M: 64, MT_N: 256, MT_K: 64, MI_M: 32, MI_N: 32, MI_K: 16,
    Occupancy: 1, WGM: 6, NTA: 0, NTB: 4}
  - {Latency: 1711879, MT_M: 256, MT_N: 192, MT_K: 32, MI_M: 16, MI_N: 16, MI_K: 32,
    Occupancy: 1, WGM: 6, NTA: 0, NTB: 4}
  - {Latency: 2725727, MT_M: 128, MT_N: 256, MT_K: 64, MI_M: 32, MI_N: 32, MI_K: 16,
    Occupancy: 1, WGM: 6, NTA: 0, NTB: 4}
  - {Latency: 3173077, MT_M: 128, MT_N: 192, MT_K: 64, MI_M: 32, MI_N: 32, MI_K: 16,
    Occupancy: 1, WGM: 6, NTA: 0, NTB: 4}
  - {Latency: 4435593, MT_M: 192, MT_N: 192, MT_K: 64, MI_M: 32, MI_N: 32, MI_K: 16,
    Occupancy: 1, WGM: 6, NTA: 0, NTB: 4}
  - {Latency: 4583664, MT_M: 32, MT_N: 64, MT_K: 128, MI_M: 32, MI_N: 32, MI_K: 16,
    Occupancy: 1, WGM: 6, NTA: 0, NTB: 4}
  - {Latency: 4646296, MT_M: 192, MT_N: 128, MT_K: 64, MI_M: 32, MI_N: 32, MI_K: 16,
    Occupancy: 1, WGM: 6, NTA: 0, NTB: 4}
  - {Latency: 4864092, MT_M: 64, MT_N: 192, MT_K: 128, MI_M: 32, MI_N: 32, MI_K: 16,
    Occupancy: 1, WGM: 6, NTA: 0, NTB: 4}
  - {Latency: 5228317, MT_M: 64, MT_N: 128, MT_K: 128, MI_M: 16, MI_N: 16, MI_K: 32,
    Occupancy: 1, WGM: 6, NTA: 0, NTB: 4}
  - {Latency: 6114296, MT_M: 256, MT_N: 128, MT_K: 64, MI_M: 32, MI_N: 32, MI_K: 16,
    Occupancy: 1, WGM: 6, NTA: 0, NTB: 4}
  - {Latency: 6268151, MT_M: 16, MT_N: 64, MT_K: 256, MI_M: 16, MI_N: 16, MI_K: 32,
    Occupancy: 1, WGM: 6, NTA: 0, NTB: 4}
  - {Latency: 9062138, MT_M: 128, MT_N: 128, MT_K: 128, MI_M: 32, MI_N: 32, MI_K: 16,
    Occupancy: 1, WGM: 6, NTA: 0, NTB: 4}
  - {Latency: 9341515, MT_M: 64, MT_N: 32, MT_K: 128, MI_M: 32, MI_N: 32, MI_K: 16,
    Occupancy: 1, WGM: 6, NTA: 0, NTB: 4}
  - {Latency: 9880068, MT_M: 256, MT_N: 64, MT_K: 64, MI_M: 32, MI_N: 32, MI_K: 16,
    Occupancy: 1, WGM: 6, NTA: 0, NTB: 4}
  - {Latency: 11782318, MT_M: 128, MT_N: 64, MT_K: 128, MI_M: 16, MI_N: 16, MI_K: 32,
    Occupancy: 1, WGM: 6, NTA: 0, NTB: 4}
  - {Latency: 17029510, MT_M: 64, MT_N: 64, MT_K: 256, MI_M: 32, MI_N: 32, MI_K: 16,
    Occupancy: 1, WGM: 6, NTA: 0, NTB: 4}
  - {Latency: 19000042, MT_M: 16, MT_N: 32, MT_K: 512, MI_M: 16, MI_N: 16, MI_K: 32,
    Occupancy: 1, WGM: 6, NTA: 0, NTB: 4}
  - {Latency: 19150879, MT_M: 192, MT_N: 64, MT_K: 128, MI_M: 32, MI_N: 32, MI_K: 16,
    Occupancy: 1, WGM: 6, NTA: 0, NTB: 4}
  - {Latency: 24727022, MT_M: 16, MT_N: 16, MT_K: 512, MI_M: 16, MI_N: 16, MI_K: 32,
    Occupancy: 1, WGM: 6, NTA: 0, NTB: 4}
  - {Latency: 32485183, MT_M: 32, MT_N: 32, MT_K: 512, MI_M: 32, MI_N: 32, MI_K: 16,
    Occupancy: 1, WGM: 6, NTA: 0, NTB: 4}
  - {Latency: 36006663, MT_M: 64, MT_N: 16, MT_K: 256, MI_M: 16, MI_N: 16, MI_K: 32,
    Occupancy: 1, WGM: 6, NTA: 0, NTB: 4}
  - {Latency: 40603413, MT_M: 32, MT_N: 16, MT_K: 512, MI_M: 16, MI_N: 16, MI_K: 32,
    Occupancy: 1, WGM: 6, NTA: 0, NTB: 4}
- - {Latency: 91281, MT_M: 16, MT_N: 256, MT_K: 32, MI_M: 16, MI_N: 16, MI_K: 32,
    Occupancy: 2, WGM: 1, NTA: 0, NTB: 4}
  - {Latency: 94691, MT_M: 16, MT_N: 128, MT_K: 32, MI_M: 16, MI_N: 16, MI_K: 32,
    Occupancy: 3, WGM: 1, NTA: 0, NTB: 4}
  - {Latency: 225573, MT_M: 32, MT_N: 128, MT_K: 16, MI_M: 32, MI_N: 32, MI_K: 16,
    Occupancy: 5, WGM: 0, NTA: 0, NTB: 0}
  - {Latency: 227823, MT_M: 32, MT_N: 256, MT_K: 16, MI_M: 32, MI_N: 32, MI_K: 16,
    Occupancy: 2, WGM: 0, NTA: 0, NTB: 0}
  - {Latency: 518703, MT_M: 64, MT_N: 256, MT_K: 64, MI_M: 32, MI_N: 32, MI_K: 16,
    Occupancy: 1, WGM: 6, NTA: 0, NTB: 4}
  - {Latency: 979150, MT_M: 192, MT_N: 256, MT_K: 32, MI_M: 32, MI_N: 32, MI_K: 16,
    Occupancy: 1, WGM: 6, NTA: 0, NTB: 4}
  - {Latency: 1052033, MT_M: 128, MT_N: 192, MT_K: 64, MI_M: 32, MI_N: 32, MI_K: 16,
    Occupancy: 1, WGM: 6, NTA: 0, NTB: 4}
  - {Latency: 1089168, MT_M: 128, MT_N: 256, MT_K: 64, MI_M: 32, MI_N: 32, MI_K: 16,
    Occupancy: 1, WGM: 6, NTA: 0, NTB: 4}
  - {Latency: 1359593, MT_M: 256, MT_N: 256, MT_K: 32, MI_M: 32, MI_N: 32, MI_K: 16,
    Occupancy: 1, WGM: 6, NTA: 0, NTB: 4}
  - {Latency: 1540928, MT_M: 256, MT_N: 192, MT_K: 32, MI_M: 16, MI_N: 16, MI_K: 32,
    Occupancy: 1, WGM: 6, NTA: 0, NTB: 4}
  - {Latency: 1656127, MT_M: 192, MT_N: 192, MT_K: 64, MI_M: 32, MI_N: 32, MI_K: 16,
    Occupancy: 1, WGM: 6, NTA: 0, NTB: 4}
  - {Latency: 1738501, MT_M: 192, MT_N: 128, MT_K: 64, MI_M: 32, MI_N: 32, MI_K: 16,
    Occupancy: 1, WGM: 6, NTA: 0, NTB: 4}
  - {Latency: 2509819, MT_M: 256, MT_N: 128, MT_K: 64, MI_M: 32, MI_N: 32, MI_K: 16,
    Occupancy: 1, WGM: 6, NTA: 0, NTB: 4}
  - {Latency: 2677280, MT_M: 64, MT_N: 192, MT_K: 128, MI_M: 32, MI_N: 32, MI_K: 16,
    Occupancy: 1, WGM: 6, NTA: 0, NTB: 4}
  - {Latency: 3355200, MT_M: 64, MT_N: 128, MT_K: 128, MI_M: 16, MI_N: 16, MI_K: 32,
    Occupancy: 1, WGM: 6, NTA: 0, NTB: 4}
  - {Latency: 3563933, MT_M: 256, MT_N: 64, MT_K: 64, MI_M: 32, MI_N: 32, MI_K: 16,
    Occupancy: 1, WGM: 6, NTA: 0, NTB: 4}
  - {Latency: 3584706, MT_M: 32, MT_N: 64, MT_K: 128, MI_M: 32, MI_N: 32, MI_K: 16,
    Occupancy: 1, WGM: 6, NTA: 0, NTB: 4}
  - {Latency: 4396899, MT_M: 16, MT_N: 64, MT_K: 256, MI_M: 16, MI_N: 16, MI_K: 32,
    Occupancy: 1, WGM: 6, NTA: 0, NTB: 4}
  - {Latency: 5309646, MT_M: 128, MT_N: 128, MT_K: 128, MI_M: 32, MI_N: 32, MI_K: 16,
    Occupancy: 1, WGM: 6, NTA: 0, NTB: 4}
  - {Latency: 7109403, MT_M: 128, MT_N: 64, MT_K: 128, MI_M: 16, MI_N: 16, MI_K: 32,
    Occupancy: 1, WGM: 6, NTA: 0, NTB: 4}
  - {Latency: 7335291, MT_M: 64, MT_N: 32, MT_K: 128, MI_M: 32, MI_N: 32, MI_K: 16,
    Occupancy: 1, WGM: 6, NTA: 0, NTB: 4}
  - {Latency: 9603532, MT_M: 64, MT_N: 64, MT_K: 256, MI_M: 32, MI_N: 32, MI_K: 16,
    Occupancy: 1, WGM: 6, NTA: 0, NTB: 4}
  - {Latency: 10698093, MT_M: 192, MT_N: 64, MT_K: 128, MI_M: 32, MI_N: 32, MI_K: 16,
    Occupancy: 1, WGM: 6, NTA: 0, NTB: 4}
  - {Latency: 12058994, MT_M: 16, MT_N: 32, MT_K: 512, MI_M: 16, MI_N: 16, MI_K: 32,
    Occupancy: 1, WGM: 6, NTA: 0, NTB: 4}
  - {Latency: 17420892, MT_M: 16, MT_N: 16, MT_K: 512, MI_M: 16, MI_N: 16, MI_K: 32,
    Occupancy: 1, WGM: 6, NTA: 0, NTB: 4}
  - {Latency: 18679216, MT_M: 32, MT_N: 32, MT_K: 512, MI_M: 32, MI_N: 32, MI_K: 16,
    Occupancy: 1, WGM: 6, NTA: 0, NTB: 4}
  - {Latency: 22924664, MT_M: 64, MT_N: 16, MT_K: 256, MI_M: 16, MI_N: 16, MI_K: 32,
    Occupancy: 1, WGM: 6, NTA: 0, NTB: 4}
  - {Latency: 25142592, MT_M: 32, MT_N: 16, MT_K: 512, MI_M: 16, MI_N: 16, MI_K: 32,
    Occupancy: 1, WGM: 6, NTA: 0, NTB: 4}
- - {Latency: 492430, MT_M: 32, MT_N: 128, MT_K: 16, MI_M: 32, MI_N: 32, MI_K: 16,
    Occupancy: 5, WGM: 0, NTA: 0, NTB: 0}
  - {Latency: 502094, MT_M: 32, MT_N: 256, MT_K: 16, MI_M: 32, MI_N: 32, MI_K: 16,
    Occupancy: 2, WGM: 0, NTA: 0, NTB: 0}
  - {Latency: 2283280, MT_M: 192, MT_N: 256, MT_K: 32, MI_M: 32, MI_N: 32, MI_K: 16,
    Occupancy: 1, WGM: 0, NTA: 0, NTB: 0}
  - {Latency: 2606927, MT_M: 256, MT_N: 256, MT_K: 32, MI_M: 32, MI_N: 32, MI_K: 16,
    Occupancy: 1, WGM: 0, NTA: 0, NTB: 0}
  - {Latency: 2775249, MT_M: 128, MT_N: 256, MT_K: 64, MI_M: 32, MI_N: 32, MI_K: 16,
    Occupancy: 1, WGM: 0, NTA: 0, NTB: 0}
  - {Latency: 3268677, MT_M: 256, MT_N: 192, MT_K: 32, MI_M: 16, MI_N: 16, MI_K: 32,
    Occupancy: 1, WGM: 0, NTA: 0, NTB: 0}
  - {Latency: 3302717, MT_M: 128, MT_N: 192, MT_K: 64, MI_M: 32, MI_N: 32, MI_K: 16,
    Occupancy: 1, WGM: 0, NTA: 0, NTB: 0}
  - {Latency: 4096201, MT_M: 192, MT_N: 192, MT_K: 64, MI_M: 32, MI_N: 32, MI_K: 16,
    Occupancy: 1, WGM: 0, NTA: 0, NTB: 0}
  - {Latency: 4196769, MT_M: 64, MT_N: 256, MT_K: 64, MI_M: 32, MI_N: 32, MI_K: 16,
    Occupancy: 1, WGM: 0, NTA: 0, NTB: 0}
  - {Latency: 4983844, MT_M: 192, MT_N: 128, MT_K: 64, MI_M: 32, MI_N: 32, MI_K: 16,
    Occupancy: 1, WGM: 0, NTA: 0, NTB: 0}
  - {Latency: 5928970, MT_M: 256, MT_N: 128, MT_K: 64, MI_M: 32, MI_N: 32, MI_K: 16,
    Occupancy: 1, WGM: 0, NTA: 0, NTB: 0}
  - {Latency: 7400971, MT_M: 128, MT_N: 128, MT_K: 128, MI_M: 32, MI_N: 32, MI_K: 16,
    Occupancy: 1, WGM: 0, NTA: 0, NTB: 0}
  - {Latency: 8493052, MT_M: 64, MT_N: 192, MT_K: 128, MI_M: 32, MI_N: 32, MI_K: 16,
    Occupancy: 1, WGM: 0, NTA: 0, NTB: 0}
  - {Latency: 10090884, MT_M: 256, MT_N: 64, MT_K: 64, MI_M: 32, MI_N: 32, MI_K: 16,
    Occupancy: 1, WGM: 0, NTA: 0, NTB: 0}
  - {Latency: 10921213, MT_M: 16, MT_N: 256, MT_K: 32, MI_M: 16, MI_N: 16, MI_K: 32,
    Occupancy: 2, WGM: 0, NTA: 0, NTB: 0}
  - {Latency: 10965393, MT_M: 128, MT_N: 64, MT_K: 128, MI_M: 16, MI_N: 16, MI_K: 32,
    Occupancy: 1, WGM: 0, NTA: 0, NTB: 0}
  - {Latency: 10965393, MT_M: 64, MT_N: 128, MT_K: 128, MI_M: 16, MI_N: 16, MI_K: 32,
    Occupancy: 1, WGM: 0, NTA: 0, NTB: 0}
  - {Latency: 15282328, MT_M: 192, MT_N: 64, MT_K: 128, MI_M: 32, MI_N: 32, MI_K: 16,
    Occupancy: 1, WGM: 0, NTA: 0, NTB: 0}
  - {Latency: 20652423, MT_M: 16, MT_N: 128, MT_K: 32, MI_M: 16, MI_N: 16, MI_K: 32,
    Occupancy: 3, WGM: 0, NTA: 0, NTB: 0}
  - {Latency: 31254978, MT_M: 32, MT_N: 64, MT_K: 128, MI_M: 32, MI_N: 32, MI_K: 16,
    Occupancy: 1, WGM: 0, NTA: 0, NTB: 0}
  - {Latency: 31254978, MT_M: 64, MT_N: 32, MT_K: 128, MI_M: 32, MI_N: 32, MI_K: 16,
    Occupancy: 1, WGM: 0, NTA: 0, NTB: 0}
  - {Latency: 35112125, MT_M: 64, MT_N: 64, MT_K: 256, MI_M: 32, MI_N: 32, MI_K: 16,
    Occupancy: 1, WGM: 0, NTA: 0, NTB: 0}
  - {Latency: 83816961, MT_M: 16, MT_N: 64, MT_K: 256, MI_M: 16, MI_N: 16, MI_K: 32,
    Occupancy: 1, WGM: 0, NTA: 0, NTB: 0}
  - {Latency: 102760216, MT_M: 64, MT_N: 16, MT_K: 256, MI_M: 16, MI_N: 16, MI_K: 32,
    Occupancy: 1, WGM: 0, NTA: 0, NTB: 0}
  - {Latency: 224812491, MT_M: 32, MT_N: 32, MT_K: 512, MI_M: 32, MI_N: 32, MI_K: 16,
    Occupancy: 1, WGM: 0, NTA: 0, NTB: 0}
  - {Latency: 288177781, MT_M: 16, MT_N: 32, MT_K: 512, MI_M: 16, MI_N: 16, MI_K: 32,
    Occupancy: 1, WGM: 0, NTA: 0, NTB: 0}
  - {Latency: 363036987, MT_M: 32, MT_N: 16, MT_K: 512, MI_M: 16, MI_N: 16, MI_K: 32,
    Occupancy: 1, WGM: 0, NTA: 0, NTB: 0}
  - {Latency: 431996053, MT_M: 16, MT_N: 16, MT_K: 512, MI_M: 16, MI_N: 16, MI_K: 32,
    Occupancy: 1, WGM: 0, NTA: 0, NTB: 0}
- - {Latency: 476929, MT_M: 256, MT_N: 192, MT_K: 32, MI_M: 16, MI_N: 16, MI_K: 32,
    Occupancy: 1, WGM: 0, NTA: 0, NTB: 0}
  - {Latency: 482656, MT_M: 192, MT_N: 256, MT_K: 32, MI_M: 32, MI_N: 32, MI_K: 16,
    Occupancy: 1, WGM: 0, NTA: 0, NTB: 0}
  - {Latency: 506659, MT_M: 256, MT_N: 256, MT_K: 32, MI_M: 32, MI_N: 32, MI_K: 16,
    Occupancy: 1, WGM: 0, NTA: 0, NTB: 0}
  - {Latency: 568316, MT_M: 128, MT_N: 192, MT_K: 64, MI_M: 32, MI_N: 32, MI_K: 16,
    Occupancy: 1, WGM: 0, NTA: 0, NTB: 0}
  - {Latency: 577858, MT_M: 192, MT_N: 128, MT_K: 64, MI_M: 32, MI_N: 32, MI_K: 16,
    Occupancy: 1, WGM: 0, NTA: 0, NTB: 0}
  - {Latency: 663571, MT_M: 192, MT_N: 192, MT_K: 64, MI_M: 32, MI_N: 32, MI_K: 16,
    Occupancy: 1, WGM: 0, NTA: 0, NTB: 0}
  - {Latency: 674719, MT_M: 256, MT_N: 128, MT_K: 64, MI_M: 32, MI_N: 32, MI_K: 16,
    Occupancy: 1, WGM: 0, NTA: 0, NTB: 0}
  - {Latency: 674719, MT_M: 128, MT_N: 256, MT_K: 64, MI_M: 32, MI_N: 32, MI_K: 16,
    Occupancy: 1, WGM: 0, NTA: 0, NTB: 0}
  - {Latency: 827676, MT_M: 64, MT_N: 192, MT_K: 128, MI_M: 32, MI_N: 32, MI_K: 16,
    Occupancy: 1, WGM: 0, NTA: 0, NTB: 0}
  - {Latency: 859380, MT_M: 192, MT_N: 64, MT_K: 128, MI_M: 32, MI_N: 32, MI_K: 16,
    Occupancy: 1, WGM: 0, NTA: 0, NTB: 0}
  - {Latency: 880663, MT_M: 128, MT_N: 128, MT_K: 128, MI_M: 32, MI_N: 32, MI_K: 16,
    Occupancy: 1, WGM: 0, NTA: 0, NTB: 0}
  - {Latency: 978820, MT_M: 64, MT_N: 128, MT_K: 128, MI_M: 16, MI_N: 16, MI_K: 32,
    Occupancy: 1, WGM: 0, NTA: 0, NTB: 0}
  - {Latency: 998464, MT_M: 128, MT_N: 64, MT_K: 128, MI_M: 16, MI_N: 16, MI_K: 32,
    Occupancy: 1, WGM: 0, NTA: 0, NTB: 0}
  - {Latency: 1040661, MT_M: 64, MT_N: 64, MT_K: 256, MI_M: 32, MI_N: 32, MI_K: 16,
    Occupancy: 1, WGM: 0, NTA: 0, NTB: 0}
  - {Latency: 1109790, MT_M: 64, MT_N: 256, MT_K: 64, MI_M: 32, MI_N: 32, MI_K: 16,
    Occupancy: 1, WGM: 0, NTA: 0, NTB: 0}
  - {Latency: 1131451, MT_M: 256, MT_N: 64, MT_K: 64, MI_M: 32, MI_N: 32, MI_K: 16,
    Occupancy: 1, WGM: 0, NTA: 0, NTB: 0}
  - {Latency: 1776748, MT_M: 64, MT_N: 32, MT_K: 128, MI_M: 32, MI_N: 32, MI_K: 16,
    Occupancy: 1, WGM: 0, NTA: 0, NTB: 0}
  - {Latency: 1790122, MT_M: 32, MT_N: 64, MT_K: 128, MI_M: 32, MI_N: 32, MI_K: 16,
    Occupancy: 1, WGM: 0, NTA: 0, NTB: 0}
  - {Latency: 2069063, MT_M: 32, MT_N: 32, MT_K: 512, MI_M: 32, MI_N: 32, MI_K: 16,
    Occupancy: 1, WGM: 0, NTA: 0, NTB: 0}
  - {Latency: 2585651, MT_M: 64, MT_N: 16, MT_K: 256, MI_M: 16, MI_N: 16, MI_K: 32,
    Occupancy: 1, WGM: 0, NTA: 0, NTB: 0}
  - {Latency: 2619607, MT_M: 16, MT_N: 64, MT_K: 256, MI_M: 16, MI_N: 16, MI_K: 32,
    Occupancy: 1, WGM: 0, NTA: 0, NTB: 0}
  - {Latency: 2789155, MT_M: 16, MT_N: 256, MT_K: 32, MI_M: 16, MI_N: 16, MI_K: 32,
    Occupancy: 2, WGM: 0, NTA: 0, NTB: 0}
  - {Latency: 3131332, MT_M: 32, MT_N: 16, MT_K: 512, MI_M: 16, MI_N: 16, MI_K: 32,
    Occupancy: 1, WGM: 0, NTA: 0, NTB: 0}
  - {Latency: 3143618, MT_M: 16, MT_N: 32, MT_K: 512, MI_M: 16, MI_N: 16, MI_K: 32,
    Occupancy: 1, WGM: 0, NTA: 0, NTB: 0}
  - {Latency: 3458393, MT_M: 32, MT_N: 256, MT_K: 16, MI_M: 32, MI_N: 32, MI_K: 16,
    Occupancy: 2, WGM: 0, NTA: 0, NTB: 0}
  - {Latency: 3717705, MT_M: 16, MT_N: 128, MT_K: 32, MI_M: 16, MI_N: 16, MI_K: 32,
    Occupancy: 3, WGM: 0, NTA: 0, NTB: 0}
  - {Latency: 3922711, MT_M: 32, MT_N: 128, MT_K: 16, MI_M: 32, MI_N: 32, MI_K: 16,
    Occupancy: 5, WGM: 0, NTA: 0, NTB: 0}
  - {Latency: 4412480, MT_M: 16, MT_N: 16, MT_K: 512, MI_M: 16, MI_N: 16, MI_K: 32,
    Occupancy: 1, WGM: 0, NTA: 0, NTB: 0}
- - {Latency: 83080492, MT_M: 256, MT_N: 192, MT_K: 32, MI_M: 16, MI_N: 16, MI_K: 32,
    Occupancy: 1, WGM: 0, NTA: 0, NTB: 0}
  - {Latency: 82446205, MT_M: 192, MT_N: 256, MT_K: 32, MI_M: 32, MI_N: 32, MI_K: 16,
    Occupancy: 1, WGM: 0, NTA: 0, NTB: 0}
  - {Latency: 93770330, MT_M: 256, MT_N: 256, MT_K: 32, MI_M: 32, MI_N: 32, MI_K: 16,
    Occupancy: 1, WGM: 0, NTA: 0, NTB: 0}
  - {Latency: 95713300, MT_M: 192, MT_N: 192, MT_K: 64, MI_M: 32, MI_N: 32, MI_K: 16,
    Occupancy: 1, WGM: 0, NTA: 0, NTB: 0}
  - {Latency: 97023507, MT_M: 128, MT_N: 256, MT_K: 64, MI_M: 32, MI_N: 32, MI_K: 16,
    Occupancy: 1, WGM: 0, NTA: 0, NTB: 0}
  - {Latency: 99187884, MT_M: 256, MT_N: 128, MT_K: 64, MI_M: 32, MI_N: 32, MI_K: 16,
    Occupancy: 1, WGM: 0, NTA: 0, NTB: 0}
  - {Latency: 104330902, MT_M: 128, MT_N: 128, MT_K: 128, MI_M: 32, MI_N: 32, MI_K: 16,
    Occupancy: 1, WGM: 0, NTA: 0, NTB: 0}
  - {Latency: 109119363, MT_M: 128, MT_N: 192, MT_K: 64, MI_M: 32, MI_N: 32, MI_K: 16,
    Occupancy: 1, WGM: 0, NTA: 0, NTB: 0}
  - {Latency: 110584817, MT_M: 192, MT_N: 128, MT_K: 64, MI_M: 32, MI_N: 32, MI_K: 16,
    Occupancy: 1, WGM: 0, NTA: 0, NTB: 0}
  - {Latency: 136698949, MT_M: 64, MT_N: 256, MT_K: 64, MI_M: 32, MI_N: 32, MI_K: 16,
    Occupancy: 1, WGM: 0, NTA: 0, NTB: 0}
  - {Latency: 139329194, MT_M: 256, MT_N: 64, MT_K: 64, MI_M: 32, MI_N: 32, MI_K: 16,
    Occupancy: 1, WGM: 0, NTA: 0, NTB: 0}
  - {Latency: 142331293, MT_M: 64, MT_N: 192, MT_K: 128, MI_M: 32, MI_N: 32, MI_K: 16,
    Occupancy: 1, WGM: 0, NTA: 0, NTB: 0}
  - {Latency: 143988890, MT_M: 192, MT_N: 64, MT_K: 128, MI_M: 32, MI_N: 32, MI_K: 16,
    Occupancy: 1, WGM: 0, NTA: 0, NTB: 0}
  - {Latency: 159504596, MT_M: 128, MT_N: 64, MT_K: 128, MI_M: 16, MI_N: 16, MI_K: 32,
    Occupancy: 1, WGM: 0, NTA: 0, NTB: 0}
  - {Latency: 159899287, MT_M: 64, MT_N: 128, MT_K: 128, MI_M: 16, MI_N: 16, MI_K: 32,
    Occupancy: 1, WGM: 0, NTA: 0, NTB: 0}
  - {Latency: 193156689, MT_M: 64, MT_N: 64, MT_K: 256, MI_M: 32, MI_N: 32, MI_K: 16,
    Occupancy: 1, WGM: 0, NTA: 0, NTB: 0}
  - {Latency: 339344527, MT_M: 32, MT_N: 64, MT_K: 128, MI_M: 32, MI_N: 32, MI_K: 16,
    Occupancy: 1, WGM: 0, NTA: 0, NTB: 0}
  - {Latency: 339344527, MT_M: 64, MT_N: 32, MT_K: 128, MI_M: 32, MI_N: 32, MI_K: 16,
    Occupancy: 1, WGM: 0, NTA: 0, NTB: 0}
  - {Latency: 386319195, MT_M: 32, MT_N: 32, MT_K: 512, MI_M: 32, MI_N: 32, MI_K: 16,
    Occupancy: 1, WGM: 0, NTA: 0, NTB: 0}
  - {Latency: 511248782, MT_M: 16, MT_N: 64, MT_K: 256, MI_M: 16, MI_N: 16, MI_K: 32,
    Occupancy: 1, WGM: 0, NTA: 0, NTB: 0}
  - {Latency: 512604458, MT_M: 64, MT_N: 16, MT_K: 256, MI_M: 16, MI_N: 16, MI_K: 32,
    Occupancy: 1, WGM: 0, NTA: 0, NTB: 0}
  - {Latency: 559614361, MT_M: 16, MT_N: 256, MT_K: 32, MI_M: 16, MI_N: 16, MI_K: 32,
    Occupancy: 2, WGM: 0, NTA: 0, NTB: 0}
  - {Latency: 583952936, MT_M: 32, MT_N: 256, MT_K: 16, MI_M: 32, MI_N: 32, MI_K: 16,
    Occupancy: 2, WGM: 0, NTA: 0, NTB: 0}
  - {Latency: 597692862, MT_M: 16, MT_N: 32, MT_K: 512, MI_M: 16, MI_N: 16, MI_K: 32,
    Occupancy: 1, WGM: 0, NTA: 0, NTB: 0}
  - {Latency: 599330207, MT_M: 32, MT_N: 16, MT_K: 512, MI_M: 16, MI_N: 16, MI_K: 32,
    Occupancy: 1, WGM: 0, NTA: 0, NTB: 0}
  - {Latency: 731256641, MT_M: 16, MT_N: 128, MT_K: 32, MI_M: 16, MI_N: 16, MI_K: 32,
    Occupancy: 3, WGM: 0, NTA: 0, NTB: 0}
  - {Latency: 797558607, MT_M: 32, MT_N: 128, MT_K: 16, MI_M: 32, MI_N: 32, MI_K: 16,
    Occupancy: 5, WGM: 0, NTA: 0, NTB: 0}
  - {Latency: 847025002, MT_M: 16, MT_N: 16, MT_K: 512, MI_M: 16, MI_N: 16, MI_K: 32,
    Occupancy: 1, WGM: 0, NTA: 0, NTB: 0}
- - {Latency: 8606017, MT_M: 192, MT_N: 192, MT_K: 64, MI_M: 32, MI_N: 32, MI_K: 16,
    Occupancy: 1, WGM: 0, NTA: 0, NTB: 0}
  - {Latency: 10728555, MT_M: 192, MT_N: 256, MT_K: 32, MI_M: 32, MI_N: 32, MI_K: 16,
    Occupancy: 1, WGM: 0, NTA: 0, NTB: 0}
  - {Latency: 10802267, MT_M: 192, MT_N: 128, MT_K: 64, MI_M: 32, MI_N: 32, MI_K: 16,
    Occupancy: 1, WGM: 0, NTA: 0, NTB: 0}
  - {Latency: 10915800, MT_M: 128, MT_N: 192, MT_K: 64, MI_M: 32, MI_N: 32, MI_K: 16,
    Occupancy: 1, WGM: 0, NTA: 0, NTB: 0}
  - {Latency: 11013943, MT_M: 256, MT_N: 192, MT_K: 32, MI_M: 16, MI_N: 16, MI_K: 32,
    Occupancy: 1, WGM: 0, NTA: 0, NTB: 0}
  - {Latency: 12068490, MT_M: 256, MT_N: 256, MT_K: 32, MI_M: 32, MI_N: 32, MI_K: 16,
    Occupancy: 1, WGM: 0, NTA: 0, NTB: 0}
  - {Latency: 12539467, MT_M: 128, MT_N: 256, MT_K: 64, MI_M: 32, MI_N: 32, MI_K: 16,
    Occupancy: 1, WGM: 0, NTA: 0, NTB: 0}
  - {Latency: 12761499, MT_M: 256, MT_N: 128, MT_K: 64, MI_M: 32, MI_N: 32, MI_K: 16,
    Occupancy: 1, WGM: 0, NTA: 0, NTB: 0}
  - {Latency: 13502694, MT_M: 128, MT_N: 128, MT_K: 128, MI_M: 32, MI_N: 32, MI_K: 16,
    Occupancy: 1, WGM: 0, NTA: 0, NTB: 0}
  - {Latency: 15998782, MT_M: 192, MT_N: 64, MT_K: 128, MI_M: 32, MI_N: 32, MI_K: 16,
    Occupancy: 1, WGM: 0, NTA: 0, NTB: 0}
  - {Latency: 16514700, MT_M: 64, MT_N: 192, MT_K: 128, MI_M: 32, MI_N: 32, MI_K: 16,
    Occupancy: 1, WGM: 0, NTA: 0, NTB: 0}
  - {Latency: 17778452, MT_M: 256, MT_N: 64, MT_K: 64, MI_M: 32, MI_N: 32, MI_K: 16,
    Occupancy: 1, WGM: 0, NTA: 0, NTB: 0}
  - {Latency: 17820494, MT_M: 64, MT_N: 256, MT_K: 64, MI_M: 32, MI_N: 32, MI_K: 16,
    Occupancy: 1, WGM: 0, NTA: 0, NTB: 0}
  - {Latency: 18435967, MT_M: 128, MT_N: 64, MT_K: 128, MI_M: 16, MI_N: 16, MI_K: 32,
    Occupancy: 1, WGM: 0, NTA: 0, NTB: 0}
  - {Latency: 18807914, MT_M: 64, MT_N: 128, MT_K: 128, MI_M: 16, MI_N: 16, MI_K: 32,
    Occupancy: 1, WGM: 0, NTA: 0, NTB: 0}
  - {Latency: 22533201, MT_M: 64, MT_N: 64, MT_K: 256, MI_M: 32, MI_N: 32, MI_K: 16,
    Occupancy: 1, WGM: 0, NTA: 0, NTB: 0}
  - {Latency: 37779967, MT_M: 64, MT_N: 32, MT_K: 128, MI_M: 32, MI_N: 32, MI_K: 16,
    Occupancy: 1, WGM: 0, NTA: 0, NTB: 0}
  - {Latency: 38120632, MT_M: 32, MT_N: 64, MT_K: 128, MI_M: 32, MI_N: 32, MI_K: 16,
    Occupancy: 1, WGM: 0, NTA: 0, NTB: 0}
  - {Latency: 43594854, MT_M: 32, MT_N: 32, MT_K: 512, MI_M: 32, MI_N: 32, MI_K: 16,
    Occupancy: 1, WGM: 0, NTA: 0, NTB: 0}
  - {Latency: 56175020, MT_M: 64, MT_N: 16, MT_K: 256, MI_M: 16, MI_N: 16, MI_K: 32,
    Occupancy: 1, WGM: 0, NTA: 0, NTB: 0}
  - {Latency: 57813777, MT_M: 16, MT_N: 64, MT_K: 256, MI_M: 16, MI_N: 16, MI_K: 32,
    Occupancy: 1, WGM: 0, NTA: 0, NTB: 0}
  - {Latency: 61660488, MT_M: 16, MT_N: 256, MT_K: 32, MI_M: 16, MI_N: 16, MI_K: 32,
    Occupancy: 2, WGM: 0, NTA: 0, NTB: 0}
  - {Latency: 66218391, MT_M: 32, MT_N: 16, MT_K: 512, MI_M: 16, MI_N: 16, MI_K: 32,
    Occupancy: 1, WGM: 0, NTA: 0, NTB: 0}
  - {Latency: 66454323, MT_M: 16, MT_N: 32, MT_K: 512, MI_M: 16, MI_N: 16, MI_K: 32,
    Occupancy: 1, WGM: 0, NTA: 0, NTB: 0}
  - {Latency: 68072272, MT_M: 32, MT_N: 256, MT_K: 16, MI_M: 32, MI_N: 32, MI_K: 16,
    Occupancy: 2, WGM: 0, NTA: 0, NTB: 0}
  - {Latency: 82300346, MT_M: 16, MT_N: 128, MT_K: 32, MI_M: 16, MI_N: 16, MI_K: 32,
    Occupancy: 3, WGM: 0, NTA: 0, NTB: 0}
  - {Latency: 87502402, MT_M: 32, MT_N: 128, MT_K: 16, MI_M: 32, MI_N: 32, MI_K: 16,
    Occupancy: 5, WGM: 0, NTA: 0, NTB: 0}
  - {Latency: 93509530, MT_M: 16, MT_N: 16, MT_K: 512, MI_M: 16, MI_N: 16, MI_K: 32,
    Occupancy: 1, WGM: 0, NTA: 0, NTB: 0}
- - {Latency: 44378720, MT_M: 192, MT_N: 192, MT_K: 64, MI_M: 32, MI_N: 32, MI_K: 16,
    Occupancy: 1, WGM: 0, NTA: 0, NTB: 0}
  - {Latency: 57734559, MT_M: 256, MT_N: 192, MT_K: 32, MI_M: 16, MI_N: 16, MI_K: 32,
    Occupancy: 1, WGM: 0, NTA: 0, NTB: 0}
  - {Latency: 58948616, MT_M: 192, MT_N: 256, MT_K: 32, MI_M: 32, MI_N: 32, MI_K: 16,
    Occupancy: 1, WGM: 0, NTA: 0, NTB: 0}
  - {Latency: 67107203, MT_M: 256, MT_N: 256, MT_K: 32, MI_M: 32, MI_N: 32, MI_K: 16,
    Occupancy: 1, WGM: 0, NTA: 0, NTB: 0}
  - {Latency: 77008772, MT_M: 192, MT_N: 128, MT_K: 64, MI_M: 32, MI_N: 32, MI_K: 16,
    Occupancy: 1, WGM: 0, NTA: 0, NTB: 0}
  - {Latency: 77529490, MT_M: 128, MT_N: 192, MT_K: 64, MI_M: 32, MI_N: 32, MI_K: 16,
    Occupancy: 1, WGM: 0, NTA: 0, NTB: 0}
  - {Latency: 85866456, MT_M: 192, MT_N: 64, MT_K: 128, MI_M: 32, MI_N: 32, MI_K: 16,
    Occupancy: 1, WGM: 0, NTA: 0, NTB: 0}
  - {Latency: 85866456, MT_M: 64, MT_N: 192, MT_K: 128, MI_M: 32, MI_N: 32, MI_K: 16,
    Occupancy: 1, WGM: 0, NTA: 0, NTB: 0}
  - {Latency: 89244045, MT_M: 128, MT_N: 128, MT_K: 128, MI_M: 32, MI_N: 32, MI_K: 16,
    Occupancy: 1, WGM: 0, NTA: 0, NTB: 0}
  - {Latency: 92120636, MT_M: 256, MT_N: 128, MT_K: 64, MI_M: 32, MI_N: 32, MI_K: 16,
    Occupancy: 1, WGM: 0, NTA: 0, NTB: 0}
  - {Latency: 94897813, MT_M: 128, MT_N: 256, MT_K: 64, MI_M: 32, MI_N: 32, MI_K: 16,
    Occupancy: 1, WGM: 0, NTA: 0, NTB: 0}
  - {Latency: 112633166, MT_M: 64, MT_N: 128, MT_K: 128, MI_M: 16, MI_N: 16, MI_K: 32,
    Occupancy: 1, WGM: 0, NTA: 0, NTB: 0}
  - {Latency: 113414451, MT_M: 128, MT_N: 64, MT_K: 128, MI_M: 16, MI_N: 16, MI_K: 32,
    Occupancy: 1, WGM: 0, NTA: 0, NTB: 0}
  - {Latency: 116276761, MT_M: 256, MT_N: 64, MT_K: 64, MI_M: 32, MI_N: 32, MI_K: 16,
    Occupancy: 1, WGM: 0, NTA: 0, NTB: 0}
  - {Latency: 118880310, MT_M: 64, MT_N: 256, MT_K: 64, MI_M: 32, MI_N: 32, MI_K: 16,
    Occupancy: 1, WGM: 0, NTA: 0, NTB: 0}
  - {Latency: 128838674, MT_M: 64, MT_N: 64, MT_K: 256, MI_M: 32, MI_N: 32, MI_K: 16,
    Occupancy: 1, WGM: 0, NTA: 0, NTB: 0}
  - {Latency: 223393891, MT_M: 32, MT_N: 64, MT_K: 128, MI_M: 32, MI_N: 32, MI_K: 16,
    Occupancy: 1, WGM: 0, NTA: 0, NTB: 0}
  - {Latency: 224096994, MT_M: 64, MT_N: 32, MT_K: 128, MI_M: 32, MI_N: 32, MI_K: 16,
    Occupancy: 1, WGM: 0, NTA: 0, NTB: 0}
  - {Latency: 238664030, MT_M: 32, MT_N: 32, MT_K: 512, MI_M: 32, MI_N: 32, MI_K: 16,
    Occupancy: 1, WGM: 0, NTA: 0, NTB: 0}
  - {Latency: 328338888, MT_M: 64, MT_N: 16, MT_K: 256, MI_M: 16, MI_N: 16, MI_K: 32,
    Occupancy: 1, WGM: 0, NTA: 0, NTB: 0}
  - {Latency: 328457115, MT_M: 16, MT_N: 64, MT_K: 256, MI_M: 16, MI_N: 16, MI_K: 32,
    Occupancy: 1, WGM: 0, NTA: 0, NTB: 0}
  - {Latency: 368829590, MT_M: 32, MT_N: 16, MT_K: 512, MI_M: 16, MI_N: 16, MI_K: 32,
    Occupancy: 1, WGM: 0, NTA: 0, NTB: 0}
  - {Latency: 370273396, MT_M: 16, MT_N: 32, MT_K: 512, MI_M: 16, MI_N: 16, MI_K: 32,
    Occupancy: 1, WGM: 0, NTA: 0, NTB: 0}
  - {Latency: 399446878, MT_M: 16, MT_N: 256, MT_K: 32, MI_M: 16, MI_N: 16, MI_K: 32,
    Occupancy: 2, WGM: 0, NTA: 0, NTB: 0}
  - {Latency: 416125216, MT_M: 32, MT_N: 256, MT_K: 16, MI_M: 32, MI_N: 32, MI_K: 16,
    Occupancy: 2, WGM: 0, NTA: 0, NTB: 0}
  - {Latency: 469377363, MT_M: 16, MT_N: 128, MT_K: 32, MI_M: 16, MI_N: 16, MI_K: 32,
    Occupancy: 3, WGM: 0, NTA: 0, NTB: 0}
  - {Latency: 498421023, MT_M: 32, MT_N: 128, MT_K: 16, MI_M: 32, MI_N: 32, MI_K: 16,
    Occupancy: 5, WGM: 0, NTA: 0, NTB: 0}
  - {Latency: 524464154, MT_M: 16, MT_N: 16, MT_K: 512, MI_M: 16, MI_N: 16, MI_K: 32,
    Occupancy: 1, WGM: 0, NTA: 0, NTB: 0}
- - {Latency: 7554102, MT_M: 256, MT_N: 256, MT_K: 32, MI_M: 32, MI_N: 32, MI_K: 16,
    Occupancy: 1, WGM: 0, NTA: 0, NTB: 0}
  - {Latency: 7773633, MT_M: 256, MT_N: 192, MT_K: 32, MI_M: 16, MI_N: 16, MI_K: 32,
    Occupancy: 1, WGM: 0, NTA: 0, NTB: 0}
  - {Latency: 8336315, MT_M: 128, MT_N: 192, MT_K: 64, MI_M: 32, MI_N: 32, MI_K: 16,
    Occupancy: 1, WGM: 0, NTA: 0, NTB: 0}
  - {Latency: 8471770, MT_M: 256, MT_N: 128, MT_K: 64, MI_M: 32, MI_N: 32, MI_K: 16,
    Occupancy: 1, WGM: 0, NTA: 0, NTB: 0}
  - {Latency: 9114760, MT_M: 192, MT_N: 192, MT_K: 64, MI_M: 32, MI_N: 32, MI_K: 16,
    Occupancy: 1, WGM: 0, NTA: 0, NTB: 0}
  - {Latency: 9264406, MT_M: 192, MT_N: 128, MT_K: 64, MI_M: 32, MI_N: 32, MI_K: 16,
    Occupancy: 1, WGM: 0, NTA: 0, NTB: 0}
  - {Latency: 9840348, MT_M: 192, MT_N: 256, MT_K: 32, MI_M: 32, MI_N: 32, MI_K: 16,
    Occupancy: 1, WGM: 0, NTA: 0, NTB: 0}
  - {Latency: 11241443, MT_M: 128, MT_N: 256, MT_K: 64, MI_M: 32, MI_N: 32, MI_K: 16,
    Occupancy: 1, WGM: 0, NTA: 0, NTB: 0}
  - {Latency: 12530092, MT_M: 64, MT_N: 192, MT_K: 128, MI_M: 32, MI_N: 32, MI_K: 16,
    Occupancy: 1, WGM: 0, NTA: 0, NTB: 0}
  - {Latency: 12948508, MT_M: 128, MT_N: 128, MT_K: 128, MI_M: 32, MI_N: 32, MI_K: 16,
    Occupancy: 1, WGM: 0, NTA: 0, NTB: 0}
  - {Latency: 13555825, MT_M: 192, MT_N: 64, MT_K: 128, MI_M: 32, MI_N: 32, MI_K: 16,
    Occupancy: 1, WGM: 0, NTA: 0, NTB: 0}
  - {Latency: 17116941, MT_M: 64, MT_N: 256, MT_K: 64, MI_M: 32, MI_N: 32, MI_K: 16,
    Occupancy: 1, WGM: 0, NTA: 0, NTB: 0}
  - {Latency: 17876548, MT_M: 256, MT_N: 64, MT_K: 64, MI_M: 32, MI_N: 32, MI_K: 16,
    Occupancy: 1, WGM: 0, NTA: 0, NTB: 0}
  - {Latency: 18811102, MT_M: 64, MT_N: 64, MT_K: 256, MI_M: 32, MI_N: 32, MI_K: 16,
    Occupancy: 1, WGM: 0, NTA: 0, NTB: 0}
  - {Latency: 19421802, MT_M: 128, MT_N: 64, MT_K: 128, MI_M: 16, MI_N: 16, MI_K: 32,
    Occupancy: 1, WGM: 0, NTA: 0, NTB: 0}
  - {Latency: 20048362, MT_M: 64, MT_N: 128, MT_K: 128, MI_M: 16, MI_N: 16, MI_K: 32,
    Occupancy: 1, WGM: 0, NTA: 0, NTB: 0}
  - {Latency: 26992851, MT_M: 64, MT_N: 32, MT_K: 128, MI_M: 32, MI_N: 32, MI_K: 16,
    Occupancy: 1, WGM: 0, NTA: 0, NTB: 0}
  - {Latency: 27384381, MT_M: 32, MT_N: 64, MT_K: 128, MI_M: 32, MI_N: 32, MI_K: 16,
    Occupancy: 1, WGM: 0, NTA: 0, NTB: 0}
  - {Latency: 30830445, MT_M: 32, MT_N: 32, MT_K: 512, MI_M: 32, MI_N: 32, MI_K: 16,
    Occupancy: 1, WGM: 0, NTA: 0, NTB: 0}
  - {Latency: 40536932, MT_M: 64, MT_N: 16, MT_K: 256, MI_M: 16, MI_N: 16, MI_K: 32,
    Occupancy: 1, WGM: 0, NTA: 0, NTB: 0}
  - {Latency: 41122580, MT_M: 16, MT_N: 64, MT_K: 256, MI_M: 16, MI_N: 16, MI_K: 32,
    Occupancy: 1, WGM: 0, NTA: 0, NTB: 0}
  - {Latency: 44970325, MT_M: 16, MT_N: 32, MT_K: 512, MI_M: 16, MI_N: 16, MI_K: 32,
    Occupancy: 1, WGM: 0, NTA: 0, NTB: 0}
  - {Latency: 45040211, MT_M: 32, MT_N: 16, MT_K: 512, MI_M: 16, MI_N: 16, MI_K: 32,
    Occupancy: 1, WGM: 0, NTA: 0, NTB: 0}
  - {Latency: 51818415, MT_M: 16, MT_N: 256, MT_K: 32, MI_M: 16, MI_N: 16, MI_K: 32,
    Occupancy: 2, WGM: 0, NTA: 0, NTB: 0}
  - {Latency: 57459308, MT_M: 16, MT_N: 128, MT_K: 32, MI_M: 16, MI_N: 16, MI_K: 32,
    Occupancy: 3, WGM: 0, NTA: 0, NTB: 0}
  - {Latency: 60071801, MT_M: 16, MT_N: 16, MT_K: 512, MI_M: 16, MI_N: 16, MI_K: 32,
    Occupancy: 1, WGM: 0, NTA: 0, NTB: 0}
  - {Latency: 72560960, MT_M: 32, MT_N: 256, MT_K: 16, MI_M: 32, MI_N: 32, MI_K: 16,
    Occupancy: 2, WGM: 0, NTA: 0, NTB: 0}
  - {Latency: 73770070, MT_M: 32, MT_N: 128, MT_K: 16, MI_M: 32, MI_N: 32, MI_K: 16,
    Occupancy: 5, WGM: 0, NTA: 0, NTB: 0}
- - {Latency: 99300237, MT_M: 192, MT_N: 192, MT_K: 64, MI_M: 32, MI_N: 32, MI_K: 16,
    Occupancy: 1, WGM: 0, NTA: 0, NTB: 0}
  - {Latency: 126478923, MT_M: 192, MT_N: 128, MT_K: 64, MI_M: 32, MI_N: 32, MI_K: 16,
    Occupancy: 1, WGM: 0, NTA: 0, NTB: 0}
  - {Latency: 126661251, MT_M: 256, MT_N: 192, MT_K: 32, MI_M: 16, MI_N: 16, MI_K: 32,
    Occupancy: 1, WGM: 0, NTA: 0, NTB: 0}
  - {Latency: 127355727, MT_M: 128, MT_N: 192, MT_K: 64, MI_M: 32, MI_N: 32, MI_K: 16,
    Occupancy: 1, WGM: 0, NTA: 0, NTB: 0}
  - {Latency: 127476536, MT_M: 192, MT_N: 256, MT_K: 32, MI_M: 32, MI_N: 32, MI_K: 16,
    Occupancy: 1, WGM: 0, NTA: 0, NTB: 0}
  - {Latency: 141993327, MT_M: 256, MT_N: 256, MT_K: 32, MI_M: 32, MI_N: 32, MI_K: 16,
    Occupancy: 1, WGM: 0, NTA: 0, NTB: 0}
  - {Latency: 147889472, MT_M: 256, MT_N: 128, MT_K: 64, MI_M: 32, MI_N: 32, MI_K: 16,
    Occupancy: 1, WGM: 0, NTA: 0, NTB: 0}
  - {Latency: 149993812, MT_M: 128, MT_N: 256, MT_K: 64, MI_M: 32, MI_N: 32, MI_K: 16,
    Occupancy: 1, WGM: 0, NTA: 0, NTB: 0}
  - {Latency: 158928038, MT_M: 128, MT_N: 128, MT_K: 128, MI_M: 32, MI_N: 32, MI_K: 16,
    Occupancy: 1, WGM: 0, NTA: 0, NTB: 0}
  - {Latency: 189291589, MT_M: 192, MT_N: 64, MT_K: 128, MI_M: 32, MI_N: 32, MI_K: 16,
    Occupancy: 1, WGM: 0, NTA: 0, NTB: 0}
  - {Latency: 192097916, MT_M: 64, MT_N: 192, MT_K: 128, MI_M: 32, MI_N: 32, MI_K: 16,
    Occupancy: 1, WGM: 0, NTA: 0, NTB: 0}
  - {Latency: 209307859, MT_M: 256, MT_N: 64, MT_K: 64, MI_M: 32, MI_N: 32, MI_K: 16,
    Occupancy: 1, WGM: 0, NTA: 0, NTB: 0}
  - {Latency: 213691819, MT_M: 64, MT_N: 256, MT_K: 64, MI_M: 32, MI_N: 32, MI_K: 16,
    Occupancy: 1, WGM: 0, NTA: 0, NTB: 0}
  - {Latency: 220252636, MT_M: 128, MT_N: 64, MT_K: 128, MI_M: 16, MI_N: 16, MI_K: 32,
    Occupancy: 1, WGM: 0, NTA: 0, NTB: 0}
  - {Latency: 221831258, MT_M: 64, MT_N: 128, MT_K: 128, MI_M: 16, MI_N: 16, MI_K: 32,
    Occupancy: 1, WGM: 0, NTA: 0, NTB: 0}
  - {Latency: 283930357, MT_M: 64, MT_N: 64, MT_K: 256, MI_M: 32, MI_N: 32, MI_K: 16,
    Occupancy: 1, WGM: 0, NTA: 0, NTB: 0}
  - {Latency: 469611418, MT_M: 64, MT_N: 32, MT_K: 128, MI_M: 32, MI_N: 32, MI_K: 16,
    Occupancy: 1, WGM: 0, NTA: 0, NTB: 0}
  - {Latency: 484958184, MT_M: 32, MT_N: 64, MT_K: 128, MI_M: 32, MI_N: 32, MI_K: 16,
    Occupancy: 1, WGM: 0, NTA: 0, NTB: 0}
  - {Latency: 534328234, MT_M: 32, MT_N: 32, MT_K: 512, MI_M: 32, MI_N: 32, MI_K: 16,
    Occupancy: 1, WGM: 0, NTA: 0, NTB: 0}
  - {Latency: 709178857, MT_M: 64, MT_N: 16, MT_K: 256, MI_M: 16, MI_N: 16, MI_K: 32,
    Occupancy: 1, WGM: 0, NTA: 0, NTB: 0}
  - {Latency: 722175263, MT_M: 16, MT_N: 64, MT_K: 256, MI_M: 16, MI_N: 16, MI_K: 32,
    Occupancy: 1, WGM: 0, NTA: 0, NTB: 0}
  - {Latency: 788041779, MT_M: 16, MT_N: 256, MT_K: 32, MI_M: 16, MI_N: 16, MI_K: 32,
    Occupancy: 2, WGM: 0, NTA: 0, NTB: 0}
  - {Latency: 820579101, MT_M: 32, MT_N: 256, MT_K: 16, MI_M: 32, MI_N: 32, MI_K: 16,
    Occupancy: 2, WGM: 0, NTA: 0, NTB: 0}
  - {Latency: 829044984, MT_M: 32, MT_N: 16, MT_K: 512, MI_M: 16, MI_N: 16, MI_K: 32,
    Occupancy: 1, WGM: 0, NTA: 0, NTB: 0}
  - {Latency: 829090142, MT_M: 16, MT_N: 32, MT_K: 512, MI_M: 16, MI_N: 16, MI_K: 32,
    Occupancy: 1, WGM: 0, NTA: 0, NTB: 0}
  - {Latency: 1015692169, MT_M: 16, MT_N: 128, MT_K: 32, MI_M: 16, MI_N: 16, MI_K: 32,
    Occupancy: 3, WGM: 0, NTA: 0, NTB: 0}
  - {Latency: 1108804641, MT_M: 32, MT_N: 128, MT_K: 16, MI_M: 32, MI_N: 32, MI_K: 16,
    Occupancy: 5, WGM: 0, NTA: 0, NTB: 0}
  - {Latency: 1178891156, MT_M: 16, MT_N: 16, MT_K: 512, MI_M: 16, MI_N: 16, MI_K: 32,
    Occupancy: 1, WGM: 0, NTA: 0, NTB: 0}
- - {Latency: 27964200, MT_M: 192, MT_N: 256, MT_K: 32, MI_M: 32, MI_N: 32, MI_K: 16,
    Occupancy: 1, WGM: 0, NTA: 0, NTB: 0}
  - {Latency: 28333257, MT_M: 256, MT_N: 192, MT_K: 32, MI_M: 16, MI_N: 16, MI_K: 32,
    Occupancy: 1, WGM: 0, NTA: 0, NTB: 0}
  - {Latency: 31682811, MT_M: 256, MT_N: 256, MT_K: 32, MI_M: 32, MI_N: 32, MI_K: 16,
    Occupancy: 1, WGM: 0, NTA: 0, NTB: 0}
  - {Latency: 32303188, MT_M: 192, MT_N: 128, MT_K: 64, MI_M: 32, MI_N: 32, MI_K: 16,
    Occupancy: 1, WGM: 0, NTA: 0, NTB: 0}
  - {Latency: 37802125, MT_M: 128, MT_N: 192, MT_K: 64, MI_M: 32, MI_N: 32, MI_K: 16,
    Occupancy: 1, WGM: 0, NTA: 0, NTB: 0}
  - {Latency: 38323385, MT_M: 256, MT_N: 128, MT_K: 64, MI_M: 32, MI_N: 32, MI_K: 16,
    Occupancy: 1, WGM: 0, NTA: 0, NTB: 0}
  - {Latency: 44397957, MT_M: 128, MT_N: 256, MT_K: 64, MI_M: 32, MI_N: 32, MI_K: 16,
    Occupancy: 1, WGM: 0, NTA: 0, NTB: 0}
  - {Latency: 44398264, MT_M: 192, MT_N: 192, MT_K: 64, MI_M: 32, MI_N: 32, MI_K: 16,
    Occupancy: 1, WGM: 0, NTA: 0, NTB: 0}
  - {Latency: 48797099, MT_M: 192, MT_N: 64, MT_K: 128, MI_M: 32, MI_N: 32, MI_K: 16,
    Occupancy: 1, WGM: 0, NTA: 0, NTB: 0}
  - {Latency: 48803436, MT_M: 128, MT_N: 128, MT_K: 128, MI_M: 32, MI_N: 32, MI_K: 16,
    Occupancy: 1, WGM: 0, NTA: 0, NTB: 0}
  - {Latency: 56700443, MT_M: 128, MT_N: 64, MT_K: 128, MI_M: 16, MI_N: 16, MI_K: 32,
    Occupancy: 1, WGM: 0, NTA: 0, NTB: 0}
  - {Latency: 56700443, MT_M: 64, MT_N: 128, MT_K: 128, MI_M: 16, MI_N: 16, MI_K: 32,
    Occupancy: 1, WGM: 0, NTA: 0, NTB: 0}
  - {Latency: 57591726, MT_M: 64, MT_N: 192, MT_K: 128, MI_M: 32, MI_N: 32, MI_K: 16,
    Occupancy: 1, WGM: 0, NTA: 0, NTB: 0}
  - {Latency: 61018767, MT_M: 64, MT_N: 64, MT_K: 256, MI_M: 32, MI_N: 32, MI_K: 16,
    Occupancy: 1, WGM: 0, NTA: 0, NTB: 0}
  - {Latency: 65472870, MT_M: 256, MT_N: 64, MT_K: 64, MI_M: 32, MI_N: 32, MI_K: 16,
    Occupancy: 1, WGM: 0, NTA: 0, NTB: 0}
  - {Latency: 75592893, MT_M: 64, MT_N: 256, MT_K: 64, MI_M: 32, MI_N: 32, MI_K: 16,
    Occupancy: 1, WGM: 0, NTA: 0, NTB: 0}
  - {Latency: 102377525, MT_M: 64, MT_N: 32, MT_K: 128, MI_M: 32, MI_N: 32, MI_K: 16,
    Occupancy: 1, WGM: 0, NTA: 0, NTB: 0}
  - {Latency: 106499846, MT_M: 32, MT_N: 64, MT_K: 128, MI_M: 32, MI_N: 32, MI_K: 16,
    Occupancy: 1, WGM: 0, NTA: 0, NTB: 0}
  - {Latency: 110798708, MT_M: 32, MT_N: 32, MT_K: 512, MI_M: 32, MI_N: 32, MI_K: 16,
    Occupancy: 1, WGM: 0, NTA: 0, NTB: 0}
  - {Latency: 146931978, MT_M: 64, MT_N: 16, MT_K: 256, MI_M: 16, MI_N: 16, MI_K: 32,
    Occupancy: 1, WGM: 0, NTA: 0, NTB: 0}
  - {Latency: 161552820, MT_M: 16, MT_N: 64, MT_K: 256, MI_M: 16, MI_N: 16, MI_K: 32,
    Occupancy: 1, WGM: 0, NTA: 0, NTB: 0}
  - {Latency: 171906011, MT_M: 32, MT_N: 16, MT_K: 512, MI_M: 16, MI_N: 16, MI_K: 32,
    Occupancy: 1, WGM: 0, NTA: 0, NTB: 0}
  - {Latency: 171918629, MT_M: 16, MT_N: 32, MT_K: 512, MI_M: 16, MI_N: 16, MI_K: 32,
    Occupancy: 1, WGM: 0, NTA: 0, NTB: 0}
  - {Latency: 219839015, MT_M: 16, MT_N: 128, MT_K: 32, MI_M: 16, MI_N: 16, MI_K: 32,
    Occupancy: 3, WGM: 0, NTA: 0, NTB: 0}
  - {Latency: 225890283, MT_M: 16, MT_N: 256, MT_K: 32, MI_M: 16, MI_N: 16, MI_K: 32,
    Occupancy: 2, WGM: 0, NTA: 0, NTB: 0}
  - {Latency: 233554528, MT_M: 32, MT_N: 128, MT_K: 16, MI_M: 32, MI_N: 32, MI_K: 16,
    Occupancy: 5, WGM: 0, NTA: 0, NTB: 0}
  - {Latency: 235754459, MT_M: 32, MT_N: 256, MT_K: 16, MI_M: 32, MI_N: 32, MI_K: 16,
    Occupancy: 2, WGM: 0, NTA: 0, NTB: 0}
  - {Latency: 241219686, MT_M: 16, MT_N: 16, MT_K: 512, MI_M: 16, MI_N: 16, MI_K: 32,
    Occupancy: 1, WGM: 0, NTA: 0, NTB: 0}
- - {Latency: 25291029, MT_M: 256, MT_N: 192, MT_K: 32, MI_M: 16, MI_N: 16, MI_K: 32,
    Occupancy: 1, WGM: 0, NTA: 0, NTB: 0}
  - {Latency: 25623122, MT_M: 192, MT_N: 256, MT_K: 32, MI_M: 32, MI_N: 32, MI_K: 16,
    Occupancy: 1, WGM: 0, NTA: 0, NTB: 0}
  - {Latency: 29229930, MT_M: 128, MT_N: 192, MT_K: 64, MI_M: 32, MI_N: 32, MI_K: 16,
    Occupancy: 1, WGM: 0, NTA: 0, NTB: 0}
  - {Latency: 33272651, MT_M: 256, MT_N: 256, MT_K: 32, MI_M: 32, MI_N: 32, MI_K: 16,
    Occupancy: 1, WGM: 0, NTA: 0, NTB: 0}
  - {Latency: 34231115, MT_M: 192, MT_N: 128, MT_K: 64, MI_M: 32, MI_N: 32, MI_K: 16,
    Occupancy: 1, WGM: 0, NTA: 0, NTB: 0}
  - {Latency: 34704978, MT_M: 128, MT_N: 256, MT_K: 64, MI_M: 32, MI_N: 32, MI_K: 16,
    Occupancy: 1, WGM: 0, NTA: 0, NTB: 0}
  - {Latency: 40229654, MT_M: 256, MT_N: 128, MT_K: 64, MI_M: 32, MI_N: 32, MI_K: 16,
    Occupancy: 1, WGM: 0, NTA: 0, NTB: 0}
  - {Latency: 40229972, MT_M: 192, MT_N: 192, MT_K: 64, MI_M: 32, MI_N: 32, MI_K: 16,
    Occupancy: 1, WGM: 0, NTA: 0, NTB: 0}
  - {Latency: 44240622, MT_M: 64, MT_N: 192, MT_K: 128, MI_M: 32, MI_N: 32, MI_K: 16,
    Occupancy: 1, WGM: 0, NTA: 0, NTB: 0}
  - {Latency: 44246996, MT_M: 128, MT_N: 128, MT_K: 128, MI_M: 32, MI_N: 32, MI_K: 16,
    Occupancy: 1, WGM: 0, NTA: 0, NTB: 0}
  - {Latency: 50998323, MT_M: 128, MT_N: 64, MT_K: 128, MI_M: 16, MI_N: 16, MI_K: 32,
    Occupancy: 1, WGM: 0, NTA: 0, NTB: 0}
  - {Latency: 51355494, MT_M: 64, MT_N: 128, MT_K: 128, MI_M: 16, MI_N: 16, MI_K: 32,
    Occupancy: 1, WGM: 0, NTA: 0, NTB: 0}
  - {Latency: 51859799, MT_M: 192, MT_N: 64, MT_K: 128, MI_M: 32, MI_N: 32, MI_K: 16,
    Occupancy: 1, WGM: 0, NTA: 0, NTB: 0}
  - {Latency: 54927102, MT_M: 64, MT_N: 64, MT_K: 256, MI_M: 32, MI_N: 32, MI_K: 16,
    Occupancy: 1, WGM: 0, NTA: 0, NTB: 0}
  - {Latency: 59247309, MT_M: 64, MT_N: 256, MT_K: 64, MI_M: 32, MI_N: 32, MI_K: 16,
    Occupancy: 1, WGM: 0, NTA: 0, NTB: 0}
  - {Latency: 67974787, MT_M: 256, MT_N: 64, MT_K: 64, MI_M: 32, MI_N: 32, MI_K: 16,
    Occupancy: 1, WGM: 0, NTA: 0, NTB: 0}
  - {Latency: 91815917, MT_M: 32, MT_N: 64, MT_K: 128, MI_M: 32, MI_N: 32, MI_K: 16,
    Occupancy: 1, WGM: 0, NTA: 0, NTB: 0}
  - {Latency: 95536054, MT_M: 64, MT_N: 32, MT_K: 128, MI_M: 32, MI_N: 32, MI_K: 16,
    Occupancy: 1, WGM: 0, NTA: 0, NTB: 0}
  - {Latency: 99736530, MT_M: 32, MT_N: 32, MT_K: 512, MI_M: 32, MI_N: 32, MI_K: 16,
    Occupancy: 1, WGM: 0, NTA: 0, NTB: 0}
  - {Latency: 129126254, MT_M: 16, MT_N: 64, MT_K: 256, MI_M: 16, MI_N: 16, MI_K: 32,
    Occupancy: 1, WGM: 0, NTA: 0, NTB: 0}
  - {Latency: 142058066, MT_M: 16, MT_N: 256, MT_K: 32, MI_M: 16, MI_N: 16, MI_K: 32,
    Occupancy: 2, WGM: 0, NTA: 0, NTB: 0}
  - {Latency: 145215231, MT_M: 64, MT_N: 16, MT_K: 256, MI_M: 16, MI_N: 16, MI_K: 32,
    Occupancy: 1, WGM: 0, NTA: 0, NTB: 0}
  - {Latency: 147115212, MT_M: 16, MT_N: 32, MT_K: 512, MI_M: 16, MI_N: 16, MI_K: 32,
    Occupancy: 1, WGM: 0, NTA: 0, NTB: 0}
  - {Latency: 154619274, MT_M: 32, MT_N: 16, MT_K: 512, MI_M: 16, MI_N: 16, MI_K: 32,
    Occupancy: 1, WGM: 0, NTA: 0, NTB: 0}
  - {Latency: 180915374, MT_M: 32, MT_N: 256, MT_K: 16, MI_M: 32, MI_N: 32, MI_K: 16,
    Occupancy: 2, WGM: 0, NTA: 0, NTB: 0}
  - {Latency: 188515462, MT_M: 16, MT_N: 128, MT_K: 32, MI_M: 16, MI_N: 16, MI_K: 32,
    Occupancy: 3, WGM: 0, NTA: 0, NTB: 0}
  - {Latency: 203173091, MT_M: 32, MT_N: 128, MT_K: 16, MI_M: 32, MI_N: 32, MI_K: 16,
    Occupancy: 5, WGM: 0, NTA: 0, NTB: 0}
  - {Latency: 206336985, MT_M: 16, MT_N: 16, MT_K: 512, MI_M: 16, MI_N: 16, MI_K: 32,
    Occupancy: 1, WGM: 0, NTA: 0, NTB: 0}
- - {Latency: 39205510, MT_M: 256, MT_N: 256, MT_K: 32, MI_M: 32, MI_N: 32, MI_K: 16,
    Occupancy: 1, WGM: 0, NTA: 0, NTB: 0}
  - {Latency: 51620353, MT_M: 192, MT_N: 192, MT_K: 64, MI_M: 32, MI_N: 32, MI_K: 16,
    Occupancy: 1, WGM: 0, NTA: 0, NTB: 0}
  - {Latency: 52401803, MT_M: 128, MT_N: 256, MT_K: 64, MI_M: 32, MI_N: 32, MI_K: 16,
    Occupancy: 1, WGM: 0, NTA: 0, NTB: 0}
  - {Latency: 54606141, MT_M: 256, MT_N: 128, MT_K: 64, MI_M: 32, MI_N: 32, MI_K: 16,
    Occupancy: 1, WGM: 0, NTA: 0, NTB: 0}
  - {Latency: 66186868, MT_M: 192, MT_N: 128, MT_K: 64, MI_M: 32, MI_N: 32, MI_K: 16,
    Occupancy: 1, WGM: 0, NTA: 0, NTB: 0}
  - {Latency: 66186868, MT_M: 128, MT_N: 192, MT_K: 64, MI_M: 32, MI_N: 32, MI_K: 16,
    Occupancy: 1, WGM: 0, NTA: 0, NTB: 0}
  - {Latency: 66596895, MT_M: 128, MT_N: 128, MT_K: 128, MI_M: 32, MI_N: 32, MI_K: 16,
    Occupancy: 1, WGM: 0, NTA: 0, NTB: 0}
  - {Latency: 66728866, MT_M: 192, MT_N: 256, MT_K: 32, MI_M: 32, MI_N: 32, MI_K: 16,
    Occupancy: 1, WGM: 0, NTA: 0, NTB: 0}
  - {Latency: 69303631, MT_M: 256, MT_N: 192, MT_K: 32, MI_M: 16, MI_N: 16, MI_K: 32,
    Occupancy: 1, WGM: 0, NTA: 0, NTB: 0}
  - {Latency: 82574039, MT_M: 192, MT_N: 64, MT_K: 128, MI_M: 32, MI_N: 32, MI_K: 16,
    Occupancy: 1, WGM: 0, NTA: 0, NTB: 0}
  - {Latency: 83230336, MT_M: 64, MT_N: 192, MT_K: 128, MI_M: 32, MI_N: 32, MI_K: 16,
    Occupancy: 1, WGM: 0, NTA: 0, NTB: 0}
  - {Latency: 89537965, MT_M: 64, MT_N: 256, MT_K: 64, MI_M: 32, MI_N: 32, MI_K: 16,
    Occupancy: 1, WGM: 0, NTA: 0, NTB: 0}
  - {Latency: 89634562, MT_M: 128, MT_N: 64, MT_K: 128, MI_M: 16, MI_N: 16, MI_K: 32,
    Occupancy: 1, WGM: 0, NTA: 0, NTB: 0}
  - {Latency: 90323728, MT_M: 64, MT_N: 128, MT_K: 128, MI_M: 16, MI_N: 16, MI_K: 32,
    Occupancy: 1, WGM: 0, NTA: 0, NTB: 0}
  - {Latency: 92511965, MT_M: 256, MT_N: 64, MT_K: 64, MI_M: 32, MI_N: 32, MI_K: 16,
    Occupancy: 1, WGM: 0, NTA: 0, NTB: 0}
  - {Latency: 115598703, MT_M: 64, MT_N: 64, MT_K: 256, MI_M: 32, MI_N: 32, MI_K: 16,
    Occupancy: 1, WGM: 0, NTA: 0, NTB: 0}
  - {Latency: 192913812, MT_M: 32, MT_N: 64, MT_K: 128, MI_M: 32, MI_N: 32, MI_K: 16,
    Occupancy: 1, WGM: 0, NTA: 0, NTB: 0}
  - {Latency: 195416628, MT_M: 64, MT_N: 32, MT_K: 128, MI_M: 32, MI_N: 32, MI_K: 16,
    Occupancy: 1, WGM: 0, NTA: 0, NTB: 0}
  - {Latency: 215781613, MT_M: 32, MT_N: 32, MT_K: 512, MI_M: 32, MI_N: 32, MI_K: 16,
    Occupancy: 1, WGM: 0, NTA: 0, NTB: 0}
  - {Latency: 286031943, MT_M: 16, MT_N: 64, MT_K: 256, MI_M: 16, MI_N: 16, MI_K: 32,
    Occupancy: 1, WGM: 0, NTA: 0, NTB: 0}
  - {Latency: 289548063, MT_M: 64, MT_N: 16, MT_K: 256, MI_M: 16, MI_N: 16, MI_K: 32,
    Occupancy: 1, WGM: 0, NTA: 0, NTB: 0}
  - {Latency: 316455392, MT_M: 16, MT_N: 256, MT_K: 32, MI_M: 16, MI_N: 16, MI_K: 32,
    Occupancy: 2, WGM: 0, NTA: 0, NTB: 0}
  - {Latency: 327812639, MT_M: 32, MT_N: 16, MT_K: 512, MI_M: 16, MI_N: 16, MI_K: 32,
    Occupancy: 1, WGM: 0, NTA: 0, NTB: 0}
  - {Latency: 329491059, MT_M: 32, MT_N: 256, MT_K: 16, MI_M: 32, MI_N: 32, MI_K: 16,
    Occupancy: 2, WGM: 0, NTA: 0, NTB: 0}
  - {Latency: 331635874, MT_M: 16, MT_N: 32, MT_K: 512, MI_M: 16, MI_N: 16, MI_K: 32,
    Occupancy: 1, WGM: 0, NTA: 0, NTB: 0}
  - {Latency: 404286481, MT_M: 16, MT_N: 128, MT_K: 32, MI_M: 16, MI_N: 16, MI_K: 32,
    Occupancy: 3, WGM: 0, NTA: 0, NTB: 0}
  - {Latency: 444934388, MT_M: 32, MT_N: 128, MT_K: 16, MI_M: 32, MI_N: 32, MI_K: 16,
    Occupancy: 5, WGM: 0, NTA: 0, NTB: 0}
  - {Latency: 466108581, MT_M: 16, MT_N: 16, MT_K: 512, MI_M: 16, MI_N: 16, MI_K: 32,
    Occupancy: 1, WGM: 0, NTA: 0, NTB: 0}
- - {Latency: 6315720, MT_M: 256, MT_N: 192, MT_K: 32, MI_M: 16, MI_N: 16, MI_K: 32,
    Occupancy: 1, WGM: 0, NTA: 0, NTB: 0}
  - {Latency: 7247546, MT_M: 256, MT_N: 256, MT_K: 32, MI_M: 32, MI_N: 32, MI_K: 16,
    Occupancy: 1, WGM: 0, NTA: 0, NTB: 0}
  - {Latency: 8144903, MT_M: 192, MT_N: 128, MT_K: 64, MI_M: 32, MI_N: 32, MI_K: 16,
    Occupancy: 1, WGM: 0, NTA: 0, NTB: 0}
  - {Latency: 8473067, MT_M: 128, MT_N: 192, MT_K: 64, MI_M: 32, MI_N: 32, MI_K: 16,
    Occupancy: 1, WGM: 0, NTA: 0, NTB: 0}
  - {Latency: 9297728, MT_M: 128, MT_N: 128, MT_K: 128, MI_M: 32, MI_N: 32, MI_K: 16,
    Occupancy: 1, WGM: 0, NTA: 0, NTB: 0}
  - {Latency: 9602700, MT_M: 256, MT_N: 128, MT_K: 64, MI_M: 32, MI_N: 32, MI_K: 16,
    Occupancy: 1, WGM: 0, NTA: 0, NTB: 0}
  - {Latency: 9851090, MT_M: 192, MT_N: 192, MT_K: 64, MI_M: 32, MI_N: 32, MI_K: 16,
    Occupancy: 1, WGM: 0, NTA: 0, NTB: 0}
  - {Latency: 10241936, MT_M: 128, MT_N: 256, MT_K: 64, MI_M: 32, MI_N: 32, MI_K: 16,
    Occupancy: 1, WGM: 0, NTA: 0, NTB: 0}
  - {Latency: 12285233, MT_M: 192, MT_N: 64, MT_K: 128, MI_M: 32, MI_N: 32, MI_K: 16,
    Occupancy: 1, WGM: 0, NTA: 0, NTB: 0}
  - {Latency: 12292671, MT_M: 256, MT_N: 64, MT_K: 64, MI_M: 32, MI_N: 32, MI_K: 16,
    Occupancy: 1, WGM: 0, NTA: 0, NTB: 0}
  - {Latency: 12708430, MT_M: 64, MT_N: 192, MT_K: 128, MI_M: 32, MI_N: 32, MI_K: 16,
    Occupancy: 1, WGM: 0, NTA: 0, NTB: 0}
  - {Latency: 12908918, MT_M: 192, MT_N: 256, MT_K: 32, MI_M: 32, MI_N: 32, MI_K: 16,
    Occupancy: 1, WGM: 0, NTA: 0, NTB: 0}
  - {Latency: 14290906, MT_M: 64, MT_N: 128, MT_K: 128, MI_M: 16, MI_N: 16, MI_K: 32,
    Occupancy: 1, WGM: 0, NTA: 0, NTB: 0}
  - {Latency: 14402471, MT_M: 128, MT_N: 64, MT_K: 128, MI_M: 16, MI_N: 16, MI_K: 32,
    Occupancy: 1, WGM: 0, NTA: 0, NTB: 0}
  - {Latency: 17322271, MT_M: 64, MT_N: 256, MT_K: 64, MI_M: 32, MI_N: 32, MI_K: 16,
    Occupancy: 1, WGM: 0, NTA: 0, NTB: 0}
  - {Latency: 18425338, MT_M: 64, MT_N: 64, MT_K: 256, MI_M: 32, MI_N: 32, MI_K: 16,
    Occupancy: 1, WGM: 0, NTA: 0, NTB: 0}
  - {Latency: 30937846, MT_M: 32, MT_N: 64, MT_K: 128, MI_M: 32, MI_N: 32, MI_K: 16,
    Occupancy: 1, WGM: 0, NTA: 0, NTB: 0}
  - {Latency: 30937846, MT_M: 64, MT_N: 32, MT_K: 128, MI_M: 32, MI_N: 32, MI_K: 16,
    Occupancy: 1, WGM: 0, NTA: 0, NTB: 0}
  - {Latency: 35535221, MT_M: 32, MT_N: 32, MT_K: 512, MI_M: 32, MI_N: 32, MI_K: 16,
    Occupancy: 1, WGM: 0, NTA: 0, NTB: 0}
  - {Latency: 45398039, MT_M: 64, MT_N: 16, MT_K: 256, MI_M: 16, MI_N: 16, MI_K: 32,
    Occupancy: 1, WGM: 0, NTA: 0, NTB: 0}
  - {Latency: 46817920, MT_M: 16, MT_N: 64, MT_K: 256, MI_M: 16, MI_N: 16, MI_K: 32,
    Occupancy: 1, WGM: 0, NTA: 0, NTB: 0}
  - {Latency: 53449905, MT_M: 32, MT_N: 16, MT_K: 512, MI_M: 16, MI_N: 16, MI_K: 32,
    Occupancy: 1, WGM: 0, NTA: 0, NTB: 0}
  - {Latency: 54529305, MT_M: 16, MT_N: 32, MT_K: 512, MI_M: 16, MI_N: 16, MI_K: 32,
    Occupancy: 1, WGM: 0, NTA: 0, NTB: 0}
  - {Latency: 57134305, MT_M: 16, MT_N: 256, MT_K: 32, MI_M: 16, MI_N: 16, MI_K: 32,
    Occupancy: 2, WGM: 0, NTA: 0, NTB: 0}
  - {Latency: 64054276, MT_M: 32, MT_N: 256, MT_K: 16, MI_M: 32, MI_N: 32, MI_K: 16,
    Occupancy: 2, WGM: 0, NTA: 0, NTB: 0}
  - {Latency: 64311951, MT_M: 16, MT_N: 128, MT_K: 32, MI_M: 16, MI_N: 16, MI_K: 32,
    Occupancy: 3, WGM: 0, NTA: 0, NTB: 0}
  - {Latency: 71169218, MT_M: 32, MT_N: 128, MT_K: 16, MI_M: 32, MI_N: 32, MI_K: 16,
    Occupancy: 5, WGM: 0, NTA: 0, NTB: 0}
  - {Latency: 75543034, MT_M: 16, MT_N: 16, MT_K: 512, MI_M: 16, MI_N: 16, MI_K: 32,
    Occupancy: 1, WGM: 0, NTA: 0, NTB: 0}
- - {Latency: 221771, MT_M: 64, MT_N: 16, MT_K: 256, MI_M: 16, MI_N: 16, MI_K: 32,
    Occupancy: 1, WGM: 0, NTA: 0, NTB: 0}
  - {Latency: 284667, MT_M: 64, MT_N: 32, MT_K: 128, MI_M: 32, MI_N: 32, MI_K: 16,
    Occupancy: 1, WGM: 0, NTA: 0, NTB: 0}
  - {Latency: 287692, MT_M: 64, MT_N: 128, MT_K: 128, MI_M: 16, MI_N: 16, MI_K: 32,
    Occupancy: 1, WGM: 0, NTA: 0, NTB: 0}
  - {Latency: 311346, MT_M: 32, MT_N: 16, MT_K: 512, MI_M: 16, MI_N: 16, MI_K: 32,
    Occupancy: 1, WGM: 0, NTA: 0, NTB: 0}
  - {Latency: 311780, MT_M: 16, MT_N: 16, MT_K: 512, MI_M: 16, MI_N: 16, MI_K: 32,
    Occupancy: 1, WGM: 0, NTA: 0, NTB: 0}
  - {Latency: 401602, MT_M: 32, MT_N: 32, MT_K: 512, MI_M: 32, MI_N: 32, MI_K: 16,
    Occupancy: 1, WGM: 0, NTA: 0, NTB: 0}
  - {Latency: 404659, MT_M: 16, MT_N: 32, MT_K: 512, MI_M: 16, MI_N: 16, MI_K: 32,
    Occupancy: 1, WGM: 0, NTA: 0, NTB: 0}
  - {Latency: 417070, MT_M: 64, MT_N: 64, MT_K: 256, MI_M: 32, MI_N: 32, MI_K: 16,
    Occupancy: 1, WGM: 0, NTA: 0, NTB: 0}
  - {Latency: 445807, MT_M: 16, MT_N: 128, MT_K: 32, MI_M: 16, MI_N: 16, MI_K: 32,
    Occupancy: 3, WGM: 0, NTA: 0, NTB: 0}
  - {Latency: 507167, MT_M: 64, MT_N: 192, MT_K: 128, MI_M: 32, MI_N: 32, MI_K: 16,
    Occupancy: 1, WGM: 0, NTA: 0, NTB: 0}
  - {Latency: 662870, MT_M: 16, MT_N: 64, MT_K: 256, MI_M: 16, MI_N: 16, MI_K: 32,
    Occupancy: 1, WGM: 0, NTA: 0, NTB: 0}
  - {Latency: 664784, MT_M: 32, MT_N: 64, MT_K: 128, MI_M: 32, MI_N: 32, MI_K: 16,
    Occupancy: 1, WGM: 0, NTA: 0, NTB: 0}
  - {Latency: 668627, MT_M: 128, MT_N: 128, MT_K: 128, MI_M: 32, MI_N: 32, MI_K: 16,
    Occupancy: 1, WGM: 0, NTA: 0, NTB: 0}
  - {Latency: 787035, MT_M: 32, MT_N: 128, MT_K: 16, MI_M: 32, MI_N: 32, MI_K: 16,
    Occupancy: 5, WGM: 0, NTA: 0, NTB: 0}
  - {Latency: 790774, MT_M: 64, MT_N: 256, MT_K: 64, MI_M: 32, MI_N: 32, MI_K: 16,
    Occupancy: 1, WGM: 0, NTA: 0, NTB: 0}
  - {Latency: 1052547, MT_M: 128, MT_N: 64, MT_K: 128, MI_M: 16, MI_N: 16, MI_K: 32,
    Occupancy: 1, WGM: 0, NTA: 0, NTB: 0}
  - {Latency: 1170024, MT_M: 192, MT_N: 128, MT_K: 64, MI_M: 32, MI_N: 32, MI_K: 16,
    Occupancy: 1, WGM: 0, NTA: 0, NTB: 0}
  - {Latency: 1170024, MT_M: 128, MT_N: 192, MT_K: 64, MI_M: 32, MI_N: 32, MI_K: 16,
    Occupancy: 1, WGM: 0, NTA: 0, NTB: 0}
  - {Latency: 1297301, MT_M: 16, MT_N: 256, MT_K: 32, MI_M: 16, MI_N: 16, MI_K: 32,
    Occupancy: 2, WGM: 0, NTA: 0, NTB: 0}
  - {Latency: 1790548, MT_M: 256, MT_N: 128, MT_K: 64, MI_M: 32, MI_N: 32, MI_K: 16,
    Occupancy: 1, WGM: 0, NTA: 0, NTB: 0}
  - {Latency: 1790548, MT_M: 128, MT_N: 256, MT_K: 64, MI_M: 32, MI_N: 32, MI_K: 16,
    Occupancy: 1, WGM: 0, NTA: 0, NTB: 0}
  - {Latency: 1919201, MT_M: 192, MT_N: 64, MT_K: 128, MI_M: 32, MI_N: 32, MI_K: 16,
    Occupancy: 1, WGM: 0, NTA: 0, NTB: 0}
  - {Latency: 2011889, MT_M: 192, MT_N: 192, MT_K: 64, MI_M: 32, MI_N: 32, MI_K: 16,
    Occupancy: 1, WGM: 0, NTA: 0, NTB: 0}
  - {Latency: 2358052, MT_M: 32, MT_N: 256, MT_K: 16, MI_M: 32, MI_N: 32, MI_K: 16,
    Occupancy: 2, WGM: 0, NTA: 0, NTB: 0}
  - {Latency: 3028255, MT_M: 256, MT_N: 64, MT_K: 64, MI_M: 32, MI_N: 32, MI_K: 16,
    Occupancy: 1, WGM: 0, NTA: 0, NTB: 0}
  - {Latency: 3092159, MT_M: 192, MT_N: 256, MT_K: 32, MI_M: 32, MI_N: 32, MI_K: 16,
    Occupancy: 1, WGM: 0, NTA: 0, NTB: 0}
  - {Latency: 3110837, MT_M: 256, MT_N: 192, MT_K: 32, MI_M: 16, MI_N: 16, MI_K: 32,
    Occupancy: 1, WGM: 0, NTA: 0, NTB: 0}
  - {Latency: 4567906, MT_M: 256, MT_N: 256, MT_K: 32, MI_M: 32, MI_N: 32, MI_K: 16,
    Occupancy: 1, WGM: 0, NTA: 0, NTB: 0}
- - {Latency: 61874, MT_M: 16, MT_N: 16, MT_K: 512, MI_M: 16, MI_N: 16, MI_K: 32,
    Occupancy: 1, WGM: 0, NTA: 0, NTB: 0}
  - {Latency: 62521, MT_M: 32, MT_N: 16, MT_K: 512, MI_M: 16, MI_N: 16, MI_K: 32,
    Occupancy: 1, WGM: 0, NTA: 0, NTB: 0}
  - {Latency: 67612, MT_M: 64, MT_N: 16, MT_K: 256, MI_M: 16, MI_N: 16, MI_K: 32,
    Occupancy: 1, WGM: 0, NTA: 0, NTB: 0}
  - {Latency: 77705, MT_M: 64, MT_N: 32, MT_K: 128, MI_M: 32, MI_N: 32, MI_K: 16,
    Occupancy: 1, WGM: 0, NTA: 0, NTB: 0}
  - {Latency: 80797, MT_M: 16, MT_N: 32, MT_K: 512, MI_M: 16, MI_N: 16, MI_K: 32,
    Occupancy: 1, WGM: 0, NTA: 0, NTB: 0}
  - {Latency: 82894, MT_M: 16, MT_N: 128, MT_K: 32, MI_M: 16, MI_N: 16, MI_K: 32,
    Occupancy: 3, WGM: 0, NTA: 0, NTB: 0}
  - {Latency: 85169, MT_M: 32, MT_N: 32, MT_K: 512, MI_M: 32, MI_N: 32, MI_K: 16,
    Occupancy: 1, WGM: 0, NTA: 0, NTB: 0}
  - {Latency: 101946, MT_M: 32, MT_N: 64, MT_K: 128, MI_M: 32, MI_N: 32, MI_K: 16,
    Occupancy: 1, WGM: 0, NTA: 0, NTB: 0}
  - {Latency: 117794, MT_M: 32, MT_N: 128, MT_K: 16, MI_M: 32, MI_N: 32, MI_K: 16,
    Occupancy: 5, WGM: 0, NTA: 0, NTB: 0}
  - {Latency: 121250, MT_M: 16, MT_N: 64, MT_K: 256, MI_M: 16, MI_N: 16, MI_K: 32,
    Occupancy: 1, WGM: 0, NTA: 0, NTB: 0}
  - {Latency: 122874, MT_M: 128, MT_N: 64, MT_K: 128, MI_M: 16, MI_N: 16, MI_K: 32,
    Occupancy: 1, WGM: 0, NTA: 0, NTB: 0}
  - {Latency: 122874, MT_M: 64, MT_N: 128, MT_K: 128, MI_M: 16, MI_N: 16, MI_K: 32,
    Occupancy: 1, WGM: 0, NTA: 0, NTB: 0}
  - {Latency: 136275, MT_M: 64, MT_N: 64, MT_K: 256, MI_M: 32, MI_N: 32, MI_K: 16,
    Occupancy: 1, WGM: 0, NTA: 0, NTB: 0}
  - {Latency: 164165, MT_M: 128, MT_N: 128, MT_K: 128, MI_M: 32, MI_N: 32, MI_K: 16,
    Occupancy: 1, WGM: 0, NTA: 0, NTB: 0}
  - {Latency: 205036, MT_M: 16, MT_N: 256, MT_K: 32, MI_M: 16, MI_N: 16, MI_K: 32,
    Occupancy: 2, WGM: 0, NTA: 0, NTB: 0}
  - {Latency: 209688, MT_M: 192, MT_N: 64, MT_K: 128, MI_M: 32, MI_N: 32, MI_K: 16,
    Occupancy: 1, WGM: 0, NTA: 0, NTB: 0}
  - {Latency: 209688, MT_M: 64, MT_N: 192, MT_K: 128, MI_M: 32, MI_N: 32, MI_K: 16,
    Occupancy: 1, WGM: 0, NTA: 0, NTB: 0}
  - {Latency: 210728, MT_M: 192, MT_N: 128, MT_K: 64, MI_M: 32, MI_N: 32, MI_K: 16,
    Occupancy: 1, WGM: 0, NTA: 0, NTB: 0}
  - {Latency: 210728, MT_M: 128, MT_N: 192, MT_K: 64, MI_M: 32, MI_N: 32, MI_K: 16,
    Occupancy: 1, WGM: 0, NTA: 0, NTB: 0}
  - {Latency: 222212, MT_M: 64, MT_N: 256, MT_K: 64, MI_M: 32, MI_N: 32, MI_K: 16,
    Occupancy: 1, WGM: 0, NTA: 0, NTB: 0}
  - {Latency: 249206, MT_M: 256, MT_N: 64, MT_K: 64, MI_M: 32, MI_N: 32, MI_K: 16,
    Occupancy: 1, WGM: 0, NTA: 0, NTB: 0}
  - {Latency: 301671, MT_M: 256, MT_N: 128, MT_K: 64, MI_M: 32, MI_N: 32, MI_K: 16,
    Occupancy: 1, WGM: 0, NTA: 0, NTB: 0}
  - {Latency: 301671, MT_M: 128, MT_N: 256, MT_K: 64, MI_M: 32, MI_N: 32, MI_K: 16,
    Occupancy: 1, WGM: 0, NTA: 0, NTB: 0}
  - {Latency: 303388, MT_M: 32, MT_N: 256, MT_K: 16, MI_M: 32, MI_N: 32, MI_K: 16,
    Occupancy: 2, WGM: 0, NTA: 0, NTB: 0}
  - {Latency: 337778, MT_M: 192, MT_N: 192, MT_K: 64, MI_M: 32, MI_N: 32, MI_K: 16,
    Occupancy: 1, WGM: 0, NTA: 0, NTB: 0}
  - {Latency: 507513, MT_M: 192, MT_N: 256, MT_K: 32, MI_M: 32, MI_N: 32, MI_K: 16,
    Occupancy: 1, WGM: 0, NTA: 0, NTB: 0}
  - {Latency: 518723, MT_M: 256, MT_N: 192, MT_K: 32, MI_M: 16, MI_N: 16, MI_K: 32,
    Occupancy: 1, WGM: 0, NTA: 0, NTB: 0}
  - {Latency: 699227, MT_M: 256, MT_N: 256, MT_K: 32, MI_M: 32, MI_N: 32, MI_K: 16,
    Occupancy: 1, WGM: 0, NTA: 0, NTB: 0}
- - {Latency: 255766, MT_M: 64, MT_N: 128, MT_K: 128, MI_M: 16, MI_N: 16, MI_K: 32,
    Occupancy: 1, WGM: 0, NTA: 0, NTB: 0}
  - {Latency: 352554, MT_M: 64, MT_N: 64, MT_K: 256, MI_M: 32, MI_N: 32, MI_K: 16,
    Occupancy: 1, WGM: 0, NTA: 0, NTB: 0}
  - {Latency: 364717, MT_M: 64, MT_N: 32, MT_K: 128, MI_M: 32, MI_N: 32, MI_K: 16,
    Occupancy: 1, WGM: 0, NTA: 0, NTB: 0}
  - {Latency: 416866, MT_M: 16, MT_N: 128, MT_K: 32, MI_M: 16, MI_N: 16, MI_K: 32,
    Occupancy: 3, WGM: 0, NTA: 0, NTB: 0}
  - {Latency: 427119, MT_M: 64, MT_N: 16, MT_K: 256, MI_M: 16, MI_N: 16, MI_K: 32,
    Occupancy: 1, WGM: 0, NTA: 0, NTB: 0}
  - {Latency: 441682, MT_M: 64, MT_N: 192, MT_K: 128, MI_M: 32, MI_N: 32, MI_K: 16,
    Occupancy: 1, WGM: 0, NTA: 0, NTB: 0}
  - {Latency: 532490, MT_M: 32, MT_N: 32, MT_K: 512, MI_M: 32, MI_N: 32, MI_K: 16,
    Occupancy: 1, WGM: 0, NTA: 0, NTB: 0}
  - {Latency: 551438, MT_M: 16, MT_N: 32, MT_K: 512, MI_M: 16, MI_N: 16, MI_K: 32,
    Occupancy: 1, WGM: 0, NTA: 0, NTB: 0}
  - {Latency: 553102, MT_M: 16, MT_N: 64, MT_K: 256, MI_M: 16, MI_N: 16, MI_K: 32,
    Occupancy: 1, WGM: 0, NTA: 0, NTB: 0}
  - {Latency: 558299, MT_M: 32, MT_N: 64, MT_K: 128, MI_M: 32, MI_N: 32, MI_K: 16,
    Occupancy: 1, WGM: 0, NTA: 0, NTB: 0}
  - {Latency: 579538, MT_M: 128, MT_N: 128, MT_K: 128, MI_M: 32, MI_N: 32, MI_K: 16,
    Occupancy: 1, WGM: 0, NTA: 0, NTB: 0}
  - {Latency: 586046, MT_M: 32, MT_N: 16, MT_K: 512, MI_M: 16, MI_N: 16, MI_K: 32,
    Occupancy: 1, WGM: 0, NTA: 0, NTB: 0}
  - {Latency: 602983, MT_M: 16, MT_N: 16, MT_K: 512, MI_M: 16, MI_N: 16, MI_K: 32,
    Occupancy: 1, WGM: 0, NTA: 0, NTB: 0}
  - {Latency: 675952, MT_M: 64, MT_N: 256, MT_K: 64, MI_M: 32, MI_N: 32, MI_K: 16,
    Occupancy: 1, WGM: 0, NTA: 0, NTB: 0}
  - {Latency: 711925, MT_M: 32, MT_N: 128, MT_K: 16, MI_M: 32, MI_N: 32, MI_K: 16,
    Occupancy: 5, WGM: 0, NTA: 0, NTB: 0}
  - {Latency: 865267, MT_M: 128, MT_N: 64, MT_K: 128, MI_M: 16, MI_N: 16, MI_K: 32,
    Occupancy: 1, WGM: 0, NTA: 0, NTB: 0}
  - {Latency: 993870, MT_M: 192, MT_N: 128, MT_K: 64, MI_M: 32, MI_N: 32, MI_K: 16,
    Occupancy: 1, WGM: 0, NTA: 0, NTB: 0}
  - {Latency: 993870, MT_M: 128, MT_N: 192, MT_K: 64, MI_M: 32, MI_N: 32, MI_K: 16,
    Occupancy: 1, WGM: 0, NTA: 0, NTB: 0}
  - {Latency: 1099061, MT_M: 16, MT_N: 256, MT_K: 32, MI_M: 16, MI_N: 16, MI_K: 32,
    Occupancy: 2, WGM: 0, NTA: 0, NTB: 0}
  - {Latency: 1505391, MT_M: 256, MT_N: 128, MT_K: 64, MI_M: 32, MI_N: 32, MI_K: 16,
    Occupancy: 1, WGM: 0, NTA: 0, NTB: 0}
  - {Latency: 1505391, MT_M: 128, MT_N: 256, MT_K: 64, MI_M: 32, MI_N: 32, MI_K: 16,
    Occupancy: 1, WGM: 0, NTA: 0, NTB: 0}
  - {Latency: 1565578, MT_M: 192, MT_N: 64, MT_K: 128, MI_M: 32, MI_N: 32, MI_K: 16,
    Occupancy: 1, WGM: 0, NTA: 0, NTB: 0}
  - {Latency: 1689524, MT_M: 192, MT_N: 192, MT_K: 64, MI_M: 32, MI_N: 32, MI_K: 16,
    Occupancy: 1, WGM: 0, NTA: 0, NTB: 0}
  - {Latency: 1975838, MT_M: 32, MT_N: 256, MT_K: 16, MI_M: 32, MI_N: 32, MI_K: 16,
    Occupancy: 2, WGM: 0, NTA: 0, NTB: 0}
  - {Latency: 2473292, MT_M: 256, MT_N: 64, MT_K: 64, MI_M: 32, MI_N: 32, MI_K: 16,
    Occupancy: 1, WGM: 0, NTA: 0, NTB: 0}
  - {Latency: 2591063, MT_M: 192, MT_N: 256, MT_K: 32, MI_M: 32, MI_N: 32, MI_K: 16,
    Occupancy: 1, WGM: 0, NTA: 0, NTB: 0}
  - {Latency: 2602737, MT_M: 256, MT_N: 192, MT_K: 32, MI_M: 16, MI_N: 16, MI_K: 32,
    Occupancy: 1, WGM: 0, NTA: 0, NTB: 0}
  - {Latency: 3804061, MT_M: 256, MT_N: 256, MT_K: 32, MI_M: 32, MI_N: 32, MI_K: 16,
    Occupancy: 1, WGM: 0, NTA: 0, NTB: 0}
- - {Latency: 60347, MT_M: 16, MT_N: 32, MT_K: 512, MI_M: 16, MI_N: 16, MI_K: 32,
    Occupancy: 1, WGM: 0, NTA: 0, NTB: 0}
  - {Latency: 69144, MT_M: 32, MT_N: 32, MT_K: 512, MI_M: 32, MI_N: 32, MI_K: 16,
    Occupancy: 1, WGM: 0, NTA: 0, NTB: 0}
  - {Latency: 71255, MT_M: 32, MT_N: 16, MT_K: 512, MI_M: 16, MI_N: 16, MI_K: 32,
    Occupancy: 1, WGM: 0, NTA: 0, NTB: 0}
  - {Latency: 86613, MT_M: 16, MT_N: 16, MT_K: 512, MI_M: 16, MI_N: 16, MI_K: 32,
    Occupancy: 1, WGM: 0, NTA: 0, NTB: 0}
  - {Latency: 105975, MT_M: 32, MT_N: 64, MT_K: 128, MI_M: 32, MI_N: 32, MI_K: 16,
    Occupancy: 1, WGM: 0, NTA: 0, NTB: 0}
  - {Latency: 105975, MT_M: 64, MT_N: 32, MT_K: 128, MI_M: 32, MI_N: 32, MI_K: 16,
    Occupancy: 1, WGM: 0, NTA: 0, NTB: 0}
  - {Latency: 131543, MT_M: 16, MT_N: 64, MT_K: 256, MI_M: 16, MI_N: 16, MI_K: 32,
    Occupancy: 1, WGM: 0, NTA: 0, NTB: 0}
  - {Latency: 150650, MT_M: 64, MT_N: 16, MT_K: 256, MI_M: 16, MI_N: 16, MI_K: 32,
    Occupancy: 1, WGM: 0, NTA: 0, NTB: 0}
  - {Latency: 235602, MT_M: 64, MT_N: 64, MT_K: 256, MI_M: 32, MI_N: 32, MI_K: 16,
    Occupancy: 1, WGM: 0, NTA: 0, NTB: 0}
  - {Latency: 429538, MT_M: 16, MT_N: 128, MT_K: 32, MI_M: 16, MI_N: 16, MI_K: 32,
    Occupancy: 3, WGM: 0, NTA: 0, NTB: 0}
  - {Latency: 555851, MT_M: 32, MT_N: 128, MT_K: 16, MI_M: 32, MI_N: 32, MI_K: 16,
    Occupancy: 5, WGM: 0, NTA: 0, NTB: 0}
  - {Latency: 588053, MT_M: 128, MT_N: 64, MT_K: 128, MI_M: 16, MI_N: 16, MI_K: 32,
    Occupancy: 1, WGM: 0, NTA: 0, NTB: 0}
  - {Latency: 588053, MT_M: 64, MT_N: 128, MT_K: 128, MI_M: 16, MI_N: 16, MI_K: 32,
    Occupancy: 1, WGM: 0, NTA: 0, NTB: 0}
  - {Latency: 1100900, MT_M: 192, MT_N: 64, MT_K: 128, MI_M: 32, MI_N: 32, MI_K: 16,
    Occupancy: 1, WGM: 0, NTA: 0, NTB: 0}
  - {Latency: 1100900, MT_M: 64, MT_N: 192, MT_K: 128, MI_M: 32, MI_N: 32, MI_K: 16,
    Occupancy: 1, WGM: 0, NTA: 0, NTB: 0}
  - {Latency: 1404621, MT_M: 16, MT_N: 256, MT_K: 32, MI_M: 16, MI_N: 16, MI_K: 32,
    Occupancy: 2, WGM: 0, NTA: 0, NTB: 0}
  - {Latency: 1466981, MT_M: 128, MT_N: 128, MT_K: 128, MI_M: 32, MI_N: 32, MI_K: 16,
    Occupancy: 1, WGM: 0, NTA: 0, NTB: 0}
  - {Latency: 1624674, MT_M: 32, MT_N: 256, MT_K: 16, MI_M: 32, MI_N: 32, MI_K: 16,
    Occupancy: 2, WGM: 0, NTA: 0, NTB: 0}
  - {Latency: 1752844, MT_M: 256, MT_N: 64, MT_K: 64, MI_M: 32, MI_N: 32, MI_K: 16,
    Occupancy: 1, WGM: 0, NTA: 0, NTB: 0}
  - {Latency: 1752844, MT_M: 64, MT_N: 256, MT_K: 64, MI_M: 32, MI_N: 32, MI_K: 16,
    Occupancy: 1, WGM: 0, NTA: 0, NTB: 0}
  - {Latency: 2624686, MT_M: 192, MT_N: 128, MT_K: 64, MI_M: 32, MI_N: 32, MI_K: 16,
    Occupancy: 1, WGM: 0, NTA: 0, NTB: 0}
  - {Latency: 2624686, MT_M: 128, MT_N: 192, MT_K: 64, MI_M: 32, MI_N: 32, MI_K: 16,
    Occupancy: 1, WGM: 0, NTA: 0, NTB: 0}
  - {Latency: 4121226, MT_M: 256, MT_N: 128, MT_K: 64, MI_M: 32, MI_N: 32, MI_K: 16,
    Occupancy: 1, WGM: 0, NTA: 0, NTB: 0}
  - {Latency: 4121226, MT_M: 128, MT_N: 256, MT_K: 64, MI_M: 32, MI_N: 32, MI_K: 16,
    Occupancy: 1, WGM: 0, NTA: 0, NTB: 0}
  - {Latency: 4641071, MT_M: 192, MT_N: 192, MT_K: 64, MI_M: 32, MI_N: 32, MI_K: 16,
    Occupancy: 1, WGM: 0, NTA: 0, NTB: 0}
  - {Latency: 7202536, MT_M: 192, MT_N: 256, MT_K: 32, MI_M: 32, MI_N: 32, MI_K: 16,
    Occupancy: 1, WGM: 0, NTA: 0, NTB: 0}
  - {Latency: 7272578, MT_M: 256, MT_N: 192, MT_K: 32, MI_M: 16, MI_N: 16, MI_K: 32,
    Occupancy: 1, WGM: 0, NTA: 0, NTB: 0}
  - {Latency: 10792072, MT_M: 256, MT_N: 256, MT_K: 32, MI_M: 32, MI_N: 32, MI_K: 16,
    Occupancy: 1, WGM: 0, NTA: 0, NTB: 0}
- - {Latency: 54405, MT_M: 16, MT_N: 64, MT_K: 256, MI_M: 16, MI_N: 16, MI_K: 32,
    Occupancy: 1, WGM: 0, NTA: 0, NTB: 0}
  - {Latency: 55561, MT_M: 16, MT_N: 16, MT_K: 512, MI_M: 16, MI_N: 16, MI_K: 32,
    Occupancy: 1, WGM: 0, NTA: 0, NTB: 0}
  - {Latency: 59822, MT_M: 16, MT_N: 32, MT_K: 512, MI_M: 16, MI_N: 16, MI_K: 32,
    Occupancy: 1, WGM: 0, NTA: 0, NTB: 0}
  - {Latency: 78885, MT_M: 32, MT_N: 64, MT_K: 128, MI_M: 32, MI_N: 32, MI_K: 16,
    Occupancy: 1, WGM: 0, NTA: 0, NTB: 0}
  - {Latency: 99356, MT_M: 32, MT_N: 16, MT_K: 512, MI_M: 16, MI_N: 16, MI_K: 32,
    Occupancy: 1, WGM: 0, NTA: 0, NTB: 0}
  - {Latency: 109169, MT_M: 32, MT_N: 32, MT_K: 512, MI_M: 32, MI_N: 32, MI_K: 16,
    Occupancy: 1, WGM: 0, NTA: 0, NTB: 0}
  - {Latency: 111497, MT_M: 16, MT_N: 128, MT_K: 32, MI_M: 16, MI_N: 16, MI_K: 32,
    Occupancy: 3, WGM: 0, NTA: 0, NTB: 0}
  - {Latency: 207620, MT_M: 64, MT_N: 64, MT_K: 256, MI_M: 32, MI_N: 32, MI_K: 16,
    Occupancy: 1, WGM: 0, NTA: 0, NTB: 0}
  - {Latency: 213906, MT_M: 64, MT_N: 16, MT_K: 256, MI_M: 16, MI_N: 16, MI_K: 32,
    Occupancy: 1, WGM: 0, NTA: 0, NTB: 0}
  - {Latency: 219675, MT_M: 64, MT_N: 32, MT_K: 128, MI_M: 32, MI_N: 32, MI_K: 16,
    Occupancy: 1, WGM: 0, NTA: 0, NTB: 0}
  - {Latency: 271757, MT_M: 16, MT_N: 256, MT_K: 32, MI_M: 16, MI_N: 16, MI_K: 32,
    Occupancy: 2, WGM: 0, NTA: 0, NTB: 0}
  - {Latency: 330474, MT_M: 32, MT_N: 128, MT_K: 16, MI_M: 32, MI_N: 32, MI_K: 16,
    Occupancy: 5, WGM: 0, NTA: 0, NTB: 0}
  - {Latency: 397066, MT_M: 128, MT_N: 64, MT_K: 128, MI_M: 16, MI_N: 16, MI_K: 32,
    Occupancy: 1, WGM: 0, NTA: 0, NTB: 0}
  - {Latency: 397066, MT_M: 64, MT_N: 128, MT_K: 128, MI_M: 16, MI_N: 16, MI_K: 32,
    Occupancy: 1, WGM: 0, NTA: 0, NTB: 0}
  - {Latency: 725092, MT_M: 192, MT_N: 64, MT_K: 128, MI_M: 32, MI_N: 32, MI_K: 16,
    Occupancy: 1, WGM: 0, NTA: 0, NTB: 0}
  - {Latency: 725092, MT_M: 64, MT_N: 192, MT_K: 128, MI_M: 32, MI_N: 32, MI_K: 16,
    Occupancy: 1, WGM: 0, NTA: 0, NTB: 0}
  - {Latency: 934577, MT_M: 32, MT_N: 256, MT_K: 16, MI_M: 32, MI_N: 32, MI_K: 16,
    Occupancy: 2, WGM: 0, NTA: 0, NTB: 0}
  - {Latency: 966572, MT_M: 128, MT_N: 128, MT_K: 128, MI_M: 32, MI_N: 32, MI_K: 16,
    Occupancy: 1, WGM: 0, NTA: 0, NTB: 0}
  - {Latency: 1097052, MT_M: 256, MT_N: 64, MT_K: 64, MI_M: 32, MI_N: 32, MI_K: 16,
    Occupancy: 1, WGM: 0, NTA: 0, NTB: 0}
  - {Latency: 1097052, MT_M: 64, MT_N: 256, MT_K: 64, MI_M: 32, MI_N: 32, MI_K: 16,
    Occupancy: 1, WGM: 0, NTA: 0, NTB: 0}
  - {Latency: 1643750, MT_M: 192, MT_N: 128, MT_K: 64, MI_M: 32, MI_N: 32, MI_K: 16,
    Occupancy: 1, WGM: 0, NTA: 0, NTB: 0}
  - {Latency: 1643750, MT_M: 128, MT_N: 192, MT_K: 64, MI_M: 32, MI_N: 32, MI_K: 16,
    Occupancy: 1, WGM: 0, NTA: 0, NTB: 0}
  - {Latency: 2558389, MT_M: 256, MT_N: 128, MT_K: 64, MI_M: 32, MI_N: 32, MI_K: 16,
    Occupancy: 1, WGM: 0, NTA: 0, NTB: 0}
  - {Latency: 2558389, MT_M: 128, MT_N: 256, MT_K: 64, MI_M: 32, MI_N: 32, MI_K: 16,
    Occupancy: 1, WGM: 0, NTA: 0, NTB: 0}
  - {Latency: 2883568, MT_M: 192, MT_N: 192, MT_K: 64, MI_M: 32, MI_N: 32, MI_K: 16,
    Occupancy: 1, WGM: 0, NTA: 0, NTB: 0}
  - {Latency: 4269375, MT_M: 192, MT_N: 256, MT_K: 32, MI_M: 32, MI_N: 32, MI_K: 16,
    Occupancy: 1, WGM: 0, NTA: 0, NTB: 0}
  - {Latency: 4339421, MT_M: 256, MT_N: 192, MT_K: 32, MI_M: 16, MI_N: 16, MI_K: 32,
    Occupancy: 1, WGM: 0, NTA: 0, NTB: 0}
  - {Latency: 6370567, MT_M: 256, MT_N: 256, MT_K: 32, MI_M: 32, MI_N: 32, MI_K: 16,
    Occupancy: 1, WGM: 0, NTA: 0, NTB: 0}
- - {Latency: 68287, MT_M: 64, MT_N: 32, MT_K: 128, MI_M: 32, MI_N: 32, MI_K: 16,
    Occupancy: 1, WGM: 0, NTA: 0, NTB: 0}
  - {Latency: 73879, MT_M: 32, MT_N: 32, MT_K: 512, MI_M: 32, MI_N: 32, MI_K: 16,
    Occupancy: 1, WGM: 0, NTA: 0, NTB: 0}
  - {Latency: 92220, MT_M: 16, MT_N: 32, MT_K: 512, MI_M: 16, MI_N: 16, MI_K: 32,
    Occupancy: 1, WGM: 0, NTA: 0, NTB: 0}
  - {Latency: 93672, MT_M: 64, MT_N: 16, MT_K: 256, MI_M: 16, MI_N: 16, MI_K: 32,
    Occupancy: 1, WGM: 0, NTA: 0, NTB: 0}
  - {Latency: 113170, MT_M: 32, MT_N: 16, MT_K: 512, MI_M: 16, MI_N: 16, MI_K: 32,
    Occupancy: 1, WGM: 0, NTA: 0, NTB: 0}
  - {Latency: 136096, MT_M: 64, MT_N: 64, MT_K: 256, MI_M: 32, MI_N: 32, MI_K: 16,
    Occupancy: 1, WGM: 0, NTA: 0, NTB: 0}
  - {Latency: 159040, MT_M: 128, MT_N: 64, MT_K: 128, MI_M: 16, MI_N: 16, MI_K: 32,
    Occupancy: 1, WGM: 0, NTA: 0, NTB: 0}
  - {Latency: 160288, MT_M: 16, MT_N: 16, MT_K: 512, MI_M: 16, MI_N: 16, MI_K: 32,
    Occupancy: 1, WGM: 0, NTA: 0, NTB: 0}
  - {Latency: 165345, MT_M: 32, MT_N: 64, MT_K: 128, MI_M: 32, MI_N: 32, MI_K: 16,
    Occupancy: 1, WGM: 0, NTA: 0, NTB: 0}
  - {Latency: 246723, MT_M: 16, MT_N: 64, MT_K: 256, MI_M: 16, MI_N: 16, MI_K: 32,
    Occupancy: 1, WGM: 0, NTA: 0, NTB: 0}
  - {Latency: 260326, MT_M: 192, MT_N: 64, MT_K: 128, MI_M: 32, MI_N: 32, MI_K: 16,
    Occupancy: 1, WGM: 0, NTA: 0, NTB: 0}
  - {Latency: 328122, MT_M: 64, MT_N: 128, MT_K: 128, MI_M: 16, MI_N: 16, MI_K: 32,
    Occupancy: 1, WGM: 0, NTA: 0, NTB: 0}
  - {Latency: 341043, MT_M: 128, MT_N: 128, MT_K: 128, MI_M: 32, MI_N: 32, MI_K: 16,
    Occupancy: 1, WGM: 0, NTA: 0, NTB: 0}
  - {Latency: 385952, MT_M: 256, MT_N: 64, MT_K: 64, MI_M: 32, MI_N: 32, MI_K: 16,
    Occupancy: 1, WGM: 0, NTA: 0, NTB: 0}
  - {Latency: 568590, MT_M: 192, MT_N: 128, MT_K: 64, MI_M: 32, MI_N: 32, MI_K: 16,
    Occupancy: 1, WGM: 0, NTA: 0, NTB: 0}
  - {Latency: 568590, MT_M: 128, MT_N: 192, MT_K: 64, MI_M: 32, MI_N: 32, MI_K: 16,
    Occupancy: 1, WGM: 0, NTA: 0, NTB: 0}
  - {Latency: 603715, MT_M: 64, MT_N: 192, MT_K: 128, MI_M: 32, MI_N: 32, MI_K: 16,
    Occupancy: 1, WGM: 0, NTA: 0, NTB: 0}
  - {Latency: 837369, MT_M: 256, MT_N: 128, MT_K: 64, MI_M: 32, MI_N: 32, MI_K: 16,
    Occupancy: 1, WGM: 0, NTA: 0, NTB: 0}
  - {Latency: 837369, MT_M: 128, MT_N: 256, MT_K: 64, MI_M: 32, MI_N: 32, MI_K: 16,
    Occupancy: 1, WGM: 0, NTA: 0, NTB: 0}
  - {Latency: 858773, MT_M: 16, MT_N: 128, MT_K: 32, MI_M: 16, MI_N: 16, MI_K: 32,
    Occupancy: 3, WGM: 0, NTA: 0, NTB: 0}
  - {Latency: 940915, MT_M: 192, MT_N: 192, MT_K: 64, MI_M: 32, MI_N: 32, MI_K: 16,
    Occupancy: 1, WGM: 0, NTA: 0, NTB: 0}
  - {Latency: 945172, MT_M: 32, MT_N: 128, MT_K: 16, MI_M: 32, MI_N: 32, MI_K: 16,
    Occupancy: 5, WGM: 0, NTA: 0, NTB: 0}
  - {Latency: 956715, MT_M: 64, MT_N: 256, MT_K: 64, MI_M: 32, MI_N: 32, MI_K: 16,
    Occupancy: 1, WGM: 0, NTA: 0, NTB: 0}
  - {Latency: 1380688, MT_M: 192, MT_N: 256, MT_K: 32, MI_M: 32, MI_N: 32, MI_K: 16,
    Occupancy: 1, WGM: 0, NTA: 0, NTB: 0}
  - {Latency: 1398198, MT_M: 256, MT_N: 192, MT_K: 32, MI_M: 16, MI_N: 16, MI_K: 32,
    Occupancy: 1, WGM: 0, NTA: 0, NTB: 0}
  - {Latency: 1996497, MT_M: 256, MT_N: 256, MT_K: 32, MI_M: 32, MI_N: 32, MI_K: 16,
    Occupancy: 1, WGM: 0, NTA: 0, NTB: 0}
  - {Latency: 2878653, MT_M: 16, MT_N: 256, MT_K: 32, MI_M: 16, MI_N: 16, MI_K: 32,
    Occupancy: 2, WGM: 0, NTA: 0, NTB: 0}
  - {Latency: 3050965, MT_M: 32, MT_N: 256, MT_K: 16, MI_M: 32, MI_N: 32, MI_K: 16,
    Occupancy: 2, WGM: 0, NTA: 0, NTB: 0}
- - {Latency: 179665, MT_M: 64, MT_N: 128, MT_K: 128, MI_M: 16, MI_N: 16, MI_K: 32,
    Occupancy: 1, WGM: 0, NTA: 0, NTB: 0}
  - {Latency: 206048, MT_M: 32, MT_N: 16, MT_K: 512, MI_M: 16, MI_N: 16, MI_K: 32,
    Occupancy: 1, WGM: 0, NTA: 0, NTB: 0}
  - {Latency: 216585, MT_M: 128, MT_N: 64, MT_K: 128, MI_M: 16, MI_N: 16, MI_K: 32,
    Occupancy: 1, WGM: 0, NTA: 0, NTB: 0}
  - {Latency: 236354, MT_M: 32, MT_N: 32, MT_K: 512, MI_M: 32, MI_N: 32, MI_K: 16,
    Occupancy: 1, WGM: 0, NTA: 0, NTB: 0}
  - {Latency: 246950, MT_M: 128, MT_N: 128, MT_K: 128, MI_M: 32, MI_N: 32, MI_K: 16,
    Occupancy: 1, WGM: 0, NTA: 0, NTB: 0}
  - {Latency: 248814, MT_M: 32, MT_N: 64, MT_K: 128, MI_M: 32, MI_N: 32, MI_K: 16,
    Occupancy: 1, WGM: 0, NTA: 0, NTB: 0}
  - {Latency: 253797, MT_M: 64, MT_N: 16, MT_K: 256, MI_M: 16, MI_N: 16, MI_K: 32,
    Occupancy: 1, WGM: 0, NTA: 0, NTB: 0}
  - {Latency: 261681, MT_M: 64, MT_N: 64, MT_K: 256, MI_M: 32, MI_N: 32, MI_K: 16,
    Occupancy: 1, WGM: 0, NTA: 0, NTB: 0}
  - {Latency: 268745, MT_M: 64, MT_N: 32, MT_K: 128, MI_M: 32, MI_N: 32, MI_K: 16,
    Occupancy: 1, WGM: 0, NTA: 0, NTB: 0}
  - {Latency: 297875, MT_M: 16, MT_N: 128, MT_K: 32, MI_M: 16, MI_N: 16, MI_K: 32,
    Occupancy: 3, WGM: 0, NTA: 0, NTB: 0}
  - {Latency: 309996, MT_M: 64, MT_N: 192, MT_K: 128, MI_M: 32, MI_N: 32, MI_K: 16,
    Occupancy: 1, WGM: 0, NTA: 0, NTB: 0}
  - {Latency: 325000, MT_M: 32, MT_N: 128, MT_K: 16, MI_M: 32, MI_N: 32, MI_K: 16,
    Occupancy: 5, WGM: 0, NTA: 0, NTB: 0}
  - {Latency: 344626, MT_M: 16, MT_N: 16, MT_K: 512, MI_M: 16, MI_N: 16, MI_K: 32,
    Occupancy: 1, WGM: 0, NTA: 0, NTB: 0}
  - {Latency: 365375, MT_M: 192, MT_N: 64, MT_K: 128, MI_M: 32, MI_N: 32, MI_K: 16,
    Occupancy: 1, WGM: 0, NTA: 0, NTB: 0}
  - {Latency: 383045, MT_M: 192, MT_N: 128, MT_K: 64, MI_M: 32, MI_N: 32, MI_K: 16,
    Occupancy: 1, WGM: 0, NTA: 0, NTB: 0}
  - {Latency: 383045, MT_M: 128, MT_N: 192, MT_K: 64, MI_M: 32, MI_N: 32, MI_K: 16,
    Occupancy: 1, WGM: 0, NTA: 0, NTB: 0}
  - {Latency: 404881, MT_M: 16, MT_N: 32, MT_K: 512, MI_M: 16, MI_N: 16, MI_K: 32,
    Occupancy: 1, WGM: 0, NTA: 0, NTB: 0}
  - {Latency: 408011, MT_M: 16, MT_N: 64, MT_K: 256, MI_M: 16, MI_N: 16, MI_K: 32,
    Occupancy: 1, WGM: 0, NTA: 0, NTB: 0}
  - {Latency: 479703, MT_M: 64, MT_N: 256, MT_K: 64, MI_M: 32, MI_N: 32, MI_K: 16,
    Occupancy: 1, WGM: 0, NTA: 0, NTB: 0}
  - {Latency: 539559, MT_M: 256, MT_N: 128, MT_K: 64, MI_M: 32, MI_N: 32, MI_K: 16,
    Occupancy: 1, WGM: 0, NTA: 0, NTB: 0}
  - {Latency: 539559, MT_M: 128, MT_N: 256, MT_K: 64, MI_M: 32, MI_N: 32, MI_K: 16,
    Occupancy: 1, WGM: 0, NTA: 0, NTB: 0}
  - {Latency: 552588, MT_M: 256, MT_N: 64, MT_K: 64, MI_M: 32, MI_N: 32, MI_K: 16,
    Occupancy: 1, WGM: 0, NTA: 0, NTB: 0}
  - {Latency: 604398, MT_M: 192, MT_N: 192, MT_K: 64, MI_M: 32, MI_N: 32, MI_K: 16,
    Occupancy: 1, WGM: 0, NTA: 0, NTB: 0}
  - {Latency: 797497, MT_M: 16, MT_N: 256, MT_K: 32, MI_M: 16, MI_N: 16, MI_K: 32,
    Occupancy: 2, WGM: 0, NTA: 0, NTB: 0}
  - {Latency: 853010, MT_M: 32, MT_N: 256, MT_K: 16, MI_M: 32, MI_N: 32, MI_K: 16,
    Occupancy: 2, WGM: 0, NTA: 0, NTB: 0}
  - {Latency: 861380, MT_M: 192, MT_N: 256, MT_K: 32, MI_M: 32, MI_N: 32, MI_K: 16,
    Occupancy: 1, WGM: 0, NTA: 0, NTB: 0}
  - {Latency: 868050, MT_M: 256, MT_N: 192, MT_K: 32, MI_M: 16, MI_N: 16, MI_K: 32,
    Occupancy: 1, WGM: 0, NTA: 0, NTB: 0}
  - {Latency: 1208717, MT_M: 256, MT_N: 256, MT_K: 32, MI_M: 32, MI_N: 32, MI_K: 16,
    Occupancy: 1, WGM: 0, NTA: 0, NTB: 0}
- - {Latency: 77323, MT_M: 16, MT_N: 64, MT_K: 256, MI_M: 16, MI_N: 16, MI_K: 32,
    Occupancy: 1, WGM: 0, NTA: 0, NTB: 0}
  - {Latency: 110175, MT_M: 16, MT_N: 16, MT_K: 512, MI_M: 16, MI_N: 16, MI_K: 32,
    Occupancy: 1, WGM: 0, NTA: 0, NTB: 0}
  - {Latency: 112562, MT_M: 16, MT_N: 32, MT_K: 512, MI_M: 16, MI_N: 16, MI_K: 32,
    Occupancy: 1, WGM: 0, NTA: 0, NTB: 0}
  - {Latency: 146727, MT_M: 32, MT_N: 64, MT_K: 128, MI_M: 32, MI_N: 32, MI_K: 16,
    Occupancy: 1, WGM: 0, NTA: 0, NTB: 0}
  - {Latency: 222092, MT_M: 32, MT_N: 16, MT_K: 512, MI_M: 16, MI_N: 16, MI_K: 32,
    Occupancy: 1, WGM: 0, NTA: 0, NTB: 0}
  - {Latency: 233133, MT_M: 32, MT_N: 32, MT_K: 512, MI_M: 32, MI_N: 32, MI_K: 16,
    Occupancy: 1, WGM: 0, NTA: 0, NTB: 0}
  - {Latency: 240075, MT_M: 16, MT_N: 128, MT_K: 32, MI_M: 16, MI_N: 16, MI_K: 32,
    Occupancy: 3, WGM: 0, NTA: 0, NTB: 0}
  - {Latency: 334171, MT_M: 64, MT_N: 64, MT_K: 256, MI_M: 32, MI_N: 32, MI_K: 16,
    Occupancy: 1, WGM: 0, NTA: 0, NTB: 0}
  - {Latency: 533645, MT_M: 64, MT_N: 16, MT_K: 256, MI_M: 16, MI_N: 16, MI_K: 32,
    Occupancy: 1, WGM: 0, NTA: 0, NTB: 0}
  - {Latency: 539420, MT_M: 64, MT_N: 32, MT_K: 128, MI_M: 32, MI_N: 32, MI_K: 16,
    Occupancy: 1, WGM: 0, NTA: 0, NTB: 0}
  - {Latency: 648317, MT_M: 16, MT_N: 256, MT_K: 32, MI_M: 16, MI_N: 16, MI_K: 32,
    Occupancy: 2, WGM: 0, NTA: 0, NTB: 0}
  - {Latency: 833975, MT_M: 32, MT_N: 128, MT_K: 16, MI_M: 32, MI_N: 32, MI_K: 16,
    Occupancy: 5, WGM: 0, NTA: 0, NTB: 0}
  - {Latency: 875203, MT_M: 128, MT_N: 64, MT_K: 128, MI_M: 16, MI_N: 16, MI_K: 32,
    Occupancy: 1, WGM: 0, NTA: 0, NTB: 0}
  - {Latency: 875203, MT_M: 64, MT_N: 128, MT_K: 128, MI_M: 16, MI_N: 16, MI_K: 32,
    Occupancy: 1, WGM: 0, NTA: 0, NTB: 0}
  - {Latency: 1671200, MT_M: 192, MT_N: 64, MT_K: 128, MI_M: 32, MI_N: 32, MI_K: 16,
    Occupancy: 1, WGM: 0, NTA: 0, NTB: 0}
  - {Latency: 1671200, MT_M: 64, MT_N: 192, MT_K: 128, MI_M: 32, MI_N: 32, MI_K: 16,
    Occupancy: 1, WGM: 0, NTA: 0, NTB: 0}
  - {Latency: 2226046, MT_M: 128, MT_N: 128, MT_K: 128, MI_M: 32, MI_N: 32, MI_K: 16,
    Occupancy: 1, WGM: 0, NTA: 0, NTB: 0}
  - {Latency: 2476282, MT_M: 32, MT_N: 256, MT_K: 16, MI_M: 32, MI_N: 32, MI_K: 16,
    Occupancy: 2, WGM: 0, NTA: 0, NTB: 0}
  - {Latency: 2647078, MT_M: 256, MT_N: 64, MT_K: 64, MI_M: 32, MI_N: 32, MI_K: 16,
    Occupancy: 1, WGM: 0, NTA: 0, NTB: 0}
  - {Latency: 2647078, MT_M: 64, MT_N: 256, MT_K: 64, MI_M: 32, MI_N: 32, MI_K: 16,
    Occupancy: 1, WGM: 0, NTA: 0, NTB: 0}
  - {Latency: 3962290, MT_M: 192, MT_N: 128, MT_K: 64, MI_M: 32, MI_N: 32, MI_K: 16,
    Occupancy: 1, WGM: 0, NTA: 0, NTB: 0}
  - {Latency: 3962290, MT_M: 128, MT_N: 192, MT_K: 64, MI_M: 32, MI_N: 32, MI_K: 16,
    Occupancy: 1, WGM: 0, NTA: 0, NTB: 0}
  - {Latency: 6252313, MT_M: 256, MT_N: 128, MT_K: 64, MI_M: 32, MI_N: 32, MI_K: 16,
    Occupancy: 1, WGM: 0, NTA: 0, NTB: 0}
  - {Latency: 6252313, MT_M: 128, MT_N: 256, MT_K: 64, MI_M: 32, MI_N: 32, MI_K: 16,
    Occupancy: 1, WGM: 0, NTA: 0, NTB: 0}
  - {Latency: 7037607, MT_M: 192, MT_N: 192, MT_K: 64, MI_M: 32, MI_N: 32, MI_K: 16,
    Occupancy: 1, WGM: 0, NTA: 0, NTB: 0}
  - {Latency: 10901211, MT_M: 192, MT_N: 256, MT_K: 32, MI_M: 32, MI_N: 32, MI_K: 16,
    Occupancy: 1, WGM: 0, NTA: 0, NTB: 0}
  - {Latency: 10971253, MT_M: 256, MT_N: 192, MT_K: 32, MI_M: 16, MI_N: 16, MI_K: 32,
    Occupancy: 1, WGM: 0, NTA: 0, NTB: 0}
  - {Latency: 16367524, MT_M: 256, MT_N: 256, MT_K: 32, MI_M: 32, MI_N: 32, MI_K: 16,
    Occupancy: 1, WGM: 0, NTA: 0, NTB: 0}
- - {Latency: 210172, MT_M: 16, MT_N: 128, MT_K: 32, MI_M: 16, MI_N: 16, MI_K: 32,
    Occupancy: 3, WGM: 1, NTA: 0, NTB: 4}
  - {Latency: 231609, MT_M: 16, MT_N: 32, MT_K: 512, MI_M: 16, MI_N: 16, MI_K: 32,
    Occupancy: 1, WGM: 6, NTA: 0, NTB: 4}
  - {Latency: 235326, MT_M: 16, MT_N: 64, MT_K: 256, MI_M: 16, MI_N: 16, MI_K: 32,
    Occupancy: 1, WGM: 6, NTA: 0, NTB: 4}
  - {Latency: 250521, MT_M: 16, MT_N: 16, MT_K: 512, MI_M: 16, MI_N: 16, MI_K: 32,
    Occupancy: 1, WGM: 6, NTA: 0, NTB: 4}
  - {Latency: 471906, MT_M: 32, MT_N: 32, MT_K: 512, MI_M: 32, MI_N: 32, MI_K: 16,
    Occupancy: 1, WGM: 6, NTA: 0, NTB: 4}
  - {Latency: 489496, MT_M: 32, MT_N: 64, MT_K: 128, MI_M: 32, MI_N: 32, MI_K: 16,
    Occupancy: 1, WGM: 6, NTA: 0, NTB: 4}
  - {Latency: 504962, MT_M: 16, MT_N: 256, MT_K: 32, MI_M: 16, MI_N: 16, MI_K: 32,
    Occupancy: 2, WGM: 1, NTA: 0, NTB: 4}
  - {Latency: 510119, MT_M: 32, MT_N: 16, MT_K: 512, MI_M: 16, MI_N: 16, MI_K: 32,
    Occupancy: 1, WGM: 6, NTA: 0, NTB: 4}
  - {Latency: 633784, MT_M: 64, MT_N: 128, MT_K: 128, MI_M: 16, MI_N: 16, MI_K: 32,
    Occupancy: 1, WGM: 6, NTA: 0, NTB: 4}
  - {Latency: 665064, MT_M: 32, MT_N: 128, MT_K: 16, MI_M: 32, MI_N: 32, MI_K: 16,
    Occupancy: 5, WGM: 0, NTA: 0, NTB: 0}
  - {Latency: 1098804, MT_M: 64, MT_N: 64, MT_K: 256, MI_M: 32, MI_N: 32, MI_K: 16,
    Occupancy: 1, WGM: 6, NTA: 0, NTB: 4}
  - {Latency: 1105051, MT_M: 64, MT_N: 32, MT_K: 128, MI_M: 32, MI_N: 32, MI_K: 16,
    Occupancy: 1, WGM: 6, NTA: 0, NTB: 4}
  - {Latency: 1191178, MT_M: 64, MT_N: 192, MT_K: 128, MI_M: 32, MI_N: 32, MI_K: 16,
    Occupancy: 1, WGM: 6, NTA: 0, NTB: 4}
  - {Latency: 1333871, MT_M: 64, MT_N: 16, MT_K: 256, MI_M: 16, MI_N: 16, MI_K: 32,
    Occupancy: 1, WGM: 6, NTA: 0, NTB: 4}
  - {Latency: 1580794, MT_M: 128, MT_N: 128, MT_K: 128, MI_M: 32, MI_N: 32, MI_K: 16,
    Occupancy: 1, WGM: 6, NTA: 0, NTB: 4}
  - {Latency: 1840185, MT_M: 32, MT_N: 256, MT_K: 16, MI_M: 32, MI_N: 32, MI_K: 16,
    Occupancy: 2, WGM: 0, NTA: 0, NTB: 0}
  - {Latency: 1925805, MT_M: 64, MT_N: 256, MT_K: 64, MI_M: 32, MI_N: 32, MI_K: 16,
    Occupancy: 1, WGM: 6, NTA: 0, NTB: 4}
  - {Latency: 2860262, MT_M: 128, MT_N: 64, MT_K: 128, MI_M: 16, MI_N: 16, MI_K: 32,
    Occupancy: 1, WGM: 6, NTA: 0, NTB: 4}
  - {Latency: 2870293, MT_M: 192, MT_N: 128, MT_K: 64, MI_M: 32, MI_N: 32, MI_K: 16,
    Occupancy: 1, WGM: 6, NTA: 0, NTB: 4}
  - {Latency: 2870293, MT_M: 128, MT_N: 192, MT_K: 64, MI_M: 32, MI_N: 32, MI_K: 16,
    Occupancy: 1, WGM: 6, NTA: 0, NTB: 4}
  - {Latency: 4500634, MT_M: 256, MT_N: 128, MT_K: 64, MI_M: 32, MI_N: 32, MI_K: 16,
    Occupancy: 1, WGM: 6, NTA: 0, NTB: 4}
  - {Latency: 4500634, MT_M: 128, MT_N: 256, MT_K: 64, MI_M: 32, MI_N: 32, MI_K: 16,
    Occupancy: 1, WGM: 6, NTA: 0, NTB: 4}
  - {Latency: 5061528, MT_M: 192, MT_N: 192, MT_K: 64, MI_M: 32, MI_N: 32, MI_K: 16,
    Occupancy: 1, WGM: 6, NTA: 0, NTB: 4}
  - {Latency: 5294474, MT_M: 192, MT_N: 64, MT_K: 128, MI_M: 32, MI_N: 32, MI_K: 16,
    Occupancy: 1, WGM: 6, NTA: 0, NTB: 4}
  - {Latency: 7870742, MT_M: 192, MT_N: 256, MT_K: 32, MI_M: 32, MI_N: 32, MI_K: 16,
    Occupancy: 1, WGM: 6, NTA: 0, NTB: 4}
  - {Latency: 7905763, MT_M: 256, MT_N: 192, MT_K: 32, MI_M: 16, MI_N: 16, MI_K: 32,
    Occupancy: 1, WGM: 6, NTA: 0, NTB: 4}
  - {Latency: 8341290, MT_M: 256, MT_N: 64, MT_K: 64, MI_M: 32, MI_N: 32, MI_K: 16,
    Occupancy: 1, WGM: 6, NTA: 0, NTB: 4}
  - {Latency: 11775228, MT_M: 256, MT_N: 256, MT_K: 32, MI_M: 32, MI_N: 32, MI_K: 16,
    Occupancy: 1, WGM: 6, NTA: 0, NTB: 4}
- - {Latency: 229648, MT_M: 32, MT_N: 16, MT_K: 512, MI_M: 16, MI_N: 16, MI_K: 32,
    Occupancy: 1, WGM: 0, NTA: 0, NTB: 0}
  - {Latency: 270690, MT_M: 64, MT_N: 16, MT_K: 256, MI_M: 16, MI_N: 16, MI_K: 32,
    Occupancy: 1, WGM: 0, NTA: 0, NTB: 0}
  - {Latency: 275179, MT_M: 16, MT_N: 16, MT_K: 512, MI_M: 16, MI_N: 16, MI_K: 32,
    Occupancy: 1, WGM: 0, NTA: 0, NTB: 0}
  - {Latency: 294818, MT_M: 32, MT_N: 32, MT_K: 512, MI_M: 32, MI_N: 32, MI_K: 16,
    Occupancy: 1, WGM: 0, NTA: 0, NTB: 0}
  - {Latency: 304305, MT_M: 64, MT_N: 128, MT_K: 128, MI_M: 16, MI_N: 16, MI_K: 32,
    Occupancy: 1, WGM: 0, NTA: 0, NTB: 0}
  - {Latency: 329280, MT_M: 128, MT_N: 128, MT_K: 128, MI_M: 32, MI_N: 32, MI_K: 16,
    Occupancy: 1, WGM: 0, NTA: 0, NTB: 0}
  - {Latency: 340011, MT_M: 64, MT_N: 32, MT_K: 128, MI_M: 32, MI_N: 32, MI_K: 16,
    Occupancy: 1, WGM: 0, NTA: 0, NTB: 0}
  - {Latency: 356588, MT_M: 16, MT_N: 32, MT_K: 512, MI_M: 16, MI_N: 16, MI_K: 32,
    Occupancy: 1, WGM: 0, NTA: 0, NTB: 0}
  - {Latency: 381437, MT_M: 128, MT_N: 64, MT_K: 128, MI_M: 16, MI_N: 16, MI_K: 32,
    Occupancy: 1, WGM: 0, NTA: 0, NTB: 0}
  - {Latency: 387180, MT_M: 16, MT_N: 128, MT_K: 32, MI_M: 16, MI_N: 16, MI_K: 32,
    Occupancy: 3, WGM: 0, NTA: 0, NTB: 0}
  - {Latency: 482722, MT_M: 32, MT_N: 64, MT_K: 128, MI_M: 32, MI_N: 32, MI_K: 16,
    Occupancy: 1, WGM: 0, NTA: 0, NTB: 0}
  - {Latency: 505878, MT_M: 64, MT_N: 64, MT_K: 256, MI_M: 32, MI_N: 32, MI_K: 16,
    Occupancy: 1, WGM: 0, NTA: 0, NTB: 0}
  - {Latency: 538427, MT_M: 192, MT_N: 128, MT_K: 64, MI_M: 32, MI_N: 32, MI_K: 16,
    Occupancy: 1, WGM: 0, NTA: 0, NTB: 0}
  - {Latency: 538427, MT_M: 128, MT_N: 192, MT_K: 64, MI_M: 32, MI_N: 32, MI_K: 16,
    Occupancy: 1, WGM: 0, NTA: 0, NTB: 0}
  - {Latency: 555525, MT_M: 64, MT_N: 192, MT_K: 128, MI_M: 32, MI_N: 32, MI_K: 16,
    Occupancy: 1, WGM: 0, NTA: 0, NTB: 0}
  - {Latency: 572655, MT_M: 32, MT_N: 128, MT_K: 16, MI_M: 32, MI_N: 32, MI_K: 16,
    Occupancy: 5, WGM: 0, NTA: 0, NTB: 0}
  - {Latency: 581444, MT_M: 16, MT_N: 64, MT_K: 256, MI_M: 16, MI_N: 16, MI_K: 32,
    Occupancy: 1, WGM: 0, NTA: 0, NTB: 0}
  - {Latency: 671223, MT_M: 192, MT_N: 64, MT_K: 128, MI_M: 32, MI_N: 32, MI_K: 16,
    Occupancy: 1, WGM: 0, NTA: 0, NTB: 0}
  - {Latency: 786858, MT_M: 256, MT_N: 128, MT_K: 64, MI_M: 32, MI_N: 32, MI_K: 16,
    Occupancy: 1, WGM: 0, NTA: 0, NTB: 0}
  - {Latency: 786858, MT_M: 128, MT_N: 256, MT_K: 64, MI_M: 32, MI_N: 32, MI_K: 16,
    Occupancy: 1, WGM: 0, NTA: 0, NTB: 0}
  - {Latency: 882928, MT_M: 192, MT_N: 192, MT_K: 64, MI_M: 32, MI_N: 32, MI_K: 16,
    Occupancy: 1, WGM: 0, NTA: 0, NTB: 0}
  - {Latency: 884587, MT_M: 64, MT_N: 256, MT_K: 64, MI_M: 32, MI_N: 32, MI_K: 16,
    Occupancy: 1, WGM: 0, NTA: 0, NTB: 0}
  - {Latency: 1037246, MT_M: 256, MT_N: 64, MT_K: 64, MI_M: 32, MI_N: 32, MI_K: 16,
    Occupancy: 1, WGM: 0, NTA: 0, NTB: 0}
  - {Latency: 1122695, MT_M: 16, MT_N: 256, MT_K: 32, MI_M: 16, MI_N: 16, MI_K: 32,
    Occupancy: 2, WGM: 0, NTA: 0, NTB: 0}
  - {Latency: 1299347, MT_M: 192, MT_N: 256, MT_K: 32, MI_M: 32, MI_N: 32, MI_K: 16,
    Occupancy: 1, WGM: 0, NTA: 0, NTB: 0}
  - {Latency: 1310554, MT_M: 256, MT_N: 192, MT_K: 32, MI_M: 16, MI_N: 16, MI_K: 32,
    Occupancy: 1, WGM: 0, NTA: 0, NTB: 0}
  - {Latency: 1679587, MT_M: 32, MT_N: 256, MT_K: 16, MI_M: 32, MI_N: 32, MI_K: 16,
    Occupancy: 2, WGM: 0, NTA: 0, NTB: 0}
  - {Latency: 1868969, MT_M: 256, MT_N: 256, MT_K: 32, MI_M: 32, MI_N: 32, MI_K: 16,
    Occupancy: 1, WGM: 0, NTA: 0, NTB: 0}
- - {Latency: 20892490, MT_M: 256, MT_N: 256, MT_K: 32, MI_M: 32, MI_N: 32, MI_K: 16,
    Occupancy: 1, WGM: 0, NTA: 0, NTB: 0}
  - {Latency: 24338707, MT_M: 256, MT_N: 192, MT_K: 32, MI_M: 16, MI_N: 16, MI_K: 32,
    Occupancy: 1, WGM: 0, NTA: 0, NTB: 0}
  - {Latency: 24352077, MT_M: 192, MT_N: 256, MT_K: 32, MI_M: 32, MI_N: 32, MI_K: 16,
    Occupancy: 1, WGM: 0, NTA: 0, NTB: 0}
  - {Latency: 25408355, MT_M: 192, MT_N: 192, MT_K: 64, MI_M: 32, MI_N: 32, MI_K: 16,
    Occupancy: 1, WGM: 0, NTA: 0, NTB: 0}
  - {Latency: 28401660, MT_M: 256, MT_N: 128, MT_K: 64, MI_M: 32, MI_N: 32, MI_K: 16,
    Occupancy: 1, WGM: 0, NTA: 0, NTB: 0}
  - {Latency: 28498339, MT_M: 128, MT_N: 256, MT_K: 64, MI_M: 32, MI_N: 32, MI_K: 16,
    Occupancy: 1, WGM: 0, NTA: 0, NTB: 0}
  - {Latency: 32188292, MT_M: 192, MT_N: 128, MT_K: 64, MI_M: 32, MI_N: 32, MI_K: 16,
    Occupancy: 1, WGM: 0, NTA: 0, NTB: 0}
  - {Latency: 32188292, MT_M: 128, MT_N: 192, MT_K: 64, MI_M: 32, MI_N: 32, MI_K: 16,
    Occupancy: 1, WGM: 0, NTA: 0, NTB: 0}
  - {Latency: 37029508, MT_M: 128, MT_N: 128, MT_K: 128, MI_M: 32, MI_N: 32, MI_K: 16,
    Occupancy: 1, WGM: 0, NTA: 0, NTB: 0}
  - {Latency: 47551484, MT_M: 256, MT_N: 64, MT_K: 64, MI_M: 32, MI_N: 32, MI_K: 16,
    Occupancy: 1, WGM: 0, NTA: 0, NTB: 0}
  - {Latency: 47712277, MT_M: 64, MT_N: 256, MT_K: 64, MI_M: 32, MI_N: 32, MI_K: 16,
    Occupancy: 1, WGM: 0, NTA: 0, NTB: 0}
  - {Latency: 48843619, MT_M: 192, MT_N: 64, MT_K: 128, MI_M: 32, MI_N: 32, MI_K: 16,
    Occupancy: 1, WGM: 0, NTA: 0, NTB: 0}
  - {Latency: 48843619, MT_M: 64, MT_N: 192, MT_K: 128, MI_M: 32, MI_N: 32, MI_K: 16,
    Occupancy: 1, WGM: 0, NTA: 0, NTB: 0}
  - {Latency: 56579581, MT_M: 128, MT_N: 64, MT_K: 128, MI_M: 16, MI_N: 16, MI_K: 32,
    Occupancy: 1, WGM: 0, NTA: 0, NTB: 0}
  - {Latency: 56579581, MT_M: 64, MT_N: 128, MT_K: 128, MI_M: 16, MI_N: 16, MI_K: 32,
    Occupancy: 1, WGM: 0, NTA: 0, NTB: 0}
  - {Latency: 75321016, MT_M: 64, MT_N: 64, MT_K: 256, MI_M: 32, MI_N: 32, MI_K: 16,
    Occupancy: 1, WGM: 0, NTA: 0, NTB: 0}
  - {Latency: 125126116, MT_M: 64, MT_N: 32, MT_K: 128, MI_M: 32, MI_N: 32, MI_K: 16,
    Occupancy: 1, WGM: 0, NTA: 0, NTB: 0}
  - {Latency: 125349001, MT_M: 32, MT_N: 64, MT_K: 128, MI_M: 32, MI_N: 32, MI_K: 16,
    Occupancy: 1, WGM: 0, NTA: 0, NTB: 0}
  - {Latency: 160647704, MT_M: 32, MT_N: 32, MT_K: 512, MI_M: 32, MI_N: 32, MI_K: 16,
    Occupancy: 1, WGM: 0, NTA: 0, NTB: 0}
  - {Latency: 191649504, MT_M: 16, MT_N: 256, MT_K: 32, MI_M: 16, MI_N: 16, MI_K: 32,
    Occupancy: 2, WGM: 0, NTA: 0, NTB: 0}
  - {Latency: 196432759, MT_M: 64, MT_N: 16, MT_K: 256, MI_M: 16, MI_N: 16, MI_K: 32,
    Occupancy: 1, WGM: 0, NTA: 0, NTB: 0}
  - {Latency: 197759147, MT_M: 32, MT_N: 256, MT_K: 16, MI_M: 32, MI_N: 32, MI_K: 16,
    Occupancy: 2, WGM: 0, NTA: 0, NTB: 0}
  - {Latency: 197776524, MT_M: 16, MT_N: 64, MT_K: 256, MI_M: 16, MI_N: 16, MI_K: 32,
    Occupancy: 1, WGM: 0, NTA: 0, NTB: 0}
  - {Latency: 248503094, MT_M: 32, MT_N: 16, MT_K: 512, MI_M: 16, MI_N: 16, MI_K: 32,
    Occupancy: 1, WGM: 0, NTA: 0, NTB: 0}
  - {Latency: 249379045, MT_M: 16, MT_N: 32, MT_K: 512, MI_M: 16, MI_N: 16, MI_K: 32,
    Occupancy: 1, WGM: 0, NTA: 0, NTB: 0}
  - {Latency: 254366568, MT_M: 16, MT_N: 128, MT_K: 32, MI_M: 16, MI_N: 16, MI_K: 32,
    Occupancy: 3, WGM: 0, NTA: 0, NTB: 0}
  - {Latency: 268031922, MT_M: 32, MT_N: 128, MT_K: 16, MI_M: 32, MI_N: 32, MI_K: 16,
    Occupancy: 5, WGM: 0, NTA: 0, NTB: 0}
  - {Latency: 351382297, MT_M: 16, MT_N: 16, MT_K: 512, MI_M: 16, MI_N: 16, MI_K: 32,
    Occupancy: 1, WGM: 0, NTA: 0, NTB: 0}
- - {Latency: 33977991, MT_M: 256, MT_N: 256, MT_K: 32, MI_M: 32, MI_N: 32, MI_K: 16,
    Occupancy: 1, WGM: 0, NTA: 0, NTB: 0}
  - {Latency: 39412742, MT_M: 192, MT_N: 256, MT_K: 32, MI_M: 32, MI_N: 32, MI_K: 16,
    Occupancy: 1, WGM: 0, NTA: 0, NTB: 0}
  - {Latency: 40136162, MT_M: 256, MT_N: 192, MT_K: 32, MI_M: 16, MI_N: 16, MI_K: 32,
    Occupancy: 1, WGM: 0, NTA: 0, NTB: 0}
  - {Latency: 41885390, MT_M: 192, MT_N: 192, MT_K: 64, MI_M: 32, MI_N: 32, MI_K: 16,
    Occupancy: 1, WGM: 0, NTA: 0, NTB: 0}
  - {Latency: 46389474, MT_M: 128, MT_N: 256, MT_K: 64, MI_M: 32, MI_N: 32, MI_K: 16,
    Occupancy: 1, WGM: 0, NTA: 0, NTB: 0}
  - {Latency: 46951069, MT_M: 256, MT_N: 128, MT_K: 64, MI_M: 32, MI_N: 32, MI_K: 16,
    Occupancy: 1, WGM: 0, NTA: 0, NTB: 0}
  - {Latency: 52540189, MT_M: 128, MT_N: 192, MT_K: 64, MI_M: 32, MI_N: 32, MI_K: 16,
    Occupancy: 1, WGM: 0, NTA: 0, NTB: 0}
  - {Latency: 52563487, MT_M: 192, MT_N: 128, MT_K: 64, MI_M: 32, MI_N: 32, MI_K: 16,
    Occupancy: 1, WGM: 0, NTA: 0, NTB: 0}
  - {Latency: 59534310, MT_M: 128, MT_N: 128, MT_K: 128, MI_M: 32, MI_N: 32, MI_K: 16,
    Occupancy: 1, WGM: 0, NTA: 0, NTB: 0}
  - {Latency: 76313421, MT_M: 64, MT_N: 256, MT_K: 64, MI_M: 32, MI_N: 32, MI_K: 16,
    Occupancy: 1, WGM: 0, NTA: 0, NTB: 0}
  - {Latency: 77708925, MT_M: 256, MT_N: 64, MT_K: 64, MI_M: 32, MI_N: 32, MI_K: 16,
    Occupancy: 1, WGM: 0, NTA: 0, NTB: 0}
  - {Latency: 78044246, MT_M: 64, MT_N: 192, MT_K: 128, MI_M: 32, MI_N: 32, MI_K: 16,
    Occupancy: 1, WGM: 0, NTA: 0, NTB: 0}
  - {Latency: 78708873, MT_M: 192, MT_N: 64, MT_K: 128, MI_M: 32, MI_N: 32, MI_K: 16,
    Occupancy: 1, WGM: 0, NTA: 0, NTB: 0}
  - {Latency: 90517210, MT_M: 64, MT_N: 128, MT_K: 128, MI_M: 16, MI_N: 16, MI_K: 32,
    Occupancy: 1, WGM: 0, NTA: 0, NTB: 0}
  - {Latency: 91073318, MT_M: 128, MT_N: 64, MT_K: 128, MI_M: 16, MI_N: 16, MI_K: 32,
    Occupancy: 1, WGM: 0, NTA: 0, NTB: 0}
  - {Latency: 122236279, MT_M: 64, MT_N: 64, MT_K: 256, MI_M: 32, MI_N: 32, MI_K: 16,
    Occupancy: 1, WGM: 0, NTA: 0, NTB: 0}
  - {Latency: 199526520, MT_M: 32, MT_N: 64, MT_K: 128, MI_M: 32, MI_N: 32, MI_K: 16,
    Occupancy: 1, WGM: 0, NTA: 0, NTB: 0}
  - {Latency: 200022527, MT_M: 64, MT_N: 32, MT_K: 128, MI_M: 32, MI_N: 32, MI_K: 16,
    Occupancy: 1, WGM: 0, NTA: 0, NTB: 0}
  - {Latency: 268901194, MT_M: 32, MT_N: 32, MT_K: 512, MI_M: 32, MI_N: 32, MI_K: 16,
    Occupancy: 1, WGM: 0, NTA: 0, NTB: 0}
  - {Latency: 301490033, MT_M: 16, MT_N: 256, MT_K: 32, MI_M: 16, MI_N: 16, MI_K: 32,
    Occupancy: 2, WGM: 0, NTA: 0, NTB: 0}
  - {Latency: 308788365, MT_M: 32, MT_N: 256, MT_K: 16, MI_M: 32, MI_N: 32, MI_K: 16,
    Occupancy: 2, WGM: 0, NTA: 0, NTB: 0}
  - {Latency: 319423774, MT_M: 64, MT_N: 16, MT_K: 256, MI_M: 16, MI_N: 16, MI_K: 32,
    Occupancy: 1, WGM: 0, NTA: 0, NTB: 0}
  - {Latency: 321497677, MT_M: 16, MT_N: 64, MT_K: 256, MI_M: 16, MI_N: 16, MI_K: 32,
    Occupancy: 1, WGM: 0, NTA: 0, NTB: 0}
  - {Latency: 402224815, MT_M: 16, MT_N: 128, MT_K: 32, MI_M: 16, MI_N: 16, MI_K: 32,
    Occupancy: 3, WGM: 0, NTA: 0, NTB: 0}
  - {Latency: 417308844, MT_M: 32, MT_N: 16, MT_K: 512, MI_M: 16, MI_N: 16, MI_K: 32,
    Occupancy: 1, WGM: 0, NTA: 0, NTB: 0}
  - {Latency: 420213941, MT_M: 16, MT_N: 32, MT_K: 512, MI_M: 16, MI_N: 16, MI_K: 32,
    Occupancy: 1, WGM: 0, NTA: 0, NTB: 0}
  - {Latency: 421006809, MT_M: 32, MT_N: 128, MT_K: 16, MI_M: 32, MI_N: 32, MI_K: 16,
    Occupancy: 5, WGM: 0, NTA: 0, NTB: 0}
  - {Latency: 594954673, MT_M: 16, MT_N: 16, MT_K: 512, MI_M: 16, MI_N: 16, MI_K: 32,
    Occupancy: 1, WGM: 0, NTA: 0, NTB: 0}
- - {Latency: 32661485, MT_M: 256, MT_N: 256, MT_K: 32, MI_M: 32, MI_N: 32, MI_K: 16,
    Occupancy: 1, WGM: 0, NTA: 0, NTB: 0}
  - {Latency: 38132854, MT_M: 256, MT_N: 192, MT_K: 32, MI_M: 16, MI_N: 16, MI_K: 32,
    Occupancy: 1, WGM: 0, NTA: 0, NTB: 0}
  - {Latency: 38976774, MT_M: 192, MT_N: 256, MT_K: 32, MI_M: 32, MI_N: 32, MI_K: 16,
    Occupancy: 1, WGM: 0, NTA: 0, NTB: 0}
  - {Latency: 40304775, MT_M: 192, MT_N: 192, MT_K: 64, MI_M: 32, MI_N: 32, MI_K: 16,
    Occupancy: 1, WGM: 0, NTA: 0, NTB: 0}
  - {Latency: 44798755, MT_M: 256, MT_N: 128, MT_K: 64, MI_M: 32, MI_N: 32, MI_K: 16,
    Occupancy: 1, WGM: 0, NTA: 0, NTB: 0}
  - {Latency: 45602028, MT_M: 128, MT_N: 256, MT_K: 64, MI_M: 32, MI_N: 32, MI_K: 16,
    Occupancy: 1, WGM: 0, NTA: 0, NTB: 0}
  - {Latency: 50780868, MT_M: 128, MT_N: 192, MT_K: 64, MI_M: 32, MI_N: 32, MI_K: 16,
    Occupancy: 1, WGM: 0, NTA: 0, NTB: 0}
  - {Latency: 50883191, MT_M: 192, MT_N: 128, MT_K: 64, MI_M: 32, MI_N: 32, MI_K: 16,
    Occupancy: 1, WGM: 0, NTA: 0, NTB: 0}
  - {Latency: 58029221, MT_M: 128, MT_N: 128, MT_K: 128, MI_M: 32, MI_N: 32, MI_K: 16,
    Occupancy: 1, WGM: 0, NTA: 0, NTB: 0}
  - {Latency: 74688284, MT_M: 256, MT_N: 64, MT_K: 64, MI_M: 32, MI_N: 32, MI_K: 16,
    Occupancy: 1, WGM: 0, NTA: 0, NTB: 0}
  - {Latency: 76027773, MT_M: 64, MT_N: 256, MT_K: 64, MI_M: 32, MI_N: 32, MI_K: 16,
    Occupancy: 1, WGM: 0, NTA: 0, NTB: 0}
  - {Latency: 76698720, MT_M: 64, MT_N: 192, MT_K: 128, MI_M: 32, MI_N: 32, MI_K: 16,
    Occupancy: 1, WGM: 0, NTA: 0, NTB: 0}
  - {Latency: 76865227, MT_M: 192, MT_N: 64, MT_K: 128, MI_M: 32, MI_N: 32, MI_K: 16,
    Occupancy: 1, WGM: 0, NTA: 0, NTB: 0}
  - {Latency: 89038046, MT_M: 128, MT_N: 64, MT_K: 128, MI_M: 16, MI_N: 16, MI_K: 32,
    Occupancy: 1, WGM: 0, NTA: 0, NTB: 0}
  - {Latency: 89038046, MT_M: 64, MT_N: 128, MT_K: 128, MI_M: 16, MI_N: 16, MI_K: 32,
    Occupancy: 1, WGM: 0, NTA: 0, NTB: 0}
  - {Latency: 118028293, MT_M: 64, MT_N: 64, MT_K: 256, MI_M: 32, MI_N: 32, MI_K: 16,
    Occupancy: 1, WGM: 0, NTA: 0, NTB: 0}
  - {Latency: 196875274, MT_M: 32, MT_N: 64, MT_K: 128, MI_M: 32, MI_N: 32, MI_K: 16,
    Occupancy: 1, WGM: 0, NTA: 0, NTB: 0}
  - {Latency: 197101693, MT_M: 64, MT_N: 32, MT_K: 128, MI_M: 32, MI_N: 32, MI_K: 16,
    Occupancy: 1, WGM: 0, NTA: 0, NTB: 0}
  - {Latency: 250514858, MT_M: 32, MT_N: 32, MT_K: 512, MI_M: 32, MI_N: 32, MI_K: 16,
    Occupancy: 1, WGM: 0, NTA: 0, NTB: 0}
  - {Latency: 303094417, MT_M: 16, MT_N: 256, MT_K: 32, MI_M: 16, MI_N: 16, MI_K: 32,
    Occupancy: 2, WGM: 0, NTA: 0, NTB: 0}
  - {Latency: 308509780, MT_M: 64, MT_N: 16, MT_K: 256, MI_M: 16, MI_N: 16, MI_K: 32,
    Occupancy: 1, WGM: 0, NTA: 0, NTB: 0}
  - {Latency: 309914410, MT_M: 16, MT_N: 64, MT_K: 256, MI_M: 16, MI_N: 16, MI_K: 32,
    Occupancy: 1, WGM: 0, NTA: 0, NTB: 0}
  - {Latency: 312664192, MT_M: 32, MT_N: 256, MT_K: 16, MI_M: 32, MI_N: 32, MI_K: 16,
    Occupancy: 2, WGM: 0, NTA: 0, NTB: 0}
  - {Latency: 386873113, MT_M: 32, MT_N: 16, MT_K: 512, MI_M: 16, MI_N: 16, MI_K: 32,
    Occupancy: 1, WGM: 0, NTA: 0, NTB: 0}
  - {Latency: 388662957, MT_M: 16, MT_N: 32, MT_K: 512, MI_M: 16, MI_N: 16, MI_K: 32,
    Occupancy: 1, WGM: 0, NTA: 0, NTB: 0}
  - {Latency: 399054053, MT_M: 16, MT_N: 128, MT_K: 32, MI_M: 16, MI_N: 16, MI_K: 32,
    Occupancy: 3, WGM: 0, NTA: 0, NTB: 0}
  - {Latency: 420327062, MT_M: 32, MT_N: 128, MT_K: 16, MI_M: 32, MI_N: 32, MI_K: 16,
    Occupancy: 5, WGM: 0, NTA: 0, NTB: 0}
  - {Latency: 546187375, MT_M: 16, MT_N: 16, MT_K: 512, MI_M: 16, MI_N: 16, MI_K: 32,
    Occupancy: 1, WGM: 0, NTA: 0, NTB: 0}
- - {Latency: 23148344, MT_M: 256, MT_N: 256, MT_K: 32, MI_M: 32, MI_N: 32, MI_K: 16,
    Occupancy: 1, WGM: 0, NTA: 0, NTB: 0}
  - {Latency: 26269507, MT_M: 192, MT_N: 256, MT_K: 32, MI_M: 32, MI_N: 32, MI_K: 16,
    Occupancy: 1, WGM: 0, NTA: 0, NTB: 0}
  - {Latency: 26715588, MT_M: 256, MT_N: 192, MT_K: 32, MI_M: 16, MI_N: 16, MI_K: 32,
    Occupancy: 1, WGM: 0, NTA: 0, NTB: 0}
  - {Latency: 27669088, MT_M: 192, MT_N: 192, MT_K: 64, MI_M: 32, MI_N: 32, MI_K: 16,
    Occupancy: 1, WGM: 0, NTA: 0, NTB: 0}
  - {Latency: 30148495, MT_M: 128, MT_N: 256, MT_K: 64, MI_M: 32, MI_N: 32, MI_K: 16,
    Occupancy: 1, WGM: 0, NTA: 0, NTB: 0}
  - {Latency: 30294960, MT_M: 256, MT_N: 128, MT_K: 64, MI_M: 32, MI_N: 32, MI_K: 16,
    Occupancy: 1, WGM: 0, NTA: 0, NTB: 0}
  - {Latency: 33356835, MT_M: 128, MT_N: 192, MT_K: 64, MI_M: 32, MI_N: 32, MI_K: 16,
    Occupancy: 1, WGM: 0, NTA: 0, NTB: 0}
  - {Latency: 33382766, MT_M: 192, MT_N: 128, MT_K: 64, MI_M: 32, MI_N: 32, MI_K: 16,
    Occupancy: 1, WGM: 0, NTA: 0, NTB: 0}
  - {Latency: 37834427, MT_M: 128, MT_N: 128, MT_K: 128, MI_M: 32, MI_N: 32, MI_K: 16,
    Occupancy: 1, WGM: 0, NTA: 0, NTB: 0}
  - {Latency: 46404460, MT_M: 64, MT_N: 256, MT_K: 64, MI_M: 32, MI_N: 32, MI_K: 16,
    Occupancy: 1, WGM: 0, NTA: 0, NTB: 0}
  - {Latency: 46547432, MT_M: 256, MT_N: 64, MT_K: 64, MI_M: 32, MI_N: 32, MI_K: 16,
    Occupancy: 1, WGM: 0, NTA: 0, NTB: 0}
  - {Latency: 47827007, MT_M: 64, MT_N: 192, MT_K: 128, MI_M: 32, MI_N: 32, MI_K: 16,
    Occupancy: 1, WGM: 0, NTA: 0, NTB: 0}
  - {Latency: 47916972, MT_M: 192, MT_N: 64, MT_K: 128, MI_M: 32, MI_N: 32, MI_K: 16,
    Occupancy: 1, WGM: 0, NTA: 0, NTB: 0}
  - {Latency: 55381462, MT_M: 128, MT_N: 64, MT_K: 128, MI_M: 16, MI_N: 16, MI_K: 32,
    Occupancy: 1, WGM: 0, NTA: 0, NTB: 0}
  - {Latency: 55395110, MT_M: 64, MT_N: 128, MT_K: 128, MI_M: 16, MI_N: 16, MI_K: 32,
    Occupancy: 1, WGM: 0, NTA: 0, NTB: 0}
  - {Latency: 70550996, MT_M: 64, MT_N: 64, MT_K: 256, MI_M: 32, MI_N: 32, MI_K: 16,
    Occupancy: 1, WGM: 0, NTA: 0, NTB: 0}
  - {Latency: 111254773, MT_M: 64, MT_N: 32, MT_K: 128, MI_M: 32, MI_N: 32, MI_K: 16,
    Occupancy: 1, WGM: 0, NTA: 0, NTB: 0}
  - {Latency: 111290900, MT_M: 32, MT_N: 64, MT_K: 128, MI_M: 32, MI_N: 32, MI_K: 16,
    Occupancy: 1, WGM: 0, NTA: 0, NTB: 0}
  - {Latency: 172492790, MT_M: 16, MT_N: 256, MT_K: 32, MI_M: 16, MI_N: 16, MI_K: 32,
    Occupancy: 2, WGM: 0, NTA: 0, NTB: 0}
  - {Latency: 172579383, MT_M: 64, MT_N: 16, MT_K: 256, MI_M: 16, MI_N: 16, MI_K: 32,
    Occupancy: 1, WGM: 0, NTA: 0, NTB: 0}
  - {Latency: 172790171, MT_M: 32, MT_N: 256, MT_K: 16, MI_M: 32, MI_N: 32, MI_K: 16,
    Occupancy: 2, WGM: 0, NTA: 0, NTB: 0}
  - {Latency: 178931245, MT_M: 16, MT_N: 64, MT_K: 256, MI_M: 16, MI_N: 16, MI_K: 32,
    Occupancy: 1, WGM: 0, NTA: 0, NTB: 0}
  - {Latency: 225376697, MT_M: 16, MT_N: 128, MT_K: 32, MI_M: 16, MI_N: 16, MI_K: 32,
    Occupancy: 3, WGM: 0, NTA: 0, NTB: 0}
  - {Latency: 232504590, MT_M: 32, MT_N: 128, MT_K: 16, MI_M: 32, MI_N: 32, MI_K: 16,
    Occupancy: 5, WGM: 0, NTA: 0, NTB: 0}
  - {Latency: 386653608, MT_M: 32, MT_N: 32, MT_K: 512, MI_M: 32, MI_N: 32, MI_K: 16,
    Occupancy: 1, WGM: 0, NTA: 0, NTB: 0}
  - {Latency: 680839329, MT_M: 32, MT_N: 16, MT_K: 512, MI_M: 16, MI_N: 16, MI_K: 32,
    Occupancy: 1, WGM: 0, NTA: 0, NTB: 0}
  - {Latency: 686952942, MT_M: 16, MT_N: 32, MT_K: 512, MI_M: 16, MI_N: 16, MI_K: 32,
    Occupancy: 1, WGM: 0, NTA: 0, NTB: 0}
  - {Latency: 1177823886, MT_M: 16, MT_N: 16, MT_K: 512, MI_M: 16, MI_N: 16, MI_K: 32,
    Occupancy: 1, WGM: 0, NTA: 0, NTB: 0}
- - {Latency: 81643375, MT_M: 256, MT_N: 256, MT_K: 32, MI_M: 32, MI_N: 32, MI_K: 16,
    Occupancy: 1, WGM: 0, NTA: 0, NTB: 0}
  - {Latency: 96313763, MT_M: 256, MT_N: 192, MT_K: 32, MI_M: 16, MI_N: 16, MI_K: 32,
    Occupancy: 1, WGM: 0, NTA: 0, NTB: 0}
  - {Latency: 96545812, MT_M: 192, MT_N: 256, MT_K: 32, MI_M: 32, MI_N: 32, MI_K: 16,
    Occupancy: 1, WGM: 0, NTA: 0, NTB: 0}
  - {Latency: 100357914, MT_M: 192, MT_N: 192, MT_K: 64, MI_M: 32, MI_N: 32, MI_K: 16,
    Occupancy: 1, WGM: 0, NTA: 0, NTB: 0}
  - {Latency: 111788269, MT_M: 256, MT_N: 128, MT_K: 64, MI_M: 32, MI_N: 32, MI_K: 16,
    Occupancy: 1, WGM: 0, NTA: 0, NTB: 0}
  - {Latency: 111974993, MT_M: 128, MT_N: 256, MT_K: 64, MI_M: 32, MI_N: 32, MI_K: 16,
    Occupancy: 1, WGM: 0, NTA: 0, NTB: 0}
  - {Latency: 125959609, MT_M: 128, MT_N: 192, MT_K: 64, MI_M: 32, MI_N: 32, MI_K: 16,
    Occupancy: 1, WGM: 0, NTA: 0, NTB: 0}
  - {Latency: 126329412, MT_M: 192, MT_N: 128, MT_K: 64, MI_M: 32, MI_N: 32, MI_K: 16,
    Occupancy: 1, WGM: 0, NTA: 0, NTB: 0}
  - {Latency: 147352830, MT_M: 128, MT_N: 128, MT_K: 128, MI_M: 32, MI_N: 32, MI_K: 16,
    Occupancy: 1, WGM: 0, NTA: 0, NTB: 0}
  - {Latency: 184218824, MT_M: 256, MT_N: 64, MT_K: 64, MI_M: 32, MI_N: 32, MI_K: 16,
    Occupancy: 1, WGM: 0, NTA: 0, NTB: 0}
  - {Latency: 185165073, MT_M: 64, MT_N: 256, MT_K: 64, MI_M: 32, MI_N: 32, MI_K: 16,
    Occupancy: 1, WGM: 0, NTA: 0, NTB: 0}
  - {Latency: 193122775, MT_M: 64, MT_N: 192, MT_K: 128, MI_M: 32, MI_N: 32, MI_K: 16,
    Occupancy: 1, WGM: 0, NTA: 0, NTB: 0}
  - {Latency: 193155086, MT_M: 192, MT_N: 64, MT_K: 128, MI_M: 32, MI_N: 32, MI_K: 16,
    Occupancy: 1, WGM: 0, NTA: 0, NTB: 0}
  - {Latency: 224329749, MT_M: 128, MT_N: 64, MT_K: 128, MI_M: 16, MI_N: 16, MI_K: 32,
    Occupancy: 1, WGM: 0, NTA: 0, NTB: 0}
  - {Latency: 224817089, MT_M: 64, MT_N: 128, MT_K: 128, MI_M: 16, MI_N: 16, MI_K: 32,
    Occupancy: 1, WGM: 0, NTA: 0, NTB: 0}
  - {Latency: 298523952, MT_M: 64, MT_N: 64, MT_K: 256, MI_M: 32, MI_N: 32, MI_K: 16,
    Occupancy: 1, WGM: 0, NTA: 0, NTB: 0}
  - {Latency: 493732889, MT_M: 32, MT_N: 64, MT_K: 128, MI_M: 32, MI_N: 32, MI_K: 16,
    Occupancy: 1, WGM: 0, NTA: 0, NTB: 0}
  - {Latency: 493732889, MT_M: 64, MT_N: 32, MT_K: 128, MI_M: 32, MI_N: 32, MI_K: 16,
    Occupancy: 1, WGM: 0, NTA: 0, NTB: 0}
  - {Latency: 692169906, MT_M: 32, MT_N: 32, MT_K: 512, MI_M: 32, MI_N: 32, MI_K: 16,
    Occupancy: 1, WGM: 0, NTA: 0, NTB: 0}
  - {Latency: 738663626, MT_M: 16, MT_N: 256, MT_K: 32, MI_M: 16, MI_N: 16, MI_K: 32,
    Occupancy: 2, WGM: 0, NTA: 0, NTB: 0}
  - {Latency: 760489326, MT_M: 32, MT_N: 256, MT_K: 16, MI_M: 32, MI_N: 32, MI_K: 16,
    Occupancy: 2, WGM: 0, NTA: 0, NTB: 0}
  - {Latency: 790679633, MT_M: 64, MT_N: 16, MT_K: 256, MI_M: 16, MI_N: 16, MI_K: 32,
    Occupancy: 1, WGM: 0, NTA: 0, NTB: 0}
  - {Latency: 799167086, MT_M: 16, MT_N: 64, MT_K: 256, MI_M: 16, MI_N: 16, MI_K: 32,
    Occupancy: 1, WGM: 0, NTA: 0, NTB: 0}
  - {Latency: 980680480, MT_M: 16, MT_N: 128, MT_K: 32, MI_M: 16, MI_N: 16, MI_K: 32,
    Occupancy: 3, WGM: 0, NTA: 0, NTB: 0}
  - {Latency: 1032182625, MT_M: 32, MT_N: 128, MT_K: 16, MI_M: 32, MI_N: 32, MI_K: 16,
    Occupancy: 5, WGM: 0, NTA: 0, NTB: 0}
  - {Latency: 1121540240, MT_M: 32, MT_N: 16, MT_K: 512, MI_M: 16, MI_N: 16, MI_K: 32,
    Occupancy: 1, WGM: 0, NTA: 0, NTB: 0}
  - {Latency: 1130146647, MT_M: 16, MT_N: 32, MT_K: 512, MI_M: 16, MI_N: 16, MI_K: 32,
    Occupancy: 1, WGM: 0, NTA: 0, NTB: 0}
  - {Latency: 1722988127, MT_M: 16, MT_N: 16, MT_K: 512, MI_M: 16, MI_N: 16, MI_K: 32,
    Occupancy: 1, WGM: 0, NTA: 0, NTB: 0}
- - {Latency: 87873461, MT_M: 256, MT_N: 256, MT_K: 32, MI_M: 32, MI_N: 32, MI_K: 16,
    Occupancy: 1, WGM: 0, NTA: 0, NTB: 0}
  - {Latency: 103679515, MT_M: 192, MT_N: 256, MT_K: 32, MI_M: 32, MI_N: 32, MI_K: 16,
    Occupancy: 1, WGM: 0, NTA: 0, NTB: 0}
  - {Latency: 104106518, MT_M: 256, MT_N: 192, MT_K: 32, MI_M: 16, MI_N: 16, MI_K: 32,
    Occupancy: 1, WGM: 0, NTA: 0, NTB: 0}
  - {Latency: 108878566, MT_M: 192, MT_N: 192, MT_K: 64, MI_M: 32, MI_N: 32, MI_K: 16,
    Occupancy: 1, WGM: 0, NTA: 0, NTB: 0}
  - {Latency: 120885937, MT_M: 256, MT_N: 128, MT_K: 64, MI_M: 32, MI_N: 32, MI_K: 16,
    Occupancy: 1, WGM: 0, NTA: 0, NTB: 0}
  - {Latency: 120885937, MT_M: 128, MT_N: 256, MT_K: 64, MI_M: 32, MI_N: 32, MI_K: 16,
    Occupancy: 1, WGM: 0, NTA: 0, NTB: 0}
  - {Latency: 136829962, MT_M: 192, MT_N: 128, MT_K: 64, MI_M: 32, MI_N: 32, MI_K: 16,
    Occupancy: 1, WGM: 0, NTA: 0, NTB: 0}
  - {Latency: 137235101, MT_M: 128, MT_N: 192, MT_K: 64, MI_M: 32, MI_N: 32, MI_K: 16,
    Occupancy: 1, WGM: 0, NTA: 0, NTB: 0}
  - {Latency: 155791967, MT_M: 128, MT_N: 128, MT_K: 128, MI_M: 32, MI_N: 32, MI_K: 16,
    Occupancy: 1, WGM: 0, NTA: 0, NTB: 0}
  - {Latency: 200502334, MT_M: 64, MT_N: 256, MT_K: 64, MI_M: 32, MI_N: 32, MI_K: 16,
    Occupancy: 1, WGM: 0, NTA: 0, NTB: 0}
  - {Latency: 200831999, MT_M: 256, MT_N: 64, MT_K: 64, MI_M: 32, MI_N: 32, MI_K: 16,
    Occupancy: 1, WGM: 0, NTA: 0, NTB: 0}
  - {Latency: 204504515, MT_M: 192, MT_N: 64, MT_K: 128, MI_M: 32, MI_N: 32, MI_K: 16,
    Occupancy: 1, WGM: 0, NTA: 0, NTB: 0}
  - {Latency: 204639616, MT_M: 64, MT_N: 192, MT_K: 128, MI_M: 32, MI_N: 32, MI_K: 16,
    Occupancy: 1, WGM: 0, NTA: 0, NTB: 0}
  - {Latency: 238002031, MT_M: 64, MT_N: 128, MT_K: 128, MI_M: 16, MI_N: 16, MI_K: 32,
    Occupancy: 1, WGM: 0, NTA: 0, NTB: 0}
  - {Latency: 238225913, MT_M: 128, MT_N: 64, MT_K: 128, MI_M: 16, MI_N: 16, MI_K: 32,
    Occupancy: 1, WGM: 0, NTA: 0, NTB: 0}
  - {Latency: 314282036, MT_M: 64, MT_N: 64, MT_K: 256, MI_M: 32, MI_N: 32, MI_K: 16,
    Occupancy: 1, WGM: 0, NTA: 0, NTB: 0}
  - {Latency: 526474061, MT_M: 32, MT_N: 64, MT_K: 128, MI_M: 32, MI_N: 32, MI_K: 16,
    Occupancy: 1, WGM: 0, NTA: 0, NTB: 0}
  - {Latency: 526621960, MT_M: 64, MT_N: 32, MT_K: 128, MI_M: 32, MI_N: 32, MI_K: 16,
    Occupancy: 1, WGM: 0, NTA: 0, NTB: 0}
  - {Latency: 706688844, MT_M: 32, MT_N: 32, MT_K: 512, MI_M: 32, MI_N: 32, MI_K: 16,
    Occupancy: 1, WGM: 0, NTA: 0, NTB: 0}
  - {Latency: 800448715, MT_M: 16, MT_N: 256, MT_K: 32, MI_M: 16, MI_N: 16, MI_K: 32,
    Occupancy: 2, WGM: 0, NTA: 0, NTB: 0}
  - {Latency: 820749812, MT_M: 32, MT_N: 256, MT_K: 16, MI_M: 32, MI_N: 32, MI_K: 16,
    Occupancy: 2, WGM: 0, NTA: 0, NTB: 0}
  - {Latency: 833417984, MT_M: 64, MT_N: 16, MT_K: 256, MI_M: 16, MI_N: 16, MI_K: 32,
    Occupancy: 1, WGM: 0, NTA: 0, NTB: 0}
  - {Latency: 840136916, MT_M: 16, MT_N: 64, MT_K: 256, MI_M: 16, MI_N: 16, MI_K: 32,
    Occupancy: 1, WGM: 0, NTA: 0, NTB: 0}
  - {Latency: 1067858761, MT_M: 16, MT_N: 128, MT_K: 32, MI_M: 16, MI_N: 16, MI_K: 32,
    Occupancy: 3, WGM: 0, NTA: 0, NTB: 0}
  - {Latency: 1112504689, MT_M: 32, MT_N: 16, MT_K: 512, MI_M: 16, MI_N: 16, MI_K: 32,
    Occupancy: 1, WGM: 0, NTA: 0, NTB: 0}
  - {Latency: 1118888039, MT_M: 32, MT_N: 128, MT_K: 16, MI_M: 32, MI_N: 32, MI_K: 16,
    Occupancy: 5, WGM: 0, NTA: 0, NTB: 0}
  - {Latency: 1119284320, MT_M: 16, MT_N: 32, MT_K: 512, MI_M: 16, MI_N: 16, MI_K: 32,
    Occupancy: 1, WGM: 0, NTA: 0, NTB: 0}
  - {Latency: 1625732559, MT_M: 16, MT_N: 16, MT_K: 512, MI_M: 16, MI_N: 16, MI_K: 32,
    Occupancy: 1, WGM: 0, NTA: 0, NTB: 0}
- - {Latency: 16475210, MT_M: 256, MT_N: 256, MT_K: 32, MI_M: 32, MI_N: 32, MI_K: 16,
    Occupancy: 1, WGM: 0, NTA: 0, NTB: 0}
  - {Latency: 19277339, MT_M: 192, MT_N: 256, MT_K: 32, MI_M: 32, MI_N: 32, MI_K: 16,
    Occupancy: 1, WGM: 0, NTA: 0, NTB: 0}
  - {Latency: 19421007, MT_M: 256, MT_N: 192, MT_K: 32, MI_M: 16, MI_N: 16, MI_K: 32,
    Occupancy: 1, WGM: 0, NTA: 0, NTB: 0}
  - {Latency: 20225703, MT_M: 192, MT_N: 192, MT_K: 64, MI_M: 32, MI_N: 32, MI_K: 16,
    Occupancy: 1, WGM: 0, NTA: 0, NTB: 0}
  - {Latency: 22353631, MT_M: 256, MT_N: 128, MT_K: 64, MI_M: 32, MI_N: 32, MI_K: 16,
    Occupancy: 1, WGM: 0, NTA: 0, NTB: 0}
  - {Latency: 22353631, MT_M: 128, MT_N: 256, MT_K: 64, MI_M: 32, MI_N: 32, MI_K: 16,
    Occupancy: 1, WGM: 0, NTA: 0, NTB: 0}
  - {Latency: 25145762, MT_M: 192, MT_N: 128, MT_K: 64, MI_M: 32, MI_N: 32, MI_K: 16,
    Occupancy: 1, WGM: 0, NTA: 0, NTB: 0}
  - {Latency: 25279598, MT_M: 128, MT_N: 192, MT_K: 64, MI_M: 32, MI_N: 32, MI_K: 16,
    Occupancy: 1, WGM: 0, NTA: 0, NTB: 0}
  - {Latency: 28373494, MT_M: 128, MT_N: 128, MT_K: 128, MI_M: 32, MI_N: 32, MI_K: 16,
    Occupancy: 1, WGM: 0, NTA: 0, NTB: 0}
  - {Latency: 36915553, MT_M: 256, MT_N: 64, MT_K: 64, MI_M: 32, MI_N: 32, MI_K: 16,
    Occupancy: 1, WGM: 0, NTA: 0, NTB: 0}
  - {Latency: 36962329, MT_M: 64, MT_N: 256, MT_K: 64, MI_M: 32, MI_N: 32, MI_K: 16,
    Occupancy: 1, WGM: 0, NTA: 0, NTB: 0}
  - {Latency: 37114564, MT_M: 192, MT_N: 64, MT_K: 128, MI_M: 32, MI_N: 32, MI_K: 16,
    Occupancy: 1, WGM: 0, NTA: 0, NTB: 0}
  - {Latency: 37667263, MT_M: 64, MT_N: 192, MT_K: 128, MI_M: 32, MI_N: 32, MI_K: 16,
    Occupancy: 1, WGM: 0, NTA: 0, NTB: 0}
  - {Latency: 43125495, MT_M: 128, MT_N: 64, MT_K: 128, MI_M: 16, MI_N: 16, MI_K: 32,
    Occupancy: 1, WGM: 0, NTA: 0, NTB: 0}
  - {Latency: 43405691, MT_M: 64, MT_N: 128, MT_K: 128, MI_M: 16, MI_N: 16, MI_K: 32,
    Occupancy: 1, WGM: 0, NTA: 0, NTB: 0}
  - {Latency: 57710718, MT_M: 64, MT_N: 64, MT_K: 256, MI_M: 32, MI_N: 32, MI_K: 16,
    Occupancy: 1, WGM: 0, NTA: 0, NTB: 0}
  - {Latency: 94768450, MT_M: 64, MT_N: 32, MT_K: 128, MI_M: 32, MI_N: 32, MI_K: 16,
    Occupancy: 1, WGM: 0, NTA: 0, NTB: 0}
  - {Latency: 95038356, MT_M: 32, MT_N: 64, MT_K: 128, MI_M: 32, MI_N: 32, MI_K: 16,
    Occupancy: 1, WGM: 0, NTA: 0, NTB: 0}
  - {Latency: 123811520, MT_M: 32, MT_N: 32, MT_K: 512, MI_M: 32, MI_N: 32, MI_K: 16,
    Occupancy: 1, WGM: 0, NTA: 0, NTB: 0}
  - {Latency: 148624846, MT_M: 16, MT_N: 256, MT_K: 32, MI_M: 16, MI_N: 16, MI_K: 32,
    Occupancy: 2, WGM: 0, NTA: 0, NTB: 0}
  - {Latency: 150873618, MT_M: 64, MT_N: 16, MT_K: 256, MI_M: 16, MI_N: 16, MI_K: 32,
    Occupancy: 1, WGM: 0, NTA: 0, NTB: 0}
  - {Latency: 152494664, MT_M: 16, MT_N: 64, MT_K: 256, MI_M: 16, MI_N: 16, MI_K: 32,
    Occupancy: 1, WGM: 0, NTA: 0, NTB: 0}
  - {Latency: 154096945, MT_M: 32, MT_N: 256, MT_K: 16, MI_M: 32, MI_N: 32, MI_K: 16,
    Occupancy: 2, WGM: 0, NTA: 0, NTB: 0}
  - {Latency: 191975288, MT_M: 32, MT_N: 16, MT_K: 512, MI_M: 16, MI_N: 16, MI_K: 32,
    Occupancy: 1, WGM: 0, NTA: 0, NTB: 0}
  - {Latency: 193121538, MT_M: 16, MT_N: 32, MT_K: 512, MI_M: 16, MI_N: 16, MI_K: 32,
    Occupancy: 1, WGM: 0, NTA: 0, NTB: 0}
  - {Latency: 198197576, MT_M: 16, MT_N: 128, MT_K: 32, MI_M: 16, MI_N: 16, MI_K: 32,
    Occupancy: 3, WGM: 0, NTA: 0, NTB: 0}
  - {Latency: 209603104, MT_M: 32, MT_N: 128, MT_K: 16, MI_M: 32, MI_N: 32, MI_K: 16,
    Occupancy: 5, WGM: 0, NTA: 0, NTB: 0}
  - {Latency: 273732491, MT_M: 16, MT_N: 16, MT_K: 512, MI_M: 16, MI_N: 16, MI_K: 32,
    Occupancy: 1, WGM: 0, NTA: 0, NTB: 0}
- - {Latency: 14648916, MT_M: 256, MT_N: 256, MT_K: 32, MI_M: 32, MI_N: 32, MI_K: 16,
    Occupancy: 1, WGM: 0, NTA: 0, NTB: 0}
  - {Latency: 16673256, MT_M: 192, MT_N: 256, MT_K: 32, MI_M: 32, MI_N: 32, MI_K: 16,
    Occupancy: 1, WGM: 0, NTA: 0, NTB: 0}
  - {Latency: 17095856, MT_M: 256, MT_N: 192, MT_K: 32, MI_M: 16, MI_N: 16, MI_K: 32,
    Occupancy: 1, WGM: 0, NTA: 0, NTB: 0}
  - {Latency: 17525070, MT_M: 192, MT_N: 192, MT_K: 64, MI_M: 32, MI_N: 32, MI_K: 16,
    Occupancy: 1, WGM: 0, NTA: 0, NTB: 0}
  - {Latency: 19268026, MT_M: 128, MT_N: 256, MT_K: 64, MI_M: 32, MI_N: 32, MI_K: 16,
    Occupancy: 1, WGM: 0, NTA: 0, NTB: 0}
  - {Latency: 19461517, MT_M: 256, MT_N: 128, MT_K: 64, MI_M: 32, MI_N: 32, MI_K: 16,
    Occupancy: 1, WGM: 0, NTA: 0, NTB: 0}
  - {Latency: 21419247, MT_M: 192, MT_N: 128, MT_K: 64, MI_M: 32, MI_N: 32, MI_K: 16,
    Occupancy: 1, WGM: 0, NTA: 0, NTB: 0}
  - {Latency: 21603423, MT_M: 128, MT_N: 192, MT_K: 64, MI_M: 32, MI_N: 32, MI_K: 16,
    Occupancy: 1, WGM: 0, NTA: 0, NTB: 0}
  - {Latency: 26963120, MT_M: 128, MT_N: 128, MT_K: 128, MI_M: 32, MI_N: 32, MI_K: 16,
    Occupancy: 1, WGM: 0, NTA: 0, NTB: 0}
  - {Latency: 30254796, MT_M: 64, MT_N: 256, MT_K: 64, MI_M: 32, MI_N: 32, MI_K: 16,
    Occupancy: 1, WGM: 0, NTA: 0, NTB: 0}
  - {Latency: 30620094, MT_M: 256, MT_N: 64, MT_K: 64, MI_M: 32, MI_N: 32, MI_K: 16,
    Occupancy: 1, WGM: 0, NTA: 0, NTB: 0}
  - {Latency: 34510296, MT_M: 192, MT_N: 64, MT_K: 128, MI_M: 32, MI_N: 32, MI_K: 16,
    Occupancy: 1, WGM: 0, NTA: 0, NTB: 0}
  - {Latency: 34667763, MT_M: 64, MT_N: 192, MT_K: 128, MI_M: 32, MI_N: 32, MI_K: 16,
    Occupancy: 1, WGM: 0, NTA: 0, NTB: 0}
  - {Latency: 40483054, MT_M: 64, MT_N: 128, MT_K: 128, MI_M: 16, MI_N: 16, MI_K: 32,
    Occupancy: 1, WGM: 0, NTA: 0, NTB: 0}
  - {Latency: 40623924, MT_M: 128, MT_N: 64, MT_K: 128, MI_M: 16, MI_N: 16, MI_K: 32,
    Occupancy: 1, WGM: 0, NTA: 0, NTB: 0}
  - {Latency: 62521658, MT_M: 64, MT_N: 64, MT_K: 256, MI_M: 32, MI_N: 32, MI_K: 16,
    Occupancy: 1, WGM: 0, NTA: 0, NTB: 0}
  - {Latency: 88035640, MT_M: 32, MT_N: 64, MT_K: 128, MI_M: 32, MI_N: 32, MI_K: 16,
    Occupancy: 1, WGM: 0, NTA: 0, NTB: 0}
  - {Latency: 88139860, MT_M: 64, MT_N: 32, MT_K: 128, MI_M: 32, MI_N: 32, MI_K: 16,
    Occupancy: 1, WGM: 0, NTA: 0, NTB: 0}
  - {Latency: 115050048, MT_M: 16, MT_N: 256, MT_K: 32, MI_M: 16, MI_N: 16, MI_K: 32,
    Occupancy: 2, WGM: 0, NTA: 0, NTB: 0}
  - {Latency: 116396436, MT_M: 32, MT_N: 256, MT_K: 16, MI_M: 32, MI_N: 32, MI_K: 16,
    Occupancy: 2, WGM: 0, NTA: 0, NTB: 0}
  - {Latency: 151372486, MT_M: 16, MT_N: 128, MT_K: 32, MI_M: 16, MI_N: 16, MI_K: 32,
    Occupancy: 3, WGM: 0, NTA: 0, NTB: 0}
  - {Latency: 157204573, MT_M: 32, MT_N: 128, MT_K: 16, MI_M: 32, MI_N: 32, MI_K: 16,
    Occupancy: 5, WGM: 0, NTA: 0, NTB: 0}
  - {Latency: 176276397, MT_M: 64, MT_N: 16, MT_K: 256, MI_M: 16, MI_N: 16, MI_K: 32,
    Occupancy: 1, WGM: 0, NTA: 0, NTB: 0}
  - {Latency: 178222692, MT_M: 32, MT_N: 32, MT_K: 512, MI_M: 32, MI_N: 32, MI_K: 16,
    Occupancy: 1, WGM: 0, NTA: 0, NTB: 0}
  - {Latency: 179452520, MT_M: 16, MT_N: 64, MT_K: 256, MI_M: 16, MI_N: 16, MI_K: 32,
    Occupancy: 1, WGM: 0, NTA: 0, NTB: 0}
  - {Latency: 297620444, MT_M: 32, MT_N: 16, MT_K: 512, MI_M: 16, MI_N: 16, MI_K: 32,
    Occupancy: 1, WGM: 0, NTA: 0, NTB: 0}
  - {Latency: 301031160, MT_M: 16, MT_N: 32, MT_K: 512, MI_M: 16, MI_N: 16, MI_K: 32,
    Occupancy: 1, WGM: 0, NTA: 0, NTB: 0}
  - {Latency: 478888265, MT_M: 16, MT_N: 16, MT_K: 512, MI_M: 16, MI_N: 16, MI_K: 32,
    Occupancy: 1, WGM: 0, NTA: 0, NTB: 0}
- - {Latency: 11572494, MT_M: 256, MT_N: 256, MT_K: 32, MI_M: 32, MI_N: 32, MI_K: 16,
    Occupancy: 1, WGM: 0, NTA: 0, NTB: 0}
  - {Latency: 13298484, MT_M: 256, MT_N: 192, MT_K: 32, MI_M: 16, MI_N: 16, MI_K: 32,
    Occupancy: 1, WGM: 0, NTA: 0, NTB: 0}
  - {Latency: 13457469, MT_M: 192, MT_N: 256, MT_K: 32, MI_M: 32, MI_N: 32, MI_K: 16,
    Occupancy: 1, WGM: 0, NTA: 0, NTB: 0}
  - {Latency: 14287585, MT_M: 192, MT_N: 192, MT_K: 64, MI_M: 32, MI_N: 32, MI_K: 16,
    Occupancy: 1, WGM: 0, NTA: 0, NTB: 0}
  - {Latency: 15874702, MT_M: 256, MT_N: 128, MT_K: 64, MI_M: 32, MI_N: 32, MI_K: 16,
    Occupancy: 1, WGM: 0, NTA: 0, NTB: 0}
  - {Latency: 15874702, MT_M: 128, MT_N: 256, MT_K: 64, MI_M: 32, MI_N: 32, MI_K: 16,
    Occupancy: 1, WGM: 0, NTA: 0, NTB: 0}
  - {Latency: 17682407, MT_M: 128, MT_N: 192, MT_K: 64, MI_M: 32, MI_N: 32, MI_K: 16,
    Occupancy: 1, WGM: 0, NTA: 0, NTB: 0}
  - {Latency: 17884222, MT_M: 192, MT_N: 128, MT_K: 64, MI_M: 32, MI_N: 32, MI_K: 16,
    Occupancy: 1, WGM: 0, NTA: 0, NTB: 0}
  - {Latency: 21077526, MT_M: 128, MT_N: 128, MT_K: 128, MI_M: 32, MI_N: 32, MI_K: 16,
    Occupancy: 1, WGM: 0, NTA: 0, NTB: 0}
  - {Latency: 25412655, MT_M: 64, MT_N: 256, MT_K: 64, MI_M: 32, MI_N: 32, MI_K: 16,
    Occupancy: 1, WGM: 0, NTA: 0, NTB: 0}
  - {Latency: 25425781, MT_M: 256, MT_N: 64, MT_K: 64, MI_M: 32, MI_N: 32, MI_K: 16,
    Occupancy: 1, WGM: 0, NTA: 0, NTB: 0}
  - {Latency: 27093207, MT_M: 64, MT_N: 192, MT_K: 128, MI_M: 32, MI_N: 32, MI_K: 16,
    Occupancy: 1, WGM: 0, NTA: 0, NTB: 0}
  - {Latency: 27320301, MT_M: 192, MT_N: 64, MT_K: 128, MI_M: 32, MI_N: 32, MI_K: 16,
    Occupancy: 1, WGM: 0, NTA: 0, NTB: 0}
  - {Latency: 31633138, MT_M: 64, MT_N: 128, MT_K: 128, MI_M: 16, MI_N: 16, MI_K: 32,
    Occupancy: 1, WGM: 0, NTA: 0, NTB: 0}
  - {Latency: 31650238, MT_M: 128, MT_N: 64, MT_K: 128, MI_M: 16, MI_N: 16, MI_K: 32,
    Occupancy: 1, WGM: 0, NTA: 0, NTB: 0}
  - {Latency: 44574607, MT_M: 64, MT_N: 64, MT_K: 256, MI_M: 32, MI_N: 32, MI_K: 16,
    Occupancy: 1, WGM: 0, NTA: 0, NTB: 0}
  - {Latency: 67407150, MT_M: 32, MT_N: 64, MT_K: 128, MI_M: 32, MI_N: 32, MI_K: 16,
    Occupancy: 1, WGM: 0, NTA: 0, NTB: 0}
  - {Latency: 67423778, MT_M: 64, MT_N: 32, MT_K: 128, MI_M: 32, MI_N: 32, MI_K: 16,
    Occupancy: 1, WGM: 0, NTA: 0, NTB: 0}
  - {Latency: 94730478, MT_M: 16, MT_N: 256, MT_K: 32, MI_M: 16, MI_N: 16, MI_K: 32,
    Occupancy: 2, WGM: 0, NTA: 0, NTB: 0}
  - {Latency: 96651251, MT_M: 32, MT_N: 256, MT_K: 16, MI_M: 32, MI_N: 32, MI_K: 16,
    Occupancy: 2, WGM: 0, NTA: 0, NTB: 0}
  - {Latency: 114409855, MT_M: 64, MT_N: 16, MT_K: 256, MI_M: 16, MI_N: 16, MI_K: 32,
    Occupancy: 1, WGM: 0, NTA: 0, NTB: 0}
  - {Latency: 116191635, MT_M: 16, MT_N: 64, MT_K: 256, MI_M: 16, MI_N: 16, MI_K: 32,
    Occupancy: 1, WGM: 0, NTA: 0, NTB: 0}
  - {Latency: 123915803, MT_M: 32, MT_N: 32, MT_K: 512, MI_M: 32, MI_N: 32, MI_K: 16,
    Occupancy: 1, WGM: 0, NTA: 0, NTB: 0}
  - {Latency: 125255524, MT_M: 16, MT_N: 128, MT_K: 32, MI_M: 16, MI_N: 16, MI_K: 32,
    Occupancy: 3, WGM: 0, NTA: 0, NTB: 0}
  - {Latency: 131030271, MT_M: 32, MT_N: 128, MT_K: 16, MI_M: 32, MI_N: 32, MI_K: 16,
    Occupancy: 5, WGM: 0, NTA: 0, NTB: 0}
  - {Latency: 207109329, MT_M: 32, MT_N: 16, MT_K: 512, MI_M: 16, MI_N: 16, MI_K: 32,
    Occupancy: 1, WGM: 0, NTA: 0, NTB: 0}
  - {Latency: 208880301, MT_M: 16, MT_N: 32, MT_K: 512, MI_M: 16, MI_N: 16, MI_K: 32,
    Occupancy: 1, WGM: 0, NTA: 0, NTB: 0}
  - {Latency: 333312854, MT_M: 16, MT_N: 16, MT_K: 512, MI_M: 16, MI_N: 16, MI_K: 32,
    Occupancy: 1, WGM: 0, NTA: 0, NTB: 0}
- - {Latency: 58601630, MT_M: 256, MT_N: 256, MT_K: 32, MI_M: 32, MI_N: 32, MI_K: 16,
    Occupancy: 1, WGM: 0, NTA: 0, NTB: 0}
  - {Latency: 68608807, MT_M: 192, MT_N: 256, MT_K: 32, MI_M: 32, MI_N: 32, MI_K: 16,
    Occupancy: 1, WGM: 0, NTA: 0, NTB: 0}
  - {Latency: 68968462, MT_M: 256, MT_N: 192, MT_K: 32, MI_M: 16, MI_N: 16, MI_K: 32,
    Occupancy: 1, WGM: 0, NTA: 0, NTB: 0}
  - {Latency: 72858877, MT_M: 192, MT_N: 192, MT_K: 64, MI_M: 32, MI_N: 32, MI_K: 16,
    Occupancy: 1, WGM: 0, NTA: 0, NTB: 0}
  - {Latency: 80752906, MT_M: 128, MT_N: 256, MT_K: 64, MI_M: 32, MI_N: 32, MI_K: 16,
    Occupancy: 1, WGM: 0, NTA: 0, NTB: 0}
  - {Latency: 81136135, MT_M: 256, MT_N: 128, MT_K: 64, MI_M: 32, MI_N: 32, MI_K: 16,
    Occupancy: 1, WGM: 0, NTA: 0, NTB: 0}
  - {Latency: 91243952, MT_M: 192, MT_N: 128, MT_K: 64, MI_M: 32, MI_N: 32, MI_K: 16,
    Occupancy: 1, WGM: 0, NTA: 0, NTB: 0}
  - {Latency: 91266066, MT_M: 128, MT_N: 192, MT_K: 64, MI_M: 32, MI_N: 32, MI_K: 16,
    Occupancy: 1, WGM: 0, NTA: 0, NTB: 0}
  - {Latency: 103817480, MT_M: 128, MT_N: 128, MT_K: 128, MI_M: 32, MI_N: 32, MI_K: 16,
    Occupancy: 1, WGM: 0, NTA: 0, NTB: 0}
  - {Latency: 133121780, MT_M: 64, MT_N: 256, MT_K: 64, MI_M: 32, MI_N: 32, MI_K: 16,
    Occupancy: 1, WGM: 0, NTA: 0, NTB: 0}
  - {Latency: 133942576, MT_M: 256, MT_N: 64, MT_K: 64, MI_M: 32, MI_N: 32, MI_K: 16,
    Occupancy: 1, WGM: 0, NTA: 0, NTB: 0}
  - {Latency: 136129330, MT_M: 64, MT_N: 192, MT_K: 128, MI_M: 32, MI_N: 32, MI_K: 16,
    Occupancy: 1, WGM: 0, NTA: 0, NTB: 0}
  - {Latency: 136479080, MT_M: 192, MT_N: 64, MT_K: 128, MI_M: 32, MI_N: 32, MI_K: 16,
    Occupancy: 1, WGM: 0, NTA: 0, NTB: 0}
  - {Latency: 157983821, MT_M: 64, MT_N: 128, MT_K: 128, MI_M: 16, MI_N: 16, MI_K: 32,
    Occupancy: 1, WGM: 0, NTA: 0, NTB: 0}
  - {Latency: 158496510, MT_M: 128, MT_N: 64, MT_K: 128, MI_M: 16, MI_N: 16, MI_K: 32,
    Occupancy: 1, WGM: 0, NTA: 0, NTB: 0}
  - {Latency: 215348582, MT_M: 64, MT_N: 64, MT_K: 256, MI_M: 32, MI_N: 32, MI_K: 16,
    Occupancy: 1, WGM: 0, NTA: 0, NTB: 0}
  - {Latency: 349169998, MT_M: 32, MT_N: 64, MT_K: 128, MI_M: 32, MI_N: 32, MI_K: 16,
    Occupancy: 1, WGM: 0, NTA: 0, NTB: 0}
  - {Latency: 349169998, MT_M: 64, MT_N: 32, MT_K: 128, MI_M: 32, MI_N: 32, MI_K: 16,
    Occupancy: 1, WGM: 0, NTA: 0, NTB: 0}
  - {Latency: 491493560, MT_M: 32, MT_N: 32, MT_K: 512, MI_M: 32, MI_N: 32, MI_K: 16,
    Occupancy: 1, WGM: 0, NTA: 0, NTB: 0}
  - {Latency: 521844976, MT_M: 16, MT_N: 256, MT_K: 32, MI_M: 16, MI_N: 16, MI_K: 32,
    Occupancy: 2, WGM: 0, NTA: 0, NTB: 0}
  - {Latency: 537354170, MT_M: 32, MT_N: 256, MT_K: 16, MI_M: 32, MI_N: 32, MI_K: 16,
    Occupancy: 2, WGM: 0, NTA: 0, NTB: 0}
  - {Latency: 563460002, MT_M: 64, MT_N: 16, MT_K: 256, MI_M: 16, MI_N: 16, MI_K: 32,
    Occupancy: 1, WGM: 0, NTA: 0, NTB: 0}
  - {Latency: 569127186, MT_M: 16, MT_N: 64, MT_K: 256, MI_M: 16, MI_N: 16, MI_K: 32,
    Occupancy: 1, WGM: 0, NTA: 0, NTB: 0}
  - {Latency: 692882650, MT_M: 16, MT_N: 128, MT_K: 32, MI_M: 16, MI_N: 16, MI_K: 32,
    Occupancy: 3, WGM: 0, NTA: 0, NTB: 0}
  - {Latency: 729675561, MT_M: 32, MT_N: 128, MT_K: 16, MI_M: 32, MI_N: 32, MI_K: 16,
    Occupancy: 5, WGM: 0, NTA: 0, NTB: 0}
  - {Latency: 788910357, MT_M: 32, MT_N: 16, MT_K: 512, MI_M: 16, MI_N: 16, MI_K: 32,
    Occupancy: 1, WGM: 0, NTA: 0, NTB: 0}
  - {Latency: 794551695, MT_M: 16, MT_N: 32, MT_K: 512, MI_M: 16, MI_N: 16, MI_K: 32,
    Occupancy: 1, WGM: 0, NTA: 0, NTB: 0}
  - {Latency: 1192573076, MT_M: 16, MT_N: 16, MT_K: 512, MI_M: 16, MI_N: 16, MI_K: 32,
    Occupancy: 1, WGM: 0, NTA: 0, NTB: 0}
- - {Latency: 24202580, MT_M: 256, MT_N: 256, MT_K: 32, MI_M: 32, MI_N: 32, MI_K: 16,
    Occupancy: 1, WGM: 0, NTA: 0, NTB: 0}
  - {Latency: 26910185, MT_M: 192, MT_N: 256, MT_K: 32, MI_M: 32, MI_N: 32, MI_K: 16,
    Occupancy: 1, WGM: 0, NTA: 0, NTB: 0}
  - {Latency: 27501581, MT_M: 256, MT_N: 192, MT_K: 32, MI_M: 16, MI_N: 16, MI_K: 32,
    Occupancy: 1, WGM: 0, NTA: 0, NTB: 0}
  - {Latency: 28643997, MT_M: 192, MT_N: 192, MT_K: 64, MI_M: 32, MI_N: 32, MI_K: 16,
    Occupancy: 1, WGM: 0, NTA: 0, NTB: 0}
  - {Latency: 31684197, MT_M: 128, MT_N: 256, MT_K: 64, MI_M: 32, MI_N: 32, MI_K: 16,
    Occupancy: 1, WGM: 0, NTA: 0, NTB: 0}
  - {Latency: 32419594, MT_M: 256, MT_N: 128, MT_K: 64, MI_M: 32, MI_N: 32, MI_K: 16,
    Occupancy: 1, WGM: 0, NTA: 0, NTB: 0}
  - {Latency: 35953450, MT_M: 192, MT_N: 128, MT_K: 64, MI_M: 32, MI_N: 32, MI_K: 16,
    Occupancy: 1, WGM: 0, NTA: 0, NTB: 0}
  - {Latency: 35953450, MT_M: 128, MT_N: 192, MT_K: 64, MI_M: 32, MI_N: 32, MI_K: 16,
    Occupancy: 1, WGM: 0, NTA: 0, NTB: 0}
  - {Latency: 39734375, MT_M: 128, MT_N: 128, MT_K: 128, MI_M: 32, MI_N: 32, MI_K: 16,
    Occupancy: 1, WGM: 0, NTA: 0, NTB: 0}
  - {Latency: 51457722, MT_M: 64, MT_N: 192, MT_K: 128, MI_M: 32, MI_N: 32, MI_K: 16,
    Occupancy: 1, WGM: 0, NTA: 0, NTB: 0}
  - {Latency: 51877848, MT_M: 64, MT_N: 256, MT_K: 64, MI_M: 32, MI_N: 32, MI_K: 16,
    Occupancy: 1, WGM: 0, NTA: 0, NTB: 0}
  - {Latency: 53053485, MT_M: 192, MT_N: 64, MT_K: 128, MI_M: 32, MI_N: 32, MI_K: 16,
    Occupancy: 1, WGM: 0, NTA: 0, NTB: 0}
  - {Latency: 54980519, MT_M: 256, MT_N: 64, MT_K: 64, MI_M: 32, MI_N: 32, MI_K: 16,
    Occupancy: 1, WGM: 0, NTA: 0, NTB: 0}
  - {Latency: 59117311, MT_M: 64, MT_N: 128, MT_K: 128, MI_M: 16, MI_N: 16, MI_K: 32,
    Occupancy: 1, WGM: 0, NTA: 0, NTB: 0}
  - {Latency: 61315027, MT_M: 128, MT_N: 64, MT_K: 128, MI_M: 16, MI_N: 16, MI_K: 32,
    Occupancy: 1, WGM: 0, NTA: 0, NTB: 0}
  - {Latency: 76831100, MT_M: 64, MT_N: 64, MT_K: 256, MI_M: 32, MI_N: 32, MI_K: 16,
    Occupancy: 1, WGM: 0, NTA: 0, NTB: 0}
  - {Latency: 132743958, MT_M: 64, MT_N: 32, MT_K: 128, MI_M: 32, MI_N: 32, MI_K: 16,
    Occupancy: 1, WGM: 0, NTA: 0, NTB: 0}
  - {Latency: 132824702, MT_M: 32, MT_N: 64, MT_K: 128, MI_M: 32, MI_N: 32, MI_K: 16,
    Occupancy: 1, WGM: 0, NTA: 0, NTB: 0}
  - {Latency: 156425566, MT_M: 32, MT_N: 32, MT_K: 512, MI_M: 32, MI_N: 32, MI_K: 16,
    Occupancy: 1, WGM: 0, NTA: 0, NTB: 0}
  - {Latency: 201774279, MT_M: 16, MT_N: 64, MT_K: 256, MI_M: 16, MI_N: 16, MI_K: 32,
    Occupancy: 1, WGM: 0, NTA: 0, NTB: 0}
  - {Latency: 202438129, MT_M: 64, MT_N: 16, MT_K: 256, MI_M: 16, MI_N: 16, MI_K: 32,
    Occupancy: 1, WGM: 0, NTA: 0, NTB: 0}
  - {Latency: 205750778, MT_M: 16, MT_N: 256, MT_K: 32, MI_M: 16, MI_N: 16, MI_K: 32,
    Occupancy: 2, WGM: 0, NTA: 0, NTB: 0}
  - {Latency: 216767418, MT_M: 32, MT_N: 256, MT_K: 16, MI_M: 32, MI_N: 32, MI_K: 16,
    Occupancy: 2, WGM: 0, NTA: 0, NTB: 0}
  - {Latency: 240834364, MT_M: 16, MT_N: 32, MT_K: 512, MI_M: 16, MI_N: 16, MI_K: 32,
    Occupancy: 1, WGM: 0, NTA: 0, NTB: 0}
  - {Latency: 242083517, MT_M: 32, MT_N: 16, MT_K: 512, MI_M: 16, MI_N: 16, MI_K: 32,
    Occupancy: 1, WGM: 0, NTA: 0, NTB: 0}
  - {Latency: 274394533, MT_M: 16, MT_N: 128, MT_K: 32, MI_M: 16, MI_N: 16, MI_K: 32,
    Occupancy: 3, WGM: 0, NTA: 0, NTB: 0}
  - {Latency: 291974146, MT_M: 32, MT_N: 128, MT_K: 16, MI_M: 32, MI_N: 32, MI_K: 16,
    Occupancy: 5, WGM: 0, NTA: 0, NTB: 0}
  - {Latency: 341004088, MT_M: 16, MT_N: 16, MT_K: 512, MI_M: 16, MI_N: 16, MI_K: 32,
    Occupancy: 1, WGM: 0, NTA: 0, NTB: 0}
- - {Latency: 9325296, MT_M: 256, MT_N: 256, MT_K: 32, MI_M: 32, MI_N: 32, MI_K: 16,
    Occupancy: 1, WGM: 0, NTA: 0, NTB: 0}
  - {Latency: 10882812, MT_M: 256, MT_N: 128, MT_K: 64, MI_M: 32, MI_N: 32, MI_K: 16,
    Occupancy: 1, WGM: 0, NTA: 0, NTB: 0}
  - {Latency: 10906908, MT_M: 128, MT_N: 256, MT_K: 64, MI_M: 32, MI_N: 32, MI_K: 16,
    Occupancy: 1, WGM: 0, NTA: 0, NTB: 0}
  - {Latency: 10921437, MT_M: 192, MT_N: 192, MT_K: 64, MI_M: 32, MI_N: 32, MI_K: 16,
    Occupancy: 1, WGM: 0, NTA: 0, NTB: 0}
  - {Latency: 11138036, MT_M: 192, MT_N: 256, MT_K: 32, MI_M: 32, MI_N: 32, MI_K: 16,
    Occupancy: 1, WGM: 0, NTA: 0, NTB: 0}
  - {Latency: 11144019, MT_M: 256, MT_N: 192, MT_K: 32, MI_M: 16, MI_N: 16, MI_K: 32,
    Occupancy: 1, WGM: 0, NTA: 0, NTB: 0}
  - {Latency: 13010464, MT_M: 192, MT_N: 128, MT_K: 64, MI_M: 32, MI_N: 32, MI_K: 16,
    Occupancy: 1, WGM: 0, NTA: 0, NTB: 0}
  - {Latency: 13038574, MT_M: 128, MT_N: 192, MT_K: 64, MI_M: 32, MI_N: 32, MI_K: 16,
    Occupancy: 1, WGM: 0, NTA: 0, NTB: 0}
  - {Latency: 14023291, MT_M: 128, MT_N: 128, MT_K: 128, MI_M: 32, MI_N: 32, MI_K: 16,
    Occupancy: 1, WGM: 0, NTA: 0, NTB: 0}
  - {Latency: 18189280, MT_M: 192, MT_N: 64, MT_K: 128, MI_M: 32, MI_N: 32, MI_K: 16,
    Occupancy: 1, WGM: 0, NTA: 0, NTB: 0}
  - {Latency: 18231084, MT_M: 64, MT_N: 192, MT_K: 128, MI_M: 32, MI_N: 32, MI_K: 16,
    Occupancy: 1, WGM: 0, NTA: 0, NTB: 0}
  - {Latency: 18528277, MT_M: 256, MT_N: 64, MT_K: 64, MI_M: 32, MI_N: 32, MI_K: 16,
    Occupancy: 1, WGM: 0, NTA: 0, NTB: 0}
  - {Latency: 18568420, MT_M: 64, MT_N: 256, MT_K: 64, MI_M: 32, MI_N: 32, MI_K: 16,
    Occupancy: 1, WGM: 0, NTA: 0, NTB: 0}
  - {Latency: 20608651, MT_M: 128, MT_N: 64, MT_K: 128, MI_M: 16, MI_N: 16, MI_K: 32,
    Occupancy: 1, WGM: 0, NTA: 0, NTB: 0}
  - {Latency: 20608651, MT_M: 64, MT_N: 128, MT_K: 128, MI_M: 16, MI_N: 16, MI_K: 32,
    Occupancy: 1, WGM: 0, NTA: 0, NTB: 0}
  - {Latency: 26050425, MT_M: 64, MT_N: 64, MT_K: 256, MI_M: 32, MI_N: 32, MI_K: 16,
    Occupancy: 1, WGM: 0, NTA: 0, NTB: 0}
  - {Latency: 44538306, MT_M: 64, MT_N: 32, MT_K: 128, MI_M: 32, MI_N: 32, MI_K: 16,
    Occupancy: 1, WGM: 0, NTA: 0, NTB: 0}
  - {Latency: 44560299, MT_M: 32, MT_N: 64, MT_K: 128, MI_M: 32, MI_N: 32, MI_K: 16,
    Occupancy: 1, WGM: 0, NTA: 0, NTB: 0}
  - {Latency: 52086015, MT_M: 32, MT_N: 32, MT_K: 512, MI_M: 32, MI_N: 32, MI_K: 16,
    Occupancy: 1, WGM: 0, NTA: 0, NTB: 0}
  - {Latency: 65456324, MT_M: 16, MT_N: 64, MT_K: 256, MI_M: 16, MI_N: 16, MI_K: 32,
    Occupancy: 1, WGM: 0, NTA: 0, NTB: 0}
  - {Latency: 67263874, MT_M: 16, MT_N: 256, MT_K: 32, MI_M: 16, MI_N: 16, MI_K: 32,
    Occupancy: 2, WGM: 0, NTA: 0, NTB: 0}
  - {Latency: 67894939, MT_M: 64, MT_N: 16, MT_K: 256, MI_M: 16, MI_N: 16, MI_K: 32,
    Occupancy: 1, WGM: 0, NTA: 0, NTB: 0}
  - {Latency: 74864380, MT_M: 32, MT_N: 256, MT_K: 16, MI_M: 32, MI_N: 32, MI_K: 16,
    Occupancy: 2, WGM: 0, NTA: 0, NTB: 0}
  - {Latency: 77697653, MT_M: 16, MT_N: 32, MT_K: 512, MI_M: 16, MI_N: 16, MI_K: 32,
    Occupancy: 1, WGM: 0, NTA: 0, NTB: 0}
  - {Latency: 80695024, MT_M: 32, MT_N: 16, MT_K: 512, MI_M: 16, MI_N: 16, MI_K: 32,
    Occupancy: 1, WGM: 0, NTA: 0, NTB: 0}
  - {Latency: 90096157, MT_M: 16, MT_N: 128, MT_K: 32, MI_M: 16, MI_N: 16, MI_K: 32,
    Occupancy: 3, WGM: 0, NTA: 0, NTB: 0}
  - {Latency: 99283335, MT_M: 32, MT_N: 128, MT_K: 16, MI_M: 32, MI_N: 32, MI_K: 16,
    Occupancy: 5, WGM: 0, NTA: 0, NTB: 0}
  - {Latency: 110026904, MT_M: 16, MT_N: 16, MT_K: 512, MI_M: 16, MI_N: 16, MI_K: 32,
    Occupancy: 1, WGM: 0, NTA: 0, NTB: 0}
- - {Latency: 5005985, MT_M: 256, MT_N: 256, MT_K: 32, MI_M: 32, MI_N: 32, MI_K: 16,
    Occupancy: 1, WGM: 0, NTA: 0, NTB: 0}
  - {Latency: 6681808, MT_M: 192, MT_N: 192, MT_K: 64, MI_M: 32, MI_N: 32, MI_K: 16,
    Occupancy: 1, WGM: 0, NTA: 0, NTB: 0}
  - {Latency: 7032656, MT_M: 256, MT_N: 128, MT_K: 64, MI_M: 32, MI_N: 32, MI_K: 16,
    Occupancy: 1, WGM: 0, NTA: 0, NTB: 0}
  - {Latency: 7092413, MT_M: 128, MT_N: 256, MT_K: 64, MI_M: 32, MI_N: 32, MI_K: 16,
    Occupancy: 1, WGM: 0, NTA: 0, NTB: 0}
  - {Latency: 8512911, MT_M: 192, MT_N: 128, MT_K: 64, MI_M: 32, MI_N: 32, MI_K: 16,
    Occupancy: 1, WGM: 0, NTA: 0, NTB: 0}
  - {Latency: 8519601, MT_M: 192, MT_N: 256, MT_K: 32, MI_M: 32, MI_N: 32, MI_K: 16,
    Occupancy: 1, WGM: 0, NTA: 0, NTB: 0}
  - {Latency: 8940501, MT_M: 256, MT_N: 192, MT_K: 32, MI_M: 16, MI_N: 16, MI_K: 32,
    Occupancy: 1, WGM: 0, NTA: 0, NTB: 0}
  - {Latency: 9031084, MT_M: 128, MT_N: 192, MT_K: 64, MI_M: 32, MI_N: 32, MI_K: 16,
    Occupancy: 1, WGM: 0, NTA: 0, NTB: 0}
  - {Latency: 9091029, MT_M: 128, MT_N: 128, MT_K: 128, MI_M: 32, MI_N: 32, MI_K: 16,
    Occupancy: 1, WGM: 0, NTA: 0, NTB: 0}
  - {Latency: 10659513, MT_M: 192, MT_N: 64, MT_K: 128, MI_M: 32, MI_N: 32, MI_K: 16,
    Occupancy: 1, WGM: 0, NTA: 0, NTB: 0}
  - {Latency: 10752940, MT_M: 64, MT_N: 192, MT_K: 128, MI_M: 32, MI_N: 32, MI_K: 16,
    Occupancy: 1, WGM: 0, NTA: 0, NTB: 0}
  - {Latency: 11420582, MT_M: 64, MT_N: 256, MT_K: 64, MI_M: 32, MI_N: 32, MI_K: 16,
    Occupancy: 1, WGM: 0, NTA: 0, NTB: 0}
  - {Latency: 11608387, MT_M: 64, MT_N: 128, MT_K: 128, MI_M: 16, MI_N: 16, MI_K: 32,
    Occupancy: 1, WGM: 0, NTA: 0, NTB: 0}
  - {Latency: 11918419, MT_M: 256, MT_N: 64, MT_K: 64, MI_M: 32, MI_N: 32, MI_K: 16,
    Occupancy: 1, WGM: 0, NTA: 0, NTB: 0}
  - {Latency: 12230064, MT_M: 128, MT_N: 64, MT_K: 128, MI_M: 16, MI_N: 16, MI_K: 32,
    Occupancy: 1, WGM: 0, NTA: 0, NTB: 0}
  - {Latency: 13857101, MT_M: 64, MT_N: 64, MT_K: 256, MI_M: 32, MI_N: 32, MI_K: 16,
    Occupancy: 1, WGM: 0, NTA: 0, NTB: 0}
  - {Latency: 21695482, MT_M: 32, MT_N: 64, MT_K: 128, MI_M: 32, MI_N: 32, MI_K: 16,
    Occupancy: 1, WGM: 0, NTA: 0, NTB: 0}
  - {Latency: 23197710, MT_M: 64, MT_N: 32, MT_K: 128, MI_M: 32, MI_N: 32, MI_K: 16,
    Occupancy: 1, WGM: 0, NTA: 0, NTB: 0}
  - {Latency: 24529909, MT_M: 32, MT_N: 32, MT_K: 512, MI_M: 32, MI_N: 32, MI_K: 16,
    Occupancy: 1, WGM: 0, NTA: 0, NTB: 0}
  - {Latency: 31047530, MT_M: 16, MT_N: 64, MT_K: 256, MI_M: 16, MI_N: 16, MI_K: 32,
    Occupancy: 1, WGM: 0, NTA: 0, NTB: 0}
  - {Latency: 33555477, MT_M: 16, MT_N: 256, MT_K: 32, MI_M: 16, MI_N: 16, MI_K: 32,
    Occupancy: 2, WGM: 0, NTA: 0, NTB: 0}
  - {Latency: 34507760, MT_M: 64, MT_N: 16, MT_K: 256, MI_M: 16, MI_N: 16, MI_K: 32,
    Occupancy: 1, WGM: 0, NTA: 0, NTB: 0}
  - {Latency: 35340140, MT_M: 32, MT_N: 256, MT_K: 16, MI_M: 32, MI_N: 32, MI_K: 16,
    Occupancy: 2, WGM: 0, NTA: 0, NTB: 0}
  - {Latency: 36686429, MT_M: 16, MT_N: 32, MT_K: 512, MI_M: 16, MI_N: 16, MI_K: 32,
    Occupancy: 1, WGM: 0, NTA: 0, NTB: 0}
  - {Latency: 37618321, MT_M: 32, MT_N: 16, MT_K: 512, MI_M: 16, MI_N: 16, MI_K: 32,
    Occupancy: 1, WGM: 0, NTA: 0, NTB: 0}
  - {Latency: 42849996, MT_M: 16, MT_N: 128, MT_K: 32, MI_M: 16, MI_N: 16, MI_K: 32,
    Occupancy: 3, WGM: 0, NTA: 0, NTB: 0}
  - {Latency: 47896531, MT_M: 32, MT_N: 128, MT_K: 16, MI_M: 32, MI_N: 32, MI_K: 16,
    Occupancy: 5, WGM: 0, NTA: 0, NTB: 0}
  - {Latency: 51811839, MT_M: 16, MT_N: 16, MT_K: 512, MI_M: 16, MI_N: 16, MI_K: 32,
    Occupancy: 1, WGM: 0, NTA: 0, NTB: 0}
- - {Latency: 16546533, MT_M: 256, MT_N: 256, MT_K: 32, MI_M: 32, MI_N: 32, MI_K: 16,
    Occupancy: 1, WGM: 0, NTA: 0, NTB: 0}
  - {Latency: 19498668, MT_M: 256, MT_N: 192, MT_K: 32, MI_M: 16, MI_N: 16, MI_K: 32,
    Occupancy: 1, WGM: 0, NTA: 0, NTB: 0}
  - {Latency: 19773278, MT_M: 192, MT_N: 256, MT_K: 32, MI_M: 32, MI_N: 32, MI_K: 16,
    Occupancy: 1, WGM: 0, NTA: 0, NTB: 0}
  - {Latency: 22727058, MT_M: 128, MT_N: 256, MT_K: 64, MI_M: 32, MI_N: 32, MI_K: 16,
    Occupancy: 1, WGM: 0, NTA: 0, NTB: 0}
  - {Latency: 22945045, MT_M: 192, MT_N: 192, MT_K: 64, MI_M: 32, MI_N: 32, MI_K: 16,
    Occupancy: 1, WGM: 0, NTA: 0, NTB: 0}
  - {Latency: 23047925, MT_M: 256, MT_N: 128, MT_K: 64, MI_M: 32, MI_N: 32, MI_K: 16,
    Occupancy: 1, WGM: 0, NTA: 0, NTB: 0}
  - {Latency: 25501645, MT_M: 128, MT_N: 192, MT_K: 64, MI_M: 32, MI_N: 32, MI_K: 16,
    Occupancy: 1, WGM: 0, NTA: 0, NTB: 0}
  - {Latency: 26248060, MT_M: 192, MT_N: 128, MT_K: 64, MI_M: 32, MI_N: 32, MI_K: 16,
    Occupancy: 1, WGM: 0, NTA: 0, NTB: 0}
  - {Latency: 29038338, MT_M: 128, MT_N: 128, MT_K: 128, MI_M: 32, MI_N: 32, MI_K: 16,
    Occupancy: 1, WGM: 0, NTA: 0, NTB: 0}
  - {Latency: 38458917, MT_M: 64, MT_N: 192, MT_K: 128, MI_M: 32, MI_N: 32, MI_K: 16,
    Occupancy: 1, WGM: 0, NTA: 0, NTB: 0}
  - {Latency: 38767626, MT_M: 64, MT_N: 256, MT_K: 64, MI_M: 32, MI_N: 32, MI_K: 16,
    Occupancy: 1, WGM: 0, NTA: 0, NTB: 0}
  - {Latency: 39101781, MT_M: 256, MT_N: 64, MT_K: 64, MI_M: 32, MI_N: 32, MI_K: 16,
    Occupancy: 1, WGM: 0, NTA: 0, NTB: 0}
  - {Latency: 39441836, MT_M: 192, MT_N: 64, MT_K: 128, MI_M: 32, MI_N: 32, MI_K: 16,
    Occupancy: 1, WGM: 0, NTA: 0, NTB: 0}
  - {Latency: 42879987, MT_M: 128, MT_N: 64, MT_K: 128, MI_M: 16, MI_N: 16, MI_K: 32,
    Occupancy: 1, WGM: 0, NTA: 0, NTB: 0}
  - {Latency: 43104894, MT_M: 64, MT_N: 128, MT_K: 128, MI_M: 16, MI_N: 16, MI_K: 32,
    Occupancy: 1, WGM: 0, NTA: 0, NTB: 0}
  - {Latency: 55277130, MT_M: 64, MT_N: 64, MT_K: 256, MI_M: 32, MI_N: 32, MI_K: 16,
    Occupancy: 1, WGM: 0, NTA: 0, NTB: 0}
  - {Latency: 95813987, MT_M: 32, MT_N: 64, MT_K: 128, MI_M: 32, MI_N: 32, MI_K: 16,
    Occupancy: 1, WGM: 0, NTA: 0, NTB: 0}
  - {Latency: 95813987, MT_M: 64, MT_N: 32, MT_K: 128, MI_M: 32, MI_N: 32, MI_K: 16,
    Occupancy: 1, WGM: 0, NTA: 0, NTB: 0}
  - {Latency: 108853207, MT_M: 32, MT_N: 32, MT_K: 512, MI_M: 32, MI_N: 32, MI_K: 16,
    Occupancy: 1, WGM: 0, NTA: 0, NTB: 0}
  - {Latency: 142962235, MT_M: 16, MT_N: 64, MT_K: 256, MI_M: 16, MI_N: 16, MI_K: 32,
    Occupancy: 1, WGM: 0, NTA: 0, NTB: 0}
  - {Latency: 144071009, MT_M: 64, MT_N: 16, MT_K: 256, MI_M: 16, MI_N: 16, MI_K: 32,
    Occupancy: 1, WGM: 0, NTA: 0, NTB: 0}
  - {Latency: 151693844, MT_M: 16, MT_N: 256, MT_K: 32, MI_M: 16, MI_N: 16, MI_K: 32,
    Occupancy: 2, WGM: 0, NTA: 0, NTB: 0}
  - {Latency: 158154402, MT_M: 32, MT_N: 256, MT_K: 16, MI_M: 32, MI_N: 32, MI_K: 16,
    Occupancy: 2, WGM: 0, NTA: 0, NTB: 0}
  - {Latency: 167513423, MT_M: 16, MT_N: 32, MT_K: 512, MI_M: 16, MI_N: 16, MI_K: 32,
    Occupancy: 1, WGM: 0, NTA: 0, NTB: 0}
  - {Latency: 168380266, MT_M: 32, MT_N: 16, MT_K: 512, MI_M: 16, MI_N: 16, MI_K: 32,
    Occupancy: 1, WGM: 0, NTA: 0, NTB: 0}
  - {Latency: 199591576, MT_M: 16, MT_N: 128, MT_K: 32, MI_M: 16, MI_N: 16, MI_K: 32,
    Occupancy: 3, WGM: 0, NTA: 0, NTB: 0}
  - {Latency: 214371611, MT_M: 32, MT_N: 128, MT_K: 16, MI_M: 32, MI_N: 32, MI_K: 16,
    Occupancy: 5, WGM: 0, NTA: 0, NTB: 0}
  - {Latency: 238018181, MT_M: 16, MT_N: 16, MT_K: 512, MI_M: 16, MI_N: 16, MI_K: 32,
    Occupancy: 1, WGM: 0, NTA: 0, NTB: 0}
- - {Latency: 14980406, MT_M: 256, MT_N: 256, MT_K: 32, MI_M: 32, MI_N: 32, MI_K: 16,
    Occupancy: 1, WGM: 0, NTA: 0, NTB: 0}
  - {Latency: 16347050, MT_M: 256, MT_N: 192, MT_K: 32, MI_M: 16, MI_N: 16, MI_K: 32,
    Occupancy: 1, WGM: 0, NTA: 0, NTB: 0}
  - {Latency: 16362364, MT_M: 192, MT_N: 256, MT_K: 32, MI_M: 32, MI_N: 32, MI_K: 16,
    Occupancy: 1, WGM: 0, NTA: 0, NTB: 0}
  - {Latency: 17545369, MT_M: 192, MT_N: 192, MT_K: 64, MI_M: 32, MI_N: 32, MI_K: 16,
    Occupancy: 1, WGM: 0, NTA: 0, NTB: 0}
  - {Latency: 19472540, MT_M: 128, MT_N: 256, MT_K: 64, MI_M: 32, MI_N: 32, MI_K: 16,
    Occupancy: 1, WGM: 0, NTA: 0, NTB: 0}
  - {Latency: 19792737, MT_M: 256, MT_N: 128, MT_K: 64, MI_M: 32, MI_N: 32, MI_K: 16,
    Occupancy: 1, WGM: 0, NTA: 0, NTB: 0}
  - {Latency: 21450209, MT_M: 128, MT_N: 192, MT_K: 64, MI_M: 32, MI_N: 32, MI_K: 16,
    Occupancy: 1, WGM: 0, NTA: 0, NTB: 0}
  - {Latency: 21840244, MT_M: 192, MT_N: 128, MT_K: 64, MI_M: 32, MI_N: 32, MI_K: 16,
    Occupancy: 1, WGM: 0, NTA: 0, NTB: 0}
  - {Latency: 23492817, MT_M: 128, MT_N: 128, MT_K: 128, MI_M: 32, MI_N: 32, MI_K: 16,
    Occupancy: 1, WGM: 0, NTA: 0, NTB: 0}
  - {Latency: 31503249, MT_M: 64, MT_N: 192, MT_K: 128, MI_M: 32, MI_N: 32, MI_K: 16,
    Occupancy: 1, WGM: 0, NTA: 0, NTB: 0}
  - {Latency: 32050853, MT_M: 64, MT_N: 256, MT_K: 64, MI_M: 32, MI_N: 32, MI_K: 16,
    Occupancy: 1, WGM: 0, NTA: 0, NTB: 0}
  - {Latency: 32499612, MT_M: 256, MT_N: 64, MT_K: 64, MI_M: 32, MI_N: 32, MI_K: 16,
    Occupancy: 1, WGM: 0, NTA: 0, NTB: 0}
  - {Latency: 32787565, MT_M: 192, MT_N: 64, MT_K: 128, MI_M: 32, MI_N: 32, MI_K: 16,
    Occupancy: 1, WGM: 0, NTA: 0, NTB: 0}
  - {Latency: 36198449, MT_M: 128, MT_N: 64, MT_K: 128, MI_M: 16, MI_N: 16, MI_K: 32,
    Occupancy: 1, WGM: 0, NTA: 0, NTB: 0}
  - {Latency: 36276921, MT_M: 64, MT_N: 128, MT_K: 128, MI_M: 16, MI_N: 16, MI_K: 32,
    Occupancy: 1, WGM: 0, NTA: 0, NTB: 0}
  - {Latency: 47258756, MT_M: 64, MT_N: 64, MT_K: 256, MI_M: 32, MI_N: 32, MI_K: 16,
    Occupancy: 1, WGM: 0, NTA: 0, NTB: 0}
  - {Latency: 79951016, MT_M: 32, MT_N: 64, MT_K: 128, MI_M: 32, MI_N: 32, MI_K: 16,
    Occupancy: 1, WGM: 0, NTA: 0, NTB: 0}
  - {Latency: 80882403, MT_M: 64, MT_N: 32, MT_K: 128, MI_M: 32, MI_N: 32, MI_K: 16,
    Occupancy: 1, WGM: 0, NTA: 0, NTB: 0}
  - {Latency: 93439927, MT_M: 32, MT_N: 32, MT_K: 512, MI_M: 32, MI_N: 32, MI_K: 16,
    Occupancy: 1, WGM: 0, NTA: 0, NTB: 0}
  - {Latency: 122919738, MT_M: 16, MT_N: 64, MT_K: 256, MI_M: 16, MI_N: 16, MI_K: 32,
    Occupancy: 1, WGM: 0, NTA: 0, NTB: 0}
  - {Latency: 123508281, MT_M: 64, MT_N: 16, MT_K: 256, MI_M: 16, MI_N: 16, MI_K: 32,
    Occupancy: 1, WGM: 0, NTA: 0, NTB: 0}
  - {Latency: 125717292, MT_M: 16, MT_N: 256, MT_K: 32, MI_M: 16, MI_N: 16, MI_K: 32,
    Occupancy: 2, WGM: 0, NTA: 0, NTB: 0}
  - {Latency: 130525161, MT_M: 32, MT_N: 256, MT_K: 16, MI_M: 32, MI_N: 32, MI_K: 16,
    Occupancy: 2, WGM: 0, NTA: 0, NTB: 0}
  - {Latency: 145055926, MT_M: 32, MT_N: 16, MT_K: 512, MI_M: 16, MI_N: 16, MI_K: 32,
    Occupancy: 1, WGM: 0, NTA: 0, NTB: 0}
  - {Latency: 145469937, MT_M: 16, MT_N: 32, MT_K: 512, MI_M: 16, MI_N: 16, MI_K: 32,
    Occupancy: 1, WGM: 0, NTA: 0, NTB: 0}
  - {Latency: 166551248, MT_M: 16, MT_N: 128, MT_K: 32, MI_M: 16, MI_N: 16, MI_K: 32,
    Occupancy: 3, WGM: 0, NTA: 0, NTB: 0}
  - {Latency: 176388958, MT_M: 32, MT_N: 128, MT_K: 16, MI_M: 32, MI_N: 32, MI_K: 16,
    Occupancy: 5, WGM: 0, NTA: 0, NTB: 0}
  - {Latency: 206746388, MT_M: 16, MT_N: 16, MT_K: 512, MI_M: 16, MI_N: 16, MI_K: 32,
    Occupancy: 1, WGM: 0, NTA: 0, NTB: 0}
- - {Latency: 2874450, MT_M: 256, MT_N: 256, MT_K: 32, MI_M: 32, MI_N: 32, MI_K: 16,
    Occupancy: 1, WGM: 0, NTA: 0, NTB: 0}
  - {Latency: 3709027, MT_M: 192, MT_N: 192, MT_K: 64, MI_M: 32, MI_N: 32, MI_K: 16,
    Occupancy: 1, WGM: 0, NTA: 0, NTB: 0}
  - {Latency: 3721989, MT_M: 128, MT_N: 256, MT_K: 64, MI_M: 32, MI_N: 32, MI_K: 16,
    Occupancy: 1, WGM: 0, NTA: 0, NTB: 0}
  - {Latency: 4081561, MT_M: 256, MT_N: 128, MT_K: 64, MI_M: 32, MI_N: 32, MI_K: 16,
    Occupancy: 1, WGM: 0, NTA: 0, NTB: 0}
  - {Latency: 4515287, MT_M: 64, MT_N: 256, MT_K: 64, MI_M: 32, MI_N: 32, MI_K: 16,
    Occupancy: 1, WGM: 0, NTA: 0, NTB: 0}
  - {Latency: 4531463, MT_M: 64, MT_N: 192, MT_K: 128, MI_M: 32, MI_N: 32, MI_K: 16,
    Occupancy: 1, WGM: 0, NTA: 0, NTB: 0}
  - {Latency: 4722760, MT_M: 192, MT_N: 256, MT_K: 32, MI_M: 32, MI_N: 32, MI_K: 16,
    Occupancy: 1, WGM: 0, NTA: 0, NTB: 0}
  - {Latency: 4733951, MT_M: 128, MT_N: 192, MT_K: 64, MI_M: 32, MI_N: 32, MI_K: 16,
    Occupancy: 1, WGM: 0, NTA: 0, NTB: 0}
  - {Latency: 4757466, MT_M: 192, MT_N: 128, MT_K: 64, MI_M: 32, MI_N: 32, MI_K: 16,
    Occupancy: 1, WGM: 0, NTA: 0, NTB: 0}
  - {Latency: 4807964, MT_M: 128, MT_N: 128, MT_K: 128, MI_M: 32, MI_N: 32, MI_K: 16,
    Occupancy: 1, WGM: 0, NTA: 0, NTB: 0}
  - {Latency: 5121092, MT_M: 256, MT_N: 192, MT_K: 32, MI_M: 16, MI_N: 16, MI_K: 32,
    Occupancy: 1, WGM: 0, NTA: 0, NTB: 0}
  - {Latency: 5292323, MT_M: 64, MT_N: 128, MT_K: 128, MI_M: 16, MI_N: 16, MI_K: 32,
    Occupancy: 1, WGM: 0, NTA: 0, NTB: 0}
  - {Latency: 5962564, MT_M: 192, MT_N: 64, MT_K: 128, MI_M: 32, MI_N: 32, MI_K: 16,
    Occupancy: 1, WGM: 0, NTA: 0, NTB: 0}
  - {Latency: 6456724, MT_M: 128, MT_N: 64, MT_K: 128, MI_M: 16, MI_N: 16, MI_K: 32,
    Occupancy: 1, WGM: 0, NTA: 0, NTB: 0}
  - {Latency: 6800703, MT_M: 64, MT_N: 64, MT_K: 256, MI_M: 32, MI_N: 32, MI_K: 16,
    Occupancy: 1, WGM: 0, NTA: 0, NTB: 0}
  - {Latency: 6884006, MT_M: 256, MT_N: 64, MT_K: 64, MI_M: 32, MI_N: 32, MI_K: 16,
    Occupancy: 1, WGM: 0, NTA: 0, NTB: 0}
  - {Latency: 11062560, MT_M: 32, MT_N: 64, MT_K: 128, MI_M: 32, MI_N: 32, MI_K: 16,
    Occupancy: 1, WGM: 0, NTA: 0, NTB: 0}
  - {Latency: 11319572, MT_M: 64, MT_N: 32, MT_K: 128, MI_M: 32, MI_N: 32, MI_K: 16,
    Occupancy: 1, WGM: 0, NTA: 0, NTB: 0}
  - {Latency: 12647066, MT_M: 32, MT_N: 32, MT_K: 512, MI_M: 32, MI_N: 32, MI_K: 16,
    Occupancy: 1, WGM: 0, NTA: 0, NTB: 0}
  - {Latency: 15869840, MT_M: 16, MT_N: 64, MT_K: 256, MI_M: 16, MI_N: 16, MI_K: 32,
    Occupancy: 1, WGM: 0, NTA: 0, NTB: 0}
  - {Latency: 16297348, MT_M: 16, MT_N: 256, MT_K: 32, MI_M: 16, MI_N: 16, MI_K: 32,
    Occupancy: 2, WGM: 0, NTA: 0, NTB: 0}
  - {Latency: 17183657, MT_M: 64, MT_N: 16, MT_K: 256, MI_M: 16, MI_N: 16, MI_K: 32,
    Occupancy: 1, WGM: 0, NTA: 0, NTB: 0}
  - {Latency: 18659094, MT_M: 32, MT_N: 256, MT_K: 16, MI_M: 32, MI_N: 32, MI_K: 16,
    Occupancy: 2, WGM: 0, NTA: 0, NTB: 0}
  - {Latency: 18730741, MT_M: 16, MT_N: 32, MT_K: 512, MI_M: 16, MI_N: 16, MI_K: 32,
    Occupancy: 1, WGM: 0, NTA: 0, NTB: 0}
  - {Latency: 19362237, MT_M: 32, MT_N: 16, MT_K: 512, MI_M: 16, MI_N: 16, MI_K: 32,
    Occupancy: 1, WGM: 0, NTA: 0, NTB: 0}
  - {Latency: 21840901, MT_M: 16, MT_N: 128, MT_K: 32, MI_M: 16, MI_N: 16, MI_K: 32,
    Occupancy: 3, WGM: 0, NTA: 0, NTB: 0}
  - {Latency: 25453527, MT_M: 32, MT_N: 128, MT_K: 16, MI_M: 32, MI_N: 32, MI_K: 16,
    Occupancy: 5, WGM: 0, NTA: 0, NTB: 0}
  - {Latency: 26553302, MT_M: 16, MT_N: 16, MT_K: 512, MI_M: 16, MI_N: 16, MI_K: 32,
    Occupancy: 1, WGM: 0, NTA: 0, NTB: 0}
- - {Latency: 969140, MT_M: 128, MT_N: 256, MT_K: 64, MI_M: 32, MI_N: 32, MI_K: 16,
    Occupancy: 1, WGM: 0, NTA: 0, NTB: 0}
  - {Latency: 1041663, MT_M: 192, MT_N: 192, MT_K: 64, MI_M: 32, MI_N: 32, MI_K: 16,
    Occupancy: 1, WGM: 6, NTA: 0, NTB: 4}
  - {Latency: 1057344, MT_M: 192, MT_N: 256, MT_K: 32, MI_M: 32, MI_N: 32, MI_K: 16,
    Occupancy: 1, WGM: 6, NTA: 0, NTB: 4}
  - {Latency: 1197480, MT_M: 128, MT_N: 128, MT_K: 128, MI_M: 32, MI_N: 32, MI_K: 16,
    Occupancy: 1, WGM: 0, NTA: 0, NTB: 0}
  - {Latency: 1393336, MT_M: 256, MT_N: 256, MT_K: 32, MI_M: 32, MI_N: 32, MI_K: 16,
    Occupancy: 1, WGM: 6, NTA: 0, NTB: 4}
  - {Latency: 1541436, MT_M: 256, MT_N: 192, MT_K: 32, MI_M: 16, MI_N: 16, MI_K: 32,
    Occupancy: 1, WGM: 6, NTA: 0, NTB: 4}
  - {Latency: 1580018, MT_M: 64, MT_N: 256, MT_K: 64, MI_M: 32, MI_N: 32, MI_K: 16,
    Occupancy: 1, WGM: 0, NTA: 0, NTB: 0}
  - {Latency: 1580527, MT_M: 128, MT_N: 192, MT_K: 64, MI_M: 32, MI_N: 32, MI_K: 16,
    Occupancy: 1, WGM: 0, NTA: 0, NTB: 0}
  - {Latency: 1580527, MT_M: 192, MT_N: 128, MT_K: 64, MI_M: 32, MI_N: 32, MI_K: 16,
    Occupancy: 1, WGM: 6, NTA: 0, NTB: 4}
  - {Latency: 1854196, MT_M: 128, MT_N: 64, MT_K: 128, MI_M: 16, MI_N: 16, MI_K: 32,
    Occupancy: 1, WGM: 0, NTA: 0, NTB: 0}
  - {Latency: 1854196, MT_M: 64, MT_N: 128, MT_K: 128, MI_M: 16, MI_N: 16, MI_K: 32,
    Occupancy: 1, WGM: 0, NTA: 0, NTB: 0}
  - {Latency: 2386159, MT_M: 256, MT_N: 128, MT_K: 64, MI_M: 32, MI_N: 32, MI_K: 16,
    Occupancy: 1, WGM: 6, NTA: 0, NTB: 4}
  - {Latency: 2393444, MT_M: 64, MT_N: 192, MT_K: 128, MI_M: 32, MI_N: 32, MI_K: 16,
    Occupancy: 1, WGM: 0, NTA: 0, NTB: 0}
  - {Latency: 2393444, MT_M: 192, MT_N: 64, MT_K: 128, MI_M: 32, MI_N: 32, MI_K: 16,
    Occupancy: 1, WGM: 6, NTA: 0, NTB: 4}
  - {Latency: 2411920, MT_M: 64, MT_N: 64, MT_K: 256, MI_M: 32, MI_N: 32, MI_K: 16,
    Occupancy: 1, WGM: 0, NTA: 0, NTB: 0}
  - {Latency: 3640823, MT_M: 32, MT_N: 64, MT_K: 128, MI_M: 32, MI_N: 32, MI_K: 16,
    Occupancy: 1, WGM: 0, NTA: 0, NTB: 0}
  - {Latency: 3640823, MT_M: 64, MT_N: 32, MT_K: 128, MI_M: 32, MI_N: 32, MI_K: 16,
    Occupancy: 1, WGM: 0, NTA: 0, NTB: 0}
  - {Latency: 3933253, MT_M: 32, MT_N: 32, MT_K: 512, MI_M: 32, MI_N: 32, MI_K: 16,
    Occupancy: 1, WGM: 0, NTA: 0, NTB: 0}
  - {Latency: 4056312, MT_M: 256, MT_N: 64, MT_K: 64, MI_M: 32, MI_N: 32, MI_K: 16,
    Occupancy: 1, WGM: 6, NTA: 0, NTB: 4}
  - {Latency: 4612368, MT_M: 16, MT_N: 64, MT_K: 256, MI_M: 16, MI_N: 16, MI_K: 32,
    Occupancy: 1, WGM: 0, NTA: 0, NTB: 0}
  - {Latency: 4679453, MT_M: 16, MT_N: 256, MT_K: 32, MI_M: 16, MI_N: 16, MI_K: 32,
    Occupancy: 2, WGM: 0, NTA: 0, NTB: 0}
  - {Latency: 5163021, MT_M: 64, MT_N: 16, MT_K: 256, MI_M: 16, MI_N: 16, MI_K: 32,
    Occupancy: 1, WGM: 0, NTA: 0, NTB: 0}
  - {Latency: 5430211, MT_M: 16, MT_N: 32, MT_K: 512, MI_M: 16, MI_N: 16, MI_K: 32,
    Occupancy: 1, WGM: 0, NTA: 0, NTB: 0}
  - {Latency: 5850928, MT_M: 32, MT_N: 16, MT_K: 512, MI_M: 16, MI_N: 16, MI_K: 32,
    Occupancy: 1, WGM: 0, NTA: 0, NTB: 0}
  - {Latency: 6276982, MT_M: 16, MT_N: 128, MT_K: 32, MI_M: 16, MI_N: 16, MI_K: 32,
    Occupancy: 3, WGM: 0, NTA: 0, NTB: 0}
  - {Latency: 6683902, MT_M: 32, MT_N: 256, MT_K: 16, MI_M: 32, MI_N: 32, MI_K: 16,
    Occupancy: 2, WGM: 0, NTA: 0, NTB: 0}
  - {Latency: 7701972, MT_M: 16, MT_N: 16, MT_K: 512, MI_M: 16, MI_N: 16, MI_K: 32,
    Occupancy: 1, WGM: 0, NTA: 0, NTB: 0}
  - {Latency: 9092474, MT_M: 32, MT_N: 128, MT_K: 16, MI_M: 32, MI_N: 32, MI_K: 16,
    Occupancy: 5, WGM: 0, NTA: 0, NTB: 0}
- - {Latency: 46747883, MT_M: 256, MT_N: 256, MT_K: 32, MI_M: 32, MI_N: 32, MI_K: 16,
    Occupancy: 1, WGM: 0, NTA: 0, NTB: 0}
  - {Latency: 55841735, MT_M: 192, MT_N: 256, MT_K: 32, MI_M: 32, MI_N: 32, MI_K: 16,
    Occupancy: 1, WGM: 0, NTA: 0, NTB: 0}
  - {Latency: 55871487, MT_M: 256, MT_N: 192, MT_K: 32, MI_M: 16, MI_N: 16, MI_K: 32,
    Occupancy: 1, WGM: 0, NTA: 0, NTB: 0}
  - {Latency: 59109738, MT_M: 192, MT_N: 192, MT_K: 64, MI_M: 32, MI_N: 32, MI_K: 16,
    Occupancy: 1, WGM: 0, NTA: 0, NTB: 0}
  - {Latency: 65590357, MT_M: 256, MT_N: 128, MT_K: 64, MI_M: 32, MI_N: 32, MI_K: 16,
    Occupancy: 1, WGM: 0, NTA: 0, NTB: 0}
  - {Latency: 65590357, MT_M: 128, MT_N: 256, MT_K: 64, MI_M: 32, MI_N: 32, MI_K: 16,
    Occupancy: 1, WGM: 0, NTA: 0, NTB: 0}
  - {Latency: 74684066, MT_M: 192, MT_N: 128, MT_K: 64, MI_M: 32, MI_N: 32, MI_K: 16,
    Occupancy: 1, WGM: 0, NTA: 0, NTB: 0}
  - {Latency: 74684066, MT_M: 128, MT_N: 192, MT_K: 64, MI_M: 32, MI_N: 32, MI_K: 16,
    Occupancy: 1, WGM: 0, NTA: 0, NTB: 0}
  - {Latency: 84497430, MT_M: 128, MT_N: 128, MT_K: 128, MI_M: 32, MI_N: 32, MI_K: 16,
    Occupancy: 1, WGM: 0, NTA: 0, NTB: 0}
  - {Latency: 109627625, MT_M: 64, MT_N: 192, MT_K: 128, MI_M: 32, MI_N: 32, MI_K: 16,
    Occupancy: 1, WGM: 0, NTA: 0, NTB: 0}
  - {Latency: 110370775, MT_M: 64, MT_N: 256, MT_K: 64, MI_M: 32, MI_N: 32, MI_K: 16,
    Occupancy: 1, WGM: 0, NTA: 0, NTB: 0}
  - {Latency: 111567146, MT_M: 256, MT_N: 64, MT_K: 64, MI_M: 32, MI_N: 32, MI_K: 16,
    Occupancy: 1, WGM: 0, NTA: 0, NTB: 0}
  - {Latency: 112293109, MT_M: 192, MT_N: 64, MT_K: 128, MI_M: 32, MI_N: 32, MI_K: 16,
    Occupancy: 1, WGM: 0, NTA: 0, NTB: 0}
  - {Latency: 128069045, MT_M: 64, MT_N: 128, MT_K: 128, MI_M: 16, MI_N: 16, MI_K: 32,
    Occupancy: 1, WGM: 0, NTA: 0, NTB: 0}
  - {Latency: 130584096, MT_M: 128, MT_N: 64, MT_K: 128, MI_M: 16, MI_N: 16, MI_K: 32,
    Occupancy: 1, WGM: 0, NTA: 0, NTB: 0}
  - {Latency: 165353275, MT_M: 64, MT_N: 64, MT_K: 256, MI_M: 32, MI_N: 32, MI_K: 16,
    Occupancy: 1, WGM: 0, NTA: 0, NTB: 0}
  - {Latency: 285903043, MT_M: 64, MT_N: 32, MT_K: 128, MI_M: 32, MI_N: 32, MI_K: 16,
    Occupancy: 1, WGM: 0, NTA: 0, NTB: 0}
  - {Latency: 286637627, MT_M: 32, MT_N: 64, MT_K: 128, MI_M: 32, MI_N: 32, MI_K: 16,
    Occupancy: 1, WGM: 0, NTA: 0, NTB: 0}
  - {Latency: 329986791, MT_M: 32, MT_N: 32, MT_K: 512, MI_M: 32, MI_N: 32, MI_K: 16,
    Occupancy: 1, WGM: 0, NTA: 0, NTB: 0}
  - {Latency: 433613560, MT_M: 16, MT_N: 64, MT_K: 256, MI_M: 16, MI_N: 16, MI_K: 32,
    Occupancy: 1, WGM: 0, NTA: 0, NTB: 0}
  - {Latency: 435449058, MT_M: 64, MT_N: 16, MT_K: 256, MI_M: 16, MI_N: 16, MI_K: 32,
    Occupancy: 1, WGM: 0, NTA: 0, NTB: 0}
  - {Latency: 443486002, MT_M: 16, MT_N: 256, MT_K: 32, MI_M: 16, MI_N: 16, MI_K: 32,
    Occupancy: 2, WGM: 0, NTA: 0, NTB: 0}
  - {Latency: 466092833, MT_M: 32, MT_N: 256, MT_K: 16, MI_M: 32, MI_N: 32, MI_K: 16,
    Occupancy: 2, WGM: 0, NTA: 0, NTB: 0}
  - {Latency: 509090537, MT_M: 16, MT_N: 32, MT_K: 512, MI_M: 16, MI_N: 16, MI_K: 32,
    Occupancy: 1, WGM: 0, NTA: 0, NTB: 0}
  - {Latency: 511918764, MT_M: 32, MT_N: 16, MT_K: 512, MI_M: 16, MI_N: 16, MI_K: 32,
    Occupancy: 1, WGM: 0, NTA: 0, NTB: 0}
  - {Latency: 593765407, MT_M: 16, MT_N: 128, MT_K: 32, MI_M: 16, MI_N: 16, MI_K: 32,
    Occupancy: 3, WGM: 0, NTA: 0, NTB: 0}
  - {Latency: 634703267, MT_M: 32, MT_N: 128, MT_K: 16, MI_M: 32, MI_N: 32, MI_K: 16,
    Occupancy: 5, WGM: 0, NTA: 0, NTB: 0}
  - {Latency: 723093264, MT_M: 16, MT_N: 16, MT_K: 512, MI_M: 16, MI_N: 16, MI_K: 32,
    Occupancy: 1, WGM: 0, NTA: 0, NTB: 0}
- - {Latency: 20416508, MT_M: 256, MT_N: 256, MT_K: 32, MI_M: 32, MI_N: 32, MI_K: 16,
    Occupancy: 1, WGM: 0, NTA: 0, NTB: 0}
  - {Latency: 23616486, MT_M: 192, MT_N: 256, MT_K: 32, MI_M: 32, MI_N: 32, MI_K: 16,
    Occupancy: 1, WGM: 0, NTA: 0, NTB: 0}
  - {Latency: 25049298, MT_M: 192, MT_N: 192, MT_K: 64, MI_M: 32, MI_N: 32, MI_K: 16,
    Occupancy: 1, WGM: 0, NTA: 0, NTB: 0}
  - {Latency: 25291254, MT_M: 256, MT_N: 192, MT_K: 32, MI_M: 16, MI_N: 16, MI_K: 32,
    Occupancy: 1, WGM: 0, NTA: 0, NTB: 0}
  - {Latency: 28491823, MT_M: 256, MT_N: 128, MT_K: 64, MI_M: 32, MI_N: 32, MI_K: 16,
    Occupancy: 1, WGM: 0, NTA: 0, NTB: 0}
  - {Latency: 28561868, MT_M: 128, MT_N: 256, MT_K: 64, MI_M: 32, MI_N: 32, MI_K: 16,
    Occupancy: 1, WGM: 0, NTA: 0, NTB: 0}
  - {Latency: 31426532, MT_M: 192, MT_N: 128, MT_K: 64, MI_M: 32, MI_N: 32, MI_K: 16,
    Occupancy: 1, WGM: 0, NTA: 0, NTB: 0}
  - {Latency: 32788081, MT_M: 128, MT_N: 192, MT_K: 64, MI_M: 32, MI_N: 32, MI_K: 16,
    Occupancy: 1, WGM: 0, NTA: 0, NTB: 0}
  - {Latency: 36689630, MT_M: 128, MT_N: 128, MT_K: 128, MI_M: 32, MI_N: 32, MI_K: 16,
    Occupancy: 1, WGM: 0, NTA: 0, NTB: 0}
  - {Latency: 46956734, MT_M: 64, MT_N: 256, MT_K: 64, MI_M: 32, MI_N: 32, MI_K: 16,
    Occupancy: 1, WGM: 0, NTA: 0, NTB: 0}
  - {Latency: 47205726, MT_M: 192, MT_N: 64, MT_K: 128, MI_M: 32, MI_N: 32, MI_K: 16,
    Occupancy: 1, WGM: 0, NTA: 0, NTB: 0}
  - {Latency: 47326461, MT_M: 64, MT_N: 192, MT_K: 128, MI_M: 32, MI_N: 32, MI_K: 16,
    Occupancy: 1, WGM: 0, NTA: 0, NTB: 0}
  - {Latency: 48294906, MT_M: 256, MT_N: 64, MT_K: 64, MI_M: 32, MI_N: 32, MI_K: 16,
    Occupancy: 1, WGM: 0, NTA: 0, NTB: 0}
  - {Latency: 54914446, MT_M: 64, MT_N: 128, MT_K: 128, MI_M: 16, MI_N: 16, MI_K: 32,
    Occupancy: 1, WGM: 0, NTA: 0, NTB: 0}
  - {Latency: 56633140, MT_M: 128, MT_N: 64, MT_K: 128, MI_M: 16, MI_N: 16, MI_K: 32,
    Occupancy: 1, WGM: 0, NTA: 0, NTB: 0}
  - {Latency: 70936140, MT_M: 64, MT_N: 64, MT_K: 256, MI_M: 32, MI_N: 32, MI_K: 16,
    Occupancy: 1, WGM: 0, NTA: 0, NTB: 0}
  - {Latency: 121462560, MT_M: 32, MT_N: 64, MT_K: 128, MI_M: 32, MI_N: 32, MI_K: 16,
    Occupancy: 1, WGM: 0, NTA: 0, NTB: 0}
  - {Latency: 122990566, MT_M: 64, MT_N: 32, MT_K: 128, MI_M: 32, MI_N: 32, MI_K: 16,
    Occupancy: 1, WGM: 0, NTA: 0, NTB: 0}
  - {Latency: 141353720, MT_M: 32, MT_N: 32, MT_K: 512, MI_M: 32, MI_N: 32, MI_K: 16,
    Occupancy: 1, WGM: 0, NTA: 0, NTB: 0}
  - {Latency: 185053948, MT_M: 16, MT_N: 64, MT_K: 256, MI_M: 16, MI_N: 16, MI_K: 32,
    Occupancy: 1, WGM: 0, NTA: 0, NTB: 0}
  - {Latency: 186649453, MT_M: 64, MT_N: 16, MT_K: 256, MI_M: 16, MI_N: 16, MI_K: 32,
    Occupancy: 1, WGM: 0, NTA: 0, NTB: 0}
  - {Latency: 189576834, MT_M: 16, MT_N: 256, MT_K: 32, MI_M: 16, MI_N: 16, MI_K: 32,
    Occupancy: 2, WGM: 0, NTA: 0, NTB: 0}
  - {Latency: 197435791, MT_M: 32, MT_N: 256, MT_K: 16, MI_M: 32, MI_N: 32, MI_K: 16,
    Occupancy: 2, WGM: 0, NTA: 0, NTB: 0}
  - {Latency: 219879126, MT_M: 32, MT_N: 16, MT_K: 512, MI_M: 16, MI_N: 16, MI_K: 32,
    Occupancy: 1, WGM: 0, NTA: 0, NTB: 0}
  - {Latency: 220483246, MT_M: 16, MT_N: 32, MT_K: 512, MI_M: 16, MI_N: 16, MI_K: 32,
    Occupancy: 1, WGM: 0, NTA: 0, NTB: 0}
  - {Latency: 252362887, MT_M: 16, MT_N: 128, MT_K: 32, MI_M: 16, MI_N: 16, MI_K: 32,
    Occupancy: 3, WGM: 0, NTA: 0, NTB: 0}
  - {Latency: 266807164, MT_M: 32, MT_N: 128, MT_K: 16, MI_M: 32, MI_N: 32, MI_K: 16,
    Occupancy: 5, WGM: 0, NTA: 0, NTB: 0}
  - {Latency: 314470638, MT_M: 16, MT_N: 16, MT_K: 512, MI_M: 16, MI_N: 16, MI_K: 32,
    Occupancy: 1, WGM: 0, NTA: 0, NTB: 0}
- - {Latency: 147949830, MT_M: 256, MT_N: 256, MT_K: 32, MI_M: 32, MI_N: 32, MI_K: 16,
    Occupancy: 1, WGM: 0, NTA: 0, NTB: 0}
  - {Latency: 177149378, MT_M: 256, MT_N: 192, MT_K: 32, MI_M: 16, MI_N: 16, MI_K: 32,
    Occupancy: 1, WGM: 0, NTA: 0, NTB: 0}
  - {Latency: 178150928, MT_M: 192, MT_N: 256, MT_K: 32, MI_M: 32, MI_N: 32, MI_K: 16,
    Occupancy: 1, WGM: 0, NTA: 0, NTB: 0}
  - {Latency: 186551897, MT_M: 192, MT_N: 192, MT_K: 64, MI_M: 32, MI_N: 32, MI_K: 16,
    Occupancy: 1, WGM: 0, NTA: 0, NTB: 0}
  - {Latency: 207974062, MT_M: 256, MT_N: 128, MT_K: 64, MI_M: 32, MI_N: 32, MI_K: 16,
    Occupancy: 1, WGM: 0, NTA: 0, NTB: 0}
  - {Latency: 207974062, MT_M: 128, MT_N: 256, MT_K: 64, MI_M: 32, MI_N: 32, MI_K: 16,
    Occupancy: 1, WGM: 0, NTA: 0, NTB: 0}
  - {Latency: 237208959, MT_M: 128, MT_N: 192, MT_K: 64, MI_M: 32, MI_N: 32, MI_K: 16,
    Occupancy: 1, WGM: 0, NTA: 0, NTB: 0}
  - {Latency: 238717621, MT_M: 192, MT_N: 128, MT_K: 64, MI_M: 32, MI_N: 32, MI_K: 16,
    Occupancy: 1, WGM: 0, NTA: 0, NTB: 0}
  - {Latency: 265510732, MT_M: 128, MT_N: 128, MT_K: 128, MI_M: 32, MI_N: 32, MI_K: 16,
    Occupancy: 1, WGM: 0, NTA: 0, NTB: 0}
  - {Latency: 349028045, MT_M: 64, MT_N: 256, MT_K: 64, MI_M: 32, MI_N: 32, MI_K: 16,
    Occupancy: 1, WGM: 0, NTA: 0, NTB: 0}
  - {Latency: 349528543, MT_M: 64, MT_N: 192, MT_K: 128, MI_M: 32, MI_N: 32, MI_K: 16,
    Occupancy: 1, WGM: 0, NTA: 0, NTB: 0}
  - {Latency: 351583734, MT_M: 256, MT_N: 64, MT_K: 64, MI_M: 32, MI_N: 32, MI_K: 16,
    Occupancy: 1, WGM: 0, NTA: 0, NTB: 0}
  - {Latency: 359623148, MT_M: 192, MT_N: 64, MT_K: 128, MI_M: 32, MI_N: 32, MI_K: 16,
    Occupancy: 1, WGM: 0, NTA: 0, NTB: 0}
  - {Latency: 406314530, MT_M: 64, MT_N: 128, MT_K: 128, MI_M: 16, MI_N: 16, MI_K: 32,
    Occupancy: 1, WGM: 0, NTA: 0, NTB: 0}
  - {Latency: 411292764, MT_M: 128, MT_N: 64, MT_K: 128, MI_M: 16, MI_N: 16, MI_K: 32,
    Occupancy: 1, WGM: 0, NTA: 0, NTB: 0}
  - {Latency: 524382619, MT_M: 64, MT_N: 64, MT_K: 256, MI_M: 32, MI_N: 32, MI_K: 16,
    Occupancy: 1, WGM: 0, NTA: 0, NTB: 0}
  - {Latency: 913609267, MT_M: 64, MT_N: 32, MT_K: 128, MI_M: 32, MI_N: 32, MI_K: 16,
    Occupancy: 1, WGM: 0, NTA: 0, NTB: 0}
  - {Latency: 915057322, MT_M: 32, MT_N: 64, MT_K: 128, MI_M: 32, MI_N: 32, MI_K: 16,
    Occupancy: 1, WGM: 0, NTA: 0, NTB: 0}
  - {Latency: 1053786107, MT_M: 32, MT_N: 32, MT_K: 512, MI_M: 32, MI_N: 32, MI_K: 16,
    Occupancy: 1, WGM: 0, NTA: 0, NTB: 0}
  - {Latency: 1384459465, MT_M: 64, MT_N: 16, MT_K: 256, MI_M: 16, MI_N: 16, MI_K: 32,
    Occupancy: 1, WGM: 0, NTA: 0, NTB: 0}
  - {Latency: 1388151022, MT_M: 16, MT_N: 64, MT_K: 256, MI_M: 16, MI_N: 16, MI_K: 32,
    Occupancy: 1, WGM: 0, NTA: 0, NTB: 0}
  - {Latency: 1421761777, MT_M: 16, MT_N: 256, MT_K: 32, MI_M: 16, MI_N: 16, MI_K: 32,
    Occupancy: 2, WGM: 0, NTA: 0, NTB: 0}
  - {Latency: 1482385554, MT_M: 32, MT_N: 256, MT_K: 16, MI_M: 32, MI_N: 32, MI_K: 16,
    Occupancy: 2, WGM: 0, NTA: 0, NTB: 0}
  - {Latency: 1632742891, MT_M: 32, MT_N: 16, MT_K: 512, MI_M: 16, MI_N: 16, MI_K: 32,
    Occupancy: 1, WGM: 0, NTA: 0, NTB: 0}
  - {Latency: 1634726322, MT_M: 16, MT_N: 32, MT_K: 512, MI_M: 16, MI_N: 16, MI_K: 32,
    Occupancy: 1, WGM: 0, NTA: 0, NTB: 0}
  - {Latency: 1906470389, MT_M: 16, MT_N: 128, MT_K: 32, MI_M: 16, MI_N: 16, MI_K: 32,
    Occupancy: 3, WGM: 0, NTA: 0, NTB: 0}
  - {Latency: 2024166961, MT_M: 32, MT_N: 128, MT_K: 16, MI_M: 32, MI_N: 32, MI_K: 16,
    Occupancy: 5, WGM: 0, NTA: 0, NTB: 0}
  - {Latency: 2319905851, MT_M: 16, MT_N: 16, MT_K: 512, MI_M: 16, MI_N: 16, MI_K: 32,
    Occupancy: 1, WGM: 0, NTA: 0, NTB: 0}
- - {Latency: 26728710, MT_M: 256, MT_N: 256, MT_K: 32, MI_M: 32, MI_N: 32, MI_K: 16,
    Occupancy: 1, WGM: 0, NTA: 0, NTB: 0}
  - {Latency: 32897224, MT_M: 256, MT_N: 192, MT_K: 32, MI_M: 16, MI_N: 16, MI_K: 32,
    Occupancy: 1, WGM: 0, NTA: 0, NTB: 0}
  - {Latency: 33027739, MT_M: 192, MT_N: 192, MT_K: 64, MI_M: 32, MI_N: 32, MI_K: 16,
    Occupancy: 1, WGM: 0, NTA: 0, NTB: 0}
  - {Latency: 33441933, MT_M: 192, MT_N: 256, MT_K: 32, MI_M: 32, MI_N: 32, MI_K: 16,
    Occupancy: 1, WGM: 0, NTA: 0, NTB: 0}
  - {Latency: 37479150, MT_M: 128, MT_N: 256, MT_K: 64, MI_M: 32, MI_N: 32, MI_K: 16,
    Occupancy: 1, WGM: 0, NTA: 0, NTB: 0}
  - {Latency: 37612592, MT_M: 256, MT_N: 128, MT_K: 64, MI_M: 32, MI_N: 32, MI_K: 16,
    Occupancy: 1, WGM: 0, NTA: 0, NTB: 0}
  - {Latency: 40747791, MT_M: 128, MT_N: 192, MT_K: 64, MI_M: 32, MI_N: 32, MI_K: 16,
    Occupancy: 1, WGM: 0, NTA: 0, NTB: 0}
  - {Latency: 41625951, MT_M: 192, MT_N: 128, MT_K: 64, MI_M: 32, MI_N: 32, MI_K: 16,
    Occupancy: 1, WGM: 0, NTA: 0, NTB: 0}
  - {Latency: 45989247, MT_M: 128, MT_N: 128, MT_K: 128, MI_M: 32, MI_N: 32, MI_K: 16,
    Occupancy: 1, WGM: 0, NTA: 0, NTB: 0}
  - {Latency: 59078678, MT_M: 192, MT_N: 64, MT_K: 128, MI_M: 32, MI_N: 32, MI_K: 16,
    Occupancy: 1, WGM: 0, NTA: 0, NTB: 0}
  - {Latency: 59078678, MT_M: 64, MT_N: 192, MT_K: 128, MI_M: 32, MI_N: 32, MI_K: 16,
    Occupancy: 1, WGM: 0, NTA: 0, NTB: 0}
  - {Latency: 59650223, MT_M: 256, MT_N: 64, MT_K: 64, MI_M: 32, MI_N: 32, MI_K: 16,
    Occupancy: 1, WGM: 0, NTA: 0, NTB: 0}
  - {Latency: 60727500, MT_M: 64, MT_N: 256, MT_K: 64, MI_M: 32, MI_N: 32, MI_K: 16,
    Occupancy: 1, WGM: 0, NTA: 0, NTB: 0}
  - {Latency: 69656116, MT_M: 128, MT_N: 64, MT_K: 128, MI_M: 16, MI_N: 16, MI_K: 32,
    Occupancy: 1, WGM: 0, NTA: 0, NTB: 0}
  - {Latency: 71201173, MT_M: 64, MT_N: 128, MT_K: 128, MI_M: 16, MI_N: 16, MI_K: 32,
    Occupancy: 1, WGM: 0, NTA: 0, NTB: 0}
  - {Latency: 88934050, MT_M: 64, MT_N: 64, MT_K: 256, MI_M: 32, MI_N: 32, MI_K: 16,
    Occupancy: 1, WGM: 0, NTA: 0, NTB: 0}
  - {Latency: 154286839, MT_M: 32, MT_N: 64, MT_K: 128, MI_M: 32, MI_N: 32, MI_K: 16,
    Occupancy: 1, WGM: 0, NTA: 0, NTB: 0}
  - {Latency: 154286839, MT_M: 64, MT_N: 32, MT_K: 128, MI_M: 32, MI_N: 32, MI_K: 16,
    Occupancy: 1, WGM: 0, NTA: 0, NTB: 0}
  - {Latency: 177471475, MT_M: 32, MT_N: 32, MT_K: 512, MI_M: 32, MI_N: 32, MI_K: 16,
    Occupancy: 1, WGM: 0, NTA: 0, NTB: 0}
  - {Latency: 233259024, MT_M: 64, MT_N: 16, MT_K: 256, MI_M: 16, MI_N: 16, MI_K: 32,
    Occupancy: 1, WGM: 0, NTA: 0, NTB: 0}
  - {Latency: 233456261, MT_M: 16, MT_N: 64, MT_K: 256, MI_M: 16, MI_N: 16, MI_K: 32,
    Occupancy: 1, WGM: 0, NTA: 0, NTB: 0}
  - {Latency: 248201509, MT_M: 16, MT_N: 256, MT_K: 32, MI_M: 16, MI_N: 16, MI_K: 32,
    Occupancy: 2, WGM: 0, NTA: 0, NTB: 0}
  - {Latency: 258130965, MT_M: 32, MT_N: 256, MT_K: 16, MI_M: 32, MI_N: 32, MI_K: 16,
    Occupancy: 2, WGM: 0, NTA: 0, NTB: 0}
  - {Latency: 274706387, MT_M: 32, MT_N: 16, MT_K: 512, MI_M: 16, MI_N: 16, MI_K: 32,
    Occupancy: 1, WGM: 0, NTA: 0, NTB: 0}
  - {Latency: 274903292, MT_M: 16, MT_N: 32, MT_K: 512, MI_M: 16, MI_N: 16, MI_K: 32,
    Occupancy: 1, WGM: 0, NTA: 0, NTB: 0}
  - {Latency: 331993838, MT_M: 16, MT_N: 128, MT_K: 32, MI_M: 16, MI_N: 16, MI_K: 32,
    Occupancy: 3, WGM: 0, NTA: 0, NTB: 0}
  - {Latency: 352145977, MT_M: 32, MT_N: 128, MT_K: 16, MI_M: 32, MI_N: 32, MI_K: 16,
    Occupancy: 5, WGM: 0, NTA: 0, NTB: 0}
  - {Latency: 389908771, MT_M: 16, MT_N: 16, MT_K: 512, MI_M: 16, MI_N: 16, MI_K: 32,
    Occupancy: 1, WGM: 0, NTA: 0, NTB: 0}
- - {Latency: 32434943, MT_M: 256, MT_N: 192, MT_K: 32, MI_M: 16, MI_N: 16, MI_K: 32,
    Occupancy: 1, WGM: 0, NTA: 0, NTB: 0}
  - {Latency: 34569069, MT_M: 256, MT_N: 256, MT_K: 32, MI_M: 32, MI_N: 32, MI_K: 16,
    Occupancy: 1, WGM: 0, NTA: 0, NTB: 0}
  - {Latency: 36241417, MT_M: 192, MT_N: 192, MT_K: 64, MI_M: 32, MI_N: 32, MI_K: 16,
    Occupancy: 1, WGM: 0, NTA: 0, NTB: 0}
  - {Latency: 41166565, MT_M: 192, MT_N: 256, MT_K: 32, MI_M: 32, MI_N: 32, MI_K: 16,
    Occupancy: 1, WGM: 0, NTA: 0, NTB: 0}
  - {Latency: 41542649, MT_M: 256, MT_N: 128, MT_K: 64, MI_M: 32, MI_N: 32, MI_K: 16,
    Occupancy: 1, WGM: 0, NTA: 0, NTB: 0}
  - {Latency: 43324365, MT_M: 128, MT_N: 192, MT_K: 64, MI_M: 32, MI_N: 32, MI_K: 16,
    Occupancy: 1, WGM: 0, NTA: 0, NTB: 0}
  - {Latency: 48280147, MT_M: 192, MT_N: 128, MT_K: 64, MI_M: 32, MI_N: 32, MI_K: 16,
    Occupancy: 1, WGM: 0, NTA: 0, NTB: 0}
  - {Latency: 48815416, MT_M: 128, MT_N: 256, MT_K: 64, MI_M: 32, MI_N: 32, MI_K: 16,
    Occupancy: 1, WGM: 0, NTA: 0, NTB: 0}
  - {Latency: 53623694, MT_M: 128, MT_N: 128, MT_K: 128, MI_M: 32, MI_N: 32, MI_K: 16,
    Occupancy: 1, WGM: 0, NTA: 0, NTB: 0}
  - {Latency: 64972540, MT_M: 256, MT_N: 64, MT_K: 64, MI_M: 32, MI_N: 32, MI_K: 16,
    Occupancy: 1, WGM: 0, NTA: 0, NTB: 0}
  - {Latency: 65372613, MT_M: 192, MT_N: 64, MT_K: 128, MI_M: 32, MI_N: 32, MI_K: 16,
    Occupancy: 1, WGM: 0, NTA: 0, NTB: 0}
  - {Latency: 65372613, MT_M: 64, MT_N: 192, MT_K: 128, MI_M: 32, MI_N: 32, MI_K: 16,
    Occupancy: 1, WGM: 0, NTA: 0, NTB: 0}
  - {Latency: 76036913, MT_M: 128, MT_N: 64, MT_K: 128, MI_M: 16, MI_N: 16, MI_K: 32,
    Occupancy: 1, WGM: 0, NTA: 0, NTB: 0}
  - {Latency: 82944065, MT_M: 64, MT_N: 128, MT_K: 128, MI_M: 16, MI_N: 16, MI_K: 32,
    Occupancy: 1, WGM: 0, NTA: 0, NTB: 0}
  - {Latency: 83063006, MT_M: 64, MT_N: 256, MT_K: 64, MI_M: 32, MI_N: 32, MI_K: 16,
    Occupancy: 1, WGM: 0, NTA: 0, NTB: 0}
  - {Latency: 98047866, MT_M: 64, MT_N: 64, MT_K: 256, MI_M: 32, MI_N: 32, MI_K: 16,
    Occupancy: 1, WGM: 0, NTA: 0, NTB: 0}
  - {Latency: 170515415, MT_M: 32, MT_N: 64, MT_K: 128, MI_M: 32, MI_N: 32, MI_K: 16,
    Occupancy: 1, WGM: 0, NTA: 0, NTB: 0}
  - {Latency: 170579934, MT_M: 64, MT_N: 32, MT_K: 128, MI_M: 32, MI_N: 32, MI_K: 16,
    Occupancy: 1, WGM: 0, NTA: 0, NTB: 0}
  - {Latency: 195873867, MT_M: 32, MT_N: 32, MT_K: 512, MI_M: 32, MI_N: 32, MI_K: 16,
    Occupancy: 1, WGM: 0, NTA: 0, NTB: 0}
  - {Latency: 251681490, MT_M: 64, MT_N: 16, MT_K: 256, MI_M: 16, MI_N: 16, MI_K: 32,
    Occupancy: 1, WGM: 0, NTA: 0, NTB: 0}
  - {Latency: 257393375, MT_M: 16, MT_N: 64, MT_K: 256, MI_M: 16, MI_N: 16, MI_K: 32,
    Occupancy: 1, WGM: 0, NTA: 0, NTB: 0}
  - {Latency: 296907190, MT_M: 32, MT_N: 16, MT_K: 512, MI_M: 16, MI_N: 16, MI_K: 32,
    Occupancy: 1, WGM: 0, NTA: 0, NTB: 0}
  - {Latency: 303358917, MT_M: 16, MT_N: 32, MT_K: 512, MI_M: 16, MI_N: 16, MI_K: 32,
    Occupancy: 1, WGM: 0, NTA: 0, NTB: 0}
  - {Latency: 330510445, MT_M: 16, MT_N: 256, MT_K: 32, MI_M: 16, MI_N: 16, MI_K: 32,
    Occupancy: 2, WGM: 0, NTA: 0, NTB: 0}
  - {Latency: 348062827, MT_M: 32, MT_N: 256, MT_K: 16, MI_M: 32, MI_N: 32, MI_K: 16,
    Occupancy: 2, WGM: 0, NTA: 0, NTB: 0}
  - {Latency: 380699651, MT_M: 16, MT_N: 128, MT_K: 32, MI_M: 16, MI_N: 16, MI_K: 32,
    Occupancy: 3, WGM: 0, NTA: 0, NTB: 0}
  - {Latency: 406687878, MT_M: 32, MT_N: 128, MT_K: 16, MI_M: 32, MI_N: 32, MI_K: 16,
    Occupancy: 5, WGM: 0, NTA: 0, NTB: 0}
  - {Latency: 421530106, MT_M: 16, MT_N: 16, MT_K: 512, MI_M: 16, MI_N: 16, MI_K: 32,
    Occupancy: 1, WGM: 0, NTA: 0, NTB: 0}
- - {Latency: 28394014, MT_M: 256, MT_N: 256, MT_K: 32, MI_M: 32, MI_N: 32, MI_K: 16,
    Occupancy: 1, WGM: 0, NTA: 0, NTB: 0}
  - {Latency: 33885582, MT_M: 192, MT_N: 256, MT_K: 32, MI_M: 32, MI_N: 32, MI_K: 16,
    Occupancy: 1, WGM: 0, NTA: 0, NTB: 0}
  - {Latency: 33886337, MT_M: 256, MT_N: 192, MT_K: 32, MI_M: 16, MI_N: 16, MI_K: 32,
    Occupancy: 1, WGM: 0, NTA: 0, NTB: 0}
  - {Latency: 35506035, MT_M: 192, MT_N: 192, MT_K: 64, MI_M: 32, MI_N: 32, MI_K: 16,
    Occupancy: 1, WGM: 0, NTA: 0, NTB: 0}
  - {Latency: 39795519, MT_M: 256, MT_N: 128, MT_K: 64, MI_M: 32, MI_N: 32, MI_K: 16,
    Occupancy: 1, WGM: 0, NTA: 0, NTB: 0}
  - {Latency: 39795519, MT_M: 128, MT_N: 256, MT_K: 64, MI_M: 32, MI_N: 32, MI_K: 16,
    Occupancy: 1, WGM: 0, NTA: 0, NTB: 0}
  - {Latency: 45269138, MT_M: 128, MT_N: 192, MT_K: 64, MI_M: 32, MI_N: 32, MI_K: 16,
    Occupancy: 1, WGM: 0, NTA: 0, NTB: 0}
  - {Latency: 45318400, MT_M: 192, MT_N: 128, MT_K: 64, MI_M: 32, MI_N: 32, MI_K: 16,
    Occupancy: 1, WGM: 0, NTA: 0, NTB: 0}
  - {Latency: 51520475, MT_M: 128, MT_N: 128, MT_K: 128, MI_M: 32, MI_N: 32, MI_K: 16,
    Occupancy: 1, WGM: 0, NTA: 0, NTB: 0}
  - {Latency: 67486051, MT_M: 256, MT_N: 64, MT_K: 64, MI_M: 32, MI_N: 32, MI_K: 16,
    Occupancy: 1, WGM: 0, NTA: 0, NTB: 0}
  - {Latency: 67486051, MT_M: 64, MT_N: 256, MT_K: 64, MI_M: 32, MI_N: 32, MI_K: 16,
    Occupancy: 1, WGM: 0, NTA: 0, NTB: 0}
  - {Latency: 68391943, MT_M: 64, MT_N: 192, MT_K: 128, MI_M: 32, MI_N: 32, MI_K: 16,
    Occupancy: 1, WGM: 0, NTA: 0, NTB: 0}
  - {Latency: 68471464, MT_M: 192, MT_N: 64, MT_K: 128, MI_M: 32, MI_N: 32, MI_K: 16,
    Occupancy: 1, WGM: 0, NTA: 0, NTB: 0}
  - {Latency: 79545888, MT_M: 128, MT_N: 64, MT_K: 128, MI_M: 16, MI_N: 16, MI_K: 32,
    Occupancy: 1, WGM: 0, NTA: 0, NTB: 0}
  - {Latency: 79545888, MT_M: 64, MT_N: 128, MT_K: 128, MI_M: 16, MI_N: 16, MI_K: 32,
    Occupancy: 1, WGM: 0, NTA: 0, NTB: 0}
  - {Latency: 102328857, MT_M: 64, MT_N: 64, MT_K: 256, MI_M: 32, MI_N: 32, MI_K: 16,
    Occupancy: 1, WGM: 0, NTA: 0, NTB: 0}
  - {Latency: 177502403, MT_M: 32, MT_N: 64, MT_K: 128, MI_M: 32, MI_N: 32, MI_K: 16,
    Occupancy: 1, WGM: 0, NTA: 0, NTB: 0}
  - {Latency: 177591284, MT_M: 64, MT_N: 32, MT_K: 128, MI_M: 32, MI_N: 32, MI_K: 16,
    Occupancy: 1, WGM: 0, NTA: 0, NTB: 0}
  - {Latency: 206250806, MT_M: 32, MT_N: 32, MT_K: 512, MI_M: 32, MI_N: 32, MI_K: 16,
    Occupancy: 1, WGM: 0, NTA: 0, NTB: 0}
  - {Latency: 269688926, MT_M: 64, MT_N: 16, MT_K: 256, MI_M: 16, MI_N: 16, MI_K: 32,
    Occupancy: 1, WGM: 0, NTA: 0, NTB: 0}
  - {Latency: 270301198, MT_M: 16, MT_N: 64, MT_K: 256, MI_M: 16, MI_N: 16, MI_K: 32,
    Occupancy: 1, WGM: 0, NTA: 0, NTB: 0}
  - {Latency: 273588427, MT_M: 16, MT_N: 256, MT_K: 32, MI_M: 16, MI_N: 16, MI_K: 32,
    Occupancy: 2, WGM: 0, NTA: 0, NTB: 0}
  - {Latency: 284538861, MT_M: 32, MT_N: 256, MT_K: 16, MI_M: 32, MI_N: 32, MI_K: 16,
    Occupancy: 2, WGM: 0, NTA: 0, NTB: 0}
  - {Latency: 320415398, MT_M: 32, MT_N: 16, MT_K: 512, MI_M: 16, MI_N: 16, MI_K: 32,
    Occupancy: 1, WGM: 0, NTA: 0, NTB: 0}
  - {Latency: 321176122, MT_M: 16, MT_N: 32, MT_K: 512, MI_M: 16, MI_N: 16, MI_K: 32,
    Occupancy: 1, WGM: 0, NTA: 0, NTB: 0}
  - {Latency: 366131796, MT_M: 16, MT_N: 128, MT_K: 32, MI_M: 16, MI_N: 16, MI_K: 32,
    Occupancy: 3, WGM: 0, NTA: 0, NTB: 0}
  - {Latency: 387792861, MT_M: 32, MT_N: 128, MT_K: 16, MI_M: 32, MI_N: 32, MI_K: 16,
    Occupancy: 5, WGM: 0, NTA: 0, NTB: 0}
  - {Latency: 457318782, MT_M: 16, MT_N: 16, MT_K: 512, MI_M: 16, MI_N: 16, MI_K: 32,
    Occupancy: 1, WGM: 0, NTA: 0, NTB: 0}
- - {Latency: 18418572, MT_M: 256, MT_N: 256, MT_K: 32, MI_M: 32, MI_N: 32, MI_K: 16,
    Occupancy: 1, WGM: 0, NTA: 0, NTB: 0}
  - {Latency: 18829424, MT_M: 192, MT_N: 192, MT_K: 64, MI_M: 32, MI_N: 32, MI_K: 16,
    Occupancy: 1, WGM: 0, NTA: 0, NTB: 0}
  - {Latency: 20057327, MT_M: 256, MT_N: 192, MT_K: 32, MI_M: 16, MI_N: 16, MI_K: 32,
    Occupancy: 1, WGM: 0, NTA: 0, NTB: 0}
  - {Latency: 20600783, MT_M: 192, MT_N: 256, MT_K: 32, MI_M: 32, MI_N: 32, MI_K: 16,
    Occupancy: 1, WGM: 0, NTA: 0, NTB: 0}
  - {Latency: 22687238, MT_M: 256, MT_N: 128, MT_K: 64, MI_M: 32, MI_N: 32, MI_K: 16,
    Occupancy: 1, WGM: 0, NTA: 0, NTB: 0}
  - {Latency: 22687238, MT_M: 128, MT_N: 256, MT_K: 64, MI_M: 32, MI_N: 32, MI_K: 16,
    Occupancy: 1, WGM: 0, NTA: 0, NTB: 0}
  - {Latency: 24158144, MT_M: 128, MT_N: 192, MT_K: 64, MI_M: 32, MI_N: 32, MI_K: 16,
    Occupancy: 1, WGM: 0, NTA: 0, NTB: 0}
  - {Latency: 27630503, MT_M: 192, MT_N: 128, MT_K: 64, MI_M: 32, MI_N: 32, MI_K: 16,
    Occupancy: 1, WGM: 0, NTA: 0, NTB: 0}
  - {Latency: 29322960, MT_M: 128, MT_N: 128, MT_K: 128, MI_M: 32, MI_N: 32, MI_K: 16,
    Occupancy: 1, WGM: 0, NTA: 0, NTB: 0}
  - {Latency: 36371816, MT_M: 192, MT_N: 64, MT_K: 128, MI_M: 32, MI_N: 32, MI_K: 16,
    Occupancy: 1, WGM: 0, NTA: 0, NTB: 0}
  - {Latency: 36371816, MT_M: 64, MT_N: 192, MT_K: 128, MI_M: 32, MI_N: 32, MI_K: 16,
    Occupancy: 1, WGM: 0, NTA: 0, NTB: 0}
  - {Latency: 37498122, MT_M: 256, MT_N: 64, MT_K: 64, MI_M: 32, MI_N: 32, MI_K: 16,
    Occupancy: 1, WGM: 0, NTA: 0, NTB: 0}
  - {Latency: 38601252, MT_M: 64, MT_N: 256, MT_K: 64, MI_M: 32, MI_N: 32, MI_K: 16,
    Occupancy: 1, WGM: 0, NTA: 0, NTB: 0}
  - {Latency: 42391633, MT_M: 128, MT_N: 64, MT_K: 128, MI_M: 16, MI_N: 16, MI_K: 32,
    Occupancy: 1, WGM: 0, NTA: 0, NTB: 0}
  - {Latency: 45290672, MT_M: 64, MT_N: 128, MT_K: 128, MI_M: 16, MI_N: 16, MI_K: 32,
    Occupancy: 1, WGM: 0, NTA: 0, NTB: 0}
  - {Latency: 53540176, MT_M: 64, MT_N: 64, MT_K: 256, MI_M: 32, MI_N: 32, MI_K: 16,
    Occupancy: 1, WGM: 0, NTA: 0, NTB: 0}
  - {Latency: 92840807, MT_M: 32, MT_N: 64, MT_K: 128, MI_M: 32, MI_N: 32, MI_K: 16,
    Occupancy: 1, WGM: 0, NTA: 0, NTB: 0}
  - {Latency: 92912609, MT_M: 64, MT_N: 32, MT_K: 128, MI_M: 32, MI_N: 32, MI_K: 16,
    Occupancy: 1, WGM: 0, NTA: 0, NTB: 0}
  - {Latency: 106469489, MT_M: 32, MT_N: 32, MT_K: 512, MI_M: 32, MI_N: 32, MI_K: 16,
    Occupancy: 1, WGM: 0, NTA: 0, NTB: 0}
  - {Latency: 139819059, MT_M: 64, MT_N: 16, MT_K: 256, MI_M: 16, MI_N: 16, MI_K: 32,
    Occupancy: 1, WGM: 0, NTA: 0, NTB: 0}
  - {Latency: 139838573, MT_M: 16, MT_N: 64, MT_K: 256, MI_M: 16, MI_N: 16, MI_K: 32,
    Occupancy: 1, WGM: 0, NTA: 0, NTB: 0}
  - {Latency: 154492382, MT_M: 16, MT_N: 256, MT_K: 32, MI_M: 16, MI_N: 16, MI_K: 32,
    Occupancy: 2, WGM: 0, NTA: 0, NTB: 0}
  - {Latency: 163666038, MT_M: 32, MT_N: 256, MT_K: 16, MI_M: 32, MI_N: 32, MI_K: 16,
    Occupancy: 2, WGM: 0, NTA: 0, NTB: 0}
  - {Latency: 165099466, MT_M: 32, MT_N: 16, MT_K: 512, MI_M: 16, MI_N: 16, MI_K: 32,
    Occupancy: 1, WGM: 0, NTA: 0, NTB: 0}
  - {Latency: 165238263, MT_M: 16, MT_N: 32, MT_K: 512, MI_M: 16, MI_N: 16, MI_K: 32,
    Occupancy: 1, WGM: 0, NTA: 0, NTB: 0}
  - {Latency: 204426041, MT_M: 16, MT_N: 128, MT_K: 32, MI_M: 16, MI_N: 16, MI_K: 32,
    Occupancy: 3, WGM: 0, NTA: 0, NTB: 0}
  - {Latency: 218954755, MT_M: 32, MT_N: 128, MT_K: 16, MI_M: 32, MI_N: 32, MI_K: 16,
    Occupancy: 5, WGM: 0, NTA: 0, NTB: 0}
  - {Latency: 234312219, MT_M: 16, MT_N: 16, MT_K: 512, MI_M: 16, MI_N: 16, MI_K: 32,
    Occupancy: 1, WGM: 0, NTA: 0, NTB: 0}
- - {Latency: 14184291, MT_M: 256, MT_N: 256, MT_K: 32, MI_M: 32, MI_N: 32, MI_K: 16,
    Occupancy: 1, WGM: 0, NTA: 0, NTB: 0}
  - {Latency: 16905809, MT_M: 192, MT_N: 256, MT_K: 32, MI_M: 32, MI_N: 32, MI_K: 16,
    Occupancy: 1, WGM: 0, NTA: 0, NTB: 0}
  - {Latency: 17115901, MT_M: 256, MT_N: 192, MT_K: 32, MI_M: 16, MI_N: 16, MI_K: 32,
    Occupancy: 1, WGM: 0, NTA: 0, NTB: 0}
  - {Latency: 17496027, MT_M: 192, MT_N: 192, MT_K: 64, MI_M: 32, MI_N: 32, MI_K: 16,
    Occupancy: 1, WGM: 0, NTA: 0, NTB: 0}
  - {Latency: 19081507, MT_M: 256, MT_N: 128, MT_K: 64, MI_M: 32, MI_N: 32, MI_K: 16,
    Occupancy: 1, WGM: 0, NTA: 0, NTB: 0}
  - {Latency: 19081507, MT_M: 128, MT_N: 256, MT_K: 64, MI_M: 32, MI_N: 32, MI_K: 16,
    Occupancy: 1, WGM: 0, NTA: 0, NTB: 0}
  - {Latency: 21923768, MT_M: 192, MT_N: 128, MT_K: 64, MI_M: 32, MI_N: 32, MI_K: 16,
    Occupancy: 1, WGM: 0, NTA: 0, NTB: 0}
  - {Latency: 22175393, MT_M: 128, MT_N: 192, MT_K: 64, MI_M: 32, MI_N: 32, MI_K: 16,
    Occupancy: 1, WGM: 0, NTA: 0, NTB: 0}
  - {Latency: 24126401, MT_M: 128, MT_N: 128, MT_K: 128, MI_M: 32, MI_N: 32, MI_K: 16,
    Occupancy: 1, WGM: 0, NTA: 0, NTB: 0}
  - {Latency: 31610806, MT_M: 256, MT_N: 64, MT_K: 64, MI_M: 32, MI_N: 32, MI_K: 16,
    Occupancy: 1, WGM: 0, NTA: 0, NTB: 0}
  - {Latency: 31610806, MT_M: 64, MT_N: 256, MT_K: 64, MI_M: 32, MI_N: 32, MI_K: 16,
    Occupancy: 1, WGM: 0, NTA: 0, NTB: 0}
  - {Latency: 32459115, MT_M: 192, MT_N: 64, MT_K: 128, MI_M: 32, MI_N: 32, MI_K: 16,
    Occupancy: 1, WGM: 0, NTA: 0, NTB: 0}
  - {Latency: 33284595, MT_M: 64, MT_N: 192, MT_K: 128, MI_M: 32, MI_N: 32, MI_K: 16,
    Occupancy: 1, WGM: 0, NTA: 0, NTB: 0}
  - {Latency: 37154967, MT_M: 128, MT_N: 64, MT_K: 128, MI_M: 16, MI_N: 16, MI_K: 32,
    Occupancy: 1, WGM: 0, NTA: 0, NTB: 0}
  - {Latency: 37154967, MT_M: 64, MT_N: 128, MT_K: 128, MI_M: 16, MI_N: 16, MI_K: 32,
    Occupancy: 1, WGM: 0, NTA: 0, NTB: 0}
  - {Latency: 48192292, MT_M: 64, MT_N: 64, MT_K: 256, MI_M: 32, MI_N: 32, MI_K: 16,
    Occupancy: 1, WGM: 0, NTA: 0, NTB: 0}
  - {Latency: 82888087, MT_M: 32, MT_N: 64, MT_K: 128, MI_M: 32, MI_N: 32, MI_K: 16,
    Occupancy: 1, WGM: 0, NTA: 0, NTB: 0}
  - {Latency: 82888087, MT_M: 64, MT_N: 32, MT_K: 128, MI_M: 32, MI_N: 32, MI_K: 16,
    Occupancy: 1, WGM: 0, NTA: 0, NTB: 0}
  - {Latency: 99372112, MT_M: 32, MT_N: 32, MT_K: 512, MI_M: 32, MI_N: 32, MI_K: 16,
    Occupancy: 1, WGM: 0, NTA: 0, NTB: 0}
  - {Latency: 126443357, MT_M: 64, MT_N: 16, MT_K: 256, MI_M: 16, MI_N: 16, MI_K: 32,
    Occupancy: 1, WGM: 0, NTA: 0, NTB: 0}
  - {Latency: 127511252, MT_M: 16, MT_N: 64, MT_K: 256, MI_M: 16, MI_N: 16, MI_K: 32,
    Occupancy: 1, WGM: 0, NTA: 0, NTB: 0}
  - {Latency: 128213109, MT_M: 16, MT_N: 256, MT_K: 32, MI_M: 16, MI_N: 16, MI_K: 32,
    Occupancy: 2, WGM: 0, NTA: 0, NTB: 0}
  - {Latency: 132502904, MT_M: 32, MT_N: 256, MT_K: 16, MI_M: 32, MI_N: 32, MI_K: 16,
    Occupancy: 2, WGM: 0, NTA: 0, NTB: 0}
  - {Latency: 155002731, MT_M: 32, MT_N: 16, MT_K: 512, MI_M: 16, MI_N: 16, MI_K: 32,
    Occupancy: 1, WGM: 0, NTA: 0, NTB: 0}
  - {Latency: 156173381, MT_M: 16, MT_N: 32, MT_K: 512, MI_M: 16, MI_N: 16, MI_K: 32,
    Occupancy: 1, WGM: 0, NTA: 0, NTB: 0}
  - {Latency: 171204606, MT_M: 16, MT_N: 128, MT_K: 32, MI_M: 16, MI_N: 16, MI_K: 32,
    Occupancy: 3, WGM: 0, NTA: 0, NTB: 0}
  - {Latency: 180992923, MT_M: 32, MT_N: 128, MT_K: 16, MI_M: 32, MI_N: 32, MI_K: 16,
    Occupancy: 5, WGM: 0, NTA: 0, NTB: 0}
  - {Latency: 224334820, MT_M: 16, MT_N: 16, MT_K: 512, MI_M: 16, MI_N: 16, MI_K: 32,
    Occupancy: 1, WGM: 0, NTA: 0, NTB: 0}
- - {Latency: 84073526, MT_M: 256, MT_N: 256, MT_K: 32, MI_M: 32, MI_N: 32, MI_K: 16,
    Occupancy: 1, WGM: 0, NTA: 0, NTB: 0}
  - {Latency: 99375997, MT_M: 192, MT_N: 256, MT_K: 32, MI_M: 32, MI_N: 32, MI_K: 16,
    Occupancy: 1, WGM: 0, NTA: 0, NTB: 0}
  - {Latency: 99597980, MT_M: 256, MT_N: 192, MT_K: 32, MI_M: 16, MI_N: 16, MI_K: 32,
    Occupancy: 1, WGM: 0, NTA: 0, NTB: 0}
  - {Latency: 103276190, MT_M: 192, MT_N: 192, MT_K: 64, MI_M: 32, MI_N: 32, MI_K: 16,
    Occupancy: 1, WGM: 0, NTA: 0, NTB: 0}
  - {Latency: 115762669, MT_M: 128, MT_N: 256, MT_K: 64, MI_M: 32, MI_N: 32, MI_K: 16,
    Occupancy: 1, WGM: 0, NTA: 0, NTB: 0}
  - {Latency: 115976629, MT_M: 256, MT_N: 128, MT_K: 64, MI_M: 32, MI_N: 32, MI_K: 16,
    Occupancy: 1, WGM: 0, NTA: 0, NTB: 0}
  - {Latency: 131240189, MT_M: 192, MT_N: 128, MT_K: 64, MI_M: 32, MI_N: 32, MI_K: 16,
    Occupancy: 1, WGM: 0, NTA: 0, NTB: 0}
  - {Latency: 131240189, MT_M: 128, MT_N: 192, MT_K: 64, MI_M: 32, MI_N: 32, MI_K: 16,
    Occupancy: 1, WGM: 0, NTA: 0, NTB: 0}
  - {Latency: 147742800, MT_M: 128, MT_N: 128, MT_K: 128, MI_M: 32, MI_N: 32, MI_K: 16,
    Occupancy: 1, WGM: 0, NTA: 0, NTB: 0}
  - {Latency: 195328841, MT_M: 64, MT_N: 256, MT_K: 64, MI_M: 32, MI_N: 32, MI_K: 16,
    Occupancy: 1, WGM: 0, NTA: 0, NTB: 0}
  - {Latency: 197434609, MT_M: 192, MT_N: 64, MT_K: 128, MI_M: 32, MI_N: 32, MI_K: 16,
    Occupancy: 1, WGM: 0, NTA: 0, NTB: 0}
  - {Latency: 197434609, MT_M: 64, MT_N: 192, MT_K: 128, MI_M: 32, MI_N: 32, MI_K: 16,
    Occupancy: 1, WGM: 0, NTA: 0, NTB: 0}
  - {Latency: 197477294, MT_M: 256, MT_N: 64, MT_K: 64, MI_M: 32, MI_N: 32, MI_K: 16,
    Occupancy: 1, WGM: 0, NTA: 0, NTB: 0}
  - {Latency: 228623424, MT_M: 128, MT_N: 64, MT_K: 128, MI_M: 16, MI_N: 16, MI_K: 32,
    Occupancy: 1, WGM: 0, NTA: 0, NTB: 0}
  - {Latency: 228623424, MT_M: 64, MT_N: 128, MT_K: 128, MI_M: 16, MI_N: 16, MI_K: 32,
    Occupancy: 1, WGM: 0, NTA: 0, NTB: 0}
  - {Latency: 296709097, MT_M: 64, MT_N: 64, MT_K: 256, MI_M: 32, MI_N: 32, MI_K: 16,
    Occupancy: 1, WGM: 0, NTA: 0, NTB: 0}
  - {Latency: 511888149, MT_M: 64, MT_N: 32, MT_K: 128, MI_M: 32, MI_N: 32, MI_K: 16,
    Occupancy: 1, WGM: 0, NTA: 0, NTB: 0}
  - {Latency: 515086739, MT_M: 32, MT_N: 64, MT_K: 128, MI_M: 32, MI_N: 32, MI_K: 16,
    Occupancy: 1, WGM: 0, NTA: 0, NTB: 0}
  - {Latency: 589737753, MT_M: 32, MT_N: 32, MT_K: 512, MI_M: 32, MI_N: 32, MI_K: 16,
    Occupancy: 1, WGM: 0, NTA: 0, NTB: 0}
  - {Latency: 775727144, MT_M: 64, MT_N: 16, MT_K: 256, MI_M: 16, MI_N: 16, MI_K: 32,
    Occupancy: 1, WGM: 0, NTA: 0, NTB: 0}
  - {Latency: 784971683, MT_M: 16, MT_N: 64, MT_K: 256, MI_M: 16, MI_N: 16, MI_K: 32,
    Occupancy: 1, WGM: 0, NTA: 0, NTB: 0}
  - {Latency: 798005234, MT_M: 16, MT_N: 256, MT_K: 32, MI_M: 16, MI_N: 16, MI_K: 32,
    Occupancy: 2, WGM: 0, NTA: 0, NTB: 0}
  - {Latency: 829727214, MT_M: 32, MT_N: 256, MT_K: 16, MI_M: 32, MI_N: 32, MI_K: 16,
    Occupancy: 2, WGM: 0, NTA: 0, NTB: 0}
  - {Latency: 911075636, MT_M: 32, MT_N: 16, MT_K: 512, MI_M: 16, MI_N: 16, MI_K: 32,
    Occupancy: 1, WGM: 0, NTA: 0, NTB: 0}
  - {Latency: 915513024, MT_M: 16, MT_N: 32, MT_K: 512, MI_M: 16, MI_N: 16, MI_K: 32,
    Occupancy: 1, WGM: 0, NTA: 0, NTB: 0}
  - {Latency: 1069944121, MT_M: 16, MT_N: 128, MT_K: 32, MI_M: 16, MI_N: 16, MI_K: 32,
    Occupancy: 3, WGM: 0, NTA: 0, NTB: 0}
  - {Latency: 1134441106, MT_M: 32, MT_N: 128, MT_K: 16, MI_M: 32, MI_N: 32, MI_K: 16,
    Occupancy: 5, WGM: 0, NTA: 0, NTB: 0}
  - {Latency: 1295144391, MT_M: 16, MT_N: 16, MT_K: 512, MI_M: 16, MI_N: 16, MI_K: 32,
    Occupancy: 1, WGM: 0, NTA: 0, NTB: 0}
- - {Latency: 1802133, MT_M: 192, MT_N: 256, MT_K: 32, MI_M: 32, MI_N: 32, MI_K: 16,
    Occupancy: 1, WGM: 0, NTA: 0, NTB: 0}
  - {Latency: 2012139, MT_M: 256, MT_N: 256, MT_K: 32, MI_M: 32, MI_N: 32, MI_K: 16,
    Occupancy: 1, WGM: 0, NTA: 0, NTB: 0}
  - {Latency: 2442445, MT_M: 192, MT_N: 128, MT_K: 64, MI_M: 32, MI_N: 32, MI_K: 16,
    Occupancy: 1, WGM: 0, NTA: 0, NTB: 0}
  - {Latency: 2781499, MT_M: 192, MT_N: 64, MT_K: 128, MI_M: 32, MI_N: 32, MI_K: 16,
    Occupancy: 1, WGM: 0, NTA: 0, NTB: 0}
  - {Latency: 2791271, MT_M: 128, MT_N: 128, MT_K: 128, MI_M: 32, MI_N: 32, MI_K: 16,
    Occupancy: 1, WGM: 0, NTA: 0, NTB: 0}
  - {Latency: 2873368, MT_M: 256, MT_N: 128, MT_K: 64, MI_M: 32, MI_N: 32, MI_K: 16,
    Occupancy: 1, WGM: 0, NTA: 0, NTB: 0}
  - {Latency: 2873368, MT_M: 128, MT_N: 256, MT_K: 64, MI_M: 32, MI_N: 32, MI_K: 16,
    Occupancy: 1, WGM: 0, NTA: 0, NTB: 0}
  - {Latency: 3570666, MT_M: 64, MT_N: 128, MT_K: 128, MI_M: 16, MI_N: 16, MI_K: 32,
    Occupancy: 1, WGM: 0, NTA: 0, NTB: 0}
  - {Latency: 3576390, MT_M: 128, MT_N: 64, MT_K: 128, MI_M: 16, MI_N: 16, MI_K: 32,
    Occupancy: 1, WGM: 0, NTA: 0, NTB: 0}
  - {Latency: 3640225, MT_M: 64, MT_N: 256, MT_K: 64, MI_M: 32, MI_N: 32, MI_K: 16,
    Occupancy: 1, WGM: 0, NTA: 0, NTB: 0}
  - {Latency: 3645926, MT_M: 256, MT_N: 64, MT_K: 64, MI_M: 32, MI_N: 32, MI_K: 16,
    Occupancy: 1, WGM: 0, NTA: 0, NTB: 0}
  - {Latency: 4139274, MT_M: 192, MT_N: 192, MT_K: 64, MI_M: 32, MI_N: 32, MI_K: 16,
    Occupancy: 1, WGM: 0, NTA: 0, NTB: 0}
  - {Latency: 4172435, MT_M: 64, MT_N: 64, MT_K: 256, MI_M: 32, MI_N: 32, MI_K: 16,
    Occupancy: 1, WGM: 0, NTA: 0, NTB: 0}
  - {Latency: 5095246, MT_M: 256, MT_N: 192, MT_K: 32, MI_M: 16, MI_N: 16, MI_K: 32,
    Occupancy: 1, WGM: 0, NTA: 0, NTB: 0}
  - {Latency: 5237981, MT_M: 128, MT_N: 192, MT_K: 64, MI_M: 32, MI_N: 32, MI_K: 16,
    Occupancy: 1, WGM: 0, NTA: 0, NTB: 0}
  - {Latency: 5672957, MT_M: 64, MT_N: 32, MT_K: 128, MI_M: 32, MI_N: 32, MI_K: 16,
    Occupancy: 1, WGM: 0, NTA: 0, NTB: 0}
  - {Latency: 6425459, MT_M: 32, MT_N: 32, MT_K: 512, MI_M: 32, MI_N: 32, MI_K: 16,
    Occupancy: 1, WGM: 0, NTA: 0, NTB: 0}
  - {Latency: 6727240, MT_M: 64, MT_N: 192, MT_K: 128, MI_M: 32, MI_N: 32, MI_K: 16,
    Occupancy: 1, WGM: 0, NTA: 0, NTB: 0}
  - {Latency: 7084518, MT_M: 32, MT_N: 64, MT_K: 128, MI_M: 32, MI_N: 32, MI_K: 16,
    Occupancy: 1, WGM: 0, NTA: 0, NTB: 0}
  - {Latency: 7116449, MT_M: 64, MT_N: 16, MT_K: 256, MI_M: 16, MI_N: 16, MI_K: 32,
    Occupancy: 1, WGM: 0, NTA: 0, NTB: 0}
  - {Latency: 8448434, MT_M: 32, MT_N: 16, MT_K: 512, MI_M: 16, MI_N: 16, MI_K: 32,
    Occupancy: 1, WGM: 0, NTA: 0, NTB: 0}
  - {Latency: 9824686, MT_M: 16, MT_N: 32, MT_K: 512, MI_M: 16, MI_N: 16, MI_K: 32,
    Occupancy: 1, WGM: 0, NTA: 0, NTB: 0}
  - {Latency: 10633042, MT_M: 16, MT_N: 64, MT_K: 256, MI_M: 16, MI_N: 16, MI_K: 32,
    Occupancy: 1, WGM: 0, NTA: 0, NTB: 0}
  - {Latency: 10835666, MT_M: 16, MT_N: 256, MT_K: 32, MI_M: 16, MI_N: 16, MI_K: 32,
    Occupancy: 2, WGM: 0, NTA: 0, NTB: 0}
  - {Latency: 12065692, MT_M: 16, MT_N: 16, MT_K: 512, MI_M: 16, MI_N: 16, MI_K: 32,
    Occupancy: 1, WGM: 0, NTA: 0, NTB: 0}
  - {Latency: 12519805, MT_M: 32, MT_N: 256, MT_K: 16, MI_M: 32, MI_N: 32, MI_K: 16,
    Occupancy: 2, WGM: 0, NTA: 0, NTB: 0}
  - {Latency: 14106196, MT_M: 16, MT_N: 128, MT_K: 32, MI_M: 16, MI_N: 16, MI_K: 32,
    Occupancy: 3, WGM: 0, NTA: 0, NTB: 0}
  - {Latency: 15004432, MT_M: 32, MT_N: 128, MT_K: 16, MI_M: 32, MI_N: 32, MI_K: 16,
    Occupancy: 5, WGM: 0, NTA: 0, NTB: 0}
- - {Latency: 16838695, MT_M: 256, MT_N: 256, MT_K: 32, MI_M: 32, MI_N: 32, MI_K: 16,
    Occupancy: 1, WGM: 0, NTA: 0, NTB: 0}
  - {Latency: 18579072, MT_M: 256, MT_N: 128, MT_K: 64, MI_M: 32, MI_N: 32, MI_K: 16,
    Occupancy: 1, WGM: 0, NTA: 0, NTB: 0}
  - {Latency: 19258297, MT_M: 192, MT_N: 192, MT_K: 64, MI_M: 32, MI_N: 32, MI_K: 16,
    Occupancy: 1, WGM: 0, NTA: 0, NTB: 0}
  - {Latency: 19535266, MT_M: 256, MT_N: 192, MT_K: 32, MI_M: 16, MI_N: 16, MI_K: 32,
    Occupancy: 1, WGM: 0, NTA: 0, NTB: 0}
  - {Latency: 19814662, MT_M: 128, MT_N: 256, MT_K: 64, MI_M: 32, MI_N: 32, MI_K: 16,
    Occupancy: 1, WGM: 0, NTA: 0, NTB: 0}
  - {Latency: 20150122, MT_M: 192, MT_N: 256, MT_K: 32, MI_M: 32, MI_N: 32, MI_K: 16,
    Occupancy: 1, WGM: 0, NTA: 0, NTB: 0}
  - {Latency: 22277029, MT_M: 192, MT_N: 128, MT_K: 64, MI_M: 32, MI_N: 32, MI_K: 16,
    Occupancy: 1, WGM: 0, NTA: 0, NTB: 0}
  - {Latency: 22945110, MT_M: 128, MT_N: 192, MT_K: 64, MI_M: 32, MI_N: 32, MI_K: 16,
    Occupancy: 1, WGM: 0, NTA: 0, NTB: 0}
  - {Latency: 23993881, MT_M: 128, MT_N: 128, MT_K: 128, MI_M: 32, MI_N: 32, MI_K: 16,
    Occupancy: 1, WGM: 0, NTA: 0, NTB: 0}
  - {Latency: 31229460, MT_M: 192, MT_N: 64, MT_K: 128, MI_M: 32, MI_N: 32, MI_K: 16,
    Occupancy: 1, WGM: 0, NTA: 0, NTB: 0}
  - {Latency: 31691038, MT_M: 256, MT_N: 64, MT_K: 64, MI_M: 32, MI_N: 32, MI_K: 16,
    Occupancy: 1, WGM: 0, NTA: 0, NTB: 0}
  - {Latency: 32224668, MT_M: 64, MT_N: 192, MT_K: 128, MI_M: 32, MI_N: 32, MI_K: 16,
    Occupancy: 1, WGM: 0, NTA: 0, NTB: 0}
  - {Latency: 33749847, MT_M: 64, MT_N: 256, MT_K: 64, MI_M: 32, MI_N: 32, MI_K: 16,
    Occupancy: 1, WGM: 0, NTA: 0, NTB: 0}
  - {Latency: 35295134, MT_M: 128, MT_N: 64, MT_K: 128, MI_M: 16, MI_N: 16, MI_K: 32,
    Occupancy: 1, WGM: 0, NTA: 0, NTB: 0}
  - {Latency: 35295134, MT_M: 64, MT_N: 128, MT_K: 128, MI_M: 16, MI_N: 16, MI_K: 32,
    Occupancy: 1, WGM: 0, NTA: 0, NTB: 0}
  - {Latency: 44490411, MT_M: 64, MT_N: 64, MT_K: 256, MI_M: 32, MI_N: 32, MI_K: 16,
    Occupancy: 1, WGM: 0, NTA: 0, NTB: 0}
  - {Latency: 73256372, MT_M: 64, MT_N: 32, MT_K: 128, MI_M: 32, MI_N: 32, MI_K: 16,
    Occupancy: 1, WGM: 0, NTA: 0, NTB: 0}
  - {Latency: 76449893, MT_M: 32, MT_N: 64, MT_K: 128, MI_M: 32, MI_N: 32, MI_K: 16,
    Occupancy: 1, WGM: 0, NTA: 0, NTB: 0}
  - {Latency: 83962534, MT_M: 32, MT_N: 32, MT_K: 512, MI_M: 32, MI_N: 32, MI_K: 16,
    Occupancy: 1, WGM: 0, NTA: 0, NTB: 0}
  - {Latency: 111134117, MT_M: 64, MT_N: 16, MT_K: 256, MI_M: 16, MI_N: 16, MI_K: 32,
    Occupancy: 1, WGM: 0, NTA: 0, NTB: 0}
  - {Latency: 115390218, MT_M: 16, MT_N: 64, MT_K: 256, MI_M: 16, MI_N: 16, MI_K: 32,
    Occupancy: 1, WGM: 0, NTA: 0, NTB: 0}
  - {Latency: 130222708, MT_M: 32, MT_N: 16, MT_K: 512, MI_M: 16, MI_N: 16, MI_K: 32,
    Occupancy: 1, WGM: 0, NTA: 0, NTB: 0}
  - {Latency: 130237682, MT_M: 16, MT_N: 32, MT_K: 512, MI_M: 16, MI_N: 16, MI_K: 32,
    Occupancy: 1, WGM: 0, NTA: 0, NTB: 0}
  - {Latency: 133127181, MT_M: 16, MT_N: 256, MT_K: 32, MI_M: 16, MI_N: 16, MI_K: 32,
    Occupancy: 2, WGM: 0, NTA: 0, NTB: 0}
  - {Latency: 142191683, MT_M: 32, MT_N: 256, MT_K: 16, MI_M: 32, MI_N: 32, MI_K: 16,
    Occupancy: 2, WGM: 0, NTA: 0, NTB: 0}
  - {Latency: 158267613, MT_M: 16, MT_N: 128, MT_K: 32, MI_M: 16, MI_N: 16, MI_K: 32,
    Occupancy: 3, WGM: 0, NTA: 0, NTB: 0}
  - {Latency: 170216697, MT_M: 32, MT_N: 128, MT_K: 16, MI_M: 32, MI_N: 32, MI_K: 16,
    Occupancy: 5, WGM: 0, NTA: 0, NTB: 0}
  - {Latency: 184659112, MT_M: 16, MT_N: 16, MT_K: 512, MI_M: 16, MI_N: 16, MI_K: 32,
    Occupancy: 1, WGM: 0, NTA: 0, NTB: 0}
- - {Latency: 13898803, MT_M: 256, MT_N: 192, MT_K: 32, MI_M: 16, MI_N: 16, MI_K: 32,
    Occupancy: 1, WGM: 0, NTA: 0, NTB: 0}
  - {Latency: 14489116, MT_M: 192, MT_N: 192, MT_K: 64, MI_M: 32, MI_N: 32, MI_K: 16,
    Occupancy: 1, WGM: 0, NTA: 0, NTB: 0}
  - {Latency: 17293444, MT_M: 256, MT_N: 256, MT_K: 32, MI_M: 32, MI_N: 32, MI_K: 16,
    Occupancy: 1, WGM: 0, NTA: 0, NTB: 0}
  - {Latency: 18552267, MT_M: 128, MT_N: 192, MT_K: 64, MI_M: 32, MI_N: 32, MI_K: 16,
    Occupancy: 1, WGM: 0, NTA: 0, NTB: 0}
  - {Latency: 18923960, MT_M: 256, MT_N: 128, MT_K: 64, MI_M: 32, MI_N: 32, MI_K: 16,
    Occupancy: 1, WGM: 0, NTA: 0, NTB: 0}
  - {Latency: 19297718, MT_M: 192, MT_N: 128, MT_K: 64, MI_M: 32, MI_N: 32, MI_K: 16,
    Occupancy: 1, WGM: 0, NTA: 0, NTB: 0}
  - {Latency: 20333360, MT_M: 128, MT_N: 256, MT_K: 64, MI_M: 32, MI_N: 32, MI_K: 16,
    Occupancy: 1, WGM: 0, NTA: 0, NTB: 0}
  - {Latency: 20537347, MT_M: 192, MT_N: 256, MT_K: 32, MI_M: 32, MI_N: 32, MI_K: 16,
    Occupancy: 1, WGM: 0, NTA: 0, NTB: 0}
  - {Latency: 21935874, MT_M: 128, MT_N: 128, MT_K: 128, MI_M: 32, MI_N: 32, MI_K: 16,
    Occupancy: 1, WGM: 0, NTA: 0, NTB: 0}
  - {Latency: 25679207, MT_M: 192, MT_N: 64, MT_K: 128, MI_M: 32, MI_N: 32, MI_K: 16,
    Occupancy: 1, WGM: 0, NTA: 0, NTB: 0}
  - {Latency: 25679207, MT_M: 64, MT_N: 192, MT_K: 128, MI_M: 32, MI_N: 32, MI_K: 16,
    Occupancy: 1, WGM: 0, NTA: 0, NTB: 0}
  - {Latency: 27892892, MT_M: 256, MT_N: 64, MT_K: 64, MI_M: 32, MI_N: 32, MI_K: 16,
    Occupancy: 1, WGM: 0, NTA: 0, NTB: 0}
  - {Latency: 30760618, MT_M: 128, MT_N: 64, MT_K: 128, MI_M: 16, MI_N: 16, MI_K: 32,
    Occupancy: 1, WGM: 0, NTA: 0, NTB: 0}
  - {Latency: 33916301, MT_M: 64, MT_N: 128, MT_K: 128, MI_M: 16, MI_N: 16, MI_K: 32,
    Occupancy: 1, WGM: 0, NTA: 0, NTB: 0}
  - {Latency: 34588863, MT_M: 64, MT_N: 256, MT_K: 64, MI_M: 32, MI_N: 32, MI_K: 16,
    Occupancy: 1, WGM: 0, NTA: 0, NTB: 0}
  - {Latency: 38513815, MT_M: 64, MT_N: 64, MT_K: 256, MI_M: 32, MI_N: 32, MI_K: 16,
    Occupancy: 1, WGM: 0, NTA: 0, NTB: 0}
  - {Latency: 65047430, MT_M: 64, MT_N: 32, MT_K: 128, MI_M: 32, MI_N: 32, MI_K: 16,
    Occupancy: 1, WGM: 0, NTA: 0, NTB: 0}
  - {Latency: 67216626, MT_M: 32, MT_N: 64, MT_K: 128, MI_M: 32, MI_N: 32, MI_K: 16,
    Occupancy: 1, WGM: 0, NTA: 0, NTB: 0}
  - {Latency: 73658249, MT_M: 32, MT_N: 32, MT_K: 512, MI_M: 32, MI_N: 32, MI_K: 16,
    Occupancy: 1, WGM: 0, NTA: 0, NTB: 0}
  - {Latency: 97588207, MT_M: 64, MT_N: 16, MT_K: 256, MI_M: 16, MI_N: 16, MI_K: 32,
    Occupancy: 1, WGM: 0, NTA: 0, NTB: 0}
  - {Latency: 101841698, MT_M: 16, MT_N: 64, MT_K: 256, MI_M: 16, MI_N: 16, MI_K: 32,
    Occupancy: 1, WGM: 0, NTA: 0, NTB: 0}
  - {Latency: 114260205, MT_M: 32, MT_N: 16, MT_K: 512, MI_M: 16, MI_N: 16, MI_K: 32,
    Occupancy: 1, WGM: 0, NTA: 0, NTB: 0}
  - {Latency: 114284206, MT_M: 16, MT_N: 32, MT_K: 512, MI_M: 16, MI_N: 16, MI_K: 32,
    Occupancy: 1, WGM: 0, NTA: 0, NTB: 0}
  - {Latency: 131644308, MT_M: 16, MT_N: 256, MT_K: 32, MI_M: 16, MI_N: 16, MI_K: 32,
    Occupancy: 2, WGM: 0, NTA: 0, NTB: 0}
  - {Latency: 137183039, MT_M: 32, MT_N: 256, MT_K: 16, MI_M: 32, MI_N: 32, MI_K: 16,
    Occupancy: 2, WGM: 0, NTA: 0, NTB: 0}
  - {Latency: 149168048, MT_M: 16, MT_N: 128, MT_K: 32, MI_M: 16, MI_N: 16, MI_K: 32,
    Occupancy: 3, WGM: 0, NTA: 0, NTB: 0}
  - {Latency: 160757605, MT_M: 32, MT_N: 128, MT_K: 16, MI_M: 32, MI_N: 32, MI_K: 16,
    Occupancy: 5, WGM: 0, NTA: 0, NTB: 0}
  - {Latency: 162056485, MT_M: 16, MT_N: 16, MT_K: 512, MI_M: 16, MI_N: 16, MI_K: 32,
    Occupancy: 1, WGM: 0, NTA: 0, NTB: 0}
- - {Latency: 10558624, MT_M: 256, MT_N: 192, MT_K: 32, MI_M: 16, MI_N: 16, MI_K: 32,
    Occupancy: 1, WGM: 0, NTA: 0, NTB: 0}
  - {Latency: 11784489, MT_M: 256, MT_N: 128, MT_K: 64, MI_M: 32, MI_N: 32, MI_K: 16,
    Occupancy: 1, WGM: 0, NTA: 0, NTB: 0}
  - {Latency: 12449935, MT_M: 256, MT_N: 256, MT_K: 32, MI_M: 32, MI_N: 32, MI_K: 16,
    Occupancy: 1, WGM: 0, NTA: 0, NTB: 0}
  - {Latency: 12543147, MT_M: 192, MT_N: 192, MT_K: 64, MI_M: 32, MI_N: 32, MI_K: 16,
    Occupancy: 1, WGM: 0, NTA: 0, NTB: 0}
  - {Latency: 13419009, MT_M: 192, MT_N: 128, MT_K: 64, MI_M: 32, MI_N: 32, MI_K: 16,
    Occupancy: 1, WGM: 0, NTA: 0, NTB: 0}
  - {Latency: 13909262, MT_M: 192, MT_N: 256, MT_K: 32, MI_M: 32, MI_N: 32, MI_K: 16,
    Occupancy: 1, WGM: 0, NTA: 0, NTB: 0}
  - {Latency: 14213439, MT_M: 128, MT_N: 192, MT_K: 64, MI_M: 32, MI_N: 32, MI_K: 16,
    Occupancy: 1, WGM: 0, NTA: 0, NTB: 0}
  - {Latency: 15255700, MT_M: 128, MT_N: 128, MT_K: 128, MI_M: 32, MI_N: 32, MI_K: 16,
    Occupancy: 1, WGM: 0, NTA: 0, NTB: 0}
  - {Latency: 15446350, MT_M: 128, MT_N: 256, MT_K: 64, MI_M: 32, MI_N: 32, MI_K: 16,
    Occupancy: 1, WGM: 0, NTA: 0, NTB: 0}
  - {Latency: 19043048, MT_M: 192, MT_N: 64, MT_K: 128, MI_M: 32, MI_N: 32, MI_K: 16,
    Occupancy: 1, WGM: 0, NTA: 0, NTB: 0}
  - {Latency: 20037670, MT_M: 256, MT_N: 64, MT_K: 64, MI_M: 32, MI_N: 32, MI_K: 16,
    Occupancy: 1, WGM: 0, NTA: 0, NTB: 0}
  - {Latency: 21566282, MT_M: 64, MT_N: 192, MT_K: 128, MI_M: 32, MI_N: 32, MI_K: 16,
    Occupancy: 1, WGM: 0, NTA: 0, NTB: 0}
  - {Latency: 22561330, MT_M: 64, MT_N: 128, MT_K: 128, MI_M: 16, MI_N: 16, MI_K: 32,
    Occupancy: 1, WGM: 0, NTA: 0, NTB: 0}
  - {Latency: 22585523, MT_M: 128, MT_N: 64, MT_K: 128, MI_M: 16, MI_N: 16, MI_K: 32,
    Occupancy: 1, WGM: 0, NTA: 0, NTB: 0}
  - {Latency: 24307839, MT_M: 64, MT_N: 256, MT_K: 64, MI_M: 32, MI_N: 32, MI_K: 16,
    Occupancy: 1, WGM: 0, NTA: 0, NTB: 0}
  - {Latency: 28505672, MT_M: 64, MT_N: 64, MT_K: 256, MI_M: 32, MI_N: 32, MI_K: 16,
    Occupancy: 1, WGM: 0, NTA: 0, NTB: 0}
  - {Latency: 45961171, MT_M: 64, MT_N: 32, MT_K: 128, MI_M: 32, MI_N: 32, MI_K: 16,
    Occupancy: 1, WGM: 0, NTA: 0, NTB: 0}
  - {Latency: 48917769, MT_M: 32, MT_N: 64, MT_K: 128, MI_M: 32, MI_N: 32, MI_K: 16,
    Occupancy: 1, WGM: 0, NTA: 0, NTB: 0}
  - {Latency: 53586554, MT_M: 32, MT_N: 32, MT_K: 512, MI_M: 32, MI_N: 32, MI_K: 16,
    Occupancy: 1, WGM: 0, NTA: 0, NTB: 0}
  - {Latency: 66994802, MT_M: 64, MT_N: 16, MT_K: 256, MI_M: 16, MI_N: 16, MI_K: 32,
    Occupancy: 1, WGM: 0, NTA: 0, NTB: 0}
  - {Latency: 74492751, MT_M: 16, MT_N: 64, MT_K: 256, MI_M: 16, MI_N: 16, MI_K: 32,
    Occupancy: 1, WGM: 0, NTA: 0, NTB: 0}
  - {Latency: 79790401, MT_M: 32, MT_N: 16, MT_K: 512, MI_M: 16, MI_N: 16, MI_K: 32,
    Occupancy: 1, WGM: 0, NTA: 0, NTB: 0}
  - {Latency: 82900925, MT_M: 16, MT_N: 32, MT_K: 512, MI_M: 16, MI_N: 16, MI_K: 32,
    Occupancy: 1, WGM: 0, NTA: 0, NTB: 0}
  - {Latency: 95009420, MT_M: 16, MT_N: 256, MT_K: 32, MI_M: 16, MI_N: 16, MI_K: 32,
    Occupancy: 2, WGM: 0, NTA: 0, NTB: 0}
  - {Latency: 100215766, MT_M: 16, MT_N: 128, MT_K: 32, MI_M: 16, MI_N: 16, MI_K: 32,
    Occupancy: 3, WGM: 0, NTA: 0, NTB: 0}
  - {Latency: 100820372, MT_M: 32, MT_N: 256, MT_K: 16, MI_M: 32, MI_N: 32, MI_K: 16,
    Occupancy: 2, WGM: 0, NTA: 0, NTB: 0}
  - {Latency: 107467388, MT_M: 32, MT_N: 128, MT_K: 16, MI_M: 32, MI_N: 32, MI_K: 16,
    Occupancy: 5, WGM: 0, NTA: 0, NTB: 0}
  - {Latency: 113341494, MT_M: 16, MT_N: 16, MT_K: 512, MI_M: 16, MI_N: 16, MI_K: 32,
    Occupancy: 1, WGM: 0, NTA: 0, NTB: 0}
- - {Latency: 7933492, MT_M: 256, MT_N: 256, MT_K: 32, MI_M: 32, MI_N: 32, MI_K: 16,
    Occupancy: 1, WGM: 0, NTA: 0, NTB: 0}
  - {Latency: 9622865, MT_M: 192, MT_N: 192, MT_K: 64, MI_M: 32, MI_N: 32, MI_K: 16,
    Occupancy: 1, WGM: 0, NTA: 0, NTB: 0}
  - {Latency: 9675931, MT_M: 192, MT_N: 256, MT_K: 32, MI_M: 32, MI_N: 32, MI_K: 16,
    Occupancy: 1, WGM: 0, NTA: 0, NTB: 0}
  - {Latency: 9700827, MT_M: 256, MT_N: 192, MT_K: 32, MI_M: 16, MI_N: 16, MI_K: 32,
    Occupancy: 1, WGM: 0, NTA: 0, NTB: 0}
  - {Latency: 10940121, MT_M: 128, MT_N: 256, MT_K: 64, MI_M: 32, MI_N: 32, MI_K: 16,
    Occupancy: 1, WGM: 0, NTA: 0, NTB: 0}
  - {Latency: 11056693, MT_M: 256, MT_N: 128, MT_K: 64, MI_M: 32, MI_N: 32, MI_K: 16,
    Occupancy: 1, WGM: 0, NTA: 0, NTB: 0}
  - {Latency: 12178021, MT_M: 128, MT_N: 192, MT_K: 64, MI_M: 32, MI_N: 32, MI_K: 16,
    Occupancy: 1, WGM: 0, NTA: 0, NTB: 0}
  - {Latency: 12293122, MT_M: 192, MT_N: 128, MT_K: 64, MI_M: 32, MI_N: 32, MI_K: 16,
    Occupancy: 1, WGM: 0, NTA: 0, NTB: 0}
  - {Latency: 13638023, MT_M: 128, MT_N: 128, MT_K: 128, MI_M: 32, MI_N: 32, MI_K: 16,
    Occupancy: 1, WGM: 0, NTA: 0, NTB: 0}
  - {Latency: 17827840, MT_M: 64, MT_N: 192, MT_K: 128, MI_M: 32, MI_N: 32, MI_K: 16,
    Occupancy: 1, WGM: 0, NTA: 0, NTB: 0}
  - {Latency: 17872993, MT_M: 64, MT_N: 256, MT_K: 64, MI_M: 32, MI_N: 32, MI_K: 16,
    Occupancy: 1, WGM: 0, NTA: 0, NTB: 0}
  - {Latency: 17927187, MT_M: 192, MT_N: 64, MT_K: 128, MI_M: 32, MI_N: 32, MI_K: 16,
    Occupancy: 1, WGM: 0, NTA: 0, NTB: 0}
  - {Latency: 17984233, MT_M: 256, MT_N: 64, MT_K: 64, MI_M: 32, MI_N: 32, MI_K: 16,
    Occupancy: 1, WGM: 0, NTA: 0, NTB: 0}
  - {Latency: 20576038, MT_M: 128, MT_N: 64, MT_K: 128, MI_M: 16, MI_N: 16, MI_K: 32,
    Occupancy: 1, WGM: 0, NTA: 0, NTB: 0}
  - {Latency: 20666128, MT_M: 64, MT_N: 128, MT_K: 128, MI_M: 16, MI_N: 16, MI_K: 32,
    Occupancy: 1, WGM: 0, NTA: 0, NTB: 0}
  - {Latency: 26883771, MT_M: 64, MT_N: 64, MT_K: 256, MI_M: 32, MI_N: 32, MI_K: 16,
    Occupancy: 1, WGM: 0, NTA: 0, NTB: 0}
  - {Latency: 45154949, MT_M: 32, MT_N: 64, MT_K: 128, MI_M: 32, MI_N: 32, MI_K: 16,
    Occupancy: 1, WGM: 0, NTA: 0, NTB: 0}
  - {Latency: 45452355, MT_M: 64, MT_N: 32, MT_K: 128, MI_M: 32, MI_N: 32, MI_K: 16,
    Occupancy: 1, WGM: 0, NTA: 0, NTB: 0}
  - {Latency: 54530439, MT_M: 32, MT_N: 32, MT_K: 512, MI_M: 32, MI_N: 32, MI_K: 16,
    Occupancy: 1, WGM: 0, NTA: 0, NTB: 0}
  - {Latency: 70299904, MT_M: 16, MT_N: 64, MT_K: 256, MI_M: 16, MI_N: 16, MI_K: 32,
    Occupancy: 1, WGM: 0, NTA: 0, NTB: 0}
  - {Latency: 70460356, MT_M: 64, MT_N: 16, MT_K: 256, MI_M: 16, MI_N: 16, MI_K: 32,
    Occupancy: 1, WGM: 0, NTA: 0, NTB: 0}
  - {Latency: 70587665, MT_M: 16, MT_N: 256, MT_K: 32, MI_M: 16, MI_N: 16, MI_K: 32,
    Occupancy: 2, WGM: 0, NTA: 0, NTB: 0}
  - {Latency: 73550305, MT_M: 32, MT_N: 256, MT_K: 16, MI_M: 32, MI_N: 32, MI_K: 16,
    Occupancy: 2, WGM: 0, NTA: 0, NTB: 0}
  - {Latency: 85069007, MT_M: 32, MT_N: 16, MT_K: 512, MI_M: 16, MI_N: 16, MI_K: 32,
    Occupancy: 1, WGM: 0, NTA: 0, NTB: 0}
  - {Latency: 85387774, MT_M: 16, MT_N: 32, MT_K: 512, MI_M: 16, MI_N: 16, MI_K: 32,
    Occupancy: 1, WGM: 0, NTA: 0, NTB: 0}
  - {Latency: 94435380, MT_M: 16, MT_N: 128, MT_K: 32, MI_M: 16, MI_N: 16, MI_K: 32,
    Occupancy: 3, WGM: 0, NTA: 0, NTB: 0}
  - {Latency: 99618453, MT_M: 32, MT_N: 128, MT_K: 16, MI_M: 32, MI_N: 32, MI_K: 16,
    Occupancy: 5, WGM: 0, NTA: 0, NTB: 0}
  - {Latency: 122318816, MT_M: 16, MT_N: 16, MT_K: 512, MI_M: 16, MI_N: 16, MI_K: 32,
    Occupancy: 1, WGM: 0, NTA: 0, NTB: 0}
- - {Latency: 7291252, MT_M: 256, MT_N: 256, MT_K: 32, MI_M: 32, MI_N: 32, MI_K: 16,
    Occupancy: 1, WGM: 0, NTA: 0, NTB: 0}
  - {Latency: 8396501, MT_M: 192, MT_N: 192, MT_K: 64, MI_M: 32, MI_N: 32, MI_K: 16,
    Occupancy: 1, WGM: 0, NTA: 0, NTB: 0}
  - {Latency: 8538233, MT_M: 192, MT_N: 256, MT_K: 32, MI_M: 32, MI_N: 32, MI_K: 16,
    Occupancy: 1, WGM: 0, NTA: 0, NTB: 0}
  - {Latency: 8632526, MT_M: 256, MT_N: 192, MT_K: 32, MI_M: 16, MI_N: 16, MI_K: 32,
    Occupancy: 1, WGM: 0, NTA: 0, NTB: 0}
  - {Latency: 10114147, MT_M: 128, MT_N: 256, MT_K: 64, MI_M: 32, MI_N: 32, MI_K: 16,
    Occupancy: 1, WGM: 0, NTA: 0, NTB: 0}
  - {Latency: 10121920, MT_M: 256, MT_N: 128, MT_K: 64, MI_M: 32, MI_N: 32, MI_K: 16,
    Occupancy: 1, WGM: 0, NTA: 0, NTB: 0}
  - {Latency: 10850743, MT_M: 192, MT_N: 128, MT_K: 64, MI_M: 32, MI_N: 32, MI_K: 16,
    Occupancy: 1, WGM: 0, NTA: 0, NTB: 0}
  - {Latency: 10946916, MT_M: 128, MT_N: 192, MT_K: 64, MI_M: 32, MI_N: 32, MI_K: 16,
    Occupancy: 1, WGM: 0, NTA: 0, NTB: 0}
  - {Latency: 12187338, MT_M: 128, MT_N: 128, MT_K: 128, MI_M: 32, MI_N: 32, MI_K: 16,
    Occupancy: 1, WGM: 0, NTA: 0, NTB: 0}
  - {Latency: 15909740, MT_M: 192, MT_N: 64, MT_K: 128, MI_M: 32, MI_N: 32, MI_K: 16,
    Occupancy: 1, WGM: 0, NTA: 0, NTB: 0}
  - {Latency: 15978027, MT_M: 64, MT_N: 256, MT_K: 64, MI_M: 32, MI_N: 32, MI_K: 16,
    Occupancy: 1, WGM: 0, NTA: 0, NTB: 0}
  - {Latency: 15981648, MT_M: 64, MT_N: 192, MT_K: 128, MI_M: 32, MI_N: 32, MI_K: 16,
    Occupancy: 1, WGM: 0, NTA: 0, NTB: 0}
  - {Latency: 16537554, MT_M: 256, MT_N: 64, MT_K: 64, MI_M: 32, MI_N: 32, MI_K: 16,
    Occupancy: 1, WGM: 0, NTA: 0, NTB: 0}
  - {Latency: 18649073, MT_M: 64, MT_N: 128, MT_K: 128, MI_M: 16, MI_N: 16, MI_K: 32,
    Occupancy: 1, WGM: 0, NTA: 0, NTB: 0}
  - {Latency: 18738727, MT_M: 128, MT_N: 64, MT_K: 128, MI_M: 16, MI_N: 16, MI_K: 32,
    Occupancy: 1, WGM: 0, NTA: 0, NTB: 0}
  - {Latency: 24076554, MT_M: 64, MT_N: 64, MT_K: 256, MI_M: 32, MI_N: 32, MI_K: 16,
    Occupancy: 1, WGM: 0, NTA: 0, NTB: 0}
  - {Latency: 40883549, MT_M: 64, MT_N: 32, MT_K: 128, MI_M: 32, MI_N: 32, MI_K: 16,
    Occupancy: 1, WGM: 0, NTA: 0, NTB: 0}
  - {Latency: 41116484, MT_M: 32, MT_N: 64, MT_K: 128, MI_M: 32, MI_N: 32, MI_K: 16,
    Occupancy: 1, WGM: 0, NTA: 0, NTB: 0}
  - {Latency: 50914527, MT_M: 32, MT_N: 32, MT_K: 512, MI_M: 32, MI_N: 32, MI_K: 16,
    Occupancy: 1, WGM: 0, NTA: 0, NTB: 0}
  - {Latency: 62748034, MT_M: 64, MT_N: 16, MT_K: 256, MI_M: 16, MI_N: 16, MI_K: 32,
    Occupancy: 1, WGM: 0, NTA: 0, NTB: 0}
  - {Latency: 63349484, MT_M: 16, MT_N: 64, MT_K: 256, MI_M: 16, MI_N: 16, MI_K: 32,
    Occupancy: 1, WGM: 0, NTA: 0, NTB: 0}
  - {Latency: 64067383, MT_M: 16, MT_N: 256, MT_K: 32, MI_M: 16, MI_N: 16, MI_K: 32,
    Occupancy: 2, WGM: 0, NTA: 0, NTB: 0}
  - {Latency: 66385352, MT_M: 32, MT_N: 256, MT_K: 16, MI_M: 32, MI_N: 32, MI_K: 16,
    Occupancy: 2, WGM: 0, NTA: 0, NTB: 0}
  - {Latency: 78971066, MT_M: 32, MT_N: 16, MT_K: 512, MI_M: 16, MI_N: 16, MI_K: 32,
    Occupancy: 1, WGM: 0, NTA: 0, NTB: 0}
  - {Latency: 79317965, MT_M: 16, MT_N: 32, MT_K: 512, MI_M: 16, MI_N: 16, MI_K: 32,
    Occupancy: 1, WGM: 0, NTA: 0, NTB: 0}
  - {Latency: 83807365, MT_M: 16, MT_N: 128, MT_K: 32, MI_M: 16, MI_N: 16, MI_K: 32,
    Occupancy: 3, WGM: 0, NTA: 0, NTB: 0}
  - {Latency: 89292854, MT_M: 32, MT_N: 128, MT_K: 16, MI_M: 32, MI_N: 32, MI_K: 16,
    Occupancy: 5, WGM: 0, NTA: 0, NTB: 0}
  - {Latency: 112914366, MT_M: 16, MT_N: 16, MT_K: 512, MI_M: 16, MI_N: 16, MI_K: 32,
    Occupancy: 1, WGM: 0, NTA: 0, NTB: 0}
- - {Latency: 15595370, MT_M: 256, MT_N: 256, MT_K: 32, MI_M: 32, MI_N: 32, MI_K: 16,
    Occupancy: 1, WGM: 0, NTA: 0, NTB: 0}
  - {Latency: 18138147, MT_M: 192, MT_N: 256, MT_K: 32, MI_M: 32, MI_N: 32, MI_K: 16,
    Occupancy: 1, WGM: 0, NTA: 0, NTB: 0}
  - {Latency: 18166594, MT_M: 256, MT_N: 192, MT_K: 32, MI_M: 16, MI_N: 16, MI_K: 32,
    Occupancy: 1, WGM: 0, NTA: 0, NTB: 0}
  - {Latency: 18344224, MT_M: 192, MT_N: 192, MT_K: 64, MI_M: 32, MI_N: 32, MI_K: 16,
    Occupancy: 1, WGM: 0, NTA: 0, NTB: 0}
  - {Latency: 20768646, MT_M: 128, MT_N: 256, MT_K: 64, MI_M: 32, MI_N: 32, MI_K: 16,
    Occupancy: 1, WGM: 0, NTA: 0, NTB: 0}
  - {Latency: 20929917, MT_M: 256, MT_N: 128, MT_K: 64, MI_M: 32, MI_N: 32, MI_K: 16,
    Occupancy: 1, WGM: 0, NTA: 0, NTB: 0}
  - {Latency: 23283294, MT_M: 128, MT_N: 192, MT_K: 64, MI_M: 32, MI_N: 32, MI_K: 16,
    Occupancy: 1, WGM: 0, NTA: 0, NTB: 0}
  - {Latency: 24166058, MT_M: 192, MT_N: 128, MT_K: 64, MI_M: 32, MI_N: 32, MI_K: 16,
    Occupancy: 1, WGM: 0, NTA: 0, NTB: 0}
  - {Latency: 26936684, MT_M: 128, MT_N: 128, MT_K: 128, MI_M: 32, MI_N: 32, MI_K: 16,
    Occupancy: 1, WGM: 0, NTA: 0, NTB: 0}
  - {Latency: 35113793, MT_M: 64, MT_N: 256, MT_K: 64, MI_M: 32, MI_N: 32, MI_K: 16,
    Occupancy: 1, WGM: 0, NTA: 0, NTB: 0}
  - {Latency: 35213646, MT_M: 64, MT_N: 192, MT_K: 128, MI_M: 32, MI_N: 32, MI_K: 16,
    Occupancy: 1, WGM: 0, NTA: 0, NTB: 0}
  - {Latency: 35254978, MT_M: 256, MT_N: 64, MT_K: 64, MI_M: 32, MI_N: 32, MI_K: 16,
    Occupancy: 1, WGM: 0, NTA: 0, NTB: 0}
  - {Latency: 35356611, MT_M: 192, MT_N: 64, MT_K: 128, MI_M: 32, MI_N: 32, MI_K: 16,
    Occupancy: 1, WGM: 0, NTA: 0, NTB: 0}
  - {Latency: 40955146, MT_M: 128, MT_N: 64, MT_K: 128, MI_M: 16, MI_N: 16, MI_K: 32,
    Occupancy: 1, WGM: 0, NTA: 0, NTB: 0}
  - {Latency: 41107298, MT_M: 64, MT_N: 128, MT_K: 128, MI_M: 16, MI_N: 16, MI_K: 32,
    Occupancy: 1, WGM: 0, NTA: 0, NTB: 0}
  - {Latency: 53431200, MT_M: 64, MT_N: 64, MT_K: 256, MI_M: 32, MI_N: 32, MI_K: 16,
    Occupancy: 1, WGM: 0, NTA: 0, NTB: 0}
  - {Latency: 90812015, MT_M: 64, MT_N: 32, MT_K: 128, MI_M: 32, MI_N: 32, MI_K: 16,
    Occupancy: 1, WGM: 0, NTA: 0, NTB: 0}
  - {Latency: 91193845, MT_M: 32, MT_N: 64, MT_K: 128, MI_M: 32, MI_N: 32, MI_K: 16,
    Occupancy: 1, WGM: 0, NTA: 0, NTB: 0}
  - {Latency: 108020965, MT_M: 32, MT_N: 32, MT_K: 512, MI_M: 32, MI_N: 32, MI_K: 16,
    Occupancy: 1, WGM: 0, NTA: 0, NTB: 0}
  - {Latency: 139710535, MT_M: 64, MT_N: 16, MT_K: 256, MI_M: 16, MI_N: 16, MI_K: 32,
    Occupancy: 1, WGM: 0, NTA: 0, NTB: 0}
  - {Latency: 140974831, MT_M: 16, MT_N: 64, MT_K: 256, MI_M: 16, MI_N: 16, MI_K: 32,
    Occupancy: 1, WGM: 0, NTA: 0, NTB: 0}
  - {Latency: 141369902, MT_M: 16, MT_N: 256, MT_K: 32, MI_M: 16, MI_N: 16, MI_K: 32,
    Occupancy: 2, WGM: 0, NTA: 0, NTB: 0}
  - {Latency: 146303249, MT_M: 32, MT_N: 256, MT_K: 16, MI_M: 32, MI_N: 32, MI_K: 16,
    Occupancy: 2, WGM: 0, NTA: 0, NTB: 0}
  - {Latency: 167475732, MT_M: 32, MT_N: 16, MT_K: 512, MI_M: 16, MI_N: 16, MI_K: 32,
    Occupancy: 1, WGM: 0, NTA: 0, NTB: 0}
  - {Latency: 168366384, MT_M: 16, MT_N: 32, MT_K: 512, MI_M: 16, MI_N: 16, MI_K: 32,
    Occupancy: 1, WGM: 0, NTA: 0, NTB: 0}
  - {Latency: 189177578, MT_M: 16, MT_N: 128, MT_K: 32, MI_M: 16, MI_N: 16, MI_K: 32,
    Occupancy: 3, WGM: 0, NTA: 0, NTB: 0}
  - {Latency: 199803411, MT_M: 32, MT_N: 128, MT_K: 16, MI_M: 32, MI_N: 32, MI_K: 16,
    Occupancy: 5, WGM: 0, NTA: 0, NTB: 0}
  - {Latency: 239324442, MT_M: 16, MT_N: 16, MT_K: 512, MI_M: 16, MI_N: 16, MI_K: 32,
    Occupancy: 1, WGM: 0, NTA: 0, NTB: 0}
- - {Latency: 7584270, MT_M: 256, MT_N: 256, MT_K: 32, MI_M: 32, MI_N: 32, MI_K: 16,
    Occupancy: 1, WGM: 0, NTA: 0, NTB: 0}
  - {Latency: 8865796, MT_M: 192, MT_N: 256, MT_K: 32, MI_M: 32, MI_N: 32, MI_K: 16,
    Occupancy: 1, WGM: 0, NTA: 0, NTB: 0}
  - {Latency: 9037015, MT_M: 256, MT_N: 192, MT_K: 32, MI_M: 16, MI_N: 16, MI_K: 32,
    Occupancy: 1, WGM: 0, NTA: 0, NTB: 0}
  - {Latency: 9597980, MT_M: 192, MT_N: 192, MT_K: 64, MI_M: 32, MI_N: 32, MI_K: 16,
    Occupancy: 1, WGM: 0, NTA: 0, NTB: 0}
  - {Latency: 10504313, MT_M: 128, MT_N: 256, MT_K: 64, MI_M: 32, MI_N: 32, MI_K: 16,
    Occupancy: 1, WGM: 0, NTA: 0, NTB: 0}
  - {Latency: 10641573, MT_M: 256, MT_N: 128, MT_K: 64, MI_M: 32, MI_N: 32, MI_K: 16,
    Occupancy: 1, WGM: 0, NTA: 0, NTB: 0}
  - {Latency: 11859203, MT_M: 192, MT_N: 128, MT_K: 64, MI_M: 32, MI_N: 32, MI_K: 16,
    Occupancy: 1, WGM: 0, NTA: 0, NTB: 0}
  - {Latency: 11935439, MT_M: 128, MT_N: 192, MT_K: 64, MI_M: 32, MI_N: 32, MI_K: 16,
    Occupancy: 1, WGM: 0, NTA: 0, NTB: 0}
  - {Latency: 12959644, MT_M: 128, MT_N: 128, MT_K: 128, MI_M: 32, MI_N: 32, MI_K: 16,
    Occupancy: 1, WGM: 0, NTA: 0, NTB: 0}
  - {Latency: 16914047, MT_M: 64, MT_N: 256, MT_K: 64, MI_M: 32, MI_N: 32, MI_K: 16,
    Occupancy: 1, WGM: 0, NTA: 0, NTB: 0}
  - {Latency: 17166205, MT_M: 192, MT_N: 64, MT_K: 128, MI_M: 32, MI_N: 32, MI_K: 16,
    Occupancy: 1, WGM: 0, NTA: 0, NTB: 0}
  - {Latency: 17251102, MT_M: 64, MT_N: 192, MT_K: 128, MI_M: 32, MI_N: 32, MI_K: 16,
    Occupancy: 1, WGM: 0, NTA: 0, NTB: 0}
  - {Latency: 17908433, MT_M: 256, MT_N: 64, MT_K: 64, MI_M: 32, MI_N: 32, MI_K: 16,
    Occupancy: 1, WGM: 0, NTA: 0, NTB: 0}
  - {Latency: 19847040, MT_M: 64, MT_N: 128, MT_K: 128, MI_M: 16, MI_N: 16, MI_K: 32,
    Occupancy: 1, WGM: 0, NTA: 0, NTB: 0}
  - {Latency: 19883746, MT_M: 128, MT_N: 64, MT_K: 128, MI_M: 16, MI_N: 16, MI_K: 32,
    Occupancy: 1, WGM: 0, NTA: 0, NTB: 0}
  - {Latency: 25610901, MT_M: 64, MT_N: 64, MT_K: 256, MI_M: 32, MI_N: 32, MI_K: 16,
    Occupancy: 1, WGM: 0, NTA: 0, NTB: 0}
  - {Latency: 43147042, MT_M: 32, MT_N: 64, MT_K: 128, MI_M: 32, MI_N: 32, MI_K: 16,
    Occupancy: 1, WGM: 0, NTA: 0, NTB: 0}
  - {Latency: 43182807, MT_M: 64, MT_N: 32, MT_K: 128, MI_M: 32, MI_N: 32, MI_K: 16,
    Occupancy: 1, WGM: 0, NTA: 0, NTB: 0}
  - {Latency: 50976406, MT_M: 32, MT_N: 32, MT_K: 512, MI_M: 32, MI_N: 32, MI_K: 16,
    Occupancy: 1, WGM: 0, NTA: 0, NTB: 0}
  - {Latency: 66551884, MT_M: 64, MT_N: 16, MT_K: 256, MI_M: 16, MI_N: 16, MI_K: 32,
    Occupancy: 1, WGM: 0, NTA: 0, NTB: 0}
  - {Latency: 66729933, MT_M: 16, MT_N: 64, MT_K: 256, MI_M: 16, MI_N: 16, MI_K: 32,
    Occupancy: 1, WGM: 0, NTA: 0, NTB: 0}
  - {Latency: 67581467, MT_M: 16, MT_N: 256, MT_K: 32, MI_M: 16, MI_N: 16, MI_K: 32,
    Occupancy: 2, WGM: 0, NTA: 0, NTB: 0}
  - {Latency: 70725832, MT_M: 32, MT_N: 256, MT_K: 16, MI_M: 32, MI_N: 32, MI_K: 16,
    Occupancy: 2, WGM: 0, NTA: 0, NTB: 0}
  - {Latency: 79172737, MT_M: 32, MT_N: 16, MT_K: 512, MI_M: 16, MI_N: 16, MI_K: 32,
    Occupancy: 1, WGM: 0, NTA: 0, NTB: 0}
  - {Latency: 79410816, MT_M: 16, MT_N: 32, MT_K: 512, MI_M: 16, MI_N: 16, MI_K: 32,
    Occupancy: 1, WGM: 0, NTA: 0, NTB: 0}
  - {Latency: 89937831, MT_M: 16, MT_N: 128, MT_K: 32, MI_M: 16, MI_N: 16, MI_K: 32,
    Occupancy: 3, WGM: 0, NTA: 0, NTB: 0}
  - {Latency: 95534930, MT_M: 32, MT_N: 128, MT_K: 16, MI_M: 32, MI_N: 32, MI_K: 16,
    Occupancy: 5, WGM: 0, NTA: 0, NTB: 0}
  - {Latency: 113192390, MT_M: 16, MT_N: 16, MT_K: 512, MI_M: 16, MI_N: 16, MI_K: 32,
    Occupancy: 1, WGM: 0, NTA: 0, NTB: 0}
- - {Latency: 7121913, MT_M: 256, MT_N: 256, MT_K: 32, MI_M: 32, MI_N: 32, MI_K: 16,
    Occupancy: 1, WGM: 0, NTA: 0, NTB: 0}
  - {Latency: 7756746, MT_M: 192, MT_N: 192, MT_K: 64, MI_M: 32, MI_N: 32, MI_K: 16,
    Occupancy: 1, WGM: 0, NTA: 0, NTB: 0}
  - {Latency: 8094383, MT_M: 192, MT_N: 256, MT_K: 32, MI_M: 32, MI_N: 32, MI_K: 16,
    Occupancy: 1, WGM: 0, NTA: 0, NTB: 0}
  - {Latency: 8128465, MT_M: 256, MT_N: 192, MT_K: 32, MI_M: 16, MI_N: 16, MI_K: 32,
    Occupancy: 1, WGM: 0, NTA: 0, NTB: 0}
  - {Latency: 9154460, MT_M: 256, MT_N: 128, MT_K: 64, MI_M: 32, MI_N: 32, MI_K: 16,
    Occupancy: 1, WGM: 0, NTA: 0, NTB: 0}
  - {Latency: 9186347, MT_M: 128, MT_N: 256, MT_K: 64, MI_M: 32, MI_N: 32, MI_K: 16,
    Occupancy: 1, WGM: 0, NTA: 0, NTB: 0}
  - {Latency: 10105136, MT_M: 192, MT_N: 128, MT_K: 64, MI_M: 32, MI_N: 32, MI_K: 16,
    Occupancy: 1, WGM: 0, NTA: 0, NTB: 0}
  - {Latency: 10167262, MT_M: 128, MT_N: 192, MT_K: 64, MI_M: 32, MI_N: 32, MI_K: 16,
    Occupancy: 1, WGM: 0, NTA: 0, NTB: 0}
  - {Latency: 11223640, MT_M: 128, MT_N: 128, MT_K: 128, MI_M: 32, MI_N: 32, MI_K: 16,
    Occupancy: 1, WGM: 0, NTA: 0, NTB: 0}
  - {Latency: 14711361, MT_M: 192, MT_N: 64, MT_K: 128, MI_M: 32, MI_N: 32, MI_K: 16,
    Occupancy: 1, WGM: 0, NTA: 0, NTB: 0}
  - {Latency: 14737897, MT_M: 64, MT_N: 192, MT_K: 128, MI_M: 32, MI_N: 32, MI_K: 16,
    Occupancy: 1, WGM: 0, NTA: 0, NTB: 0}
  - {Latency: 14831219, MT_M: 64, MT_N: 256, MT_K: 64, MI_M: 32, MI_N: 32, MI_K: 16,
    Occupancy: 1, WGM: 0, NTA: 0, NTB: 0}
  - {Latency: 14846922, MT_M: 256, MT_N: 64, MT_K: 64, MI_M: 32, MI_N: 32, MI_K: 16,
    Occupancy: 1, WGM: 0, NTA: 0, NTB: 0}
  - {Latency: 16864110, MT_M: 64, MT_N: 128, MT_K: 128, MI_M: 16, MI_N: 16, MI_K: 32,
    Occupancy: 1, WGM: 0, NTA: 0, NTB: 0}
  - {Latency: 16941982, MT_M: 128, MT_N: 64, MT_K: 128, MI_M: 16, MI_N: 16, MI_K: 32,
    Occupancy: 1, WGM: 0, NTA: 0, NTB: 0}
  - {Latency: 21972232, MT_M: 64, MT_N: 64, MT_K: 256, MI_M: 32, MI_N: 32, MI_K: 16,
    Occupancy: 1, WGM: 0, NTA: 0, NTB: 0}
  - {Latency: 37334513, MT_M: 32, MT_N: 64, MT_K: 128, MI_M: 32, MI_N: 32, MI_K: 16,
    Occupancy: 1, WGM: 0, NTA: 0, NTB: 0}
  - {Latency: 37334513, MT_M: 64, MT_N: 32, MT_K: 128, MI_M: 32, MI_N: 32, MI_K: 16,
    Occupancy: 1, WGM: 0, NTA: 0, NTB: 0}
  - {Latency: 45961931, MT_M: 32, MT_N: 32, MT_K: 512, MI_M: 32, MI_N: 32, MI_K: 16,
    Occupancy: 1, WGM: 0, NTA: 0, NTB: 0}
  - {Latency: 57820334, MT_M: 64, MT_N: 16, MT_K: 256, MI_M: 16, MI_N: 16, MI_K: 32,
    Occupancy: 1, WGM: 0, NTA: 0, NTB: 0}
  - {Latency: 58078004, MT_M: 16, MT_N: 64, MT_K: 256, MI_M: 16, MI_N: 16, MI_K: 32,
    Occupancy: 1, WGM: 0, NTA: 0, NTB: 0}
  - {Latency: 59229438, MT_M: 16, MT_N: 256, MT_K: 32, MI_M: 16, MI_N: 16, MI_K: 32,
    Occupancy: 2, WGM: 0, NTA: 0, NTB: 0}
  - {Latency: 62007824, MT_M: 32, MT_N: 256, MT_K: 16, MI_M: 32, MI_N: 32, MI_K: 16,
    Occupancy: 2, WGM: 0, NTA: 0, NTB: 0}
  - {Latency: 71118251, MT_M: 32, MT_N: 16, MT_K: 512, MI_M: 16, MI_N: 16, MI_K: 32,
    Occupancy: 1, WGM: 0, NTA: 0, NTB: 0}
  - {Latency: 71375589, MT_M: 16, MT_N: 32, MT_K: 512, MI_M: 16, MI_N: 16, MI_K: 32,
    Occupancy: 1, WGM: 0, NTA: 0, NTB: 0}
  - {Latency: 76913335, MT_M: 16, MT_N: 128, MT_K: 32, MI_M: 16, MI_N: 16, MI_K: 32,
    Occupancy: 3, WGM: 0, NTA: 0, NTB: 0}
  - {Latency: 81339479, MT_M: 32, MT_N: 128, MT_K: 16, MI_M: 32, MI_N: 32, MI_K: 16,
    Occupancy: 5, WGM: 0, NTA: 0, NTB: 0}
  - {Latency: 100986108, MT_M: 16, MT_N: 16, MT_K: 512, MI_M: 16, MI_N: 16, MI_K: 32,
    Occupancy: 1, WGM: 0, NTA: 0, NTB: 0}
- - {Latency: 14360493, MT_M: 256, MT_N: 256, MT_K: 32, MI_M: 32, MI_N: 32, MI_K: 16,
    Occupancy: 1, WGM: 0, NTA: 0, NTB: 0}
  - {Latency: 17421235, MT_M: 192, MT_N: 256, MT_K: 32, MI_M: 32, MI_N: 32, MI_K: 16,
    Occupancy: 1, WGM: 0, NTA: 0, NTB: 0}
  - {Latency: 17515161, MT_M: 192, MT_N: 192, MT_K: 64, MI_M: 32, MI_N: 32, MI_K: 16,
    Occupancy: 1, WGM: 0, NTA: 0, NTB: 0}
  - {Latency: 17638855, MT_M: 256, MT_N: 192, MT_K: 32, MI_M: 16, MI_N: 16, MI_K: 32,
    Occupancy: 1, WGM: 0, NTA: 0, NTB: 0}
  - {Latency: 19063021, MT_M: 128, MT_N: 256, MT_K: 64, MI_M: 32, MI_N: 32, MI_K: 16,
    Occupancy: 1, WGM: 0, NTA: 0, NTB: 0}
  - {Latency: 20135313, MT_M: 256, MT_N: 128, MT_K: 64, MI_M: 32, MI_N: 32, MI_K: 16,
    Occupancy: 1, WGM: 0, NTA: 0, NTB: 0}
  - {Latency: 22533548, MT_M: 192, MT_N: 128, MT_K: 64, MI_M: 32, MI_N: 32, MI_K: 16,
    Occupancy: 1, WGM: 0, NTA: 0, NTB: 0}
  - {Latency: 22622154, MT_M: 128, MT_N: 192, MT_K: 64, MI_M: 32, MI_N: 32, MI_K: 16,
    Occupancy: 1, WGM: 0, NTA: 0, NTB: 0}
  - {Latency: 24711739, MT_M: 128, MT_N: 128, MT_K: 128, MI_M: 32, MI_N: 32, MI_K: 16,
    Occupancy: 1, WGM: 0, NTA: 0, NTB: 0}
  - {Latency: 32129426, MT_M: 64, MT_N: 256, MT_K: 64, MI_M: 32, MI_N: 32, MI_K: 16,
    Occupancy: 1, WGM: 0, NTA: 0, NTB: 0}
  - {Latency: 33295977, MT_M: 256, MT_N: 64, MT_K: 64, MI_M: 32, MI_N: 32, MI_K: 16,
    Occupancy: 1, WGM: 0, NTA: 0, NTB: 0}
  - {Latency: 33497280, MT_M: 64, MT_N: 192, MT_K: 128, MI_M: 32, MI_N: 32, MI_K: 16,
    Occupancy: 1, WGM: 0, NTA: 0, NTB: 0}
  - {Latency: 33501423, MT_M: 192, MT_N: 64, MT_K: 128, MI_M: 32, MI_N: 32, MI_K: 16,
    Occupancy: 1, WGM: 0, NTA: 0, NTB: 0}
  - {Latency: 37949393, MT_M: 64, MT_N: 128, MT_K: 128, MI_M: 16, MI_N: 16, MI_K: 32,
    Occupancy: 1, WGM: 0, NTA: 0, NTB: 0}
  - {Latency: 38108480, MT_M: 128, MT_N: 64, MT_K: 128, MI_M: 16, MI_N: 16, MI_K: 32,
    Occupancy: 1, WGM: 0, NTA: 0, NTB: 0}
  - {Latency: 49388465, MT_M: 64, MT_N: 64, MT_K: 256, MI_M: 32, MI_N: 32, MI_K: 16,
    Occupancy: 1, WGM: 0, NTA: 0, NTB: 0}
  - {Latency: 84071589, MT_M: 64, MT_N: 32, MT_K: 128, MI_M: 32, MI_N: 32, MI_K: 16,
    Occupancy: 1, WGM: 0, NTA: 0, NTB: 0}
  - {Latency: 84479324, MT_M: 32, MT_N: 64, MT_K: 128, MI_M: 32, MI_N: 32, MI_K: 16,
    Occupancy: 1, WGM: 0, NTA: 0, NTB: 0}
  - {Latency: 101362487, MT_M: 32, MT_N: 32, MT_K: 512, MI_M: 32, MI_N: 32, MI_K: 16,
    Occupancy: 1, WGM: 0, NTA: 0, NTB: 0}
  - {Latency: 128868362, MT_M: 64, MT_N: 16, MT_K: 256, MI_M: 16, MI_N: 16, MI_K: 32,
    Occupancy: 1, WGM: 0, NTA: 0, NTB: 0}
  - {Latency: 129588174, MT_M: 16, MT_N: 256, MT_K: 32, MI_M: 16, MI_N: 16, MI_K: 32,
    Occupancy: 2, WGM: 0, NTA: 0, NTB: 0}
  - {Latency: 130289887, MT_M: 16, MT_N: 64, MT_K: 256, MI_M: 16, MI_N: 16, MI_K: 32,
    Occupancy: 1, WGM: 0, NTA: 0, NTB: 0}
  - {Latency: 135240063, MT_M: 32, MT_N: 256, MT_K: 16, MI_M: 32, MI_N: 32, MI_K: 16,
    Occupancy: 2, WGM: 0, NTA: 0, NTB: 0}
  - {Latency: 156482583, MT_M: 32, MT_N: 16, MT_K: 512, MI_M: 16, MI_N: 16, MI_K: 32,
    Occupancy: 1, WGM: 0, NTA: 0, NTB: 0}
  - {Latency: 157324778, MT_M: 16, MT_N: 32, MT_K: 512, MI_M: 16, MI_N: 16, MI_K: 32,
    Occupancy: 1, WGM: 0, NTA: 0, NTB: 0}
  - {Latency: 173566313, MT_M: 16, MT_N: 128, MT_K: 32, MI_M: 16, MI_N: 16, MI_K: 32,
    Occupancy: 3, WGM: 0, NTA: 0, NTB: 0}
  - {Latency: 183717242, MT_M: 32, MT_N: 128, MT_K: 16, MI_M: 32, MI_N: 32, MI_K: 16,
    Occupancy: 5, WGM: 0, NTA: 0, NTB: 0}
  - {Latency: 221743773, MT_M: 16, MT_N: 16, MT_K: 512, MI_M: 16, MI_N: 16, MI_K: 32,
    Occupancy: 1, WGM: 0, NTA: 0, NTB: 0}
- - {Latency: 8065864, MT_M: 256, MT_N: 256, MT_K: 32, MI_M: 32, MI_N: 32, MI_K: 16,
    Occupancy: 1, WGM: 0, NTA: 0, NTB: 0}
  - {Latency: 9338643, MT_M: 192, MT_N: 192, MT_K: 64, MI_M: 32, MI_N: 32, MI_K: 16,
    Occupancy: 1, WGM: 0, NTA: 0, NTB: 0}
  - {Latency: 9498553, MT_M: 192, MT_N: 256, MT_K: 32, MI_M: 32, MI_N: 32, MI_K: 16,
    Occupancy: 1, WGM: 0, NTA: 0, NTB: 0}
  - {Latency: 9616691, MT_M: 256, MT_N: 192, MT_K: 32, MI_M: 16, MI_N: 16, MI_K: 32,
    Occupancy: 1, WGM: 0, NTA: 0, NTB: 0}
  - {Latency: 10240595, MT_M: 128, MT_N: 256, MT_K: 64, MI_M: 32, MI_N: 32, MI_K: 16,
    Occupancy: 1, WGM: 0, NTA: 0, NTB: 0}
  - {Latency: 10366554, MT_M: 256, MT_N: 128, MT_K: 64, MI_M: 32, MI_N: 32, MI_K: 16,
    Occupancy: 1, WGM: 0, NTA: 0, NTB: 0}
  - {Latency: 11907041, MT_M: 192, MT_N: 128, MT_K: 64, MI_M: 32, MI_N: 32, MI_K: 16,
    Occupancy: 1, WGM: 0, NTA: 0, NTB: 0}
  - {Latency: 11907041, MT_M: 128, MT_N: 192, MT_K: 64, MI_M: 32, MI_N: 32, MI_K: 16,
    Occupancy: 1, WGM: 0, NTA: 0, NTB: 0}
  - {Latency: 13177303, MT_M: 128, MT_N: 128, MT_K: 128, MI_M: 32, MI_N: 32, MI_K: 16,
    Occupancy: 1, WGM: 0, NTA: 0, NTB: 0}
  - {Latency: 17278848, MT_M: 192, MT_N: 64, MT_K: 128, MI_M: 32, MI_N: 32, MI_K: 16,
    Occupancy: 1, WGM: 0, NTA: 0, NTB: 0}
  - {Latency: 17278848, MT_M: 64, MT_N: 192, MT_K: 128, MI_M: 32, MI_N: 32, MI_K: 16,
    Occupancy: 1, WGM: 0, NTA: 0, NTB: 0}
  - {Latency: 17336008, MT_M: 64, MT_N: 256, MT_K: 64, MI_M: 32, MI_N: 32, MI_K: 16,
    Occupancy: 1, WGM: 0, NTA: 0, NTB: 0}
  - {Latency: 17545732, MT_M: 256, MT_N: 64, MT_K: 64, MI_M: 32, MI_N: 32, MI_K: 16,
    Occupancy: 1, WGM: 0, NTA: 0, NTB: 0}
  - {Latency: 19868808, MT_M: 128, MT_N: 64, MT_K: 128, MI_M: 16, MI_N: 16, MI_K: 32,
    Occupancy: 1, WGM: 0, NTA: 0, NTB: 0}
  - {Latency: 19868808, MT_M: 64, MT_N: 128, MT_K: 128, MI_M: 16, MI_N: 16, MI_K: 32,
    Occupancy: 1, WGM: 0, NTA: 0, NTB: 0}
  - {Latency: 25381362, MT_M: 64, MT_N: 64, MT_K: 256, MI_M: 32, MI_N: 32, MI_K: 16,
    Occupancy: 1, WGM: 0, NTA: 0, NTB: 0}
  - {Latency: 43767924, MT_M: 32, MT_N: 64, MT_K: 128, MI_M: 32, MI_N: 32, MI_K: 16,
    Occupancy: 1, WGM: 0, NTA: 0, NTB: 0}
  - {Latency: 43767924, MT_M: 64, MT_N: 32, MT_K: 128, MI_M: 32, MI_N: 32, MI_K: 16,
    Occupancy: 1, WGM: 0, NTA: 0, NTB: 0}
  - {Latency: 51112262, MT_M: 32, MT_N: 32, MT_K: 512, MI_M: 32, MI_N: 32, MI_K: 16,
    Occupancy: 1, WGM: 0, NTA: 0, NTB: 0}
  - {Latency: 66130201, MT_M: 64, MT_N: 16, MT_K: 256, MI_M: 16, MI_N: 16, MI_K: 32,
    Occupancy: 1, WGM: 0, NTA: 0, NTB: 0}
  - {Latency: 66341710, MT_M: 16, MT_N: 64, MT_K: 256, MI_M: 16, MI_N: 16, MI_K: 32,
    Occupancy: 1, WGM: 0, NTA: 0, NTB: 0}
  - {Latency: 67095266, MT_M: 16, MT_N: 256, MT_K: 32, MI_M: 16, MI_N: 16, MI_K: 32,
    Occupancy: 2, WGM: 0, NTA: 0, NTB: 0}
  - {Latency: 71223723, MT_M: 32, MT_N: 256, MT_K: 16, MI_M: 32, MI_N: 32, MI_K: 16,
    Occupancy: 2, WGM: 0, NTA: 0, NTB: 0}
  - {Latency: 79248896, MT_M: 32, MT_N: 16, MT_K: 512, MI_M: 16, MI_N: 16, MI_K: 32,
    Occupancy: 1, WGM: 0, NTA: 0, NTB: 0}
  - {Latency: 79457954, MT_M: 16, MT_N: 32, MT_K: 512, MI_M: 16, MI_N: 16, MI_K: 32,
    Occupancy: 1, WGM: 0, NTA: 0, NTB: 0}
  - {Latency: 89890229, MT_M: 16, MT_N: 128, MT_K: 32, MI_M: 16, MI_N: 16, MI_K: 32,
    Occupancy: 3, WGM: 0, NTA: 0, NTB: 0}
  - {Latency: 96208232, MT_M: 32, MT_N: 128, MT_K: 16, MI_M: 32, MI_N: 32, MI_K: 16,
    Occupancy: 5, WGM: 0, NTA: 0, NTB: 0}
  - {Latency: 113143138, MT_M: 16, MT_N: 16, MT_K: 512, MI_M: 16, MI_N: 16, MI_K: 32,
    Occupancy: 1, WGM: 0, NTA: 0, NTB: 0}
- - {Latency: 9490841, MT_M: 256, MT_N: 256, MT_K: 32, MI_M: 32, MI_N: 32, MI_K: 16,
    Occupancy: 1, WGM: 0, NTA: 0, NTB: 0}
  - {Latency: 11484848, MT_M: 192, MT_N: 192, MT_K: 64, MI_M: 32, MI_N: 32, MI_K: 16,
    Occupancy: 1, WGM: 0, NTA: 0, NTB: 0}
  - {Latency: 11534715, MT_M: 256, MT_N: 192, MT_K: 32, MI_M: 16, MI_N: 16, MI_K: 32,
    Occupancy: 1, WGM: 0, NTA: 0, NTB: 0}
  - {Latency: 11582629, MT_M: 192, MT_N: 256, MT_K: 32, MI_M: 32, MI_N: 32, MI_K: 16,
    Occupancy: 1, WGM: 0, NTA: 0, NTB: 0}
  - {Latency: 13158659, MT_M: 128, MT_N: 256, MT_K: 64, MI_M: 32, MI_N: 32, MI_K: 16,
    Occupancy: 1, WGM: 0, NTA: 0, NTB: 0}
  - {Latency: 13206748, MT_M: 256, MT_N: 128, MT_K: 64, MI_M: 32, MI_N: 32, MI_K: 16,
    Occupancy: 1, WGM: 0, NTA: 0, NTB: 0}
  - {Latency: 14547125, MT_M: 128, MT_N: 192, MT_K: 64, MI_M: 32, MI_N: 32, MI_K: 16,
    Occupancy: 1, WGM: 0, NTA: 0, NTB: 0}
  - {Latency: 14686311, MT_M: 192, MT_N: 128, MT_K: 64, MI_M: 32, MI_N: 32, MI_K: 16,
    Occupancy: 1, WGM: 0, NTA: 0, NTB: 0}
  - {Latency: 16404549, MT_M: 128, MT_N: 128, MT_K: 128, MI_M: 32, MI_N: 32, MI_K: 16,
    Occupancy: 1, WGM: 0, NTA: 0, NTB: 0}
  - {Latency: 21477953, MT_M: 64, MT_N: 192, MT_K: 128, MI_M: 32, MI_N: 32, MI_K: 16,
    Occupancy: 1, WGM: 0, NTA: 0, NTB: 0}
  - {Latency: 21537407, MT_M: 256, MT_N: 64, MT_K: 64, MI_M: 32, MI_N: 32, MI_K: 16,
    Occupancy: 1, WGM: 0, NTA: 0, NTB: 0}
  - {Latency: 21544250, MT_M: 64, MT_N: 256, MT_K: 64, MI_M: 32, MI_N: 32, MI_K: 16,
    Occupancy: 1, WGM: 0, NTA: 0, NTB: 0}
  - {Latency: 21608154, MT_M: 192, MT_N: 64, MT_K: 128, MI_M: 32, MI_N: 32, MI_K: 16,
    Occupancy: 1, WGM: 0, NTA: 0, NTB: 0}
  - {Latency: 24774835, MT_M: 128, MT_N: 64, MT_K: 128, MI_M: 16, MI_N: 16, MI_K: 32,
    Occupancy: 1, WGM: 0, NTA: 0, NTB: 0}
  - {Latency: 25282448, MT_M: 64, MT_N: 128, MT_K: 128, MI_M: 16, MI_N: 16, MI_K: 32,
    Occupancy: 1, WGM: 0, NTA: 0, NTB: 0}
  - {Latency: 32491944, MT_M: 64, MT_N: 64, MT_K: 256, MI_M: 32, MI_N: 32, MI_K: 16,
    Occupancy: 1, WGM: 0, NTA: 0, NTB: 0}
  - {Latency: 55093113, MT_M: 64, MT_N: 32, MT_K: 128, MI_M: 32, MI_N: 32, MI_K: 16,
    Occupancy: 1, WGM: 0, NTA: 0, NTB: 0}
  - {Latency: 55192115, MT_M: 32, MT_N: 64, MT_K: 128, MI_M: 32, MI_N: 32, MI_K: 16,
    Occupancy: 1, WGM: 0, NTA: 0, NTB: 0}
  - {Latency: 66823879, MT_M: 32, MT_N: 32, MT_K: 512, MI_M: 32, MI_N: 32, MI_K: 16,
    Occupancy: 1, WGM: 0, NTA: 0, NTB: 0}
  - {Latency: 84790999, MT_M: 64, MT_N: 16, MT_K: 256, MI_M: 16, MI_N: 16, MI_K: 32,
    Occupancy: 1, WGM: 0, NTA: 0, NTB: 0}
  - {Latency: 85457730, MT_M: 16, MT_N: 64, MT_K: 256, MI_M: 16, MI_N: 16, MI_K: 32,
    Occupancy: 1, WGM: 0, NTA: 0, NTB: 0}
  - {Latency: 87122599, MT_M: 16, MT_N: 256, MT_K: 32, MI_M: 16, MI_N: 16, MI_K: 32,
    Occupancy: 2, WGM: 0, NTA: 0, NTB: 0}
  - {Latency: 90360694, MT_M: 32, MT_N: 256, MT_K: 16, MI_M: 32, MI_N: 32, MI_K: 16,
    Occupancy: 2, WGM: 0, NTA: 0, NTB: 0}
  - {Latency: 103407865, MT_M: 32, MT_N: 16, MT_K: 512, MI_M: 16, MI_N: 16, MI_K: 32,
    Occupancy: 1, WGM: 0, NTA: 0, NTB: 0}
  - {Latency: 103729953, MT_M: 16, MT_N: 32, MT_K: 512, MI_M: 16, MI_N: 16, MI_K: 32,
    Occupancy: 1, WGM: 0, NTA: 0, NTB: 0}
  - {Latency: 114444326, MT_M: 16, MT_N: 128, MT_K: 32, MI_M: 16, MI_N: 16, MI_K: 32,
    Occupancy: 3, WGM: 0, NTA: 0, NTB: 0}
  - {Latency: 121607587, MT_M: 32, MT_N: 128, MT_K: 16, MI_M: 32, MI_N: 32, MI_K: 16,
    Occupancy: 5, WGM: 0, NTA: 0, NTB: 0}
  - {Latency: 146491341, MT_M: 16, MT_N: 16, MT_K: 512, MI_M: 16, MI_N: 16, MI_K: 32,
    Occupancy: 1, WGM: 0, NTA: 0, NTB: 0}
- - {Latency: 11692019, MT_M: 256, MT_N: 256, MT_K: 32, MI_M: 32, MI_N: 32, MI_K: 16,
    Occupancy: 1, WGM: 0, NTA: 0, NTB: 0}
  - {Latency: 13519289, MT_M: 192, MT_N: 256, MT_K: 32, MI_M: 32, MI_N: 32, MI_K: 16,
    Occupancy: 1, WGM: 0, NTA: 0, NTB: 0}
  - {Latency: 13642744, MT_M: 256, MT_N: 192, MT_K: 32, MI_M: 16, MI_N: 16, MI_K: 32,
    Occupancy: 1, WGM: 0, NTA: 0, NTB: 0}
  - {Latency: 13803359, MT_M: 192, MT_N: 192, MT_K: 64, MI_M: 32, MI_N: 32, MI_K: 16,
    Occupancy: 1, WGM: 0, NTA: 0, NTB: 0}
  - {Latency: 15613068, MT_M: 128, MT_N: 256, MT_K: 64, MI_M: 32, MI_N: 32, MI_K: 16,
    Occupancy: 1, WGM: 0, NTA: 0, NTB: 0}
  - {Latency: 15737938, MT_M: 256, MT_N: 128, MT_K: 64, MI_M: 32, MI_N: 32, MI_K: 16,
    Occupancy: 1, WGM: 0, NTA: 0, NTB: 0}
  - {Latency: 17544017, MT_M: 192, MT_N: 128, MT_K: 64, MI_M: 32, MI_N: 32, MI_K: 16,
    Occupancy: 1, WGM: 0, NTA: 0, NTB: 0}
  - {Latency: 17544017, MT_M: 128, MT_N: 192, MT_K: 64, MI_M: 32, MI_N: 32, MI_K: 16,
    Occupancy: 1, WGM: 0, NTA: 0, NTB: 0}
  - {Latency: 20090277, MT_M: 128, MT_N: 128, MT_K: 128, MI_M: 32, MI_N: 32, MI_K: 16,
    Occupancy: 1, WGM: 0, NTA: 0, NTB: 0}
  - {Latency: 25663922, MT_M: 64, MT_N: 256, MT_K: 64, MI_M: 32, MI_N: 32, MI_K: 16,
    Occupancy: 1, WGM: 0, NTA: 0, NTB: 0}
  - {Latency: 26201104, MT_M: 64, MT_N: 192, MT_K: 128, MI_M: 32, MI_N: 32, MI_K: 16,
    Occupancy: 1, WGM: 0, NTA: 0, NTB: 0}
  - {Latency: 26311335, MT_M: 192, MT_N: 64, MT_K: 128, MI_M: 32, MI_N: 32, MI_K: 16,
    Occupancy: 1, WGM: 0, NTA: 0, NTB: 0}
  - {Latency: 26499381, MT_M: 256, MT_N: 64, MT_K: 64, MI_M: 32, MI_N: 32, MI_K: 16,
    Occupancy: 1, WGM: 0, NTA: 0, NTB: 0}
  - {Latency: 30176350, MT_M: 64, MT_N: 128, MT_K: 128, MI_M: 16, MI_N: 16, MI_K: 32,
    Occupancy: 1, WGM: 0, NTA: 0, NTB: 0}
  - {Latency: 30608687, MT_M: 128, MT_N: 64, MT_K: 128, MI_M: 16, MI_N: 16, MI_K: 32,
    Occupancy: 1, WGM: 0, NTA: 0, NTB: 0}
  - {Latency: 39838335, MT_M: 64, MT_N: 64, MT_K: 256, MI_M: 32, MI_N: 32, MI_K: 16,
    Occupancy: 1, WGM: 0, NTA: 0, NTB: 0}
  - {Latency: 67080633, MT_M: 32, MT_N: 64, MT_K: 128, MI_M: 32, MI_N: 32, MI_K: 16,
    Occupancy: 1, WGM: 0, NTA: 0, NTB: 0}
  - {Latency: 67374664, MT_M: 64, MT_N: 32, MT_K: 128, MI_M: 32, MI_N: 32, MI_K: 16,
    Occupancy: 1, WGM: 0, NTA: 0, NTB: 0}
  - {Latency: 81683569, MT_M: 32, MT_N: 32, MT_K: 512, MI_M: 32, MI_N: 32, MI_K: 16,
    Occupancy: 1, WGM: 0, NTA: 0, NTB: 0}
  - {Latency: 103174072, MT_M: 16, MT_N: 256, MT_K: 32, MI_M: 16, MI_N: 16, MI_K: 32,
    Occupancy: 2, WGM: 0, NTA: 0, NTB: 0}
  - {Latency: 104505538, MT_M: 64, MT_N: 16, MT_K: 256, MI_M: 16, MI_N: 16, MI_K: 32,
    Occupancy: 1, WGM: 0, NTA: 0, NTB: 0}
  - {Latency: 104533554, MT_M: 16, MT_N: 64, MT_K: 256, MI_M: 16, MI_N: 16, MI_K: 32,
    Occupancy: 1, WGM: 0, NTA: 0, NTB: 0}
  - {Latency: 106940727, MT_M: 32, MT_N: 256, MT_K: 16, MI_M: 32, MI_N: 32, MI_K: 16,
    Occupancy: 2, WGM: 0, NTA: 0, NTB: 0}
  - {Latency: 127346993, MT_M: 32, MT_N: 16, MT_K: 512, MI_M: 16, MI_N: 16, MI_K: 32,
    Occupancy: 1, WGM: 0, NTA: 0, NTB: 0}
  - {Latency: 127767408, MT_M: 16, MT_N: 32, MT_K: 512, MI_M: 16, MI_N: 16, MI_K: 32,
    Occupancy: 1, WGM: 0, NTA: 0, NTB: 0}
  - {Latency: 137724161, MT_M: 16, MT_N: 128, MT_K: 32, MI_M: 16, MI_N: 16, MI_K: 32,
    Occupancy: 3, WGM: 0, NTA: 0, NTB: 0}
  - {Latency: 146065446, MT_M: 32, MT_N: 128, MT_K: 16, MI_M: 32, MI_N: 32, MI_K: 16,
    Occupancy: 5, WGM: 0, NTA: 0, NTB: 0}
  - {Latency: 182959915, MT_M: 16, MT_N: 16, MT_K: 512, MI_M: 16, MI_N: 16, MI_K: 32,
    Occupancy: 1, WGM: 0, NTA: 0, NTB: 0}
- - {Latency: 9113700, MT_M: 256, MT_N: 256, MT_K: 32, MI_M: 32, MI_N: 32, MI_K: 16,
    Occupancy: 1, WGM: 0, NTA: 0, NTB: 0}
  - {Latency: 10363457, MT_M: 192, MT_N: 256, MT_K: 32, MI_M: 32, MI_N: 32, MI_K: 16,
    Occupancy: 1, WGM: 0, NTA: 0, NTB: 0}
  - {Latency: 10386320, MT_M: 256, MT_N: 192, MT_K: 32, MI_M: 16, MI_N: 16, MI_K: 32,
    Occupancy: 1, WGM: 0, NTA: 0, NTB: 0}
  - {Latency: 11082738, MT_M: 192, MT_N: 192, MT_K: 64, MI_M: 32, MI_N: 32, MI_K: 16,
    Occupancy: 1, WGM: 0, NTA: 0, NTB: 0}
  - {Latency: 12089893, MT_M: 256, MT_N: 128, MT_K: 64, MI_M: 32, MI_N: 32, MI_K: 16,
    Occupancy: 1, WGM: 0, NTA: 0, NTB: 0}
  - {Latency: 12089893, MT_M: 128, MT_N: 256, MT_K: 64, MI_M: 32, MI_N: 32, MI_K: 16,
    Occupancy: 1, WGM: 0, NTA: 0, NTB: 0}
  - {Latency: 13772770, MT_M: 192, MT_N: 128, MT_K: 64, MI_M: 32, MI_N: 32, MI_K: 16,
    Occupancy: 1, WGM: 0, NTA: 0, NTB: 0}
  - {Latency: 13775949, MT_M: 128, MT_N: 192, MT_K: 64, MI_M: 32, MI_N: 32, MI_K: 16,
    Occupancy: 1, WGM: 0, NTA: 0, NTB: 0}
  - {Latency: 15555490, MT_M: 128, MT_N: 128, MT_K: 128, MI_M: 32, MI_N: 32, MI_K: 16,
    Occupancy: 1, WGM: 0, NTA: 0, NTB: 0}
  - {Latency: 20336027, MT_M: 256, MT_N: 64, MT_K: 64, MI_M: 32, MI_N: 32, MI_K: 16,
    Occupancy: 1, WGM: 0, NTA: 0, NTB: 0}
  - {Latency: 20336027, MT_M: 64, MT_N: 256, MT_K: 64, MI_M: 32, MI_N: 32, MI_K: 16,
    Occupancy: 1, WGM: 0, NTA: 0, NTB: 0}
  - {Latency: 20649577, MT_M: 192, MT_N: 64, MT_K: 128, MI_M: 32, MI_N: 32, MI_K: 16,
    Occupancy: 1, WGM: 0, NTA: 0, NTB: 0}
  - {Latency: 20654682, MT_M: 64, MT_N: 192, MT_K: 128, MI_M: 32, MI_N: 32, MI_K: 16,
    Occupancy: 1, WGM: 0, NTA: 0, NTB: 0}
  - {Latency: 23647505, MT_M: 128, MT_N: 64, MT_K: 128, MI_M: 16, MI_N: 16, MI_K: 32,
    Occupancy: 1, WGM: 0, NTA: 0, NTB: 0}
  - {Latency: 23647505, MT_M: 64, MT_N: 128, MT_K: 128, MI_M: 16, MI_N: 16, MI_K: 32,
    Occupancy: 1, WGM: 0, NTA: 0, NTB: 0}
  - {Latency: 31289596, MT_M: 64, MT_N: 64, MT_K: 256, MI_M: 32, MI_N: 32, MI_K: 16,
    Occupancy: 1, WGM: 0, NTA: 0, NTB: 0}
  - {Latency: 52527295, MT_M: 64, MT_N: 32, MT_K: 128, MI_M: 32, MI_N: 32, MI_K: 16,
    Occupancy: 1, WGM: 0, NTA: 0, NTB: 0}
  - {Latency: 52785972, MT_M: 32, MT_N: 64, MT_K: 128, MI_M: 32, MI_N: 32, MI_K: 16,
    Occupancy: 1, WGM: 0, NTA: 0, NTB: 0}
  - {Latency: 65737134, MT_M: 32, MT_N: 32, MT_K: 512, MI_M: 32, MI_N: 32, MI_K: 16,
    Occupancy: 1, WGM: 0, NTA: 0, NTB: 0}
  - {Latency: 81342075, MT_M: 16, MT_N: 256, MT_K: 32, MI_M: 16, MI_N: 16, MI_K: 32,
    Occupancy: 2, WGM: 0, NTA: 0, NTB: 0}
  - {Latency: 81631963, MT_M: 64, MT_N: 16, MT_K: 256, MI_M: 16, MI_N: 16, MI_K: 32,
    Occupancy: 1, WGM: 0, NTA: 0, NTB: 0}
  - {Latency: 82577880, MT_M: 16, MT_N: 64, MT_K: 256, MI_M: 16, MI_N: 16, MI_K: 32,
    Occupancy: 1, WGM: 0, NTA: 0, NTB: 0}
  - {Latency: 83936706, MT_M: 32, MT_N: 256, MT_K: 16, MI_M: 32, MI_N: 32, MI_K: 16,
    Occupancy: 2, WGM: 0, NTA: 0, NTB: 0}
  - {Latency: 101738441, MT_M: 32, MT_N: 16, MT_K: 512, MI_M: 16, MI_N: 16, MI_K: 32,
    Occupancy: 1, WGM: 0, NTA: 0, NTB: 0}
  - {Latency: 102364702, MT_M: 16, MT_N: 32, MT_K: 512, MI_M: 16, MI_N: 16, MI_K: 32,
    Occupancy: 1, WGM: 0, NTA: 0, NTB: 0}
  - {Latency: 108776924, MT_M: 16, MT_N: 128, MT_K: 32, MI_M: 16, MI_N: 16, MI_K: 32,
    Occupancy: 3, WGM: 0, NTA: 0, NTB: 0}
  - {Latency: 114601850, MT_M: 32, MT_N: 128, MT_K: 16, MI_M: 32, MI_N: 32, MI_K: 16,
    Occupancy: 5, WGM: 0, NTA: 0, NTB: 0}
  - {Latency: 144649831, MT_M: 16, MT_N: 16, MT_K: 512, MI_M: 16, MI_N: 16, MI_K: 32,
    Occupancy: 1, WGM: 0, NTA: 0, NTB: 0}
- - {Latency: 65117278, MT_M: 16, MT_N: 64, MT_K: 256, MI_M: 16, MI_N: 16, MI_K: 32,
    Occupancy: 1, WGM: 0, NTA: 0, NTB: 0}
  - {Latency: 64476106, MT_M: 16, MT_N: 16, MT_K: 512, MI_M: 16, MI_N: 16, MI_K: 32,
    Occupancy: 1, WGM: 0, NTA: 0, NTB: 0}
  - {Latency: 65521322, MT_M: 16, MT_N: 32, MT_K: 512, MI_M: 16, MI_N: 16, MI_K: 32,
    Occupancy: 1, WGM: 0, NTA: 0, NTB: 0}
  - {Latency: 74926349, MT_M: 16, MT_N: 256, MT_K: 32, MI_M: 16, MI_N: 16, MI_K: 32,
    Occupancy: 2, WGM: 0, NTA: 0, NTB: 0}
  - {Latency: 80398933, MT_M: 16, MT_N: 128, MT_K: 32, MI_M: 16, MI_N: 16, MI_K: 32,
    Occupancy: 3, WGM: 0, NTA: 0, NTB: 0}
  - {Latency: 130933916, MT_M: 32, MT_N: 32, MT_K: 512, MI_M: 32, MI_N: 32, MI_K: 16,
    Occupancy: 1, WGM: 0, NTA: 0, NTB: 0}
  - {Latency: 131747239, MT_M: 32, MT_N: 64, MT_K: 128, MI_M: 32, MI_N: 32, MI_K: 16,
    Occupancy: 1, WGM: 0, NTA: 0, NTB: 0}
  - {Latency: 135167428, MT_M: 32, MT_N: 16, MT_K: 512, MI_M: 16, MI_N: 16, MI_K: 32,
    Occupancy: 1, WGM: 0, NTA: 0, NTB: 0}
  - {Latency: 260415158, MT_M: 64, MT_N: 64, MT_K: 256, MI_M: 32, MI_N: 32, MI_K: 16,
    Occupancy: 1, WGM: 0, NTA: 0, NTB: 0}
  - {Latency: 281878034, MT_M: 64, MT_N: 32, MT_K: 128, MI_M: 32, MI_N: 32, MI_K: 16,
    Occupancy: 1, WGM: 0, NTA: 0, NTB: 0}
  - {Latency: 285624552, MT_M: 32, MT_N: 256, MT_K: 16, MI_M: 32, MI_N: 32, MI_K: 16,
    Occupancy: 2, WGM: 0, NTA: 0, NTB: 0}
  - {Latency: 287601570, MT_M: 32, MT_N: 128, MT_K: 16, MI_M: 32, MI_N: 32, MI_K: 16,
    Occupancy: 5, WGM: 0, NTA: 0, NTB: 0}
  - {Latency: 294353537, MT_M: 64, MT_N: 256, MT_K: 64, MI_M: 32, MI_N: 32, MI_K: 16,
    Occupancy: 1, WGM: 0, NTA: 0, NTB: 0}
  - {Latency: 296562858, MT_M: 64, MT_N: 128, MT_K: 128, MI_M: 16, MI_N: 16, MI_K: 32,
    Occupancy: 1, WGM: 0, NTA: 0, NTB: 0}
  - {Latency: 333001544, MT_M: 64, MT_N: 192, MT_K: 128, MI_M: 32, MI_N: 32, MI_K: 16,
    Occupancy: 1, WGM: 0, NTA: 0, NTB: 0}
  - {Latency: 447032102, MT_M: 64, MT_N: 16, MT_K: 256, MI_M: 16, MI_N: 16, MI_K: 32,
    Occupancy: 1, WGM: 0, NTA: 0, NTB: 0}
  - {Latency: 555011748, MT_M: 128, MT_N: 64, MT_K: 128, MI_M: 16, MI_N: 16, MI_K: 32,
    Occupancy: 1, WGM: 0, NTA: 0, NTB: 0}
  - {Latency: 589138964, MT_M: 128, MT_N: 256, MT_K: 64, MI_M: 32, MI_N: 32, MI_K: 16,
    Occupancy: 1, WGM: 0, NTA: 0, NTB: 0}
  - {Latency: 593869276, MT_M: 128, MT_N: 128, MT_K: 128, MI_M: 32, MI_N: 32, MI_K: 16,
    Occupancy: 1, WGM: 0, NTA: 0, NTB: 0}
  - {Latency: 662558935, MT_M: 128, MT_N: 192, MT_K: 64, MI_M: 32, MI_N: 32, MI_K: 16,
    Occupancy: 1, WGM: 0, NTA: 0, NTB: 0}
  - {Latency: 893553773, MT_M: 192, MT_N: 256, MT_K: 32, MI_M: 32, MI_N: 32, MI_K: 16,
    Occupancy: 1, WGM: 0, NTA: 0, NTB: 0}
  - {Latency: 898321590, MT_M: 192, MT_N: 128, MT_K: 64, MI_M: 32, MI_N: 32, MI_K: 16,
    Occupancy: 1, WGM: 0, NTA: 0, NTB: 0}
  - {Latency: 995228739, MT_M: 192, MT_N: 192, MT_K: 64, MI_M: 32, MI_N: 32, MI_K: 16,
    Occupancy: 1, WGM: 0, NTA: 0, NTB: 0}
  - {Latency: 1107816992, MT_M: 192, MT_N: 64, MT_K: 128, MI_M: 32, MI_N: 32, MI_K: 16,
    Occupancy: 1, WGM: 0, NTA: 0, NTB: 0}
  - {Latency: 1192456004, MT_M: 256, MT_N: 256, MT_K: 32, MI_M: 32, MI_N: 32, MI_K: 16,
    Occupancy: 1, WGM: 0, NTA: 0, NTB: 0}
  - {Latency: 1258460338, MT_M: 256, MT_N: 128, MT_K: 64, MI_M: 32, MI_N: 32, MI_K: 16,
    Occupancy: 1, WGM: 0, NTA: 0, NTB: 0}
  - {Latency: 1371735517, MT_M: 256, MT_N: 192, MT_K: 32, MI_M: 16, MI_N: 16, MI_K: 32,
    Occupancy: 1, WGM: 0, NTA: 0, NTB: 0}
  - {Latency: 1833178358, MT_M: 256, MT_N: 64, MT_K: 64, MI_M: 32, MI_N: 32, MI_K: 16,
    Occupancy: 1, WGM: 0, NTA: 0, NTB: 0}
- - {Latency: 50958221, MT_M: 16, MT_N: 64, MT_K: 256, MI_M: 16, MI_N: 16, MI_K: 32,
    Occupancy: 1, WGM: 6, NTA: 0, NTB: 4}
  - {Latency: 53258589, MT_M: 16, MT_N: 256, MT_K: 32, MI_M: 16, MI_N: 16, MI_K: 32,
    Occupancy: 2, WGM: 1, NTA: 0, NTB: 4}
  - {Latency: 53592870, MT_M: 16, MT_N: 128, MT_K: 32, MI_M: 16, MI_N: 16, MI_K: 32,
    Occupancy: 3, WGM: 1, NTA: 0, NTB: 4}
  - {Latency: 58701003, MT_M: 16, MT_N: 32, MT_K: 512, MI_M: 16, MI_N: 16, MI_K: 32,
    Occupancy: 1, WGM: 6, NTA: 0, NTB: 4}
  - {Latency: 59518518, MT_M: 16, MT_N: 16, MT_K: 512, MI_M: 16, MI_N: 16, MI_K: 32,
    Occupancy: 1, WGM: 6, NTA: 0, NTB: 4}
  - {Latency: 101679462, MT_M: 32, MT_N: 64, MT_K: 128, MI_M: 32, MI_N: 32, MI_K: 16,
    Occupancy: 1, WGM: 6, NTA: 0, NTB: 4}
  - {Latency: 117131623, MT_M: 32, MT_N: 32, MT_K: 512, MI_M: 32, MI_N: 32, MI_K: 16,
    Occupancy: 1, WGM: 6, NTA: 0, NTB: 4}
  - {Latency: 125168198, MT_M: 32, MT_N: 16, MT_K: 512, MI_M: 16, MI_N: 16, MI_K: 32,
    Occupancy: 1, WGM: 6, NTA: 0, NTB: 4}
  - {Latency: 191596713, MT_M: 32, MT_N: 128, MT_K: 16, MI_M: 32, MI_N: 32, MI_K: 16,
    Occupancy: 5, WGM: 0, NTA: 0, NTB: 0}
  - {Latency: 202923073, MT_M: 32, MT_N: 256, MT_K: 16, MI_M: 32, MI_N: 32, MI_K: 16,
    Occupancy: 2, WGM: 0, NTA: 0, NTB: 0}
  - {Latency: 204227408, MT_M: 64, MT_N: 64, MT_K: 256, MI_M: 32, MI_N: 32, MI_K: 16,
    Occupancy: 1, WGM: 6, NTA: 0, NTB: 4}
  - {Latency: 207124024, MT_M: 64, MT_N: 192, MT_K: 128, MI_M: 32, MI_N: 32, MI_K: 16,
    Occupancy: 1, WGM: 6, NTA: 0, NTB: 4}
  - {Latency: 208238425, MT_M: 64, MT_N: 128, MT_K: 128, MI_M: 16, MI_N: 16, MI_K: 32,
    Occupancy: 1, WGM: 6, NTA: 0, NTB: 4}
  - {Latency: 212725303, MT_M: 64, MT_N: 256, MT_K: 64, MI_M: 32, MI_N: 32, MI_K: 16,
    Occupancy: 1, WGM: 6, NTA: 0, NTB: 4}
  - {Latency: 217957714, MT_M: 64, MT_N: 32, MT_K: 128, MI_M: 32, MI_N: 32, MI_K: 16,
    Occupancy: 1, WGM: 6, NTA: 0, NTB: 4}
  - {Latency: 361000574, MT_M: 64, MT_N: 16, MT_K: 256, MI_M: 16, MI_N: 16, MI_K: 32,
    Occupancy: 1, WGM: 6, NTA: 0, NTB: 4}
  - {Latency: 400258731, MT_M: 128, MT_N: 192, MT_K: 64, MI_M: 32, MI_N: 32, MI_K: 16,
    Occupancy: 1, WGM: 6, NTA: 0, NTB: 4}
  - {Latency: 416996846, MT_M: 128, MT_N: 128, MT_K: 128, MI_M: 32, MI_N: 32, MI_K: 16,
    Occupancy: 1, WGM: 6, NTA: 0, NTB: 4}
  - {Latency: 426585382, MT_M: 128, MT_N: 256, MT_K: 64, MI_M: 32, MI_N: 32, MI_K: 16,
    Occupancy: 1, WGM: 6, NTA: 0, NTB: 4}
  - {Latency: 433592808, MT_M: 128, MT_N: 64, MT_K: 128, MI_M: 16, MI_N: 16, MI_K: 32,
    Occupancy: 1, WGM: 6, NTA: 0, NTB: 4}
  - {Latency: 602382745, MT_M: 192, MT_N: 192, MT_K: 64, MI_M: 32, MI_N: 32, MI_K: 16,
    Occupancy: 1, WGM: 6, NTA: 0, NTB: 4}
  - {Latency: 611469695, MT_M: 192, MT_N: 128, MT_K: 64, MI_M: 32, MI_N: 32, MI_K: 16,
    Occupancy: 1, WGM: 6, NTA: 0, NTB: 4}
  - {Latency: 636829468, MT_M: 192, MT_N: 256, MT_K: 32, MI_M: 32, MI_N: 32, MI_K: 16,
    Occupancy: 1, WGM: 6, NTA: 0, NTB: 4}
  - {Latency: 819423315, MT_M: 256, MT_N: 192, MT_K: 32, MI_M: 16, MI_N: 16, MI_K: 32,
    Occupancy: 1, WGM: 6, NTA: 0, NTB: 4}
  - {Latency: 850672746, MT_M: 256, MT_N: 256, MT_K: 32, MI_M: 32, MI_N: 32, MI_K: 16,
    Occupancy: 1, WGM: 6, NTA: 0, NTB: 4}
  - {Latency: 857904895, MT_M: 256, MT_N: 128, MT_K: 64, MI_M: 32, MI_N: 32, MI_K: 16,
    Occupancy: 1, WGM: 6, NTA: 0, NTB: 4}
  - {Latency: 860146398, MT_M: 192, MT_N: 64, MT_K: 128, MI_M: 32, MI_N: 32, MI_K: 16,
    Occupancy: 1, WGM: 6, NTA: 0, NTB: 4}
  - {Latency: 1377286907, MT_M: 256, MT_N: 64, MT_K: 64, MI_M: 32, MI_N: 32, MI_K: 16,
    Occupancy: 1, WGM: 6, NTA: 0, NTB: 4}
- - {Latency: 17139274, MT_M: 16, MT_N: 16, MT_K: 512, MI_M: 16, MI_N: 16, MI_K: 32,
    Occupancy: 1, WGM: 6, NTA: 0, NTB: 4}
  - {Latency: 17477324, MT_M: 16, MT_N: 64, MT_K: 256, MI_M: 16, MI_N: 16, MI_K: 32,
    Occupancy: 1, WGM: 6, NTA: 0, NTB: 4}
  - {Latency: 17546939, MT_M: 16, MT_N: 32, MT_K: 512, MI_M: 16, MI_N: 16, MI_K: 32,
    Occupancy: 1, WGM: 6, NTA: 0, NTB: 4}
  - {Latency: 18291750, MT_M: 16, MT_N: 256, MT_K: 32, MI_M: 16, MI_N: 16, MI_K: 32,
    Occupancy: 2, WGM: 1, NTA: 0, NTB: 4}
  - {Latency: 18615630, MT_M: 16, MT_N: 128, MT_K: 32, MI_M: 16, MI_N: 16, MI_K: 32,
    Occupancy: 3, WGM: 1, NTA: 0, NTB: 4}
  - {Latency: 36261224, MT_M: 32, MT_N: 64, MT_K: 128, MI_M: 32, MI_N: 32, MI_K: 16,
    Occupancy: 1, WGM: 6, NTA: 0, NTB: 4}
  - {Latency: 37650592, MT_M: 32, MT_N: 32, MT_K: 512, MI_M: 32, MI_N: 32, MI_K: 16,
    Occupancy: 1, WGM: 6, NTA: 0, NTB: 4}
  - {Latency: 42957693, MT_M: 32, MT_N: 16, MT_K: 512, MI_M: 16, MI_N: 16, MI_K: 32,
    Occupancy: 1, WGM: 6, NTA: 0, NTB: 4}
  - {Latency: 70616207, MT_M: 64, MT_N: 192, MT_K: 128, MI_M: 32, MI_N: 32, MI_K: 16,
    Occupancy: 1, WGM: 6, NTA: 0, NTB: 4}
  - {Latency: 73308072, MT_M: 32, MT_N: 256, MT_K: 16, MI_M: 32, MI_N: 32, MI_K: 16,
    Occupancy: 2, WGM: 0, NTA: 0, NTB: 0}
  - {Latency: 74838376, MT_M: 64, MT_N: 256, MT_K: 64, MI_M: 32, MI_N: 32, MI_K: 16,
    Occupancy: 1, WGM: 6, NTA: 0, NTB: 4}
  - {Latency: 75074364, MT_M: 32, MT_N: 128, MT_K: 16, MI_M: 32, MI_N: 32, MI_K: 16,
    Occupancy: 5, WGM: 0, NTA: 0, NTB: 0}
  - {Latency: 77882023, MT_M: 64, MT_N: 128, MT_K: 128, MI_M: 16, MI_N: 16, MI_K: 32,
    Occupancy: 1, WGM: 6, NTA: 0, NTB: 4}
  - {Latency: 77937990, MT_M: 64, MT_N: 64, MT_K: 256, MI_M: 32, MI_N: 32, MI_K: 16,
    Occupancy: 1, WGM: 6, NTA: 0, NTB: 4}
  - {Latency: 85767800, MT_M: 64, MT_N: 32, MT_K: 128, MI_M: 32, MI_N: 32, MI_K: 16,
    Occupancy: 1, WGM: 6, NTA: 0, NTB: 4}
  - {Latency: 142691818, MT_M: 64, MT_N: 16, MT_K: 256, MI_M: 16, MI_N: 16, MI_K: 32,
    Occupancy: 1, WGM: 6, NTA: 0, NTB: 4}
  - {Latency: 148334964, MT_M: 128, MT_N: 192, MT_K: 64, MI_M: 32, MI_N: 32, MI_K: 16,
    Occupancy: 1, WGM: 6, NTA: 0, NTB: 4}
  - {Latency: 155668408, MT_M: 128, MT_N: 256, MT_K: 64, MI_M: 32, MI_N: 32, MI_K: 16,
    Occupancy: 1, WGM: 6, NTA: 0, NTB: 4}
  - {Latency: 167596539, MT_M: 128, MT_N: 128, MT_K: 128, MI_M: 32, MI_N: 32, MI_K: 16,
    Occupancy: 1, WGM: 6, NTA: 0, NTB: 4}
  - {Latency: 177939123, MT_M: 128, MT_N: 64, MT_K: 128, MI_M: 16, MI_N: 16, MI_K: 32,
    Occupancy: 1, WGM: 6, NTA: 0, NTB: 4}
  - {Latency: 233674646, MT_M: 192, MT_N: 192, MT_K: 64, MI_M: 32, MI_N: 32, MI_K: 16,
    Occupancy: 1, WGM: 6, NTA: 0, NTB: 4}
  - {Latency: 242095378, MT_M: 192, MT_N: 256, MT_K: 32, MI_M: 32, MI_N: 32, MI_K: 16,
    Occupancy: 1, WGM: 6, NTA: 0, NTB: 4}
  - {Latency: 268892243, MT_M: 192, MT_N: 128, MT_K: 64, MI_M: 32, MI_N: 32, MI_K: 16,
    Occupancy: 1, WGM: 6, NTA: 0, NTB: 4}
  - {Latency: 310134669, MT_M: 192, MT_N: 64, MT_K: 128, MI_M: 32, MI_N: 32, MI_K: 16,
    Occupancy: 1, WGM: 6, NTA: 0, NTB: 4}
  - {Latency: 325610165, MT_M: 256, MT_N: 192, MT_K: 32, MI_M: 16, MI_N: 16, MI_K: 32,
    Occupancy: 1, WGM: 6, NTA: 0, NTB: 4}
  - {Latency: 334784591, MT_M: 256, MT_N: 256, MT_K: 32, MI_M: 32, MI_N: 32, MI_K: 16,
    Occupancy: 1, WGM: 6, NTA: 0, NTB: 4}
  - {Latency: 382441929, MT_M: 256, MT_N: 128, MT_K: 64, MI_M: 32, MI_N: 32, MI_K: 16,
    Occupancy: 1, WGM: 6, NTA: 0, NTB: 4}
  - {Latency: 515624338, MT_M: 256, MT_N: 64, MT_K: 64, MI_M: 32, MI_N: 32, MI_K: 16,
    Occupancy: 1, WGM: 6, NTA: 0, NTB: 4}
- - {Latency: 90697989, MT_M: 16, MT_N: 256, MT_K: 32, MI_M: 16, MI_N: 16, MI_K: 32,
    Occupancy: 2, WGM: 1, NTA: 0, NTB: 4}
  - {Latency: 97646008, MT_M: 16, MT_N: 16, MT_K: 512, MI_M: 16, MI_N: 16, MI_K: 32,
    Occupancy: 1, WGM: 6, NTA: 0, NTB: 4}
  - {Latency: 104239854, MT_M: 16, MT_N: 64, MT_K: 256, MI_M: 16, MI_N: 16, MI_K: 32,
    Occupancy: 1, WGM: 6, NTA: 0, NTB: 4}
  - {Latency: 104403175, MT_M: 16, MT_N: 32, MT_K: 512, MI_M: 16, MI_N: 16, MI_K: 32,
    Occupancy: 1, WGM: 6, NTA: 0, NTB: 4}
  - {Latency: 152054604, MT_M: 16, MT_N: 128, MT_K: 32, MI_M: 16, MI_N: 16, MI_K: 32,
    Occupancy: 3, WGM: 1, NTA: 0, NTB: 4}
  - {Latency: 204538869, MT_M: 32, MT_N: 16, MT_K: 512, MI_M: 16, MI_N: 16, MI_K: 32,
    Occupancy: 1, WGM: 6, NTA: 0, NTB: 4}
  - {Latency: 208666890, MT_M: 32, MT_N: 32, MT_K: 512, MI_M: 32, MI_N: 32, MI_K: 16,
    Occupancy: 1, WGM: 6, NTA: 0, NTB: 4}
  - {Latency: 211334118, MT_M: 32, MT_N: 64, MT_K: 128, MI_M: 32, MI_N: 32, MI_K: 16,
    Occupancy: 1, WGM: 6, NTA: 0, NTB: 4}
  - {Latency: 339755133, MT_M: 64, MT_N: 192, MT_K: 128, MI_M: 32, MI_N: 32, MI_K: 16,
    Occupancy: 1, WGM: 6, NTA: 0, NTB: 4}
  - {Latency: 341779919, MT_M: 64, MT_N: 256, MT_K: 64, MI_M: 32, MI_N: 32, MI_K: 16,
    Occupancy: 1, WGM: 6, NTA: 0, NTB: 4}
  - {Latency: 342356365, MT_M: 32, MT_N: 256, MT_K: 16, MI_M: 32, MI_N: 32, MI_K: 16,
    Occupancy: 2, WGM: 0, NTA: 0, NTB: 0}
  - {Latency: 416633501, MT_M: 64, MT_N: 64, MT_K: 256, MI_M: 32, MI_N: 32, MI_K: 16,
    Occupancy: 1, WGM: 6, NTA: 0, NTB: 4}
  - {Latency: 451818929, MT_M: 64, MT_N: 32, MT_K: 128, MI_M: 32, MI_N: 32, MI_K: 16,
    Occupancy: 1, WGM: 6, NTA: 0, NTB: 4}
  - {Latency: 544799540, MT_M: 32, MT_N: 128, MT_K: 16, MI_M: 32, MI_N: 32, MI_K: 16,
    Occupancy: 5, WGM: 0, NTA: 0, NTB: 0}
  - {Latency: 554997527, MT_M: 64, MT_N: 128, MT_K: 128, MI_M: 16, MI_N: 16, MI_K: 32,
    Occupancy: 1, WGM: 6, NTA: 0, NTB: 4}
  - {Latency: 679465866, MT_M: 64, MT_N: 16, MT_K: 256, MI_M: 16, MI_N: 16, MI_K: 32,
    Occupancy: 1, WGM: 6, NTA: 0, NTB: 4}
  - {Latency: 685531056, MT_M: 128, MT_N: 192, MT_K: 64, MI_M: 32, MI_N: 32, MI_K: 16,
    Occupancy: 1, WGM: 6, NTA: 0, NTB: 4}
  - {Latency: 688613952, MT_M: 128, MT_N: 256, MT_K: 64, MI_M: 32, MI_N: 32, MI_K: 16,
    Occupancy: 1, WGM: 6, NTA: 0, NTB: 4}
  - {Latency: 888467387, MT_M: 128, MT_N: 64, MT_K: 128, MI_M: 16, MI_N: 16, MI_K: 32,
    Occupancy: 1, WGM: 6, NTA: 0, NTB: 4}
  - {Latency: 1037419014, MT_M: 192, MT_N: 192, MT_K: 64, MI_M: 32, MI_N: 32, MI_K: 16,
    Occupancy: 1, WGM: 6, NTA: 0, NTB: 4}
  - {Latency: 1077126145, MT_M: 192, MT_N: 256, MT_K: 32, MI_M: 32, MI_N: 32, MI_K: 16,
    Occupancy: 1, WGM: 6, NTA: 0, NTB: 4}
  - {Latency: 1111382685, MT_M: 128, MT_N: 128, MT_K: 128, MI_M: 32, MI_N: 32, MI_K: 16,
    Occupancy: 1, WGM: 6, NTA: 0, NTB: 4}
  - {Latency: 1429631856, MT_M: 256, MT_N: 192, MT_K: 32, MI_M: 16, MI_N: 16, MI_K: 32,
    Occupancy: 1, WGM: 6, NTA: 0, NTB: 4}
  - {Latency: 1584862321, MT_M: 256, MT_N: 256, MT_K: 32, MI_M: 32, MI_N: 32, MI_K: 16,
    Occupancy: 1, WGM: 6, NTA: 0, NTB: 4}
  - {Latency: 1692052139, MT_M: 192, MT_N: 128, MT_K: 64, MI_M: 32, MI_N: 32, MI_K: 16,
    Occupancy: 1, WGM: 6, NTA: 0, NTB: 4}
  - {Latency: 1775212070, MT_M: 192, MT_N: 64, MT_K: 128, MI_M: 32, MI_N: 32, MI_K: 16,
    Occupancy: 1, WGM: 6, NTA: 0, NTB: 4}
  - {Latency: 2369816244, MT_M: 256, MT_N: 128, MT_K: 64, MI_M: 32, MI_N: 32, MI_K: 16,
    Occupancy: 1, WGM: 6, NTA: 0, NTB: 4}
  - {Latency: 2957493051, MT_M: 256, MT_N: 64, MT_K: 64, MI_M: 32, MI_N: 32, MI_K: 16,
    Occupancy: 1, WGM: 6, NTA: 0, NTB: 4}
- - {Latency: 6438649, MT_M: 16, MT_N: 32, MT_K: 512, MI_M: 16, MI_N: 16, MI_K: 32,
    Occupancy: 1, WGM: 6, NTA: 0, NTB: 4}
  - {Latency: 6508958, MT_M: 16, MT_N: 256, MT_K: 32, MI_M: 16, MI_N: 16, MI_K: 32,
    Occupancy: 2, WGM: 1, NTA: 0, NTB: 4}
  - {Latency: 6513687, MT_M: 16, MT_N: 64, MT_K: 256, MI_M: 16, MI_N: 16, MI_K: 32,
    Occupancy: 1, WGM: 6, NTA: 0, NTB: 4}
  - {Latency: 6631010, MT_M: 16, MT_N: 128, MT_K: 32, MI_M: 16, MI_N: 16, MI_K: 32,
    Occupancy: 3, WGM: 1, NTA: 0, NTB: 4}
  - {Latency: 7151253, MT_M: 16, MT_N: 16, MT_K: 512, MI_M: 16, MI_N: 16, MI_K: 32,
    Occupancy: 1, WGM: 6, NTA: 0, NTB: 4}
  - {Latency: 13016888, MT_M: 32, MT_N: 32, MT_K: 512, MI_M: 32, MI_N: 32, MI_K: 16,
    Occupancy: 1, WGM: 6, NTA: 0, NTB: 4}
  - {Latency: 13135891, MT_M: 32, MT_N: 64, MT_K: 128, MI_M: 32, MI_N: 32, MI_K: 16,
    Occupancy: 1, WGM: 6, NTA: 0, NTB: 4}
  - {Latency: 14989068, MT_M: 32, MT_N: 16, MT_K: 512, MI_M: 16, MI_N: 16, MI_K: 32,
    Occupancy: 1, WGM: 6, NTA: 0, NTB: 4}
  - {Latency: 26029535, MT_M: 32, MT_N: 256, MT_K: 16, MI_M: 32, MI_N: 32, MI_K: 16,
    Occupancy: 2, WGM: 0, NTA: 0, NTB: 0}
  - {Latency: 26635633, MT_M: 64, MT_N: 256, MT_K: 64, MI_M: 32, MI_N: 32, MI_K: 16,
    Occupancy: 1, WGM: 6, NTA: 0, NTB: 4}
  - {Latency: 26673385, MT_M: 32, MT_N: 128, MT_K: 16, MI_M: 32, MI_N: 32, MI_K: 16,
    Occupancy: 5, WGM: 0, NTA: 0, NTB: 0}
  - {Latency: 26977290, MT_M: 64, MT_N: 64, MT_K: 256, MI_M: 32, MI_N: 32, MI_K: 16,
    Occupancy: 1, WGM: 6, NTA: 0, NTB: 4}
  - {Latency: 27460302, MT_M: 64, MT_N: 192, MT_K: 128, MI_M: 32, MI_N: 32, MI_K: 16,
    Occupancy: 1, WGM: 6, NTA: 0, NTB: 4}
  - {Latency: 27750055, MT_M: 64, MT_N: 128, MT_K: 128, MI_M: 16, MI_N: 16, MI_K: 32,
    Occupancy: 1, WGM: 6, NTA: 0, NTB: 4}
  - {Latency: 29862150, MT_M: 64, MT_N: 32, MT_K: 128, MI_M: 32, MI_N: 32, MI_K: 16,
    Occupancy: 1, WGM: 6, NTA: 0, NTB: 4}
  - {Latency: 49681192, MT_M: 64, MT_N: 16, MT_K: 256, MI_M: 16, MI_N: 16, MI_K: 32,
    Occupancy: 1, WGM: 6, NTA: 0, NTB: 4}
  - {Latency: 55461738, MT_M: 128, MT_N: 256, MT_K: 64, MI_M: 32, MI_N: 32, MI_K: 16,
    Occupancy: 1, WGM: 6, NTA: 0, NTB: 4}
  - {Latency: 56929497, MT_M: 128, MT_N: 192, MT_K: 64, MI_M: 32, MI_N: 32, MI_K: 16,
    Occupancy: 1, WGM: 6, NTA: 0, NTB: 4}
  - {Latency: 59685453, MT_M: 128, MT_N: 128, MT_K: 128, MI_M: 32, MI_N: 32, MI_K: 16,
    Occupancy: 1, WGM: 6, NTA: 0, NTB: 4}
  - {Latency: 60094680, MT_M: 128, MT_N: 64, MT_K: 128, MI_M: 16, MI_N: 16, MI_K: 32,
    Occupancy: 1, WGM: 6, NTA: 0, NTB: 4}
  - {Latency: 86031422, MT_M: 192, MT_N: 256, MT_K: 32, MI_M: 32, MI_N: 32, MI_K: 16,
    Occupancy: 1, WGM: 6, NTA: 0, NTB: 4}
  - {Latency: 89750588, MT_M: 192, MT_N: 192, MT_K: 64, MI_M: 32, MI_N: 32, MI_K: 16,
    Occupancy: 1, WGM: 6, NTA: 0, NTB: 4}
  - {Latency: 95518868, MT_M: 192, MT_N: 128, MT_K: 64, MI_M: 32, MI_N: 32, MI_K: 16,
    Occupancy: 1, WGM: 6, NTA: 0, NTB: 4}
  - {Latency: 119031426, MT_M: 256, MT_N: 256, MT_K: 32, MI_M: 32, MI_N: 32, MI_K: 16,
    Occupancy: 1, WGM: 6, NTA: 0, NTB: 4}
  - {Latency: 119875459, MT_M: 192, MT_N: 64, MT_K: 128, MI_M: 32, MI_N: 32, MI_K: 16,
    Occupancy: 1, WGM: 6, NTA: 0, NTB: 4}
  - {Latency: 125268197, MT_M: 256, MT_N: 192, MT_K: 32, MI_M: 16, MI_N: 16, MI_K: 32,
    Occupancy: 1, WGM: 6, NTA: 0, NTB: 4}
  - {Latency: 135909083, MT_M: 256, MT_N: 128, MT_K: 64, MI_M: 32, MI_N: 32, MI_K: 16,
    Occupancy: 1, WGM: 6, NTA: 0, NTB: 4}
  - {Latency: 199282561, MT_M: 256, MT_N: 64, MT_K: 64, MI_M: 32, MI_N: 32, MI_K: 16,
    Occupancy: 1, WGM: 6, NTA: 0, NTB: 4}
- - {Latency: 83985328, MT_M: 16, MT_N: 256, MT_K: 32, MI_M: 16, MI_N: 16, MI_K: 32,
    Occupancy: 2, WGM: 0, NTA: 0, NTB: 0}
  - {Latency: 91982241, MT_M: 16, MT_N: 16, MT_K: 512, MI_M: 16, MI_N: 16, MI_K: 32,
    Occupancy: 1, WGM: 0, NTA: 0, NTB: 0}
  - {Latency: 98659111, MT_M: 16, MT_N: 128, MT_K: 32, MI_M: 16, MI_N: 16, MI_K: 32,
    Occupancy: 3, WGM: 0, NTA: 0, NTB: 0}
  - {Latency: 108179460, MT_M: 16, MT_N: 32, MT_K: 512, MI_M: 16, MI_N: 16, MI_K: 32,
    Occupancy: 1, WGM: 0, NTA: 0, NTB: 0}
  - {Latency: 144247163, MT_M: 16, MT_N: 64, MT_K: 256, MI_M: 16, MI_N: 16, MI_K: 32,
    Occupancy: 1, WGM: 0, NTA: 0, NTB: 0}
  - {Latency: 192632990, MT_M: 32, MT_N: 16, MT_K: 512, MI_M: 16, MI_N: 16, MI_K: 32,
    Occupancy: 1, WGM: 0, NTA: 0, NTB: 0}
  - {Latency: 216214210, MT_M: 32, MT_N: 32, MT_K: 512, MI_M: 32, MI_N: 32, MI_K: 16,
    Occupancy: 1, WGM: 0, NTA: 0, NTB: 0}
  - {Latency: 292156173, MT_M: 32, MT_N: 64, MT_K: 128, MI_M: 32, MI_N: 32, MI_K: 16,
    Occupancy: 1, WGM: 0, NTA: 0, NTB: 0}
  - {Latency: 328800118, MT_M: 64, MT_N: 192, MT_K: 128, MI_M: 32, MI_N: 32, MI_K: 16,
    Occupancy: 1, WGM: 0, NTA: 0, NTB: 0}
  - {Latency: 330464516, MT_M: 64, MT_N: 128, MT_K: 128, MI_M: 16, MI_N: 16, MI_K: 32,
    Occupancy: 1, WGM: 0, NTA: 0, NTB: 0}
  - {Latency: 332521133, MT_M: 32, MT_N: 128, MT_K: 16, MI_M: 32, MI_N: 32, MI_K: 16,
    Occupancy: 5, WGM: 0, NTA: 0, NTB: 0}
  - {Latency: 337165324, MT_M: 32, MT_N: 256, MT_K: 16, MI_M: 32, MI_N: 32, MI_K: 16,
    Occupancy: 2, WGM: 0, NTA: 0, NTB: 0}
  - {Latency: 342891966, MT_M: 64, MT_N: 256, MT_K: 64, MI_M: 32, MI_N: 32, MI_K: 16,
    Occupancy: 1, WGM: 0, NTA: 0, NTB: 0}
  - {Latency: 468013968, MT_M: 64, MT_N: 32, MT_K: 128, MI_M: 32, MI_N: 32, MI_K: 16,
    Occupancy: 1, WGM: 0, NTA: 0, NTB: 0}
  - {Latency: 576475593, MT_M: 64, MT_N: 64, MT_K: 256, MI_M: 32, MI_N: 32, MI_K: 16,
    Occupancy: 1, WGM: 0, NTA: 0, NTB: 0}
  - {Latency: 640414165, MT_M: 64, MT_N: 16, MT_K: 256, MI_M: 16, MI_N: 16, MI_K: 32,
    Occupancy: 1, WGM: 0, NTA: 0, NTB: 0}
  - {Latency: 668870091, MT_M: 128, MT_N: 192, MT_K: 64, MI_M: 32, MI_N: 32, MI_K: 16,
    Occupancy: 1, WGM: 0, NTA: 0, NTB: 0}
  - {Latency: 712785920, MT_M: 128, MT_N: 256, MT_K: 64, MI_M: 32, MI_N: 32, MI_K: 16,
    Occupancy: 1, WGM: 0, NTA: 0, NTB: 0}
  - {Latency: 820948577, MT_M: 128, MT_N: 128, MT_K: 128, MI_M: 32, MI_N: 32, MI_K: 16,
    Occupancy: 1, WGM: 0, NTA: 0, NTB: 0}
  - {Latency: 1020959414, MT_M: 192, MT_N: 192, MT_K: 64, MI_M: 32, MI_N: 32, MI_K: 16,
    Occupancy: 1, WGM: 0, NTA: 0, NTB: 0}
  - {Latency: 1109965941, MT_M: 192, MT_N: 256, MT_K: 32, MI_M: 32, MI_N: 32, MI_K: 16,
    Occupancy: 1, WGM: 0, NTA: 0, NTB: 0}
  - {Latency: 1227786926, MT_M: 128, MT_N: 64, MT_K: 128, MI_M: 16, MI_N: 16, MI_K: 32,
    Occupancy: 1, WGM: 0, NTA: 0, NTB: 0}
  - {Latency: 1431938554, MT_M: 256, MT_N: 192, MT_K: 32, MI_M: 16, MI_N: 16, MI_K: 32,
    Occupancy: 1, WGM: 0, NTA: 0, NTB: 0}
  - {Latency: 1534495812, MT_M: 256, MT_N: 256, MT_K: 32, MI_M: 32, MI_N: 32, MI_K: 16,
    Occupancy: 1, WGM: 0, NTA: 0, NTB: 0}
  - {Latency: 1538957909, MT_M: 192, MT_N: 128, MT_K: 64, MI_M: 32, MI_N: 32, MI_K: 16,
    Occupancy: 1, WGM: 0, NTA: 0, NTB: 0}
  - {Latency: 2453665791, MT_M: 192, MT_N: 64, MT_K: 128, MI_M: 32, MI_N: 32, MI_K: 16,
    Occupancy: 1, WGM: 0, NTA: 0, NTB: 0}
  - {Latency: 2461500346, MT_M: 256, MT_N: 128, MT_K: 64, MI_M: 32, MI_N: 32, MI_K: 16,
    Occupancy: 1, WGM: 0, NTA: 0, NTB: 0}
  - {Latency: 4088898847, MT_M: 256, MT_N: 64, MT_K: 64, MI_M: 32, MI_N: 32, MI_K: 16,
    Occupancy: 1, WGM: 0, NTA: 0, NTB: 0}
- - {Latency: 67086938, MT_M: 16, MT_N: 32, MT_K: 512, MI_M: 16, MI_N: 16, MI_K: 32,
    Occupancy: 1, WGM: 0, NTA: 0, NTB: 0}
  - {Latency: 67002076, MT_M: 16, MT_N: 16, MT_K: 512, MI_M: 16, MI_N: 16, MI_K: 32,
    Occupancy: 1, WGM: 0, NTA: 0, NTB: 0}
  - {Latency: 69139679, MT_M: 16, MT_N: 256, MT_K: 32, MI_M: 16, MI_N: 16, MI_K: 32,
    Occupancy: 2, WGM: 0, NTA: 0, NTB: 0}
  - {Latency: 69295932, MT_M: 16, MT_N: 64, MT_K: 256, MI_M: 16, MI_N: 16, MI_K: 32,
    Occupancy: 1, WGM: 0, NTA: 0, NTB: 0}
  - {Latency: 74219027, MT_M: 16, MT_N: 128, MT_K: 32, MI_M: 16, MI_N: 16, MI_K: 32,
    Occupancy: 3, WGM: 0, NTA: 0, NTB: 0}
  - {Latency: 134025589, MT_M: 32, MT_N: 32, MT_K: 512, MI_M: 32, MI_N: 32, MI_K: 16,
    Occupancy: 1, WGM: 0, NTA: 0, NTB: 0}
  - {Latency: 139953559, MT_M: 32, MT_N: 64, MT_K: 128, MI_M: 32, MI_N: 32, MI_K: 16,
    Occupancy: 1, WGM: 0, NTA: 0, NTB: 0}
  - {Latency: 140516867, MT_M: 32, MT_N: 16, MT_K: 512, MI_M: 16, MI_N: 16, MI_K: 32,
    Occupancy: 1, WGM: 0, NTA: 0, NTB: 0}
  - {Latency: 263279138, MT_M: 32, MT_N: 256, MT_K: 16, MI_M: 32, MI_N: 32, MI_K: 16,
    Occupancy: 2, WGM: 0, NTA: 0, NTB: 0}
  - {Latency: 265193532, MT_M: 32, MT_N: 128, MT_K: 16, MI_M: 32, MI_N: 32, MI_K: 16,
    Occupancy: 5, WGM: 0, NTA: 0, NTB: 0}
  - {Latency: 272228137, MT_M: 64, MT_N: 256, MT_K: 64, MI_M: 32, MI_N: 32, MI_K: 16,
    Occupancy: 1, WGM: 0, NTA: 0, NTB: 0}
  - {Latency: 275245001, MT_M: 64, MT_N: 192, MT_K: 128, MI_M: 32, MI_N: 32, MI_K: 16,
    Occupancy: 1, WGM: 0, NTA: 0, NTB: 0}
  - {Latency: 275717072, MT_M: 64, MT_N: 128, MT_K: 128, MI_M: 16, MI_N: 16, MI_K: 32,
    Occupancy: 1, WGM: 0, NTA: 0, NTB: 0}
  - {Latency: 277248472, MT_M: 64, MT_N: 64, MT_K: 256, MI_M: 32, MI_N: 32, MI_K: 16,
    Occupancy: 1, WGM: 0, NTA: 0, NTB: 0}
  - {Latency: 287107287, MT_M: 64, MT_N: 32, MT_K: 128, MI_M: 32, MI_N: 32, MI_K: 16,
    Occupancy: 1, WGM: 0, NTA: 0, NTB: 0}
  - {Latency: 462900715, MT_M: 64, MT_N: 16, MT_K: 256, MI_M: 16, MI_N: 16, MI_K: 32,
    Occupancy: 1, WGM: 0, NTA: 0, NTB: 0}
  - {Latency: 545000007, MT_M: 128, MT_N: 256, MT_K: 64, MI_M: 32, MI_N: 32, MI_K: 16,
    Occupancy: 1, WGM: 0, NTA: 0, NTB: 0}
  - {Latency: 545457802, MT_M: 128, MT_N: 192, MT_K: 64, MI_M: 32, MI_N: 32, MI_K: 16,
    Occupancy: 1, WGM: 0, NTA: 0, NTB: 0}
  - {Latency: 552126622, MT_M: 128, MT_N: 128, MT_K: 128, MI_M: 32, MI_N: 32, MI_K: 16,
    Occupancy: 1, WGM: 0, NTA: 0, NTB: 0}
  - {Latency: 590594082, MT_M: 128, MT_N: 64, MT_K: 128, MI_M: 16, MI_N: 16, MI_K: 32,
    Occupancy: 1, WGM: 0, NTA: 0, NTB: 0}
  - {Latency: 819547090, MT_M: 192, MT_N: 192, MT_K: 64, MI_M: 32, MI_N: 32, MI_K: 16,
    Occupancy: 1, WGM: 0, NTA: 0, NTB: 0}
  - {Latency: 824831352, MT_M: 192, MT_N: 256, MT_K: 32, MI_M: 32, MI_N: 32, MI_K: 16,
    Occupancy: 1, WGM: 0, NTA: 0, NTB: 0}
  - {Latency: 831621231, MT_M: 192, MT_N: 128, MT_K: 64, MI_M: 32, MI_N: 32, MI_K: 16,
    Occupancy: 1, WGM: 0, NTA: 0, NTB: 0}
  - {Latency: 1100888657, MT_M: 256, MT_N: 256, MT_K: 32, MI_M: 32, MI_N: 32, MI_K: 16,
    Occupancy: 1, WGM: 0, NTA: 0, NTB: 0}
  - {Latency: 1127575387, MT_M: 256, MT_N: 192, MT_K: 32, MI_M: 16, MI_N: 16, MI_K: 32,
    Occupancy: 1, WGM: 0, NTA: 0, NTB: 0}
  - {Latency: 1165261594, MT_M: 256, MT_N: 128, MT_K: 64, MI_M: 32, MI_N: 32, MI_K: 16,
    Occupancy: 1, WGM: 0, NTA: 0, NTB: 0}
  - {Latency: 1177830211, MT_M: 192, MT_N: 64, MT_K: 128, MI_M: 32, MI_N: 32, MI_K: 16,
    Occupancy: 1, WGM: 0, NTA: 0, NTB: 0}
  - {Latency: 1940249087, MT_M: 256, MT_N: 64, MT_K: 64, MI_M: 32, MI_N: 32, MI_K: 16,
    Occupancy: 1, WGM: 0, NTA: 0, NTB: 0}
- - {Latency: 14713392, MT_M: 16, MT_N: 256, MT_K: 32, MI_M: 16, MI_N: 16, MI_K: 32,
    Occupancy: 2, WGM: 1, NTA: 0, NTB: 4}
  - {Latency: 14968204, MT_M: 16, MT_N: 128, MT_K: 32, MI_M: 16, MI_N: 16, MI_K: 32,
    Occupancy: 3, WGM: 1, NTA: 0, NTB: 4}
  - {Latency: 19168381, MT_M: 16, MT_N: 64, MT_K: 256, MI_M: 16, MI_N: 16, MI_K: 32,
    Occupancy: 1, WGM: 6, NTA: 0, NTB: 4}
  - {Latency: 23982659, MT_M: 16, MT_N: 32, MT_K: 512, MI_M: 16, MI_N: 16, MI_K: 32,
    Occupancy: 1, WGM: 6, NTA: 0, NTB: 4}
  - {Latency: 27548733, MT_M: 16, MT_N: 16, MT_K: 512, MI_M: 16, MI_N: 16, MI_K: 32,
    Occupancy: 1, WGM: 6, NTA: 0, NTB: 4}
  - {Latency: 35562227, MT_M: 32, MT_N: 64, MT_K: 128, MI_M: 32, MI_N: 32, MI_K: 16,
    Occupancy: 1, WGM: 6, NTA: 0, NTB: 4}
  - {Latency: 44544862, MT_M: 32, MT_N: 32, MT_K: 512, MI_M: 32, MI_N: 32, MI_K: 16,
    Occupancy: 1, WGM: 6, NTA: 0, NTB: 4}
  - {Latency: 51597235, MT_M: 32, MT_N: 16, MT_K: 512, MI_M: 16, MI_N: 16, MI_K: 32,
    Occupancy: 1, WGM: 6, NTA: 0, NTB: 4}
  - {Latency: 53080164, MT_M: 32, MT_N: 128, MT_K: 16, MI_M: 32, MI_N: 32, MI_K: 16,
    Occupancy: 5, WGM: 0, NTA: 0, NTB: 0}
  - {Latency: 55620722, MT_M: 32, MT_N: 256, MT_K: 16, MI_M: 32, MI_N: 32, MI_K: 16,
    Occupancy: 2, WGM: 0, NTA: 0, NTB: 0}
  - {Latency: 63048007, MT_M: 64, MT_N: 256, MT_K: 64, MI_M: 32, MI_N: 32, MI_K: 16,
    Occupancy: 1, WGM: 6, NTA: 0, NTB: 4}
  - {Latency: 71753364, MT_M: 64, MT_N: 128, MT_K: 128, MI_M: 16, MI_N: 16, MI_K: 32,
    Occupancy: 1, WGM: 6, NTA: 0, NTB: 4}
  - {Latency: 72219681, MT_M: 64, MT_N: 192, MT_K: 128, MI_M: 32, MI_N: 32, MI_K: 16,
    Occupancy: 1, WGM: 6, NTA: 0, NTB: 4}
  - {Latency: 75946531, MT_M: 64, MT_N: 64, MT_K: 256, MI_M: 32, MI_N: 32, MI_K: 16,
    Occupancy: 1, WGM: 6, NTA: 0, NTB: 4}
  - {Latency: 76669519, MT_M: 64, MT_N: 32, MT_K: 128, MI_M: 32, MI_N: 32, MI_K: 16,
    Occupancy: 1, WGM: 6, NTA: 0, NTB: 4}
  - {Latency: 124335759, MT_M: 128, MT_N: 192, MT_K: 64, MI_M: 32, MI_N: 32, MI_K: 16,
    Occupancy: 1, WGM: 6, NTA: 0, NTB: 4}
  - {Latency: 127397354, MT_M: 128, MT_N: 256, MT_K: 64, MI_M: 32, MI_N: 32, MI_K: 16,
    Occupancy: 1, WGM: 6, NTA: 0, NTB: 4}
  - {Latency: 136180855, MT_M: 64, MT_N: 16, MT_K: 256, MI_M: 16, MI_N: 16, MI_K: 32,
    Occupancy: 1, WGM: 6, NTA: 0, NTB: 4}
  - {Latency: 143635219, MT_M: 128, MT_N: 128, MT_K: 128, MI_M: 32, MI_N: 32, MI_K: 16,
    Occupancy: 1, WGM: 6, NTA: 0, NTB: 4}
  - {Latency: 158177709, MT_M: 128, MT_N: 64, MT_K: 128, MI_M: 16, MI_N: 16, MI_K: 32,
    Occupancy: 1, WGM: 6, NTA: 0, NTB: 4}
  - {Latency: 177938030, MT_M: 192, MT_N: 256, MT_K: 32, MI_M: 32, MI_N: 32, MI_K: 16,
    Occupancy: 1, WGM: 6, NTA: 0, NTB: 4}
  - {Latency: 186464406, MT_M: 192, MT_N: 128, MT_K: 64, MI_M: 32, MI_N: 32, MI_K: 16,
    Occupancy: 1, WGM: 6, NTA: 0, NTB: 4}
  - {Latency: 188549338, MT_M: 192, MT_N: 192, MT_K: 64, MI_M: 32, MI_N: 32, MI_K: 16,
    Occupancy: 1, WGM: 6, NTA: 0, NTB: 4}
  - {Latency: 238654954, MT_M: 256, MT_N: 256, MT_K: 32, MI_M: 32, MI_N: 32, MI_K: 16,
    Occupancy: 1, WGM: 6, NTA: 0, NTB: 4}
  - {Latency: 242779458, MT_M: 256, MT_N: 192, MT_K: 32, MI_M: 16, MI_N: 16, MI_K: 32,
    Occupancy: 1, WGM: 6, NTA: 0, NTB: 4}
  - {Latency: 263169658, MT_M: 256, MT_N: 128, MT_K: 64, MI_M: 32, MI_N: 32, MI_K: 16,
    Occupancy: 1, WGM: 6, NTA: 0, NTB: 4}
  - {Latency: 306853090, MT_M: 192, MT_N: 64, MT_K: 128, MI_M: 32, MI_N: 32, MI_K: 16,
    Occupancy: 1, WGM: 6, NTA: 0, NTB: 4}
  - {Latency: 431886443, MT_M: 256, MT_N: 64, MT_K: 64, MI_M: 32, MI_N: 32, MI_K: 16,
    Occupancy: 1, WGM: 6, NTA: 0, NTB: 4}
- - {Latency: 207031105, MT_M: 16, MT_N: 64, MT_K: 256, MI_M: 16, MI_N: 16, MI_K: 32,
    Occupancy: 1, WGM: 0, NTA: 0, NTB: 0}
  - {Latency: 214744568, MT_M: 16, MT_N: 32, MT_K: 512, MI_M: 16, MI_N: 16, MI_K: 32,
    Occupancy: 1, WGM: 0, NTA: 0, NTB: 0}
  - {Latency: 217742521, MT_M: 16, MT_N: 256, MT_K: 32, MI_M: 16, MI_N: 16, MI_K: 32,
    Occupancy: 2, WGM: 0, NTA: 0, NTB: 0}
  - {Latency: 219038697, MT_M: 16, MT_N: 16, MT_K: 512, MI_M: 16, MI_N: 16, MI_K: 32,
    Occupancy: 1, WGM: 0, NTA: 0, NTB: 0}
  - {Latency: 219289548, MT_M: 16, MT_N: 128, MT_K: 32, MI_M: 16, MI_N: 16, MI_K: 32,
    Occupancy: 3, WGM: 0, NTA: 0, NTB: 0}
  - {Latency: 412468755, MT_M: 32, MT_N: 64, MT_K: 128, MI_M: 32, MI_N: 32, MI_K: 16,
    Occupancy: 1, WGM: 0, NTA: 0, NTB: 0}
  - {Latency: 429229766, MT_M: 32, MT_N: 32, MT_K: 512, MI_M: 32, MI_N: 32, MI_K: 16,
    Occupancy: 1, WGM: 0, NTA: 0, NTB: 0}
  - {Latency: 459645947, MT_M: 32, MT_N: 16, MT_K: 512, MI_M: 16, MI_N: 16, MI_K: 32,
    Occupancy: 1, WGM: 0, NTA: 0, NTB: 0}
  - {Latency: 783889228, MT_M: 32, MT_N: 128, MT_K: 16, MI_M: 32, MI_N: 32, MI_K: 16,
    Occupancy: 5, WGM: 0, NTA: 0, NTB: 0}
  - {Latency: 810535012, MT_M: 64, MT_N: 192, MT_K: 128, MI_M: 32, MI_N: 32, MI_K: 16,
    Occupancy: 1, WGM: 0, NTA: 0, NTB: 0}
  - {Latency: 812325351, MT_M: 64, MT_N: 128, MT_K: 128, MI_M: 16, MI_N: 16, MI_K: 32,
    Occupancy: 1, WGM: 0, NTA: 0, NTB: 0}
  - {Latency: 828258776, MT_M: 64, MT_N: 64, MT_K: 256, MI_M: 32, MI_N: 32, MI_K: 16,
    Occupancy: 1, WGM: 0, NTA: 0, NTB: 0}
  - {Latency: 829504834, MT_M: 32, MT_N: 256, MT_K: 16, MI_M: 32, MI_N: 32, MI_K: 16,
    Occupancy: 2, WGM: 0, NTA: 0, NTB: 0}
  - {Latency: 856554889, MT_M: 64, MT_N: 256, MT_K: 64, MI_M: 32, MI_N: 32, MI_K: 16,
    Occupancy: 1, WGM: 0, NTA: 0, NTB: 0}
  - {Latency: 882868668, MT_M: 64, MT_N: 32, MT_K: 128, MI_M: 32, MI_N: 32, MI_K: 16,
    Occupancy: 1, WGM: 0, NTA: 0, NTB: 0}
  - {Latency: 1474930330, MT_M: 64, MT_N: 16, MT_K: 256, MI_M: 16, MI_N: 16, MI_K: 32,
    Occupancy: 1, WGM: 0, NTA: 0, NTB: 0}
  - {Latency: 1608823855, MT_M: 128, MT_N: 192, MT_K: 64, MI_M: 32, MI_N: 32, MI_K: 16,
    Occupancy: 1, WGM: 0, NTA: 0, NTB: 0}
  - {Latency: 1626689214, MT_M: 128, MT_N: 128, MT_K: 128, MI_M: 32, MI_N: 32, MI_K: 16,
    Occupancy: 1, WGM: 0, NTA: 0, NTB: 0}
  - {Latency: 1714637490, MT_M: 128, MT_N: 256, MT_K: 64, MI_M: 32, MI_N: 32, MI_K: 16,
    Occupancy: 1, WGM: 0, NTA: 0, NTB: 0}
  - {Latency: 1739396497, MT_M: 128, MT_N: 64, MT_K: 128, MI_M: 16, MI_N: 16, MI_K: 32,
    Occupancy: 1, WGM: 0, NTA: 0, NTB: 0}
  - {Latency: 2416992939, MT_M: 192, MT_N: 192, MT_K: 64, MI_M: 32, MI_N: 32, MI_K: 16,
    Occupancy: 1, WGM: 0, NTA: 0, NTB: 0}
  - {Latency: 2454332572, MT_M: 192, MT_N: 128, MT_K: 64, MI_M: 32, MI_N: 32, MI_K: 16,
    Occupancy: 1, WGM: 0, NTA: 0, NTB: 0}
  - {Latency: 2597259500, MT_M: 192, MT_N: 256, MT_K: 32, MI_M: 32, MI_N: 32, MI_K: 16,
    Occupancy: 1, WGM: 0, NTA: 0, NTB: 0}
  - {Latency: 3327805133, MT_M: 256, MT_N: 192, MT_K: 32, MI_M: 16, MI_N: 16, MI_K: 32,
    Occupancy: 1, WGM: 0, NTA: 0, NTB: 0}
  - {Latency: 3438706831, MT_M: 256, MT_N: 128, MT_K: 64, MI_M: 32, MI_N: 32, MI_K: 16,
    Occupancy: 1, WGM: 0, NTA: 0, NTB: 0}
  - {Latency: 3466337186, MT_M: 256, MT_N: 256, MT_K: 32, MI_M: 32, MI_N: 32, MI_K: 16,
    Occupancy: 1, WGM: 0, NTA: 0, NTB: 0}
  - {Latency: 3470091281, MT_M: 192, MT_N: 64, MT_K: 128, MI_M: 32, MI_N: 32, MI_K: 16,
    Occupancy: 1, WGM: 0, NTA: 0, NTB: 0}
  - {Latency: 5726651547, MT_M: 256, MT_N: 64, MT_K: 64, MI_M: 32, MI_N: 32, MI_K: 16,
    Occupancy: 1, WGM: 0, NTA: 0, NTB: 0}
- - {Latency: 17313511, MT_M: 16, MT_N: 64, MT_K: 256, MI_M: 16, MI_N: 16, MI_K: 32,
    Occupancy: 1, WGM: 0, NTA: 0, NTB: 0}
  - {Latency: 17517579, MT_M: 16, MT_N: 16, MT_K: 512, MI_M: 16, MI_N: 16, MI_K: 32,
    Occupancy: 1, WGM: 0, NTA: 0, NTB: 0}
  - {Latency: 17745399, MT_M: 16, MT_N: 32, MT_K: 512, MI_M: 16, MI_N: 16, MI_K: 32,
    Occupancy: 1, WGM: 0, NTA: 0, NTB: 0}
  - {Latency: 18764127, MT_M: 16, MT_N: 256, MT_K: 32, MI_M: 16, MI_N: 16, MI_K: 32,
    Occupancy: 2, WGM: 0, NTA: 0, NTB: 0}
  - {Latency: 20150288, MT_M: 16, MT_N: 128, MT_K: 32, MI_M: 16, MI_N: 16, MI_K: 32,
    Occupancy: 3, WGM: 0, NTA: 0, NTB: 0}
  - {Latency: 33328889, MT_M: 32, MT_N: 64, MT_K: 128, MI_M: 32, MI_N: 32, MI_K: 16,
    Occupancy: 1, WGM: 0, NTA: 0, NTB: 0}
  - {Latency: 35391707, MT_M: 32, MT_N: 32, MT_K: 512, MI_M: 32, MI_N: 32, MI_K: 16,
    Occupancy: 1, WGM: 0, NTA: 0, NTB: 0}
  - {Latency: 36735096, MT_M: 32, MT_N: 16, MT_K: 512, MI_M: 16, MI_N: 16, MI_K: 32,
    Occupancy: 1, WGM: 0, NTA: 0, NTB: 0}
  - {Latency: 69385008, MT_M: 64, MT_N: 64, MT_K: 256, MI_M: 32, MI_N: 32, MI_K: 16,
    Occupancy: 1, WGM: 0, NTA: 0, NTB: 0}
  - {Latency: 71158291, MT_M: 32, MT_N: 256, MT_K: 16, MI_M: 32, MI_N: 32, MI_K: 16,
    Occupancy: 2, WGM: 0, NTA: 0, NTB: 0}
  - {Latency: 71382928, MT_M: 64, MT_N: 32, MT_K: 128, MI_M: 32, MI_N: 32, MI_K: 16,
    Occupancy: 1, WGM: 0, NTA: 0, NTB: 0}
  - {Latency: 71713491, MT_M: 32, MT_N: 128, MT_K: 16, MI_M: 32, MI_N: 32, MI_K: 16,
    Occupancy: 5, WGM: 0, NTA: 0, NTB: 0}
  - {Latency: 74513562, MT_M: 64, MT_N: 256, MT_K: 64, MI_M: 32, MI_N: 32, MI_K: 16,
    Occupancy: 1, WGM: 0, NTA: 0, NTB: 0}
  - {Latency: 75299224, MT_M: 64, MT_N: 128, MT_K: 128, MI_M: 16, MI_N: 16, MI_K: 32,
    Occupancy: 1, WGM: 0, NTA: 0, NTB: 0}
  - {Latency: 84339463, MT_M: 64, MT_N: 192, MT_K: 128, MI_M: 32, MI_N: 32, MI_K: 16,
    Occupancy: 1, WGM: 0, NTA: 0, NTB: 0}
  - {Latency: 119154526, MT_M: 64, MT_N: 16, MT_K: 256, MI_M: 16, MI_N: 16, MI_K: 32,
    Occupancy: 1, WGM: 0, NTA: 0, NTB: 0}
  - {Latency: 141529614, MT_M: 128, MT_N: 64, MT_K: 128, MI_M: 16, MI_N: 16, MI_K: 32,
    Occupancy: 1, WGM: 0, NTA: 0, NTB: 0}
  - {Latency: 149325424, MT_M: 128, MT_N: 256, MT_K: 64, MI_M: 32, MI_N: 32, MI_K: 16,
    Occupancy: 1, WGM: 0, NTA: 0, NTB: 0}
  - {Latency: 150783419, MT_M: 128, MT_N: 128, MT_K: 128, MI_M: 32, MI_N: 32, MI_K: 16,
    Occupancy: 1, WGM: 0, NTA: 0, NTB: 0}
  - {Latency: 168131580, MT_M: 128, MT_N: 192, MT_K: 64, MI_M: 32, MI_N: 32, MI_K: 16,
    Occupancy: 1, WGM: 0, NTA: 0, NTB: 0}
  - {Latency: 224160761, MT_M: 192, MT_N: 256, MT_K: 32, MI_M: 32, MI_N: 32, MI_K: 16,
    Occupancy: 1, WGM: 0, NTA: 0, NTB: 0}
  - {Latency: 228230788, MT_M: 192, MT_N: 128, MT_K: 64, MI_M: 32, MI_N: 32, MI_K: 16,
    Occupancy: 1, WGM: 0, NTA: 0, NTB: 0}
  - {Latency: 252867493, MT_M: 192, MT_N: 192, MT_K: 64, MI_M: 32, MI_N: 32, MI_K: 16,
    Occupancy: 1, WGM: 0, NTA: 0, NTB: 0}
  - {Latency: 281331938, MT_M: 192, MT_N: 64, MT_K: 128, MI_M: 32, MI_N: 32, MI_K: 16,
    Occupancy: 1, WGM: 0, NTA: 0, NTB: 0}
  - {Latency: 299331815, MT_M: 256, MT_N: 256, MT_K: 32, MI_M: 32, MI_N: 32, MI_K: 16,
    Occupancy: 1, WGM: 0, NTA: 0, NTB: 0}
  - {Latency: 320045623, MT_M: 256, MT_N: 128, MT_K: 64, MI_M: 32, MI_N: 32, MI_K: 16,
    Occupancy: 1, WGM: 0, NTA: 0, NTB: 0}
  - {Latency: 345561550, MT_M: 256, MT_N: 192, MT_K: 32, MI_M: 16, MI_N: 16, MI_K: 32,
    Occupancy: 1, WGM: 0, NTA: 0, NTB: 0}
  - {Latency: 465288554, MT_M: 256, MT_N: 64, MT_K: 64, MI_M: 32, MI_N: 32, MI_K: 16,
    Occupancy: 1, WGM: 0, NTA: 0, NTB: 0}
- - {Latency: 121650404, MT_M: 16, MT_N: 16, MT_K: 512, MI_M: 16, MI_N: 16, MI_K: 32,
    Occupancy: 1, WGM: 0, NTA: 0, NTB: 0}
  - {Latency: 129053685, MT_M: 64, MT_N: 16, MT_K: 256, MI_M: 16, MI_N: 16, MI_K: 32,
    Occupancy: 1, WGM: 0, NTA: 0, NTB: 0}
  - {Latency: 130096416, MT_M: 32, MT_N: 16, MT_K: 512, MI_M: 16, MI_N: 16, MI_K: 32,
    Occupancy: 1, WGM: 0, NTA: 0, NTB: 0}
  - {Latency: 259151434, MT_M: 16, MT_N: 32, MT_K: 512, MI_M: 16, MI_N: 16, MI_K: 32,
    Occupancy: 1, WGM: 0, NTA: 0, NTB: 0}
  - {Latency: 259374509, MT_M: 64, MT_N: 32, MT_K: 128, MI_M: 32, MI_N: 32, MI_K: 16,
    Occupancy: 1, WGM: 0, NTA: 0, NTB: 0}
  - {Latency: 263503064, MT_M: 32, MT_N: 32, MT_K: 512, MI_M: 32, MI_N: 32, MI_K: 16,
    Occupancy: 1, WGM: 0, NTA: 0, NTB: 0}
  - {Latency: 442858136, MT_M: 256, MT_N: 64, MT_K: 64, MI_M: 32, MI_N: 32, MI_K: 16,
    Occupancy: 1, WGM: 0, NTA: 0, NTB: 0}
  - {Latency: 443041510, MT_M: 192, MT_N: 64, MT_K: 128, MI_M: 32, MI_N: 32, MI_K: 16,
    Occupancy: 1, WGM: 0, NTA: 0, NTB: 0}
  - {Latency: 526236763, MT_M: 64, MT_N: 64, MT_K: 256, MI_M: 32, MI_N: 32, MI_K: 16,
    Occupancy: 1, WGM: 0, NTA: 0, NTB: 0}
  - {Latency: 563294090, MT_M: 32, MT_N: 64, MT_K: 128, MI_M: 32, MI_N: 32, MI_K: 16,
    Occupancy: 1, WGM: 0, NTA: 0, NTB: 0}
  - {Latency: 690214629, MT_M: 128, MT_N: 64, MT_K: 128, MI_M: 16, MI_N: 16, MI_K: 32,
    Occupancy: 1, WGM: 0, NTA: 0, NTB: 0}
  - {Latency: 861147047, MT_M: 16, MT_N: 64, MT_K: 256, MI_M: 16, MI_N: 16, MI_K: 32,
    Occupancy: 1, WGM: 0, NTA: 0, NTB: 0}
  - {Latency: 895282188, MT_M: 192, MT_N: 128, MT_K: 64, MI_M: 32, MI_N: 32, MI_K: 16,
    Occupancy: 1, WGM: 0, NTA: 0, NTB: 0}
  - {Latency: 895344622, MT_M: 256, MT_N: 128, MT_K: 64, MI_M: 32, MI_N: 32, MI_K: 16,
    Occupancy: 1, WGM: 0, NTA: 0, NTB: 0}
  - {Latency: 1123977491, MT_M: 64, MT_N: 128, MT_K: 128, MI_M: 16, MI_N: 16, MI_K: 32,
    Occupancy: 1, WGM: 0, NTA: 0, NTB: 0}
  - {Latency: 1358213024, MT_M: 192, MT_N: 192, MT_K: 64, MI_M: 32, MI_N: 32, MI_K: 16,
    Occupancy: 1, WGM: 0, NTA: 0, NTB: 0}
  - {Latency: 1359086837, MT_M: 256, MT_N: 192, MT_K: 32, MI_M: 16, MI_N: 16, MI_K: 32,
    Occupancy: 1, WGM: 0, NTA: 0, NTB: 0}
  - {Latency: 1400737019, MT_M: 128, MT_N: 128, MT_K: 128, MI_M: 32, MI_N: 32, MI_K: 16,
    Occupancy: 1, WGM: 0, NTA: 0, NTB: 0}
  - {Latency: 1831937591, MT_M: 192, MT_N: 256, MT_K: 32, MI_M: 32, MI_N: 32, MI_K: 16,
    Occupancy: 1, WGM: 0, NTA: 0, NTB: 0}
  - {Latency: 1996839537, MT_M: 256, MT_N: 256, MT_K: 32, MI_M: 32, MI_N: 32, MI_K: 16,
    Occupancy: 1, WGM: 0, NTA: 0, NTB: 0}
  - {Latency: 2130282611, MT_M: 128, MT_N: 192, MT_K: 64, MI_M: 32, MI_N: 32, MI_K: 16,
    Occupancy: 1, WGM: 0, NTA: 0, NTB: 0}
  - {Latency: 2245950960, MT_M: 64, MT_N: 192, MT_K: 128, MI_M: 32, MI_N: 32, MI_K: 16,
    Occupancy: 1, WGM: 0, NTA: 0, NTB: 0}
  - {Latency: 2994971091, MT_M: 128, MT_N: 256, MT_K: 64, MI_M: 32, MI_N: 32, MI_K: 16,
    Occupancy: 1, WGM: 0, NTA: 0, NTB: 0}
  - {Latency: 3096834000, MT_M: 16, MT_N: 128, MT_K: 32, MI_M: 16, MI_N: 16, MI_K: 32,
    Occupancy: 3, WGM: 0, NTA: 0, NTB: 0}
  - {Latency: 3737972097, MT_M: 64, MT_N: 256, MT_K: 64, MI_M: 32, MI_N: 32, MI_K: 16,
    Occupancy: 1, WGM: 0, NTA: 0, NTB: 0}
  - {Latency: 3751344420, MT_M: 32, MT_N: 128, MT_K: 16, MI_M: 32, MI_N: 32, MI_K: 16,
    Occupancy: 5, WGM: 0, NTA: 0, NTB: 0}
  - {Latency: 11644744254, MT_M: 16, MT_N: 256, MT_K: 32, MI_M: 16, MI_N: 16, MI_K: 32,
    Occupancy: 2, WGM: 0, NTA: 0, NTB: 0}
  - {Latency: 13449425113, MT_M: 32, MT_N: 256, MT_K: 16, MI_M: 32, MI_N: 32, MI_K: 16,
    Occupancy: 2, WGM: 0, NTA: 0, NTB: 0}
- - {Latency: 88699372, MT_M: 64, MT_N: 16, MT_K: 256, MI_M: 16, MI_N: 16, MI_K: 32,
    Occupancy: 1, WGM: 0, NTA: 0, NTB: 0}
  - {Latency: 97774205, MT_M: 32, MT_N: 16, MT_K: 512, MI_M: 16, MI_N: 16, MI_K: 32,
    Occupancy: 1, WGM: 0, NTA: 0, NTB: 0}
  - {Latency: 99818712, MT_M: 16, MT_N: 16, MT_K: 512, MI_M: 16, MI_N: 16, MI_K: 32,
    Occupancy: 1, WGM: 0, NTA: 0, NTB: 0}
  - {Latency: 170639198, MT_M: 64, MT_N: 32, MT_K: 128, MI_M: 32, MI_N: 32, MI_K: 16,
    Occupancy: 1, WGM: 0, NTA: 0, NTB: 0}
  - {Latency: 197984585, MT_M: 32, MT_N: 32, MT_K: 512, MI_M: 32, MI_N: 32, MI_K: 16,
    Occupancy: 1, WGM: 0, NTA: 0, NTB: 0}
  - {Latency: 213506133, MT_M: 16, MT_N: 32, MT_K: 512, MI_M: 16, MI_N: 16, MI_K: 32,
    Occupancy: 1, WGM: 0, NTA: 0, NTB: 0}
  - {Latency: 338534497, MT_M: 192, MT_N: 64, MT_K: 128, MI_M: 32, MI_N: 32, MI_K: 16,
    Occupancy: 1, WGM: 0, NTA: 0, NTB: 0}
  - {Latency: 351842748, MT_M: 128, MT_N: 64, MT_K: 128, MI_M: 16, MI_N: 16, MI_K: 32,
    Occupancy: 1, WGM: 0, NTA: 0, NTB: 0}
  - {Latency: 362575400, MT_M: 64, MT_N: 64, MT_K: 256, MI_M: 32, MI_N: 32, MI_K: 16,
    Occupancy: 1, WGM: 0, NTA: 0, NTB: 0}
  - {Latency: 366532226, MT_M: 256, MT_N: 64, MT_K: 64, MI_M: 32, MI_N: 32, MI_K: 16,
    Occupancy: 1, WGM: 0, NTA: 0, NTB: 0}
  - {Latency: 371293565, MT_M: 32, MT_N: 64, MT_K: 128, MI_M: 32, MI_N: 32, MI_K: 16,
    Occupancy: 1, WGM: 0, NTA: 0, NTB: 0}
  - {Latency: 648472845, MT_M: 16, MT_N: 64, MT_K: 256, MI_M: 16, MI_N: 16, MI_K: 32,
    Occupancy: 1, WGM: 0, NTA: 0, NTB: 0}
  - {Latency: 681287252, MT_M: 192, MT_N: 128, MT_K: 64, MI_M: 32, MI_N: 32, MI_K: 16,
    Occupancy: 1, WGM: 0, NTA: 0, NTB: 0}
  - {Latency: 713958736, MT_M: 128, MT_N: 128, MT_K: 128, MI_M: 32, MI_N: 32, MI_K: 16,
    Occupancy: 1, WGM: 0, NTA: 0, NTB: 0}
  - {Latency: 739374096, MT_M: 256, MT_N: 128, MT_K: 64, MI_M: 32, MI_N: 32, MI_K: 16,
    Occupancy: 1, WGM: 0, NTA: 0, NTB: 0}
  - {Latency: 746027616, MT_M: 64, MT_N: 128, MT_K: 128, MI_M: 16, MI_N: 16, MI_K: 32,
    Occupancy: 1, WGM: 0, NTA: 0, NTB: 0}
  - {Latency: 1033567527, MT_M: 192, MT_N: 192, MT_K: 64, MI_M: 32, MI_N: 32, MI_K: 16,
    Occupancy: 1, WGM: 0, NTA: 0, NTB: 0}
  - {Latency: 1081366348, MT_M: 128, MT_N: 192, MT_K: 64, MI_M: 32, MI_N: 32, MI_K: 16,
    Occupancy: 1, WGM: 0, NTA: 0, NTB: 0}
  - {Latency: 1117254539, MT_M: 256, MT_N: 192, MT_K: 32, MI_M: 16, MI_N: 16, MI_K: 32,
    Occupancy: 1, WGM: 0, NTA: 0, NTB: 0}
  - {Latency: 1387494828, MT_M: 192, MT_N: 256, MT_K: 32, MI_M: 32, MI_N: 32, MI_K: 16,
    Occupancy: 1, WGM: 0, NTA: 0, NTB: 0}
  - {Latency: 1483846777, MT_M: 64, MT_N: 192, MT_K: 128, MI_M: 32, MI_N: 32, MI_K: 16,
    Occupancy: 1, WGM: 0, NTA: 0, NTB: 0}
  - {Latency: 1498416029, MT_M: 256, MT_N: 256, MT_K: 32, MI_M: 32, MI_N: 32, MI_K: 16,
    Occupancy: 1, WGM: 0, NTA: 0, NTB: 0}
  - {Latency: 1521947548, MT_M: 128, MT_N: 256, MT_K: 64, MI_M: 32, MI_N: 32, MI_K: 16,
    Occupancy: 1, WGM: 0, NTA: 0, NTB: 0}
  - {Latency: 2211549592, MT_M: 16, MT_N: 128, MT_K: 32, MI_M: 16, MI_N: 16, MI_K: 32,
    Occupancy: 3, WGM: 0, NTA: 0, NTB: 0}
  - {Latency: 2440068038, MT_M: 32, MT_N: 128, MT_K: 16, MI_M: 32, MI_N: 32, MI_K: 16,
    Occupancy: 5, WGM: 0, NTA: 0, NTB: 0}
  - {Latency: 2456249483, MT_M: 64, MT_N: 256, MT_K: 64, MI_M: 32, MI_N: 32, MI_K: 16,
    Occupancy: 1, WGM: 0, NTA: 0, NTB: 0}
  - {Latency: 8318892037, MT_M: 16, MT_N: 256, MT_K: 32, MI_M: 16, MI_N: 16, MI_K: 32,
    Occupancy: 2, WGM: 0, NTA: 0, NTB: 0}
  - {Latency: 8752286184, MT_M: 32, MT_N: 256, MT_K: 16, MI_M: 32, MI_N: 32, MI_K: 16,
    Occupancy: 2, WGM: 0, NTA: 0, NTB: 0}
- - {Latency: 158437940, MT_M: 64, MT_N: 16, MT_K: 256, MI_M: 16, MI_N: 16, MI_K: 32,
    Occupancy: 1, WGM: 6, NTA: 4, NTB: 0}
  - {Latency: 159492092, MT_M: 32, MT_N: 16, MT_K: 512, MI_M: 16, MI_N: 16, MI_K: 32,
    Occupancy: 1, WGM: 6, NTA: 4, NTB: 0}
  - {Latency: 163003181, MT_M: 16, MT_N: 16, MT_K: 512, MI_M: 16, MI_N: 16, MI_K: 32,
    Occupancy: 1, WGM: 6, NTA: 4, NTB: 0}
  - {Latency: 317421083, MT_M: 64, MT_N: 32, MT_K: 128, MI_M: 32, MI_N: 32, MI_K: 16,
    Occupancy: 1, WGM: 6, NTA: 4, NTB: 0}
  - {Latency: 322782163, MT_M: 32, MT_N: 32, MT_K: 512, MI_M: 32, MI_N: 32, MI_K: 16,
    Occupancy: 1, WGM: 6, NTA: 4, NTB: 0}
  - {Latency: 347658097, MT_M: 16, MT_N: 32, MT_K: 512, MI_M: 16, MI_N: 16, MI_K: 32,
    Occupancy: 1, WGM: 6, NTA: 4, NTB: 0}
  - {Latency: 646962525, MT_M: 64, MT_N: 64, MT_K: 256, MI_M: 32, MI_N: 32, MI_K: 16,
    Occupancy: 1, WGM: 6, NTA: 4, NTB: 0}
  - {Latency: 651272460, MT_M: 128, MT_N: 64, MT_K: 128, MI_M: 16, MI_N: 16, MI_K: 32,
    Occupancy: 1, WGM: 6, NTA: 4, NTB: 0}
  - {Latency: 663564530, MT_M: 192, MT_N: 64, MT_K: 128, MI_M: 32, MI_N: 32, MI_K: 16,
    Occupancy: 1, WGM: 6, NTA: 4, NTB: 0}
  - {Latency: 669285151, MT_M: 256, MT_N: 64, MT_K: 64, MI_M: 32, MI_N: 32, MI_K: 16,
    Occupancy: 1, WGM: 6, NTA: 4, NTB: 0}
  - {Latency: 681018718, MT_M: 32, MT_N: 64, MT_K: 128, MI_M: 32, MI_N: 32, MI_K: 16,
    Occupancy: 1, WGM: 6, NTA: 4, NTB: 0}
  - {Latency: 1141176792, MT_M: 16, MT_N: 64, MT_K: 256, MI_M: 16, MI_N: 16, MI_K: 32,
    Occupancy: 1, WGM: 6, NTA: 4, NTB: 0}
  - {Latency: 1321644614, MT_M: 128, MT_N: 128, MT_K: 128, MI_M: 32, MI_N: 32, MI_K: 16,
    Occupancy: 1, WGM: 6, NTA: 4, NTB: 0}
  - {Latency: 1322434760, MT_M: 192, MT_N: 128, MT_K: 64, MI_M: 32, MI_N: 32, MI_K: 16,
    Occupancy: 1, WGM: 6, NTA: 4, NTB: 0}
  - {Latency: 1349297466, MT_M: 256, MT_N: 128, MT_K: 64, MI_M: 32, MI_N: 32, MI_K: 16,
    Occupancy: 1, WGM: 6, NTA: 4, NTB: 0}
  - {Latency: 1382753705, MT_M: 64, MT_N: 128, MT_K: 128, MI_M: 16, MI_N: 16, MI_K: 32,
    Occupancy: 1, WGM: 6, NTA: 4, NTB: 0}
  - {Latency: 1983516780, MT_M: 128, MT_N: 192, MT_K: 64, MI_M: 32, MI_N: 32, MI_K: 16,
    Occupancy: 1, WGM: 6, NTA: 4, NTB: 0}
  - {Latency: 2005091608, MT_M: 192, MT_N: 192, MT_K: 64, MI_M: 32, MI_N: 32, MI_K: 16,
    Occupancy: 1, WGM: 6, NTA: 4, NTB: 0}
  - {Latency: 2039317944, MT_M: 256, MT_N: 192, MT_K: 32, MI_M: 16, MI_N: 16, MI_K: 32,
    Occupancy: 1, WGM: 6, NTA: 4, NTB: 0}
  - {Latency: 2695439279, MT_M: 192, MT_N: 256, MT_K: 32, MI_M: 32, MI_N: 32, MI_K: 16,
    Occupancy: 1, WGM: 6, NTA: 4, NTB: 0}
  - {Latency: 2736696388, MT_M: 256, MT_N: 256, MT_K: 32, MI_M: 32, MI_N: 32, MI_K: 16,
    Occupancy: 1, WGM: 6, NTA: 4, NTB: 0}
  - {Latency: 2755669805, MT_M: 64, MT_N: 192, MT_K: 128, MI_M: 32, MI_N: 32, MI_K: 16,
    Occupancy: 1, WGM: 6, NTA: 4, NTB: 0}
  - {Latency: 2790401295, MT_M: 128, MT_N: 256, MT_K: 64, MI_M: 32, MI_N: 32, MI_K: 16,
    Occupancy: 1, WGM: 6, NTA: 4, NTB: 0}
  - {Latency: 4025225241, MT_M: 16, MT_N: 128, MT_K: 32, MI_M: 16, MI_N: 16, MI_K: 32,
    Occupancy: 3, WGM: 1, NTA: 4, NTB: 0}
  - {Latency: 4465022580, MT_M: 32, MT_N: 128, MT_K: 16, MI_M: 32, MI_N: 32, MI_K: 16,
    Occupancy: 5, WGM: 0, NTA: 0, NTB: 0}
  - {Latency: 4522414304, MT_M: 64, MT_N: 256, MT_K: 64, MI_M: 32, MI_N: 32, MI_K: 16,
    Occupancy: 1, WGM: 6, NTA: 4, NTB: 0}
  - {Latency: 15138856784, MT_M: 16, MT_N: 256, MT_K: 32, MI_M: 16, MI_N: 16, MI_K: 32,
    Occupancy: 2, WGM: 1, NTA: 4, NTB: 0}
  - {Latency: 16012445527, MT_M: 32, MT_N: 256, MT_K: 16, MI_M: 32, MI_N: 32, MI_K: 16,
    Occupancy: 2, WGM: 0, NTA: 0, NTB: 0}
- - {Latency: 29392614, MT_M: 64, MT_N: 16, MT_K: 256, MI_M: 16, MI_N: 16, MI_K: 32,
    Occupancy: 1, WGM: 6, NTA: 4, NTB: 0}
  - {Latency: 54684723, MT_M: 32, MT_N: 16, MT_K: 512, MI_M: 16, MI_N: 16, MI_K: 32,
    Occupancy: 1, WGM: 6, NTA: 4, NTB: 0}
  - {Latency: 63546743, MT_M: 16, MT_N: 16, MT_K: 512, MI_M: 16, MI_N: 16, MI_K: 32,
    Occupancy: 1, WGM: 6, NTA: 4, NTB: 0}
  - {Latency: 70362176, MT_M: 64, MT_N: 32, MT_K: 128, MI_M: 32, MI_N: 32, MI_K: 16,
    Occupancy: 1, WGM: 6, NTA: 4, NTB: 0}
  - {Latency: 123525046, MT_M: 256, MT_N: 64, MT_K: 64, MI_M: 32, MI_N: 32, MI_K: 16,
    Occupancy: 1, WGM: 6, NTA: 4, NTB: 0}
  - {Latency: 124579864, MT_M: 32, MT_N: 32, MT_K: 512, MI_M: 32, MI_N: 32, MI_K: 16,
    Occupancy: 1, WGM: 6, NTA: 4, NTB: 0}
  - {Latency: 131982136, MT_M: 192, MT_N: 64, MT_K: 128, MI_M: 32, MI_N: 32, MI_K: 16,
    Occupancy: 1, WGM: 6, NTA: 4, NTB: 0}
  - {Latency: 148204492, MT_M: 128, MT_N: 64, MT_K: 128, MI_M: 16, MI_N: 16, MI_K: 32,
    Occupancy: 1, WGM: 6, NTA: 4, NTB: 0}
  - {Latency: 186626963, MT_M: 64, MT_N: 64, MT_K: 256, MI_M: 32, MI_N: 32, MI_K: 16,
    Occupancy: 1, WGM: 6, NTA: 4, NTB: 0}
  - {Latency: 188842917, MT_M: 16, MT_N: 32, MT_K: 512, MI_M: 16, MI_N: 16, MI_K: 32,
    Occupancy: 1, WGM: 6, NTA: 4, NTB: 0}
  - {Latency: 296164480, MT_M: 256, MT_N: 128, MT_K: 64, MI_M: 32, MI_N: 32, MI_K: 16,
    Occupancy: 1, WGM: 6, NTA: 4, NTB: 0}
  - {Latency: 311294405, MT_M: 32, MT_N: 64, MT_K: 128, MI_M: 32, MI_N: 32, MI_K: 16,
    Occupancy: 1, WGM: 6, NTA: 4, NTB: 0}
  - {Latency: 329102195, MT_M: 192, MT_N: 128, MT_K: 64, MI_M: 32, MI_N: 32, MI_K: 16,
    Occupancy: 1, WGM: 6, NTA: 4, NTB: 0}
  - {Latency: 394658598, MT_M: 128, MT_N: 128, MT_K: 128, MI_M: 32, MI_N: 32, MI_K: 16,
    Occupancy: 1, WGM: 6, NTA: 4, NTB: 0}
  - {Latency: 518221585, MT_M: 256, MT_N: 192, MT_K: 32, MI_M: 16, MI_N: 16, MI_K: 32,
    Occupancy: 1, WGM: 6, NTA: 4, NTB: 0}
  - {Latency: 559334740, MT_M: 64, MT_N: 128, MT_K: 128, MI_M: 16, MI_N: 16, MI_K: 32,
    Occupancy: 1, WGM: 6, NTA: 4, NTB: 0}
  - {Latency: 592169984, MT_M: 192, MT_N: 192, MT_K: 64, MI_M: 32, MI_N: 32, MI_K: 16,
    Occupancy: 1, WGM: 6, NTA: 4, NTB: 0}
  - {Latency: 627833072, MT_M: 16, MT_N: 64, MT_K: 256, MI_M: 16, MI_N: 16, MI_K: 32,
    Occupancy: 1, WGM: 6, NTA: 4, NTB: 0}
  - {Latency: 739496107, MT_M: 128, MT_N: 192, MT_K: 64, MI_M: 32, MI_N: 32, MI_K: 16,
    Occupancy: 1, WGM: 6, NTA: 4, NTB: 0}
  - {Latency: 789010381, MT_M: 256, MT_N: 256, MT_K: 32, MI_M: 32, MI_N: 32, MI_K: 16,
    Occupancy: 1, WGM: 6, NTA: 4, NTB: 0}
  - {Latency: 920010037, MT_M: 192, MT_N: 256, MT_K: 32, MI_M: 32, MI_N: 32, MI_K: 16,
    Occupancy: 1, WGM: 6, NTA: 4, NTB: 0}
  - {Latency: 1117913118, MT_M: 64, MT_N: 192, MT_K: 128, MI_M: 32, MI_N: 32, MI_K: 16,
    Occupancy: 1, WGM: 6, NTA: 4, NTB: 0}
  - {Latency: 1182916730, MT_M: 128, MT_N: 256, MT_K: 64, MI_M: 32, MI_N: 32, MI_K: 16,
    Occupancy: 1, WGM: 6, NTA: 4, NTB: 0}
  - {Latency: 1745354274, MT_M: 32, MT_N: 128, MT_K: 16, MI_M: 32, MI_N: 32, MI_K: 16,
    Occupancy: 5, WGM: 0, NTA: 0, NTB: 0}
  - {Latency: 1861837460, MT_M: 64, MT_N: 256, MT_K: 64, MI_M: 32, MI_N: 32, MI_K: 16,
    Occupancy: 1, WGM: 6, NTA: 4, NTB: 0}
  - {Latency: 2267012470, MT_M: 16, MT_N: 128, MT_K: 32, MI_M: 16, MI_N: 16, MI_K: 32,
    Occupancy: 3, WGM: 1, NTA: 4, NTB: 0}
  - {Latency: 6016709652, MT_M: 32, MT_N: 256, MT_K: 16, MI_M: 32, MI_N: 32, MI_K: 16,
    Occupancy: 2, WGM: 0, NTA: 0, NTB: 0}
  - {Latency: 8524245206, MT_M: 16, MT_N: 256, MT_K: 32, MI_M: 16, MI_N: 16, MI_K: 32,
    Occupancy: 2, WGM: 1, NTA: 4, NTB: 0}
- - {Latency: 67460388, MT_M: 32, MT_N: 16, MT_K: 512, MI_M: 16, MI_N: 16, MI_K: 32,
    Occupancy: 1, WGM: 6, NTA: 4, NTB: 0}
  - {Latency: 69755656, MT_M: 64, MT_N: 16, MT_K: 256, MI_M: 16, MI_N: 16, MI_K: 32,
    Occupancy: 1, WGM: 6, NTA: 4, NTB: 0}
  - {Latency: 109825912, MT_M: 16, MT_N: 16, MT_K: 512, MI_M: 16, MI_N: 16, MI_K: 32,
    Occupancy: 1, WGM: 6, NTA: 4, NTB: 0}
  - {Latency: 147568595, MT_M: 64, MT_N: 32, MT_K: 128, MI_M: 32, MI_N: 32, MI_K: 16,
    Occupancy: 1, WGM: 6, NTA: 4, NTB: 0}
  - {Latency: 156233590, MT_M: 32, MT_N: 32, MT_K: 512, MI_M: 32, MI_N: 32, MI_K: 16,
    Occupancy: 1, WGM: 6, NTA: 4, NTB: 0}
  - {Latency: 167781357, MT_M: 256, MT_N: 64, MT_K: 64, MI_M: 32, MI_N: 32, MI_K: 16,
    Occupancy: 1, WGM: 6, NTA: 4, NTB: 0}
  - {Latency: 183380596, MT_M: 192, MT_N: 64, MT_K: 128, MI_M: 32, MI_N: 32, MI_K: 16,
    Occupancy: 1, WGM: 6, NTA: 4, NTB: 0}
  - {Latency: 201296583, MT_M: 128, MT_N: 64, MT_K: 128, MI_M: 16, MI_N: 16, MI_K: 32,
    Occupancy: 1, WGM: 6, NTA: 4, NTB: 0}
  - {Latency: 233898700, MT_M: 16, MT_N: 32, MT_K: 512, MI_M: 16, MI_N: 16, MI_K: 32,
    Occupancy: 1, WGM: 6, NTA: 4, NTB: 0}
  - {Latency: 326836024, MT_M: 64, MT_N: 64, MT_K: 256, MI_M: 32, MI_N: 32, MI_K: 16,
    Occupancy: 1, WGM: 6, NTA: 4, NTB: 0}
  - {Latency: 402221367, MT_M: 256, MT_N: 128, MT_K: 64, MI_M: 32, MI_N: 32, MI_K: 16,
    Occupancy: 1, WGM: 6, NTA: 4, NTB: 0}
  - {Latency: 458048238, MT_M: 192, MT_N: 128, MT_K: 64, MI_M: 32, MI_N: 32, MI_K: 16,
    Occupancy: 1, WGM: 6, NTA: 4, NTB: 0}
  - {Latency: 468884963, MT_M: 32, MT_N: 64, MT_K: 128, MI_M: 32, MI_N: 32, MI_K: 16,
    Occupancy: 1, WGM: 6, NTA: 4, NTB: 0}
  - {Latency: 536048985, MT_M: 128, MT_N: 128, MT_K: 128, MI_M: 32, MI_N: 32, MI_K: 16,
    Occupancy: 1, WGM: 6, NTA: 4, NTB: 0}
  - {Latency: 703882943, MT_M: 256, MT_N: 192, MT_K: 32, MI_M: 16, MI_N: 16, MI_K: 32,
    Occupancy: 1, WGM: 6, NTA: 4, NTB: 0}
  - {Latency: 777985301, MT_M: 16, MT_N: 64, MT_K: 256, MI_M: 16, MI_N: 16, MI_K: 32,
    Occupancy: 1, WGM: 6, NTA: 4, NTB: 0}
  - {Latency: 783929662, MT_M: 64, MT_N: 128, MT_K: 128, MI_M: 16, MI_N: 16, MI_K: 32,
    Occupancy: 1, WGM: 6, NTA: 4, NTB: 0}
  - {Latency: 824153523, MT_M: 192, MT_N: 192, MT_K: 64, MI_M: 32, MI_N: 32, MI_K: 16,
    Occupancy: 1, WGM: 6, NTA: 4, NTB: 0}
  - {Latency: 1004639278, MT_M: 128, MT_N: 192, MT_K: 64, MI_M: 32, MI_N: 32, MI_K: 16,
    Occupancy: 1, WGM: 6, NTA: 4, NTB: 0}
  - {Latency: 1071812213, MT_M: 256, MT_N: 256, MT_K: 32, MI_M: 32, MI_N: 32, MI_K: 16,
    Occupancy: 1, WGM: 6, NTA: 4, NTB: 0}
  - {Latency: 1281655678, MT_M: 192, MT_N: 256, MT_K: 32, MI_M: 32, MI_N: 32, MI_K: 16,
    Occupancy: 1, WGM: 6, NTA: 4, NTB: 0}
  - {Latency: 1371146244, MT_M: 64, MT_N: 192, MT_K: 128, MI_M: 32, MI_N: 32, MI_K: 16,
    Occupancy: 1, WGM: 6, NTA: 4, NTB: 0}
  - {Latency: 1607009255, MT_M: 128, MT_N: 256, MT_K: 64, MI_M: 32, MI_N: 32, MI_K: 16,
    Occupancy: 1, WGM: 6, NTA: 4, NTB: 0}
  - {Latency: 2089231096, MT_M: 64, MT_N: 256, MT_K: 64, MI_M: 32, MI_N: 32, MI_K: 16,
    Occupancy: 1, WGM: 6, NTA: 4, NTB: 0}
  - {Latency: 2808640135, MT_M: 16, MT_N: 128, MT_K: 32, MI_M: 16, MI_N: 16, MI_K: 32,
    Occupancy: 3, WGM: 1, NTA: 4, NTB: 0}
  - {Latency: 3128518615, MT_M: 32, MT_N: 128, MT_K: 16, MI_M: 32, MI_N: 32, MI_K: 16,
    Occupancy: 5, WGM: 0, NTA: 0, NTB: 0}
  - {Latency: 10560829772, MT_M: 16, MT_N: 256, MT_K: 32, MI_M: 16, MI_N: 16, MI_K: 32,
    Occupancy: 2, WGM: 1, NTA: 4, NTB: 0}
  - {Latency: 11216253610, MT_M: 32, MT_N: 256, MT_K: 16, MI_M: 32, MI_N: 32, MI_K: 16,
    Occupancy: 2, WGM: 0, NTA: 0, NTB: 0}
- - {Latency: 71315464, MT_M: 64, MT_N: 16, MT_K: 256, MI_M: 16, MI_N: 16, MI_K: 32,
    Occupancy: 1, WGM: 0, NTA: 0, NTB: 0}
  - {Latency: 91027286, MT_M: 32, MT_N: 16, MT_K: 512, MI_M: 16, MI_N: 16, MI_K: 32,
    Occupancy: 1, WGM: 0, NTA: 0, NTB: 0}
  - {Latency: 92890983, MT_M: 16, MT_N: 16, MT_K: 512, MI_M: 16, MI_N: 16, MI_K: 32,
    Occupancy: 1, WGM: 0, NTA: 0, NTB: 0}
  - {Latency: 143788185, MT_M: 64, MT_N: 32, MT_K: 128, MI_M: 32, MI_N: 32, MI_K: 16,
    Occupancy: 1, WGM: 0, NTA: 0, NTB: 0}
  - {Latency: 184370353, MT_M: 32, MT_N: 32, MT_K: 512, MI_M: 32, MI_N: 32, MI_K: 16,
    Occupancy: 1, WGM: 0, NTA: 0, NTB: 0}
  - {Latency: 197852054, MT_M: 16, MT_N: 32, MT_K: 512, MI_M: 16, MI_N: 16, MI_K: 32,
    Occupancy: 1, WGM: 0, NTA: 0, NTB: 0}
  - {Latency: 291978531, MT_M: 64, MT_N: 64, MT_K: 256, MI_M: 32, MI_N: 32, MI_K: 16,
    Occupancy: 1, WGM: 0, NTA: 0, NTB: 0}
  - {Latency: 301158104, MT_M: 128, MT_N: 64, MT_K: 128, MI_M: 16, MI_N: 16, MI_K: 32,
    Occupancy: 1, WGM: 0, NTA: 0, NTB: 0}
  - {Latency: 318209924, MT_M: 192, MT_N: 64, MT_K: 128, MI_M: 32, MI_N: 32, MI_K: 16,
    Occupancy: 1, WGM: 0, NTA: 0, NTB: 0}
  - {Latency: 322439557, MT_M: 256, MT_N: 64, MT_K: 64, MI_M: 32, MI_N: 32, MI_K: 16,
    Occupancy: 1, WGM: 0, NTA: 0, NTB: 0}
  - {Latency: 394089565, MT_M: 32, MT_N: 64, MT_K: 128, MI_M: 32, MI_N: 32, MI_K: 16,
    Occupancy: 1, WGM: 0, NTA: 0, NTB: 0}
  - {Latency: 641897696, MT_M: 128, MT_N: 128, MT_K: 128, MI_M: 32, MI_N: 32, MI_K: 16,
    Occupancy: 1, WGM: 0, NTA: 0, NTB: 0}
  - {Latency: 656479044, MT_M: 16, MT_N: 64, MT_K: 256, MI_M: 16, MI_N: 16, MI_K: 32,
    Occupancy: 1, WGM: 0, NTA: 0, NTB: 0}
  - {Latency: 699718020, MT_M: 192, MT_N: 128, MT_K: 64, MI_M: 32, MI_N: 32, MI_K: 16,
    Occupancy: 1, WGM: 0, NTA: 0, NTB: 0}
  - {Latency: 716156595, MT_M: 256, MT_N: 128, MT_K: 64, MI_M: 32, MI_N: 32, MI_K: 16,
    Occupancy: 1, WGM: 0, NTA: 0, NTB: 0}
  - {Latency: 785544657, MT_M: 64, MT_N: 128, MT_K: 128, MI_M: 16, MI_N: 16, MI_K: 32,
    Occupancy: 1, WGM: 0, NTA: 0, NTB: 0}
  - {Latency: 1022312051, MT_M: 128, MT_N: 192, MT_K: 64, MI_M: 32, MI_N: 32, MI_K: 16,
    Occupancy: 1, WGM: 0, NTA: 0, NTB: 0}
  - {Latency: 1144694743, MT_M: 192, MT_N: 192, MT_K: 64, MI_M: 32, MI_N: 32, MI_K: 16,
    Occupancy: 1, WGM: 0, NTA: 0, NTB: 0}
  - {Latency: 1180806709, MT_M: 256, MT_N: 192, MT_K: 32, MI_M: 16, MI_N: 16, MI_K: 32,
    Occupancy: 1, WGM: 0, NTA: 0, NTB: 0}
  - {Latency: 1569929249, MT_M: 64, MT_N: 192, MT_K: 128, MI_M: 32, MI_N: 32, MI_K: 16,
    Occupancy: 1, WGM: 0, NTA: 0, NTB: 0}
  - {Latency: 1570188939, MT_M: 128, MT_N: 256, MT_K: 64, MI_M: 32, MI_N: 32, MI_K: 16,
    Occupancy: 1, WGM: 0, NTA: 0, NTB: 0}
  - {Latency: 1653268663, MT_M: 192, MT_N: 256, MT_K: 32, MI_M: 32, MI_N: 32, MI_K: 16,
    Occupancy: 1, WGM: 0, NTA: 0, NTB: 0}
  - {Latency: 1716860251, MT_M: 256, MT_N: 256, MT_K: 32, MI_M: 32, MI_N: 32, MI_K: 16,
    Occupancy: 1, WGM: 0, NTA: 0, NTB: 0}
  - {Latency: 2367723811, MT_M: 16, MT_N: 128, MT_K: 32, MI_M: 16, MI_N: 16, MI_K: 32,
    Occupancy: 3, WGM: 0, NTA: 0, NTB: 0}
  - {Latency: 2616347207, MT_M: 64, MT_N: 256, MT_K: 64, MI_M: 32, MI_N: 32, MI_K: 16,
    Occupancy: 1, WGM: 0, NTA: 0, NTB: 0}
  - {Latency: 2628693831, MT_M: 32, MT_N: 128, MT_K: 16, MI_M: 32, MI_N: 32, MI_K: 16,
    Occupancy: 5, WGM: 0, NTA: 0, NTB: 0}
  - {Latency: 8903028097, MT_M: 16, MT_N: 256, MT_K: 32, MI_M: 16, MI_N: 16, MI_K: 32,
    Occupancy: 2, WGM: 0, NTA: 0, NTB: 0}
  - {Latency: 9424176026, MT_M: 32, MT_N: 256, MT_K: 16, MI_M: 32, MI_N: 32, MI_K: 16,
    Occupancy: 2, WGM: 0, NTA: 0, NTB: 0}
- - {Latency: 202555687, MT_M: 64, MT_N: 16, MT_K: 256, MI_M: 16, MI_N: 16, MI_K: 32,
    Occupancy: 1, WGM: 0, NTA: 0, NTB: 0}
  - {Latency: 203160057, MT_M: 32, MT_N: 16, MT_K: 512, MI_M: 16, MI_N: 16, MI_K: 32,
    Occupancy: 1, WGM: 0, NTA: 0, NTB: 0}
  - {Latency: 207477864, MT_M: 16, MT_N: 16, MT_K: 512, MI_M: 16, MI_N: 16, MI_K: 32,
    Occupancy: 1, WGM: 0, NTA: 0, NTB: 0}
  - {Latency: 406417835, MT_M: 64, MT_N: 32, MT_K: 128, MI_M: 32, MI_N: 32, MI_K: 16,
    Occupancy: 1, WGM: 0, NTA: 0, NTB: 0}
  - {Latency: 411314632, MT_M: 32, MT_N: 32, MT_K: 512, MI_M: 32, MI_N: 32, MI_K: 16,
    Occupancy: 1, WGM: 0, NTA: 0, NTB: 0}
  - {Latency: 442530312, MT_M: 16, MT_N: 32, MT_K: 512, MI_M: 16, MI_N: 16, MI_K: 32,
    Occupancy: 1, WGM: 0, NTA: 0, NTB: 0}
  - {Latency: 795414072, MT_M: 256, MT_N: 64, MT_K: 64, MI_M: 32, MI_N: 32, MI_K: 16,
    Occupancy: 1, WGM: 0, NTA: 0, NTB: 0}
  - {Latency: 805963990, MT_M: 192, MT_N: 64, MT_K: 128, MI_M: 32, MI_N: 32, MI_K: 16,
    Occupancy: 1, WGM: 0, NTA: 0, NTB: 0}
  - {Latency: 811492876, MT_M: 128, MT_N: 64, MT_K: 128, MI_M: 16, MI_N: 16, MI_K: 32,
    Occupancy: 1, WGM: 0, NTA: 0, NTB: 0}
  - {Latency: 826857223, MT_M: 64, MT_N: 64, MT_K: 256, MI_M: 32, MI_N: 32, MI_K: 16,
    Occupancy: 1, WGM: 0, NTA: 0, NTB: 0}
  - {Latency: 871470378, MT_M: 32, MT_N: 64, MT_K: 128, MI_M: 32, MI_N: 32, MI_K: 16,
    Occupancy: 1, WGM: 0, NTA: 0, NTB: 0}
  - {Latency: 1457677834, MT_M: 16, MT_N: 64, MT_K: 256, MI_M: 16, MI_N: 16, MI_K: 32,
    Occupancy: 1, WGM: 0, NTA: 0, NTB: 0}
  - {Latency: 1603218220, MT_M: 256, MT_N: 128, MT_K: 64, MI_M: 32, MI_N: 32, MI_K: 16,
    Occupancy: 1, WGM: 0, NTA: 0, NTB: 0}
  - {Latency: 1611589897, MT_M: 192, MT_N: 128, MT_K: 64, MI_M: 32, MI_N: 32, MI_K: 16,
    Occupancy: 1, WGM: 0, NTA: 0, NTB: 0}
  - {Latency: 1646809579, MT_M: 128, MT_N: 128, MT_K: 128, MI_M: 32, MI_N: 32, MI_K: 16,
    Occupancy: 1, WGM: 0, NTA: 0, NTB: 0}
  - {Latency: 1768004611, MT_M: 64, MT_N: 128, MT_K: 128, MI_M: 16, MI_N: 16, MI_K: 32,
    Occupancy: 1, WGM: 0, NTA: 0, NTB: 0}
  - {Latency: 2423267593, MT_M: 256, MT_N: 192, MT_K: 32, MI_M: 16, MI_N: 16, MI_K: 32,
    Occupancy: 1, WGM: 0, NTA: 0, NTB: 0}
  - {Latency: 2442984859, MT_M: 192, MT_N: 192, MT_K: 64, MI_M: 32, MI_N: 32, MI_K: 16,
    Occupancy: 1, WGM: 0, NTA: 0, NTB: 0}
  - {Latency: 2480315741, MT_M: 128, MT_N: 192, MT_K: 64, MI_M: 32, MI_N: 32, MI_K: 16,
    Occupancy: 1, WGM: 0, NTA: 0, NTB: 0}
  - {Latency: 3252675917, MT_M: 256, MT_N: 256, MT_K: 32, MI_M: 32, MI_N: 32, MI_K: 16,
    Occupancy: 1, WGM: 0, NTA: 0, NTB: 0}
  - {Latency: 3285789721, MT_M: 192, MT_N: 256, MT_K: 32, MI_M: 32, MI_N: 32, MI_K: 16,
    Occupancy: 1, WGM: 0, NTA: 0, NTB: 0}
  - {Latency: 3488701329, MT_M: 128, MT_N: 256, MT_K: 64, MI_M: 32, MI_N: 32, MI_K: 16,
    Occupancy: 1, WGM: 0, NTA: 0, NTB: 0}
  - {Latency: 3525944483, MT_M: 64, MT_N: 192, MT_K: 128, MI_M: 32, MI_N: 32, MI_K: 16,
    Occupancy: 1, WGM: 0, NTA: 0, NTB: 0}
  - {Latency: 5171563462, MT_M: 16, MT_N: 128, MT_K: 32, MI_M: 16, MI_N: 16, MI_K: 32,
    Occupancy: 3, WGM: 0, NTA: 0, NTB: 0}
  - {Latency: 5725812017, MT_M: 32, MT_N: 128, MT_K: 16, MI_M: 32, MI_N: 32, MI_K: 16,
    Occupancy: 5, WGM: 0, NTA: 0, NTB: 0}
  - {Latency: 5808312748, MT_M: 64, MT_N: 256, MT_K: 64, MI_M: 32, MI_N: 32, MI_K: 16,
    Occupancy: 1, WGM: 0, NTA: 0, NTB: 0}
  - {Latency: 19449190903, MT_M: 16, MT_N: 256, MT_K: 32, MI_M: 16, MI_N: 16, MI_K: 32,
    Occupancy: 2, WGM: 0, NTA: 0, NTB: 0}
  - {Latency: 20532393382, MT_M: 32, MT_N: 256, MT_K: 16, MI_M: 32, MI_N: 32, MI_K: 16,
    Occupancy: 2, WGM: 0, NTA: 0, NTB: 0}
- - {Latency: 92295966, MT_M: 64, MT_N: 16, MT_K: 256, MI_M: 16, MI_N: 16, MI_K: 32,
    Occupancy: 1, WGM: 6, NTA: 4, NTB: 0}
  - {Latency: 95761951, MT_M: 32, MT_N: 16, MT_K: 512, MI_M: 16, MI_N: 16, MI_K: 32,
    Occupancy: 1, WGM: 6, NTA: 4, NTB: 0}
  - {Latency: 97628084, MT_M: 16, MT_N: 16, MT_K: 512, MI_M: 16, MI_N: 16, MI_K: 32,
    Occupancy: 1, WGM: 6, NTA: 4, NTB: 0}
  - {Latency: 174728743, MT_M: 64, MT_N: 32, MT_K: 128, MI_M: 32, MI_N: 32, MI_K: 16,
    Occupancy: 1, WGM: 6, NTA: 4, NTB: 0}
  - {Latency: 193483711, MT_M: 32, MT_N: 32, MT_K: 512, MI_M: 32, MI_N: 32, MI_K: 16,
    Occupancy: 1, WGM: 6, NTA: 4, NTB: 0}
  - {Latency: 208263708, MT_M: 16, MT_N: 32, MT_K: 512, MI_M: 16, MI_N: 16, MI_K: 32,
    Occupancy: 1, WGM: 6, NTA: 4, NTB: 0}
  - {Latency: 346949124, MT_M: 192, MT_N: 64, MT_K: 128, MI_M: 32, MI_N: 32, MI_K: 16,
    Occupancy: 1, WGM: 6, NTA: 4, NTB: 0}
  - {Latency: 357281580, MT_M: 256, MT_N: 64, MT_K: 64, MI_M: 32, MI_N: 32, MI_K: 16,
    Occupancy: 1, WGM: 6, NTA: 4, NTB: 0}
  - {Latency: 358057196, MT_M: 128, MT_N: 64, MT_K: 128, MI_M: 16, MI_N: 16, MI_K: 32,
    Occupancy: 1, WGM: 6, NTA: 4, NTB: 0}
  - {Latency: 377784294, MT_M: 64, MT_N: 64, MT_K: 256, MI_M: 32, MI_N: 32, MI_K: 16,
    Occupancy: 1, WGM: 6, NTA: 4, NTB: 0}
  - {Latency: 380352275, MT_M: 32, MT_N: 64, MT_K: 128, MI_M: 32, MI_N: 32, MI_K: 16,
    Occupancy: 1, WGM: 6, NTA: 4, NTB: 0}
  - {Latency: 671973090, MT_M: 16, MT_N: 64, MT_K: 256, MI_M: 16, MI_N: 16, MI_K: 32,
    Occupancy: 1, WGM: 6, NTA: 4, NTB: 0}
  - {Latency: 679586542, MT_M: 192, MT_N: 128, MT_K: 64, MI_M: 32, MI_N: 32, MI_K: 16,
    Occupancy: 1, WGM: 6, NTA: 4, NTB: 0}
  - {Latency: 721122041, MT_M: 256, MT_N: 128, MT_K: 64, MI_M: 32, MI_N: 32, MI_K: 16,
    Occupancy: 1, WGM: 6, NTA: 4, NTB: 0}
  - {Latency: 726571959, MT_M: 128, MT_N: 128, MT_K: 128, MI_M: 32, MI_N: 32, MI_K: 16,
    Occupancy: 1, WGM: 6, NTA: 4, NTB: 0}
  - {Latency: 766654440, MT_M: 64, MT_N: 128, MT_K: 128, MI_M: 16, MI_N: 16, MI_K: 32,
    Occupancy: 1, WGM: 6, NTA: 4, NTB: 0}
  - {Latency: 1031551295, MT_M: 192, MT_N: 192, MT_K: 64, MI_M: 32, MI_N: 32, MI_K: 16,
    Occupancy: 1, WGM: 6, NTA: 4, NTB: 0}
  - {Latency: 1070541593, MT_M: 128, MT_N: 192, MT_K: 64, MI_M: 32, MI_N: 32, MI_K: 16,
    Occupancy: 1, WGM: 6, NTA: 4, NTB: 0}
  - {Latency: 1075434014, MT_M: 256, MT_N: 192, MT_K: 32, MI_M: 16, MI_N: 16, MI_K: 32,
    Occupancy: 1, WGM: 6, NTA: 4, NTB: 0}
  - {Latency: 1365136621, MT_M: 192, MT_N: 256, MT_K: 32, MI_M: 32, MI_N: 32, MI_K: 16,
    Occupancy: 1, WGM: 6, NTA: 4, NTB: 0}
  - {Latency: 1441483185, MT_M: 256, MT_N: 256, MT_K: 32, MI_M: 32, MI_N: 32, MI_K: 16,
    Occupancy: 1, WGM: 6, NTA: 4, NTB: 0}
  - {Latency: 1507361709, MT_M: 128, MT_N: 256, MT_K: 64, MI_M: 32, MI_N: 32, MI_K: 16,
    Occupancy: 1, WGM: 6, NTA: 4, NTB: 0}
  - {Latency: 1522306354, MT_M: 64, MT_N: 192, MT_K: 128, MI_M: 32, MI_N: 32, MI_K: 16,
    Occupancy: 1, WGM: 6, NTA: 4, NTB: 0}
  - {Latency: 2161175194, MT_M: 16, MT_N: 128, MT_K: 32, MI_M: 16, MI_N: 16, MI_K: 32,
    Occupancy: 3, WGM: 1, NTA: 4, NTB: 0}
  - {Latency: 2407506066, MT_M: 32, MT_N: 128, MT_K: 16, MI_M: 32, MI_N: 32, MI_K: 16,
    Occupancy: 5, WGM: 0, NTA: 0, NTB: 0}
  - {Latency: 2450105839, MT_M: 64, MT_N: 256, MT_K: 64, MI_M: 32, MI_N: 32, MI_K: 16,
    Occupancy: 1, WGM: 6, NTA: 4, NTB: 0}
  - {Latency: 8130598247, MT_M: 16, MT_N: 256, MT_K: 32, MI_M: 16, MI_N: 16, MI_K: 32,
    Occupancy: 2, WGM: 1, NTA: 4, NTB: 0}
  - {Latency: 8637130543, MT_M: 32, MT_N: 256, MT_K: 16, MI_M: 32, MI_N: 32, MI_K: 16,
    Occupancy: 2, WGM: 0, NTA: 0, NTB: 0}
- - {Latency: 185871253, MT_M: 64, MT_N: 16, MT_K: 256, MI_M: 16, MI_N: 16, MI_K: 32,
    Occupancy: 1, WGM: 6, NTA: 4, NTB: 0}
  - {Latency: 187603070, MT_M: 32, MT_N: 16, MT_K: 512, MI_M: 16, MI_N: 16, MI_K: 32,
    Occupancy: 1, WGM: 6, NTA: 4, NTB: 0}
  - {Latency: 191350092, MT_M: 16, MT_N: 16, MT_K: 512, MI_M: 16, MI_N: 16, MI_K: 32,
    Occupancy: 1, WGM: 6, NTA: 4, NTB: 0}
  - {Latency: 374127304, MT_M: 64, MT_N: 32, MT_K: 128, MI_M: 32, MI_N: 32, MI_K: 16,
    Occupancy: 1, WGM: 6, NTA: 4, NTB: 0}
  - {Latency: 379979698, MT_M: 32, MT_N: 32, MT_K: 512, MI_M: 32, MI_N: 32, MI_K: 16,
    Occupancy: 1, WGM: 6, NTA: 4, NTB: 0}
  - {Latency: 407562878, MT_M: 16, MT_N: 32, MT_K: 512, MI_M: 16, MI_N: 16, MI_K: 32,
    Occupancy: 1, WGM: 6, NTA: 4, NTB: 0}
  - {Latency: 743615821, MT_M: 192, MT_N: 64, MT_K: 128, MI_M: 32, MI_N: 32, MI_K: 16,
    Occupancy: 1, WGM: 6, NTA: 4, NTB: 0}
  - {Latency: 743993408, MT_M: 128, MT_N: 64, MT_K: 128, MI_M: 16, MI_N: 16, MI_K: 32,
    Occupancy: 1, WGM: 6, NTA: 4, NTB: 0}
  - {Latency: 757842059, MT_M: 64, MT_N: 64, MT_K: 256, MI_M: 32, MI_N: 32, MI_K: 16,
    Occupancy: 1, WGM: 6, NTA: 4, NTB: 0}
  - {Latency: 761124149, MT_M: 256, MT_N: 64, MT_K: 64, MI_M: 32, MI_N: 32, MI_K: 16,
    Occupancy: 1, WGM: 6, NTA: 4, NTB: 0}
  - {Latency: 812293593, MT_M: 32, MT_N: 64, MT_K: 128, MI_M: 32, MI_N: 32, MI_K: 16,
    Occupancy: 1, WGM: 6, NTA: 4, NTB: 0}
  - {Latency: 1352412291, MT_M: 16, MT_N: 64, MT_K: 256, MI_M: 16, MI_N: 16, MI_K: 32,
    Occupancy: 1, WGM: 6, NTA: 4, NTB: 0}
  - {Latency: 1508453981, MT_M: 192, MT_N: 128, MT_K: 64, MI_M: 32, MI_N: 32, MI_K: 16,
    Occupancy: 1, WGM: 6, NTA: 4, NTB: 0}
  - {Latency: 1509877113, MT_M: 128, MT_N: 128, MT_K: 128, MI_M: 32, MI_N: 32, MI_K: 16,
    Occupancy: 1, WGM: 6, NTA: 4, NTB: 0}
  - {Latency: 1567449730, MT_M: 256, MT_N: 128, MT_K: 64, MI_M: 32, MI_N: 32, MI_K: 16,
    Occupancy: 1, WGM: 6, NTA: 4, NTB: 0}
  - {Latency: 1620743159, MT_M: 64, MT_N: 128, MT_K: 128, MI_M: 16, MI_N: 16, MI_K: 32,
    Occupancy: 1, WGM: 6, NTA: 4, NTB: 0}
  - {Latency: 2298055702, MT_M: 128, MT_N: 192, MT_K: 64, MI_M: 32, MI_N: 32, MI_K: 16,
    Occupancy: 1, WGM: 6, NTA: 4, NTB: 0}
  - {Latency: 2419731212, MT_M: 256, MT_N: 192, MT_K: 32, MI_M: 16, MI_N: 16, MI_K: 32,
    Occupancy: 1, WGM: 6, NTA: 4, NTB: 0}
  - {Latency: 2433066884, MT_M: 192, MT_N: 192, MT_K: 64, MI_M: 32, MI_N: 32, MI_K: 16,
    Occupancy: 1, WGM: 6, NTA: 4, NTB: 0}
  - {Latency: 3239108350, MT_M: 64, MT_N: 192, MT_K: 128, MI_M: 32, MI_N: 32, MI_K: 16,
    Occupancy: 1, WGM: 6, NTA: 4, NTB: 0}
  - {Latency: 3243381359, MT_M: 128, MT_N: 256, MT_K: 64, MI_M: 32, MI_N: 32, MI_K: 16,
    Occupancy: 1, WGM: 6, NTA: 4, NTB: 0}
  - {Latency: 3317487625, MT_M: 256, MT_N: 256, MT_K: 32, MI_M: 32, MI_N: 32, MI_K: 16,
    Occupancy: 1, WGM: 6, NTA: 4, NTB: 0}
  - {Latency: 3784162832, MT_M: 192, MT_N: 256, MT_K: 32, MI_M: 32, MI_N: 32, MI_K: 16,
    Occupancy: 1, WGM: 6, NTA: 4, NTB: 0}
  - {Latency: 4874209452, MT_M: 16, MT_N: 128, MT_K: 32, MI_M: 16, MI_N: 16, MI_K: 32,
    Occupancy: 3, WGM: 1, NTA: 4, NTB: 0}
  - {Latency: 5395341436, MT_M: 64, MT_N: 256, MT_K: 64, MI_M: 32, MI_N: 32, MI_K: 16,
    Occupancy: 1, WGM: 6, NTA: 4, NTB: 0}
  - {Latency: 5414763301, MT_M: 32, MT_N: 128, MT_K: 16, MI_M: 32, MI_N: 32, MI_K: 16,
    Occupancy: 5, WGM: 0, NTA: 0, NTB: 0}
  - {Latency: 18327812134, MT_M: 16, MT_N: 256, MT_K: 32, MI_M: 16, MI_N: 16, MI_K: 32,
    Occupancy: 2, WGM: 1, NTA: 4, NTB: 0}
  - {Latency: 19412779835, MT_M: 32, MT_N: 256, MT_K: 16, MI_M: 32, MI_N: 32, MI_K: 16,
    Occupancy: 2, WGM: 0, NTA: 0, NTB: 0}
- - {Latency: 20473294, MT_M: 16, MT_N: 16, MT_K: 512, MI_M: 16, MI_N: 16, MI_K: 32,
    Occupancy: 1, WGM: 6, NTA: 4, NTB: 0}
  - {Latency: 21574217, MT_M: 64, MT_N: 16, MT_K: 256, MI_M: 16, MI_N: 16, MI_K: 32,
    Occupancy: 1, WGM: 6, NTA: 4, NTB: 0}
  - {Latency: 21879247, MT_M: 32, MT_N: 16, MT_K: 512, MI_M: 16, MI_N: 16, MI_K: 32,
    Occupancy: 1, WGM: 6, NTA: 4, NTB: 0}
  - {Latency: 42752749, MT_M: 64, MT_N: 32, MT_K: 128, MI_M: 32, MI_N: 32, MI_K: 16,
    Occupancy: 1, WGM: 6, NTA: 4, NTB: 0}
  - {Latency: 43667215, MT_M: 16, MT_N: 32, MT_K: 512, MI_M: 16, MI_N: 16, MI_K: 32,
    Occupancy: 1, WGM: 6, NTA: 4, NTB: 0}
  - {Latency: 44307272, MT_M: 32, MT_N: 32, MT_K: 512, MI_M: 32, MI_N: 32, MI_K: 16,
    Occupancy: 1, WGM: 6, NTA: 4, NTB: 0}
  - {Latency: 73779665, MT_M: 256, MT_N: 64, MT_K: 64, MI_M: 32, MI_N: 32, MI_K: 16,
    Occupancy: 1, WGM: 6, NTA: 4, NTB: 0}
  - {Latency: 74064784, MT_M: 192, MT_N: 64, MT_K: 128, MI_M: 32, MI_N: 32, MI_K: 16,
    Occupancy: 1, WGM: 6, NTA: 4, NTB: 0}
  - {Latency: 88052212, MT_M: 64, MT_N: 64, MT_K: 256, MI_M: 32, MI_N: 32, MI_K: 16,
    Occupancy: 1, WGM: 6, NTA: 4, NTB: 0}
  - {Latency: 92884000, MT_M: 32, MT_N: 64, MT_K: 128, MI_M: 32, MI_N: 32, MI_K: 16,
    Occupancy: 1, WGM: 6, NTA: 4, NTB: 0}
  - {Latency: 113753495, MT_M: 128, MT_N: 64, MT_K: 128, MI_M: 16, MI_N: 16, MI_K: 32,
    Occupancy: 1, WGM: 6, NTA: 4, NTB: 0}
  - {Latency: 144176868, MT_M: 16, MT_N: 64, MT_K: 256, MI_M: 16, MI_N: 16, MI_K: 32,
    Occupancy: 1, WGM: 6, NTA: 4, NTB: 0}
  - {Latency: 149268391, MT_M: 256, MT_N: 128, MT_K: 64, MI_M: 32, MI_N: 32, MI_K: 16,
    Occupancy: 1, WGM: 6, NTA: 4, NTB: 0}
  - {Latency: 149652297, MT_M: 192, MT_N: 128, MT_K: 64, MI_M: 32, MI_N: 32, MI_K: 16,
    Occupancy: 1, WGM: 6, NTA: 4, NTB: 0}
  - {Latency: 185806579, MT_M: 64, MT_N: 128, MT_K: 128, MI_M: 16, MI_N: 16, MI_K: 32,
    Occupancy: 1, WGM: 6, NTA: 4, NTB: 0}
  - {Latency: 225828367, MT_M: 256, MT_N: 192, MT_K: 32, MI_M: 16, MI_N: 16, MI_K: 32,
    Occupancy: 1, WGM: 6, NTA: 4, NTB: 0}
  - {Latency: 227149891, MT_M: 192, MT_N: 192, MT_K: 64, MI_M: 32, MI_N: 32, MI_K: 16,
    Occupancy: 1, WGM: 6, NTA: 4, NTB: 0}
  - {Latency: 230847541, MT_M: 128, MT_N: 128, MT_K: 128, MI_M: 32, MI_N: 32, MI_K: 16,
    Occupancy: 1, WGM: 6, NTA: 4, NTB: 0}
  - {Latency: 304990178, MT_M: 192, MT_N: 256, MT_K: 32, MI_M: 32, MI_N: 32, MI_K: 16,
    Occupancy: 1, WGM: 6, NTA: 4, NTB: 0}
  - {Latency: 327565895, MT_M: 256, MT_N: 256, MT_K: 32, MI_M: 32, MI_N: 32, MI_K: 16,
    Occupancy: 1, WGM: 6, NTA: 4, NTB: 0}
  - {Latency: 350883028, MT_M: 128, MT_N: 192, MT_K: 64, MI_M: 32, MI_N: 32, MI_K: 16,
    Occupancy: 1, WGM: 6, NTA: 4, NTB: 0}
  - {Latency: 370729326, MT_M: 64, MT_N: 192, MT_K: 128, MI_M: 32, MI_N: 32, MI_K: 16,
    Occupancy: 1, WGM: 6, NTA: 4, NTB: 0}
  - {Latency: 493480456, MT_M: 128, MT_N: 256, MT_K: 64, MI_M: 32, MI_N: 32, MI_K: 16,
    Occupancy: 1, WGM: 6, NTA: 4, NTB: 0}
  - {Latency: 508342460, MT_M: 16, MT_N: 128, MT_K: 32, MI_M: 16, MI_N: 16, MI_K: 32,
    Occupancy: 3, WGM: 1, NTA: 4, NTB: 0}
  - {Latency: 615402357, MT_M: 32, MT_N: 128, MT_K: 16, MI_M: 32, MI_N: 32, MI_K: 16,
    Occupancy: 5, WGM: 0, NTA: 0, NTB: 0}
  - {Latency: 616403358, MT_M: 64, MT_N: 256, MT_K: 64, MI_M: 32, MI_N: 32, MI_K: 16,
    Occupancy: 1, WGM: 6, NTA: 4, NTB: 0}
  - {Latency: 1911694656, MT_M: 16, MT_N: 256, MT_K: 32, MI_M: 16, MI_N: 16, MI_K: 32,
    Occupancy: 2, WGM: 1, NTA: 4, NTB: 0}
  - {Latency: 2206685334, MT_M: 32, MT_N: 256, MT_K: 16, MI_M: 32, MI_N: 32, MI_K: 16,
    Occupancy: 2, WGM: 0, NTA: 0, NTB: 0}
- - {Latency: 19736631, MT_M: 256, MT_N: 256, MT_K: 32, MI_M: 32, MI_N: 32, MI_K: 16,
    Occupancy: 1, WGM: 0, NTA: 0, NTB: 0}
  - {Latency: 23016865, MT_M: 192, MT_N: 256, MT_K: 32, MI_M: 32, MI_N: 32, MI_K: 16,
    Occupancy: 1, WGM: 0, NTA: 0, NTB: 0}
  - {Latency: 26547405, MT_M: 256, MT_N: 192, MT_K: 32, MI_M: 16, MI_N: 16, MI_K: 32,
    Occupancy: 1, WGM: 0, NTA: 0, NTB: 0}
  - {Latency: 47859543, MT_M: 32, MT_N: 256, MT_K: 16, MI_M: 32, MI_N: 32, MI_K: 16,
    Occupancy: 2, WGM: 0, NTA: 0, NTB: 0}
  - {Latency: 58640223, MT_M: 128, MT_N: 256, MT_K: 64, MI_M: 32, MI_N: 32, MI_K: 16,
    Occupancy: 1, WGM: 0, NTA: 0, NTB: 0}
  - {Latency: 65634349, MT_M: 128, MT_N: 192, MT_K: 64, MI_M: 32, MI_N: 32, MI_K: 16,
    Occupancy: 1, WGM: 0, NTA: 0, NTB: 0}
  - {Latency: 75528040, MT_M: 192, MT_N: 192, MT_K: 64, MI_M: 32, MI_N: 32, MI_K: 16,
    Occupancy: 1, WGM: 0, NTA: 0, NTB: 0}
  - {Latency: 79066746, MT_M: 32, MT_N: 128, MT_K: 16, MI_M: 32, MI_N: 32, MI_K: 16,
    Occupancy: 5, WGM: 0, NTA: 0, NTB: 0}
  - {Latency: 82504931, MT_M: 256, MT_N: 128, MT_K: 64, MI_M: 32, MI_N: 32, MI_K: 16,
    Occupancy: 1, WGM: 0, NTA: 0, NTB: 0}
  - {Latency: 91744261, MT_M: 192, MT_N: 128, MT_K: 64, MI_M: 32, MI_N: 32, MI_K: 16,
    Occupancy: 1, WGM: 0, NTA: 0, NTB: 0}
  - {Latency: 92765902, MT_M: 64, MT_N: 256, MT_K: 64, MI_M: 32, MI_N: 32, MI_K: 16,
    Occupancy: 1, WGM: 0, NTA: 0, NTB: 0}
  - {Latency: 124494008, MT_M: 16, MT_N: 256, MT_K: 32, MI_M: 16, MI_N: 16, MI_K: 32,
    Occupancy: 2, WGM: 0, NTA: 0, NTB: 0}
  - {Latency: 129270442, MT_M: 256, MT_N: 64, MT_K: 64, MI_M: 32, MI_N: 32, MI_K: 16,
    Occupancy: 1, WGM: 0, NTA: 0, NTB: 0}
  - {Latency: 188246997, MT_M: 16, MT_N: 128, MT_K: 32, MI_M: 16, MI_N: 16, MI_K: 32,
    Occupancy: 3, WGM: 0, NTA: 0, NTB: 0}
  - {Latency: 266451926, MT_M: 128, MT_N: 128, MT_K: 128, MI_M: 32, MI_N: 32, MI_K: 16,
    Occupancy: 1, WGM: 0, NTA: 0, NTB: 0}
  - {Latency: 341806827, MT_M: 64, MT_N: 192, MT_K: 128, MI_M: 32, MI_N: 32, MI_K: 16,
    Occupancy: 1, WGM: 0, NTA: 0, NTB: 0}
  - {Latency: 426113043, MT_M: 128, MT_N: 64, MT_K: 128, MI_M: 16, MI_N: 16, MI_K: 32,
    Occupancy: 1, WGM: 0, NTA: 0, NTB: 0}
  - {Latency: 426113043, MT_M: 64, MT_N: 128, MT_K: 128, MI_M: 16, MI_N: 16, MI_K: 32,
    Occupancy: 1, WGM: 0, NTA: 0, NTB: 0}
  - {Latency: 487509363, MT_M: 192, MT_N: 64, MT_K: 128, MI_M: 32, MI_N: 32, MI_K: 16,
    Occupancy: 1, WGM: 0, NTA: 0, NTB: 0}
  - {Latency: 795455084, MT_M: 32, MT_N: 64, MT_K: 128, MI_M: 32, MI_N: 32, MI_K: 16,
    Occupancy: 1, WGM: 0, NTA: 0, NTB: 0}
  - {Latency: 795455084, MT_M: 64, MT_N: 32, MT_K: 128, MI_M: 32, MI_N: 32, MI_K: 16,
    Occupancy: 1, WGM: 0, NTA: 0, NTB: 0}
  - {Latency: 1898852779, MT_M: 64, MT_N: 64, MT_K: 256, MI_M: 32, MI_N: 32, MI_K: 16,
    Occupancy: 1, WGM: 0, NTA: 0, NTB: 0}
  - {Latency: 4760992770, MT_M: 64, MT_N: 16, MT_K: 256, MI_M: 16, MI_N: 16, MI_K: 32,
    Occupancy: 1, WGM: 0, NTA: 0, NTB: 0}
  - {Latency: 4762647703, MT_M: 16, MT_N: 64, MT_K: 256, MI_M: 16, MI_N: 16, MI_K: 32,
    Occupancy: 1, WGM: 0, NTA: 0, NTB: 0}
  - {Latency: 14308189508, MT_M: 32, MT_N: 32, MT_K: 512, MI_M: 32, MI_N: 32, MI_K: 16,
    Occupancy: 1, WGM: 0, NTA: 0, NTB: 0}
  - {Latency: 21896980895, MT_M: 32, MT_N: 16, MT_K: 512, MI_M: 16, MI_N: 16, MI_K: 32,
    Occupancy: 1, WGM: 0, NTA: 0, NTB: 0}
  - {Latency: 21898635827, MT_M: 16, MT_N: 32, MT_K: 512, MI_M: 16, MI_N: 16, MI_K: 32,
    Occupancy: 1, WGM: 0, NTA: 0, NTB: 0}
  - {Latency: 29114354925, MT_M: 16, MT_N: 16, MT_K: 512, MI_M: 16, MI_N: 16, MI_K: 32,
    Occupancy: 1, WGM: 0, NTA: 0, NTB: 0}
- - {Latency: 10939588, MT_M: 256, MT_N: 256, MT_K: 32, MI_M: 32, MI_N: 32, MI_K: 16,
    Occupancy: 1, WGM: 0, NTA: 0, NTB: 0}
  - {Latency: 12847527, MT_M: 192, MT_N: 256, MT_K: 32, MI_M: 32, MI_N: 32, MI_K: 16,
    Occupancy: 1, WGM: 0, NTA: 0, NTB: 0}
  - {Latency: 14679652, MT_M: 256, MT_N: 192, MT_K: 32, MI_M: 16, MI_N: 16, MI_K: 32,
    Occupancy: 1, WGM: 0, NTA: 0, NTB: 0}
  - {Latency: 35182598, MT_M: 32, MT_N: 256, MT_K: 16, MI_M: 32, MI_N: 32, MI_K: 16,
    Occupancy: 2, WGM: 0, NTA: 0, NTB: 0}
  - {Latency: 40484671, MT_M: 192, MT_N: 192, MT_K: 64, MI_M: 32, MI_N: 32, MI_K: 16,
    Occupancy: 1, WGM: 0, NTA: 0, NTB: 0}
  - {Latency: 43787433, MT_M: 128, MT_N: 256, MT_K: 64, MI_M: 32, MI_N: 32, MI_K: 16,
    Occupancy: 1, WGM: 0, NTA: 0, NTB: 0}
  - {Latency: 44023160, MT_M: 256, MT_N: 128, MT_K: 64, MI_M: 32, MI_N: 32, MI_K: 16,
    Occupancy: 1, WGM: 0, NTA: 0, NTB: 0}
  - {Latency: 48724628, MT_M: 128, MT_N: 192, MT_K: 64, MI_M: 32, MI_N: 32, MI_K: 16,
    Occupancy: 1, WGM: 0, NTA: 0, NTB: 0}
  - {Latency: 49048931, MT_M: 192, MT_N: 128, MT_K: 64, MI_M: 32, MI_N: 32, MI_K: 16,
    Occupancy: 1, WGM: 0, NTA: 0, NTB: 0}
  - {Latency: 58017735, MT_M: 32, MT_N: 128, MT_K: 16, MI_M: 32, MI_N: 32, MI_K: 16,
    Occupancy: 5, WGM: 0, NTA: 0, NTB: 0}
  - {Latency: 68663835, MT_M: 64, MT_N: 256, MT_K: 64, MI_M: 32, MI_N: 32, MI_K: 16,
    Occupancy: 1, WGM: 0, NTA: 0, NTB: 0}
  - {Latency: 69622728, MT_M: 256, MT_N: 64, MT_K: 64, MI_M: 32, MI_N: 32, MI_K: 16,
    Occupancy: 1, WGM: 0, NTA: 0, NTB: 0}
  - {Latency: 91684808, MT_M: 16, MT_N: 256, MT_K: 32, MI_M: 16, MI_N: 16, MI_K: 32,
    Occupancy: 2, WGM: 0, NTA: 0, NTB: 0}
  - {Latency: 137804939, MT_M: 16, MT_N: 128, MT_K: 32, MI_M: 16, MI_N: 16, MI_K: 32,
    Occupancy: 3, WGM: 0, NTA: 0, NTB: 0}
  - {Latency: 196730020, MT_M: 128, MT_N: 128, MT_K: 128, MI_M: 32, MI_N: 32, MI_K: 16,
    Occupancy: 1, WGM: 0, NTA: 0, NTB: 0}
  - {Latency: 252195353, MT_M: 64, MT_N: 192, MT_K: 128, MI_M: 32, MI_N: 32, MI_K: 16,
    Occupancy: 1, WGM: 0, NTA: 0, NTB: 0}
  - {Latency: 255777980, MT_M: 192, MT_N: 64, MT_K: 128, MI_M: 32, MI_N: 32, MI_K: 16,
    Occupancy: 1, WGM: 0, NTA: 0, NTB: 0}
  - {Latency: 313238578, MT_M: 128, MT_N: 64, MT_K: 128, MI_M: 16, MI_N: 16, MI_K: 32,
    Occupancy: 1, WGM: 0, NTA: 0, NTB: 0}
  - {Latency: 313238578, MT_M: 64, MT_N: 128, MT_K: 128, MI_M: 16, MI_N: 16, MI_K: 32,
    Occupancy: 1, WGM: 0, NTA: 0, NTB: 0}
  - {Latency: 583684868, MT_M: 32, MT_N: 64, MT_K: 128, MI_M: 32, MI_N: 32, MI_K: 16,
    Occupancy: 1, WGM: 0, NTA: 0, NTB: 0}
  - {Latency: 583684868, MT_M: 64, MT_N: 32, MT_K: 128, MI_M: 32, MI_N: 32, MI_K: 16,
    Occupancy: 1, WGM: 0, NTA: 0, NTB: 0}
  - {Latency: 1395149078, MT_M: 64, MT_N: 64, MT_K: 256, MI_M: 32, MI_N: 32, MI_K: 16,
    Occupancy: 1, WGM: 0, NTA: 0, NTB: 0}
  - {Latency: 3485499012, MT_M: 16, MT_N: 64, MT_K: 256, MI_M: 16, MI_N: 16, MI_K: 32,
    Occupancy: 1, WGM: 0, NTA: 0, NTB: 0}
  - {Latency: 3488861119, MT_M: 64, MT_N: 16, MT_K: 256, MI_M: 16, MI_N: 16, MI_K: 32,
    Occupancy: 1, WGM: 0, NTA: 0, NTB: 0}
  - {Latency: 10495725131, MT_M: 32, MT_N: 32, MT_K: 512, MI_M: 32, MI_N: 32, MI_K: 16,
    Occupancy: 1, WGM: 0, NTA: 0, NTB: 0}
  - {Latency: 16022125145, MT_M: 16, MT_N: 32, MT_K: 512, MI_M: 16, MI_N: 16, MI_K: 32,
    Occupancy: 1, WGM: 0, NTA: 0, NTB: 0}
  - {Latency: 16046729267, MT_M: 32, MT_N: 16, MT_K: 512, MI_M: 16, MI_N: 16, MI_K: 32,
    Occupancy: 1, WGM: 0, NTA: 0, NTB: 0}
  - {Latency: 21282952742, MT_M: 16, MT_N: 16, MT_K: 512, MI_M: 16, MI_N: 16, MI_K: 32,
    Occupancy: 1, WGM: 0, NTA: 0, NTB: 0}
- - {Latency: 66993417, MT_M: 256, MT_N: 256, MT_K: 32, MI_M: 32, MI_N: 32, MI_K: 16,
    Occupancy: 1, WGM: 0, NTA: 0, NTB: 0}
  - {Latency: 77916386, MT_M: 192, MT_N: 256, MT_K: 32, MI_M: 32, MI_N: 32, MI_K: 16,
    Occupancy: 1, WGM: 0, NTA: 0, NTB: 0}
  - {Latency: 87831508, MT_M: 256, MT_N: 192, MT_K: 32, MI_M: 16, MI_N: 16, MI_K: 32,
    Occupancy: 1, WGM: 0, NTA: 0, NTB: 0}
  - {Latency: 218426592, MT_M: 32, MT_N: 256, MT_K: 16, MI_M: 32, MI_N: 32, MI_K: 16,
    Occupancy: 2, WGM: 0, NTA: 0, NTB: 0}
  - {Latency: 241525374, MT_M: 192, MT_N: 192, MT_K: 64, MI_M: 32, MI_N: 32, MI_K: 16,
    Occupancy: 1, WGM: 0, NTA: 0, NTB: 0}
  - {Latency: 269401717, MT_M: 256, MT_N: 128, MT_K: 64, MI_M: 32, MI_N: 32, MI_K: 16,
    Occupancy: 1, WGM: 0, NTA: 0, NTB: 0}
  - {Latency: 269401717, MT_M: 128, MT_N: 256, MT_K: 64, MI_M: 32, MI_N: 32, MI_K: 16,
    Occupancy: 1, WGM: 0, NTA: 0, NTB: 0}
  - {Latency: 296518851, MT_M: 128, MT_N: 192, MT_K: 64, MI_M: 32, MI_N: 32, MI_K: 16,
    Occupancy: 1, WGM: 0, NTA: 0, NTB: 0}
  - {Latency: 301321674, MT_M: 192, MT_N: 128, MT_K: 64, MI_M: 32, MI_N: 32, MI_K: 16,
    Occupancy: 1, WGM: 0, NTA: 0, NTB: 0}
  - {Latency: 360828378, MT_M: 32, MT_N: 128, MT_K: 16, MI_M: 32, MI_N: 32, MI_K: 16,
    Occupancy: 5, WGM: 0, NTA: 0, NTB: 0}
  - {Latency: 418792070, MT_M: 256, MT_N: 64, MT_K: 64, MI_M: 32, MI_N: 32, MI_K: 16,
    Occupancy: 1, WGM: 0, NTA: 0, NTB: 0}
  - {Latency: 426061780, MT_M: 64, MT_N: 256, MT_K: 64, MI_M: 32, MI_N: 32, MI_K: 16,
    Occupancy: 1, WGM: 0, NTA: 0, NTB: 0}
  - {Latency: 569902344, MT_M: 16, MT_N: 256, MT_K: 32, MI_M: 16, MI_N: 16, MI_K: 32,
    Occupancy: 2, WGM: 0, NTA: 0, NTB: 0}
  - {Latency: 860319567, MT_M: 16, MT_N: 128, MT_K: 32, MI_M: 16, MI_N: 16, MI_K: 32,
    Occupancy: 3, WGM: 0, NTA: 0, NTB: 0}
  - {Latency: 1225583109, MT_M: 128, MT_N: 128, MT_K: 128, MI_M: 32, MI_N: 32, MI_K: 16,
    Occupancy: 1, WGM: 0, NTA: 0, NTB: 0}
  - {Latency: 1544597459, MT_M: 64, MT_N: 192, MT_K: 128, MI_M: 32, MI_N: 32, MI_K: 16,
    Occupancy: 1, WGM: 0, NTA: 0, NTB: 0}
  - {Latency: 1545042509, MT_M: 192, MT_N: 64, MT_K: 128, MI_M: 32, MI_N: 32, MI_K: 16,
    Occupancy: 1, WGM: 0, NTA: 0, NTB: 0}
  - {Latency: 1924375902, MT_M: 128, MT_N: 64, MT_K: 128, MI_M: 16, MI_N: 16, MI_K: 32,
    Occupancy: 1, WGM: 0, NTA: 0, NTB: 0}
  - {Latency: 1958313168, MT_M: 64, MT_N: 128, MT_K: 128, MI_M: 16, MI_N: 16, MI_K: 32,
    Occupancy: 1, WGM: 0, NTA: 0, NTB: 0}
  - {Latency: 3596573173, MT_M: 32, MT_N: 64, MT_K: 128, MI_M: 32, MI_N: 32, MI_K: 16,
    Occupancy: 1, WGM: 0, NTA: 0, NTB: 0}
  - {Latency: 3596806379, MT_M: 64, MT_N: 32, MT_K: 128, MI_M: 32, MI_N: 32, MI_K: 16,
    Occupancy: 1, WGM: 0, NTA: 0, NTB: 0}
  - {Latency: 8590077093, MT_M: 64, MT_N: 64, MT_K: 256, MI_M: 32, MI_N: 32, MI_K: 16,
    Occupancy: 1, WGM: 0, NTA: 0, NTB: 0}
  - {Latency: 21439406760, MT_M: 64, MT_N: 16, MT_K: 256, MI_M: 16, MI_N: 16, MI_K: 32,
    Occupancy: 1, WGM: 0, NTA: 0, NTB: 0}
  - {Latency: 21537089056, MT_M: 16, MT_N: 64, MT_K: 256, MI_M: 16, MI_N: 16, MI_K: 32,
    Occupancy: 1, WGM: 0, NTA: 0, NTB: 0}
  - {Latency: 64708020527, MT_M: 32, MT_N: 32, MT_K: 512, MI_M: 32, MI_N: 32, MI_K: 16,
    Occupancy: 1, WGM: 0, NTA: 0, NTB: 0}
  - {Latency: 98584742033, MT_M: 32, MT_N: 16, MT_K: 512, MI_M: 16, MI_N: 16, MI_K: 32,
    Occupancy: 1, WGM: 0, NTA: 0, NTB: 0}
  - {Latency: 99034201707, MT_M: 16, MT_N: 32, MT_K: 512, MI_M: 16, MI_N: 16, MI_K: 32,
    Occupancy: 1, WGM: 0, NTA: 0, NTB: 0}
  - {Latency: 131092005652, MT_M: 16, MT_N: 16, MT_K: 512, MI_M: 16, MI_N: 16, MI_K: 32,
    Occupancy: 1, WGM: 0, NTA: 0, NTB: 0}
- - {Latency: 23292668, MT_M: 256, MT_N: 256, MT_K: 32, MI_M: 32, MI_N: 32, MI_K: 16,
    Occupancy: 1, WGM: 0, NTA: 0, NTB: 0}
  - {Latency: 27190105, MT_M: 192, MT_N: 256, MT_K: 32, MI_M: 32, MI_N: 32, MI_K: 16,
    Occupancy: 1, WGM: 0, NTA: 0, NTB: 0}
  - {Latency: 31217094, MT_M: 256, MT_N: 192, MT_K: 32, MI_M: 16, MI_N: 16, MI_K: 32,
    Occupancy: 1, WGM: 0, NTA: 0, NTB: 0}
  - {Latency: 73980309, MT_M: 32, MT_N: 256, MT_K: 16, MI_M: 32, MI_N: 32, MI_K: 16,
    Occupancy: 2, WGM: 0, NTA: 0, NTB: 0}
  - {Latency: 81204336, MT_M: 256, MT_N: 128, MT_K: 64, MI_M: 32, MI_N: 32, MI_K: 16,
    Occupancy: 1, WGM: 0, NTA: 0, NTB: 0}
  - {Latency: 87018524, MT_M: 192, MT_N: 192, MT_K: 64, MI_M: 32, MI_N: 32, MI_K: 16,
    Occupancy: 1, WGM: 0, NTA: 0, NTB: 0}
  - {Latency: 90882007, MT_M: 192, MT_N: 128, MT_K: 64, MI_M: 32, MI_N: 32, MI_K: 16,
    Occupancy: 1, WGM: 0, NTA: 0, NTB: 0}
  - {Latency: 95466715, MT_M: 128, MT_N: 256, MT_K: 64, MI_M: 32, MI_N: 32, MI_K: 16,
    Occupancy: 1, WGM: 0, NTA: 0, NTB: 0}
  - {Latency: 106423785, MT_M: 128, MT_N: 192, MT_K: 64, MI_M: 32, MI_N: 32, MI_K: 16,
    Occupancy: 1, WGM: 0, NTA: 0, NTB: 0}
  - {Latency: 109145629, MT_M: 32, MT_N: 128, MT_K: 16, MI_M: 32, MI_N: 32, MI_K: 16,
    Occupancy: 5, WGM: 0, NTA: 0, NTB: 0}
  - {Latency: 127865998, MT_M: 256, MT_N: 64, MT_K: 64, MI_M: 32, MI_N: 32, MI_K: 16,
    Occupancy: 1, WGM: 0, NTA: 0, NTB: 0}
  - {Latency: 150067147, MT_M: 64, MT_N: 256, MT_K: 64, MI_M: 32, MI_N: 32, MI_K: 16,
    Occupancy: 1, WGM: 0, NTA: 0, NTB: 0}
  - {Latency: 195467977, MT_M: 16, MT_N: 256, MT_K: 32, MI_M: 16, MI_N: 16, MI_K: 32,
    Occupancy: 2, WGM: 0, NTA: 0, NTB: 0}
  - {Latency: 259708337, MT_M: 16, MT_N: 128, MT_K: 32, MI_M: 16, MI_N: 16, MI_K: 32,
    Occupancy: 3, WGM: 0, NTA: 0, NTB: 0}
  - {Latency: 367251168, MT_M: 128, MT_N: 128, MT_K: 128, MI_M: 32, MI_N: 32, MI_K: 16,
    Occupancy: 1, WGM: 0, NTA: 0, NTB: 0}
  - {Latency: 471649546, MT_M: 192, MT_N: 64, MT_K: 128, MI_M: 32, MI_N: 32, MI_K: 16,
    Occupancy: 1, WGM: 0, NTA: 0, NTB: 0}
  - {Latency: 558000074, MT_M: 64, MT_N: 192, MT_K: 128, MI_M: 32, MI_N: 32, MI_K: 16,
    Occupancy: 1, WGM: 0, NTA: 0, NTB: 0}
  - {Latency: 587311825, MT_M: 128, MT_N: 64, MT_K: 128, MI_M: 16, MI_N: 16, MI_K: 32,
    Occupancy: 1, WGM: 0, NTA: 0, NTB: 0}
  - {Latency: 587311825, MT_M: 64, MT_N: 128, MT_K: 128, MI_M: 16, MI_N: 16, MI_K: 32,
    Occupancy: 1, WGM: 0, NTA: 0, NTB: 0}
  - {Latency: 1097444647, MT_M: 32, MT_N: 64, MT_K: 128, MI_M: 32, MI_N: 32, MI_K: 16,
    Occupancy: 1, WGM: 0, NTA: 0, NTB: 0}
  - {Latency: 1097490778, MT_M: 64, MT_N: 32, MT_K: 128, MI_M: 32, MI_N: 32, MI_K: 16,
    Occupancy: 1, WGM: 0, NTA: 0, NTB: 0}
  - {Latency: 2621399283, MT_M: 64, MT_N: 64, MT_K: 256, MI_M: 32, MI_N: 32, MI_K: 16,
    Occupancy: 1, WGM: 0, NTA: 0, NTB: 0}
  - {Latency: 6566891955, MT_M: 64, MT_N: 16, MT_K: 256, MI_M: 16, MI_N: 16, MI_K: 32,
    Occupancy: 1, WGM: 0, NTA: 0, NTB: 0}
  - {Latency: 6568707927, MT_M: 16, MT_N: 64, MT_K: 256, MI_M: 16, MI_N: 16, MI_K: 32,
    Occupancy: 1, WGM: 0, NTA: 0, NTB: 0}
  - {Latency: 19734532681, MT_M: 32, MT_N: 32, MT_K: 512, MI_M: 32, MI_N: 32, MI_K: 16,
    Occupancy: 1, WGM: 0, NTA: 0, NTB: 0}
  - {Latency: 30201349180, MT_M: 32, MT_N: 16, MT_K: 512, MI_M: 16, MI_N: 16, MI_K: 32,
    Occupancy: 1, WGM: 0, NTA: 0, NTB: 0}
  - {Latency: 30202893795, MT_M: 16, MT_N: 32, MT_K: 512, MI_M: 16, MI_N: 16, MI_K: 32,
    Occupancy: 1, WGM: 0, NTA: 0, NTB: 0}
  - {Latency: 40156018577, MT_M: 16, MT_N: 16, MT_K: 512, MI_M: 16, MI_N: 16, MI_K: 32,
    Occupancy: 1, WGM: 0, NTA: 0, NTB: 0}
- - {Latency: 56606574, MT_M: 256, MT_N: 256, MT_K: 32, MI_M: 32, MI_N: 32, MI_K: 16,
    Occupancy: 1, WGM: 0, NTA: 0, NTB: 0}
  - {Latency: 57335516, MT_M: 192, MT_N: 256, MT_K: 32, MI_M: 32, MI_N: 32, MI_K: 16,
    Occupancy: 1, WGM: 0, NTA: 0, NTB: 0}
  - {Latency: 75838748, MT_M: 256, MT_N: 192, MT_K: 32, MI_M: 16, MI_N: 16, MI_K: 32,
    Occupancy: 1, WGM: 0, NTA: 0, NTB: 0}
  - {Latency: 157386466, MT_M: 32, MT_N: 256, MT_K: 16, MI_M: 32, MI_N: 32, MI_K: 16,
    Occupancy: 2, WGM: 0, NTA: 0, NTB: 0}
  - {Latency: 180946583, MT_M: 192, MT_N: 192, MT_K: 64, MI_M: 32, MI_N: 32, MI_K: 16,
    Occupancy: 1, WGM: 0, NTA: 0, NTB: 0}
  - {Latency: 210063793, MT_M: 128, MT_N: 256, MT_K: 64, MI_M: 32, MI_N: 32, MI_K: 16,
    Occupancy: 1, WGM: 0, NTA: 0, NTB: 0}
  - {Latency: 222363677, MT_M: 192, MT_N: 128, MT_K: 64, MI_M: 32, MI_N: 32, MI_K: 16,
    Occupancy: 1, WGM: 0, NTA: 0, NTB: 0}
  - {Latency: 232764601, MT_M: 256, MT_N: 128, MT_K: 64, MI_M: 32, MI_N: 32, MI_K: 16,
    Occupancy: 1, WGM: 0, NTA: 0, NTB: 0}
  - {Latency: 234434100, MT_M: 128, MT_N: 192, MT_K: 64, MI_M: 32, MI_N: 32, MI_K: 16,
    Occupancy: 1, WGM: 0, NTA: 0, NTB: 0}
  - {Latency: 260300698, MT_M: 32, MT_N: 128, MT_K: 16, MI_M: 32, MI_N: 32, MI_K: 16,
    Occupancy: 5, WGM: 0, NTA: 0, NTB: 0}
  - {Latency: 313701443, MT_M: 64, MT_N: 256, MT_K: 64, MI_M: 32, MI_N: 32, MI_K: 16,
    Occupancy: 1, WGM: 0, NTA: 0, NTB: 0}
  - {Latency: 367315953, MT_M: 256, MT_N: 64, MT_K: 64, MI_M: 32, MI_N: 32, MI_K: 16,
    Occupancy: 1, WGM: 0, NTA: 0, NTB: 0}
  - {Latency: 410059560, MT_M: 16, MT_N: 256, MT_K: 32, MI_M: 16, MI_N: 16, MI_K: 32,
    Occupancy: 2, WGM: 0, NTA: 0, NTB: 0}
  - {Latency: 619743673, MT_M: 16, MT_N: 128, MT_K: 32, MI_M: 16, MI_N: 16, MI_K: 32,
    Occupancy: 3, WGM: 0, NTA: 0, NTB: 0}
  - {Latency: 956829685, MT_M: 128, MT_N: 128, MT_K: 128, MI_M: 32, MI_N: 32, MI_K: 16,
    Occupancy: 1, WGM: 0, NTA: 0, NTB: 0}
  - {Latency: 1158420273, MT_M: 192, MT_N: 64, MT_K: 128, MI_M: 32, MI_N: 32, MI_K: 16,
    Occupancy: 1, WGM: 0, NTA: 0, NTB: 0}
  - {Latency: 1158487317, MT_M: 64, MT_N: 192, MT_K: 128, MI_M: 32, MI_N: 32, MI_K: 16,
    Occupancy: 1, WGM: 0, NTA: 0, NTB: 0}
  - {Latency: 1443367894, MT_M: 64, MT_N: 128, MT_K: 128, MI_M: 16, MI_N: 16, MI_K: 32,
    Occupancy: 1, WGM: 0, NTA: 0, NTB: 0}
  - {Latency: 1527907890, MT_M: 128, MT_N: 64, MT_K: 128, MI_M: 16, MI_N: 16, MI_K: 32,
    Occupancy: 1, WGM: 0, NTA: 0, NTB: 0}
  - {Latency: 2618847584, MT_M: 32, MT_N: 64, MT_K: 128, MI_M: 32, MI_N: 32, MI_K: 16,
    Occupancy: 1, WGM: 0, NTA: 0, NTB: 0}
  - {Latency: 2693382401, MT_M: 64, MT_N: 32, MT_K: 128, MI_M: 32, MI_N: 32, MI_K: 16,
    Occupancy: 1, WGM: 0, NTA: 0, NTB: 0}
  - {Latency: 6443470170, MT_M: 64, MT_N: 64, MT_K: 256, MI_M: 32, MI_N: 32, MI_K: 16,
    Occupancy: 1, WGM: 0, NTA: 0, NTB: 0}
  - {Latency: 15679967598, MT_M: 16, MT_N: 64, MT_K: 256, MI_M: 16, MI_N: 16, MI_K: 32,
    Occupancy: 1, WGM: 0, NTA: 0, NTB: 0}
  - {Latency: 16146429089, MT_M: 64, MT_N: 16, MT_K: 256, MI_M: 16, MI_N: 16, MI_K: 32,
    Occupancy: 1, WGM: 0, NTA: 0, NTB: 0}
  - {Latency: 47099463498, MT_M: 32, MT_N: 32, MT_K: 512, MI_M: 32, MI_N: 32, MI_K: 16,
    Occupancy: 1, WGM: 0, NTA: 0, NTB: 0}
  - {Latency: 72079026597, MT_M: 32, MT_N: 16, MT_K: 512, MI_M: 16, MI_N: 16, MI_K: 32,
    Occupancy: 1, WGM: 0, NTA: 0, NTB: 0}
  - {Latency: 72085564141, MT_M: 16, MT_N: 32, MT_K: 512, MI_M: 16, MI_N: 16, MI_K: 32,
    Occupancy: 1, WGM: 0, NTA: 0, NTB: 0}
  - {Latency: 95846314217, MT_M: 16, MT_N: 16, MT_K: 512, MI_M: 16, MI_N: 16, MI_K: 32,
    Occupancy: 1, WGM: 0, NTA: 0, NTB: 0}
- - {Latency: 62081464, MT_M: 256, MT_N: 256, MT_K: 32, MI_M: 32, MI_N: 32, MI_K: 16,
    Occupancy: 1, WGM: 0, NTA: 0, NTB: 0}
  - {Latency: 72199815, MT_M: 192, MT_N: 256, MT_K: 32, MI_M: 32, MI_N: 32, MI_K: 16,
    Occupancy: 1, WGM: 0, NTA: 0, NTB: 0}
  - {Latency: 83696840, MT_M: 256, MT_N: 192, MT_K: 32, MI_M: 16, MI_N: 16, MI_K: 32,
    Occupancy: 1, WGM: 0, NTA: 0, NTB: 0}
  - {Latency: 203247692, MT_M: 32, MT_N: 256, MT_K: 16, MI_M: 32, MI_N: 32, MI_K: 16,
    Occupancy: 2, WGM: 0, NTA: 0, NTB: 0}
  - {Latency: 230370555, MT_M: 192, MT_N: 192, MT_K: 64, MI_M: 32, MI_N: 32, MI_K: 16,
    Occupancy: 1, WGM: 0, NTA: 0, NTB: 0}
  - {Latency: 249629823, MT_M: 128, MT_N: 256, MT_K: 64, MI_M: 32, MI_N: 32, MI_K: 16,
    Occupancy: 1, WGM: 0, NTA: 0, NTB: 0}
  - {Latency: 249787716, MT_M: 256, MT_N: 128, MT_K: 64, MI_M: 32, MI_N: 32, MI_K: 16,
    Occupancy: 1, WGM: 0, NTA: 0, NTB: 0}
  - {Latency: 279153556, MT_M: 192, MT_N: 128, MT_K: 64, MI_M: 32, MI_N: 32, MI_K: 16,
    Occupancy: 1, WGM: 0, NTA: 0, NTB: 0}
  - {Latency: 283300121, MT_M: 128, MT_N: 192, MT_K: 64, MI_M: 32, MI_N: 32, MI_K: 16,
    Occupancy: 1, WGM: 0, NTA: 0, NTB: 0}
  - {Latency: 336325289, MT_M: 32, MT_N: 128, MT_K: 16, MI_M: 32, MI_N: 32, MI_K: 16,
    Occupancy: 5, WGM: 0, NTA: 0, NTB: 0}
  - {Latency: 394305625, MT_M: 64, MT_N: 256, MT_K: 64, MI_M: 32, MI_N: 32, MI_K: 16,
    Occupancy: 1, WGM: 0, NTA: 0, NTB: 0}
  - {Latency: 394547609, MT_M: 256, MT_N: 64, MT_K: 64, MI_M: 32, MI_N: 32, MI_K: 16,
    Occupancy: 1, WGM: 0, NTA: 0, NTB: 0}
  - {Latency: 529517818, MT_M: 16, MT_N: 256, MT_K: 32, MI_M: 16, MI_N: 16, MI_K: 32,
    Occupancy: 2, WGM: 0, NTA: 0, NTB: 0}
  - {Latency: 800578522, MT_M: 16, MT_N: 128, MT_K: 32, MI_M: 16, MI_N: 16, MI_K: 32,
    Occupancy: 3, WGM: 0, NTA: 0, NTB: 0}
  - {Latency: 1132720414, MT_M: 128, MT_N: 128, MT_K: 128, MI_M: 32, MI_N: 32, MI_K: 16,
    Occupancy: 1, WGM: 0, NTA: 0, NTB: 0}
  - {Latency: 1453917076, MT_M: 192, MT_N: 64, MT_K: 128, MI_M: 32, MI_N: 32, MI_K: 16,
    Occupancy: 1, WGM: 0, NTA: 0, NTB: 0}
  - {Latency: 1475083282, MT_M: 64, MT_N: 192, MT_K: 128, MI_M: 32, MI_N: 32, MI_K: 16,
    Occupancy: 1, WGM: 0, NTA: 0, NTB: 0}
  - {Latency: 1810087293, MT_M: 128, MT_N: 64, MT_K: 128, MI_M: 16, MI_N: 16, MI_K: 32,
    Occupancy: 1, WGM: 0, NTA: 0, NTB: 0}
  - {Latency: 1810087293, MT_M: 64, MT_N: 128, MT_K: 128, MI_M: 16, MI_N: 16, MI_K: 32,
    Occupancy: 1, WGM: 0, NTA: 0, NTB: 0}
  - {Latency: 3383186846, MT_M: 32, MT_N: 64, MT_K: 128, MI_M: 32, MI_N: 32, MI_K: 16,
    Occupancy: 1, WGM: 0, NTA: 0, NTB: 0}
  - {Latency: 3384362033, MT_M: 64, MT_N: 32, MT_K: 128, MI_M: 32, MI_N: 32, MI_K: 16,
    Occupancy: 1, WGM: 0, NTA: 0, NTB: 0}
  - {Latency: 8079191322, MT_M: 64, MT_N: 64, MT_K: 256, MI_M: 32, MI_N: 32, MI_K: 16,
    Occupancy: 1, WGM: 0, NTA: 0, NTB: 0}
  - {Latency: 20252719787, MT_M: 16, MT_N: 64, MT_K: 256, MI_M: 16, MI_N: 16, MI_K: 32,
    Occupancy: 1, WGM: 0, NTA: 0, NTB: 0}
  - {Latency: 20256843445, MT_M: 64, MT_N: 16, MT_K: 256, MI_M: 16, MI_N: 16, MI_K: 32,
    Occupancy: 1, WGM: 0, NTA: 0, NTB: 0}
  - {Latency: 60855637969, MT_M: 32, MT_N: 32, MT_K: 512, MI_M: 32, MI_N: 32, MI_K: 16,
    Occupancy: 1, WGM: 0, NTA: 0, NTB: 0}
  - {Latency: 93121927713, MT_M: 16, MT_N: 32, MT_K: 512, MI_M: 16, MI_N: 16, MI_K: 32,
    Occupancy: 1, WGM: 0, NTA: 0, NTB: 0}
  - {Latency: 93132263230, MT_M: 32, MT_N: 16, MT_K: 512, MI_M: 16, MI_N: 16, MI_K: 32,
    Occupancy: 1, WGM: 0, NTA: 0, NTB: 0}
  - {Latency: 123818528802, MT_M: 16, MT_N: 16, MT_K: 512, MI_M: 16, MI_N: 16, MI_K: 32,
    Occupancy: 1, WGM: 0, NTA: 0, NTB: 0}
- - {Latency: 98773389, MT_M: 256, MT_N: 256, MT_K: 32, MI_M: 32, MI_N: 32, MI_K: 16,
    Occupancy: 1, WGM: 0, NTA: 0, NTB: 0}
  - {Latency: 115062745, MT_M: 192, MT_N: 256, MT_K: 32, MI_M: 32, MI_N: 32, MI_K: 16,
    Occupancy: 1, WGM: 0, NTA: 0, NTB: 0}
  - {Latency: 132817126, MT_M: 256, MT_N: 192, MT_K: 32, MI_M: 16, MI_N: 16, MI_K: 32,
    Occupancy: 1, WGM: 0, NTA: 0, NTB: 0}
  - {Latency: 323365849, MT_M: 32, MT_N: 256, MT_K: 16, MI_M: 32, MI_N: 32, MI_K: 16,
    Occupancy: 2, WGM: 0, NTA: 0, NTB: 0}
  - {Latency: 366029682, MT_M: 192, MT_N: 192, MT_K: 64, MI_M: 32, MI_N: 32, MI_K: 16,
    Occupancy: 1, WGM: 0, NTA: 0, NTB: 0}
  - {Latency: 396726135, MT_M: 256, MT_N: 128, MT_K: 64, MI_M: 32, MI_N: 32, MI_K: 16,
    Occupancy: 1, WGM: 0, NTA: 0, NTB: 0}
  - {Latency: 396726135, MT_M: 128, MT_N: 256, MT_K: 64, MI_M: 32, MI_N: 32, MI_K: 16,
    Occupancy: 1, WGM: 0, NTA: 0, NTB: 0}
  - {Latency: 444341234, MT_M: 192, MT_N: 128, MT_K: 64, MI_M: 32, MI_N: 32, MI_K: 16,
    Occupancy: 1, WGM: 0, NTA: 0, NTB: 0}
  - {Latency: 449164432, MT_M: 128, MT_N: 192, MT_K: 64, MI_M: 32, MI_N: 32, MI_K: 16,
    Occupancy: 1, WGM: 0, NTA: 0, NTB: 0}
  - {Latency: 534986577, MT_M: 32, MT_N: 128, MT_K: 16, MI_M: 32, MI_N: 32, MI_K: 16,
    Occupancy: 5, WGM: 0, NTA: 0, NTB: 0}
  - {Latency: 627576042, MT_M: 256, MT_N: 64, MT_K: 64, MI_M: 32, MI_N: 32, MI_K: 16,
    Occupancy: 1, WGM: 0, NTA: 0, NTB: 0}
  - {Latency: 627576042, MT_M: 64, MT_N: 256, MT_K: 64, MI_M: 32, MI_N: 32, MI_K: 16,
    Occupancy: 1, WGM: 0, NTA: 0, NTB: 0}
  - {Latency: 842487720, MT_M: 16, MT_N: 256, MT_K: 32, MI_M: 16, MI_N: 16, MI_K: 32,
    Occupancy: 2, WGM: 0, NTA: 0, NTB: 0}
  - {Latency: 1273677830, MT_M: 16, MT_N: 128, MT_K: 32, MI_M: 16, MI_N: 16, MI_K: 32,
    Occupancy: 3, WGM: 0, NTA: 0, NTB: 0}
  - {Latency: 1803150194, MT_M: 128, MT_N: 128, MT_K: 128, MI_M: 32, MI_N: 32, MI_K: 16,
    Occupancy: 1, WGM: 0, NTA: 0, NTB: 0}
  - {Latency: 2312882069, MT_M: 192, MT_N: 64, MT_K: 128, MI_M: 32, MI_N: 32, MI_K: 16,
    Occupancy: 1, WGM: 0, NTA: 0, NTB: 0}
  - {Latency: 2341385739, MT_M: 64, MT_N: 192, MT_K: 128, MI_M: 32, MI_N: 32, MI_K: 16,
    Occupancy: 1, WGM: 0, NTA: 0, NTB: 0}
  - {Latency: 2882189603, MT_M: 128, MT_N: 64, MT_K: 128, MI_M: 16, MI_N: 16, MI_K: 32,
    Occupancy: 1, WGM: 0, NTA: 0, NTB: 0}
  - {Latency: 2882189603, MT_M: 64, MT_N: 128, MT_K: 128, MI_M: 16, MI_N: 16, MI_K: 32,
    Occupancy: 1, WGM: 0, NTA: 0, NTB: 0}
  - {Latency: 5371235940, MT_M: 64, MT_N: 32, MT_K: 128, MI_M: 32, MI_N: 32, MI_K: 16,
    Occupancy: 1, WGM: 0, NTA: 0, NTB: 0}
  - {Latency: 5387624018, MT_M: 32, MT_N: 64, MT_K: 128, MI_M: 32, MI_N: 32, MI_K: 16,
    Occupancy: 1, WGM: 0, NTA: 0, NTB: 0}
  - {Latency: 12865244950, MT_M: 64, MT_N: 64, MT_K: 256, MI_M: 32, MI_N: 32, MI_K: 16,
    Occupancy: 1, WGM: 0, NTA: 0, NTB: 0}
  - {Latency: 32148399061, MT_M: 64, MT_N: 16, MT_K: 256, MI_M: 16, MI_N: 16, MI_K: 32,
    Occupancy: 1, WGM: 0, NTA: 0, NTB: 0}
  - {Latency: 32257350858, MT_M: 16, MT_N: 64, MT_K: 256, MI_M: 16, MI_N: 16, MI_K: 32,
    Occupancy: 1, WGM: 0, NTA: 0, NTB: 0}
  - {Latency: 96615675240, MT_M: 32, MT_N: 32, MT_K: 512, MI_M: 32, MI_N: 32, MI_K: 16,
    Occupancy: 1, WGM: 0, NTA: 0, NTB: 0}
  - {Latency: 147846548345, MT_M: 16, MT_N: 32, MT_K: 512, MI_M: 16, MI_N: 16, MI_K: 32,
    Occupancy: 1, WGM: 0, NTA: 0, NTB: 0}
  - {Latency: 147854341195, MT_M: 32, MT_N: 16, MT_K: 512, MI_M: 16, MI_N: 16, MI_K: 32,
    Occupancy: 1, WGM: 0, NTA: 0, NTB: 0}
  - {Latency: 196579586977, MT_M: 16, MT_N: 16, MT_K: 512, MI_M: 16, MI_N: 16, MI_K: 32,
    Occupancy: 1, WGM: 0, NTA: 0, NTB: 0}
- - {Latency: 116320739, MT_M: 256, MT_N: 256, MT_K: 32, MI_M: 32, MI_N: 32, MI_K: 16,
    Occupancy: 1, WGM: 0, NTA: 0, NTB: 0}
  - {Latency: 135591736, MT_M: 192, MT_N: 256, MT_K: 32, MI_M: 32, MI_N: 32, MI_K: 16,
    Occupancy: 1, WGM: 0, NTA: 0, NTB: 0}
  - {Latency: 155020498, MT_M: 256, MT_N: 192, MT_K: 32, MI_M: 16, MI_N: 16, MI_K: 32,
    Occupancy: 1, WGM: 0, NTA: 0, NTB: 0}
  - {Latency: 381316519, MT_M: 32, MT_N: 256, MT_K: 16, MI_M: 32, MI_N: 32, MI_K: 16,
    Occupancy: 2, WGM: 0, NTA: 0, NTB: 0}
  - {Latency: 426302240, MT_M: 192, MT_N: 192, MT_K: 64, MI_M: 32, MI_N: 32, MI_K: 16,
    Occupancy: 1, WGM: 0, NTA: 0, NTB: 0}
  - {Latency: 468038520, MT_M: 256, MT_N: 128, MT_K: 64, MI_M: 32, MI_N: 32, MI_K: 16,
    Occupancy: 1, WGM: 0, NTA: 0, NTB: 0}
  - {Latency: 468038520, MT_M: 128, MT_N: 256, MT_K: 64, MI_M: 32, MI_N: 32, MI_K: 16,
    Occupancy: 1, WGM: 0, NTA: 0, NTB: 0}
  - {Latency: 523639116, MT_M: 192, MT_N: 128, MT_K: 64, MI_M: 32, MI_N: 32, MI_K: 16,
    Occupancy: 1, WGM: 0, NTA: 0, NTB: 0}
  - {Latency: 523755940, MT_M: 128, MT_N: 192, MT_K: 64, MI_M: 32, MI_N: 32, MI_K: 16,
    Occupancy: 1, WGM: 0, NTA: 0, NTB: 0}
  - {Latency: 630901582, MT_M: 32, MT_N: 128, MT_K: 16, MI_M: 32, MI_N: 32, MI_K: 16,
    Occupancy: 5, WGM: 0, NTA: 0, NTB: 0}
  - {Latency: 739634032, MT_M: 256, MT_N: 64, MT_K: 64, MI_M: 32, MI_N: 32, MI_K: 16,
    Occupancy: 1, WGM: 0, NTA: 0, NTB: 0}
  - {Latency: 739798602, MT_M: 64, MT_N: 256, MT_K: 64, MI_M: 32, MI_N: 32, MI_K: 16,
    Occupancy: 1, WGM: 0, NTA: 0, NTB: 0}
  - {Latency: 992720464, MT_M: 16, MT_N: 256, MT_K: 32, MI_M: 16, MI_N: 16, MI_K: 32,
    Occupancy: 2, WGM: 0, NTA: 0, NTB: 0}
  - {Latency: 1500917339, MT_M: 16, MT_N: 128, MT_K: 32, MI_M: 16, MI_N: 16, MI_K: 32,
    Occupancy: 3, WGM: 0, NTA: 0, NTB: 0}
  - {Latency: 2125453535, MT_M: 128, MT_N: 128, MT_K: 128, MI_M: 32, MI_N: 32, MI_K: 16,
    Occupancy: 1, WGM: 0, NTA: 0, NTB: 0}
  - {Latency: 2724982951, MT_M: 192, MT_N: 64, MT_K: 128, MI_M: 32, MI_N: 32, MI_K: 16,
    Occupancy: 1, WGM: 0, NTA: 0, NTB: 0}
  - {Latency: 2728021068, MT_M: 64, MT_N: 192, MT_K: 128, MI_M: 32, MI_N: 32, MI_K: 16,
    Occupancy: 1, WGM: 0, NTA: 0, NTB: 0}
  - {Latency: 3396775033, MT_M: 128, MT_N: 64, MT_K: 128, MI_M: 16, MI_N: 16, MI_K: 32,
    Occupancy: 1, WGM: 0, NTA: 0, NTB: 0}
  - {Latency: 3397632441, MT_M: 64, MT_N: 128, MT_K: 128, MI_M: 16, MI_N: 16, MI_K: 32,
    Occupancy: 1, WGM: 0, NTA: 0, NTB: 0}
  - {Latency: 6347409463, MT_M: 64, MT_N: 32, MT_K: 128, MI_M: 32, MI_N: 32, MI_K: 16,
    Occupancy: 1, WGM: 0, NTA: 0, NTB: 0}
  - {Latency: 6349417278, MT_M: 32, MT_N: 64, MT_K: 128, MI_M: 32, MI_N: 32, MI_K: 16,
    Occupancy: 1, WGM: 0, NTA: 0, NTB: 0}
  - {Latency: 15158628231, MT_M: 64, MT_N: 64, MT_K: 256, MI_M: 32, MI_N: 32, MI_K: 16,
    Occupancy: 1, WGM: 0, NTA: 0, NTB: 0}
  - {Latency: 37963307366, MT_M: 16, MT_N: 64, MT_K: 256, MI_M: 16, MI_N: 16, MI_K: 32,
    Occupancy: 1, WGM: 0, NTA: 0, NTB: 0}
  - {Latency: 37987694391, MT_M: 64, MT_N: 16, MT_K: 256, MI_M: 16, MI_N: 16, MI_K: 32,
    Occupancy: 1, WGM: 0, NTA: 0, NTB: 0}
  - {Latency: 114186305007, MT_M: 32, MT_N: 32, MT_K: 512, MI_M: 32, MI_N: 32, MI_K: 16,
    Occupancy: 1, WGM: 0, NTA: 0, NTB: 0}
  - {Latency: 174510925248, MT_M: 16, MT_N: 32, MT_K: 512, MI_M: 16, MI_N: 16, MI_K: 32,
    Occupancy: 1, WGM: 0, NTA: 0, NTB: 0}
  - {Latency: 174718548597, MT_M: 32, MT_N: 16, MT_K: 512, MI_M: 16, MI_N: 16, MI_K: 32,
    Occupancy: 1, WGM: 0, NTA: 0, NTB: 0}
  - {Latency: 232000542913, MT_M: 16, MT_N: 16, MT_K: 512, MI_M: 16, MI_N: 16, MI_K: 32,
    Occupancy: 1, WGM: 0, NTA: 0, NTB: 0}
- - {Latency: 21494043, MT_M: 256, MT_N: 256, MT_K: 32, MI_M: 32, MI_N: 32, MI_K: 16,
    Occupancy: 1, WGM: 0, NTA: 0, NTB: 0}
  - {Latency: 24799065, MT_M: 192, MT_N: 256, MT_K: 32, MI_M: 32, MI_N: 32, MI_K: 16,
    Occupancy: 1, WGM: 0, NTA: 0, NTB: 0}
  - {Latency: 26605804, MT_M: 256, MT_N: 192, MT_K: 32, MI_M: 16, MI_N: 16, MI_K: 32,
    Occupancy: 1, WGM: 0, NTA: 0, NTB: 0}
  - {Latency: 68717762, MT_M: 32, MT_N: 256, MT_K: 16, MI_M: 32, MI_N: 32, MI_K: 16,
    Occupancy: 2, WGM: 0, NTA: 0, NTB: 0}
  - {Latency: 73582511, MT_M: 192, MT_N: 192, MT_K: 64, MI_M: 32, MI_N: 32, MI_K: 16,
    Occupancy: 1, WGM: 0, NTA: 0, NTB: 0}
  - {Latency: 82466255, MT_M: 256, MT_N: 128, MT_K: 64, MI_M: 32, MI_N: 32, MI_K: 16,
    Occupancy: 1, WGM: 0, NTA: 0, NTB: 0}
  - {Latency: 86494606, MT_M: 128, MT_N: 256, MT_K: 64, MI_M: 32, MI_N: 32, MI_K: 16,
    Occupancy: 1, WGM: 0, NTA: 0, NTB: 0}
  - {Latency: 90074491, MT_M: 128, MT_N: 192, MT_K: 64, MI_M: 32, MI_N: 32, MI_K: 16,
    Occupancy: 1, WGM: 0, NTA: 0, NTB: 0}
  - {Latency: 92319925, MT_M: 192, MT_N: 128, MT_K: 64, MI_M: 32, MI_N: 32, MI_K: 16,
    Occupancy: 1, WGM: 0, NTA: 0, NTB: 0}
  - {Latency: 109915776, MT_M: 32, MT_N: 128, MT_K: 16, MI_M: 32, MI_N: 32, MI_K: 16,
    Occupancy: 5, WGM: 0, NTA: 0, NTB: 0}
  - {Latency: 127307085, MT_M: 256, MT_N: 64, MT_K: 64, MI_M: 32, MI_N: 32, MI_K: 16,
    Occupancy: 1, WGM: 0, NTA: 0, NTB: 0}
  - {Latency: 136071150, MT_M: 64, MT_N: 256, MT_K: 64, MI_M: 32, MI_N: 32, MI_K: 16,
    Occupancy: 1, WGM: 0, NTA: 0, NTB: 0}
  - {Latency: 180262394, MT_M: 16, MT_N: 256, MT_K: 32, MI_M: 16, MI_N: 16, MI_K: 32,
    Occupancy: 2, WGM: 0, NTA: 0, NTB: 0}
  - {Latency: 262163552, MT_M: 16, MT_N: 128, MT_K: 32, MI_M: 16, MI_N: 16, MI_K: 32,
    Occupancy: 3, WGM: 0, NTA: 0, NTB: 0}
  - {Latency: 375425976, MT_M: 128, MT_N: 128, MT_K: 128, MI_M: 32, MI_N: 32, MI_K: 16,
    Occupancy: 1, WGM: 0, NTA: 0, NTB: 0}
  - {Latency: 469431653, MT_M: 64, MT_N: 192, MT_K: 128, MI_M: 32, MI_N: 32, MI_K: 16,
    Occupancy: 1, WGM: 0, NTA: 0, NTB: 0}
  - {Latency: 471411603, MT_M: 192, MT_N: 64, MT_K: 128, MI_M: 32, MI_N: 32, MI_K: 16,
    Occupancy: 1, WGM: 0, NTA: 0, NTB: 0}
  - {Latency: 585242257, MT_M: 128, MT_N: 64, MT_K: 128, MI_M: 16, MI_N: 16, MI_K: 32,
    Occupancy: 1, WGM: 0, NTA: 0, NTB: 0}
  - {Latency: 600247742, MT_M: 64, MT_N: 128, MT_K: 128, MI_M: 16, MI_N: 16, MI_K: 32,
    Occupancy: 1, WGM: 0, NTA: 0, NTB: 0}
  - {Latency: 1081630265, MT_M: 64, MT_N: 32, MT_K: 128, MI_M: 32, MI_N: 32, MI_K: 16,
    Occupancy: 1, WGM: 0, NTA: 0, NTB: 0}
  - {Latency: 1093524535, MT_M: 32, MT_N: 64, MT_K: 128, MI_M: 32, MI_N: 32, MI_K: 16,
    Occupancy: 1, WGM: 0, NTA: 0, NTB: 0}
  - {Latency: 2612878384, MT_M: 64, MT_N: 64, MT_K: 256, MI_M: 32, MI_N: 32, MI_K: 16,
    Occupancy: 1, WGM: 0, NTA: 0, NTB: 0}
  - {Latency: 6472038331, MT_M: 64, MT_N: 16, MT_K: 256, MI_M: 16, MI_N: 16, MI_K: 32,
    Occupancy: 1, WGM: 0, NTA: 0, NTB: 0}
  - {Latency: 6549661133, MT_M: 16, MT_N: 64, MT_K: 256, MI_M: 16, MI_N: 16, MI_K: 32,
    Occupancy: 1, WGM: 0, NTA: 0, NTB: 0}
  - {Latency: 19441223786, MT_M: 32, MT_N: 32, MT_K: 512, MI_M: 32, MI_N: 32, MI_K: 16,
    Occupancy: 1, WGM: 0, NTA: 0, NTB: 0}
  - {Latency: 29748085401, MT_M: 32, MT_N: 16, MT_K: 512, MI_M: 16, MI_N: 16, MI_K: 32,
    Occupancy: 1, WGM: 0, NTA: 0, NTB: 0}
  - {Latency: 29750333705, MT_M: 16, MT_N: 32, MT_K: 512, MI_M: 16, MI_N: 16, MI_K: 32,
    Occupancy: 1, WGM: 0, NTA: 0, NTB: 0}
  - {Latency: 39557198194, MT_M: 16, MT_N: 16, MT_K: 512, MI_M: 16, MI_N: 16, MI_K: 32,
    Occupancy: 1, WGM: 0, NTA: 0, NTB: 0}
- - {Latency: 71286463, MT_M: 256, MT_N: 256, MT_K: 32, MI_M: 32, MI_N: 32, MI_K: 16,
    Occupancy: 1, WGM: 0, NTA: 0, NTB: 0}
  - {Latency: 82417018, MT_M: 192, MT_N: 256, MT_K: 32, MI_M: 32, MI_N: 32, MI_K: 16,
    Occupancy: 1, WGM: 0, NTA: 0, NTB: 0}
  - {Latency: 94284024, MT_M: 256, MT_N: 192, MT_K: 32, MI_M: 16, MI_N: 16, MI_K: 32,
    Occupancy: 1, WGM: 0, NTA: 0, NTB: 0}
  - {Latency: 231519150, MT_M: 32, MT_N: 256, MT_K: 16, MI_M: 32, MI_N: 32, MI_K: 16,
    Occupancy: 2, WGM: 0, NTA: 0, NTB: 0}
  - {Latency: 258053151, MT_M: 192, MT_N: 192, MT_K: 64, MI_M: 32, MI_N: 32, MI_K: 16,
    Occupancy: 1, WGM: 0, NTA: 0, NTB: 0}
  - {Latency: 285093098, MT_M: 256, MT_N: 128, MT_K: 64, MI_M: 32, MI_N: 32, MI_K: 16,
    Occupancy: 1, WGM: 0, NTA: 0, NTB: 0}
  - {Latency: 285103001, MT_M: 128, MT_N: 256, MT_K: 64, MI_M: 32, MI_N: 32, MI_K: 16,
    Occupancy: 1, WGM: 0, NTA: 0, NTB: 0}
  - {Latency: 316926822, MT_M: 192, MT_N: 128, MT_K: 64, MI_M: 32, MI_N: 32, MI_K: 16,
    Occupancy: 1, WGM: 0, NTA: 0, NTB: 0}
  - {Latency: 317218883, MT_M: 128, MT_N: 192, MT_K: 64, MI_M: 32, MI_N: 32, MI_K: 16,
    Occupancy: 1, WGM: 0, NTA: 0, NTB: 0}
  - {Latency: 381795631, MT_M: 32, MT_N: 128, MT_K: 16, MI_M: 32, MI_N: 32, MI_K: 16,
    Occupancy: 5, WGM: 0, NTA: 0, NTB: 0}
  - {Latency: 449369107, MT_M: 64, MT_N: 256, MT_K: 64, MI_M: 32, MI_N: 32, MI_K: 16,
    Occupancy: 1, WGM: 0, NTA: 0, NTB: 0}
  - {Latency: 450363540, MT_M: 256, MT_N: 64, MT_K: 64, MI_M: 32, MI_N: 32, MI_K: 16,
    Occupancy: 1, WGM: 0, NTA: 0, NTB: 0}
  - {Latency: 602986615, MT_M: 16, MT_N: 256, MT_K: 32, MI_M: 16, MI_N: 16, MI_K: 32,
    Occupancy: 2, WGM: 0, NTA: 0, NTB: 0}
  - {Latency: 908684769, MT_M: 16, MT_N: 128, MT_K: 32, MI_M: 16, MI_N: 16, MI_K: 32,
    Occupancy: 3, WGM: 0, NTA: 0, NTB: 0}
  - {Latency: 1288187950, MT_M: 128, MT_N: 128, MT_K: 128, MI_M: 32, MI_N: 32, MI_K: 16,
    Occupancy: 1, WGM: 0, NTA: 0, NTB: 0}
  - {Latency: 1648916403, MT_M: 192, MT_N: 64, MT_K: 128, MI_M: 32, MI_N: 32, MI_K: 16,
    Occupancy: 1, WGM: 0, NTA: 0, NTB: 0}
  - {Latency: 1648916403, MT_M: 64, MT_N: 192, MT_K: 128, MI_M: 32, MI_N: 32, MI_K: 16,
    Occupancy: 1, WGM: 0, NTA: 0, NTB: 0}
  - {Latency: 2055163663, MT_M: 64, MT_N: 128, MT_K: 128, MI_M: 16, MI_N: 16, MI_K: 32,
    Occupancy: 1, WGM: 0, NTA: 0, NTB: 0}
  - {Latency: 2060041838, MT_M: 128, MT_N: 64, MT_K: 128, MI_M: 16, MI_N: 16, MI_K: 32,
    Occupancy: 1, WGM: 0, NTA: 0, NTB: 0}
  - {Latency: 3842496596, MT_M: 32, MT_N: 64, MT_K: 128, MI_M: 32, MI_N: 32, MI_K: 16,
    Occupancy: 1, WGM: 0, NTA: 0, NTB: 0}
  - {Latency: 3842496596, MT_M: 64, MT_N: 32, MT_K: 128, MI_M: 32, MI_N: 32, MI_K: 16,
    Occupancy: 1, WGM: 0, NTA: 0, NTB: 0}
  - {Latency: 9173186422, MT_M: 64, MT_N: 64, MT_K: 256, MI_M: 32, MI_N: 32, MI_K: 16,
    Occupancy: 1, WGM: 0, NTA: 0, NTB: 0}
  - {Latency: 22985772635, MT_M: 64, MT_N: 16, MT_K: 256, MI_M: 16, MI_N: 16, MI_K: 32,
    Occupancy: 1, WGM: 0, NTA: 0, NTB: 0}
  - {Latency: 22993866462, MT_M: 16, MT_N: 64, MT_K: 256, MI_M: 16, MI_N: 16, MI_K: 32,
    Occupancy: 1, WGM: 0, NTA: 0, NTB: 0}
  - {Latency: 69116466488, MT_M: 32, MT_N: 32, MT_K: 512, MI_M: 32, MI_N: 32, MI_K: 16,
    Occupancy: 1, WGM: 0, NTA: 0, NTB: 0}
  - {Latency: 105713743153, MT_M: 32, MT_N: 16, MT_K: 512, MI_M: 16, MI_N: 16, MI_K: 32,
    Occupancy: 1, WGM: 0, NTA: 0, NTB: 0}
  - {Latency: 105722233798, MT_M: 16, MT_N: 32, MT_K: 512, MI_M: 16, MI_N: 16, MI_K: 32,
    Occupancy: 1, WGM: 0, NTA: 0, NTB: 0}
  - {Latency: 140489104056, MT_M: 16, MT_N: 16, MT_K: 512, MI_M: 16, MI_N: 16, MI_K: 32,
    Occupancy: 1, WGM: 0, NTA: 0, NTB: 0}
- - {Latency: 719629277, MT_M: 256, MT_N: 256, MT_K: 32, MI_M: 32, MI_N: 32, MI_K: 16,
    Occupancy: 1, WGM: 0, NTA: 0, NTB: 0}
  - {Latency: 719629277, MT_M: 256, MT_N: 256, MT_K: 32, MI_M: 32, MI_N: 32, MI_K: 16,
    Occupancy: 1, WGM: 6, NTA: 4, NTB: 0}
  - {Latency: 719629277, MT_M: 256, MT_N: 256, MT_K: 32, MI_M: 32, MI_N: 32, MI_K: 16,
    Occupancy: 1, WGM: 6, NTA: 0, NTB: 4}
  - {Latency: 869003325, MT_M: 256, MT_N: 192, MT_K: 32, MI_M: 16, MI_N: 16, MI_K: 32,
    Occupancy: 1, WGM: 0, NTA: 0, NTB: 0}
  - {Latency: 869003325, MT_M: 256, MT_N: 192, MT_K: 32, MI_M: 16, MI_N: 16, MI_K: 32,
    Occupancy: 1, WGM: 6, NTA: 4, NTB: 0}
  - {Latency: 869003325, MT_M: 256, MT_N: 192, MT_K: 32, MI_M: 16, MI_N: 16, MI_K: 32,
    Occupancy: 1, WGM: 6, NTA: 0, NTB: 4}
  - {Latency: 958641267, MT_M: 192, MT_N: 256, MT_K: 32, MI_M: 32, MI_N: 32, MI_K: 16,
    Occupancy: 1, WGM: 0, NTA: 0, NTB: 0}
  - {Latency: 958641267, MT_M: 192, MT_N: 256, MT_K: 32, MI_M: 32, MI_N: 32, MI_K: 16,
    Occupancy: 1, WGM: 6, NTA: 4, NTB: 0}
  - {Latency: 958641267, MT_M: 192, MT_N: 256, MT_K: 32, MI_M: 32, MI_N: 32, MI_K: 16,
    Occupancy: 1, WGM: 6, NTA: 0, NTB: 4}
  - {Latency: 1035144045, MT_M: 128, MT_N: 256, MT_K: 64, MI_M: 32, MI_N: 32, MI_K: 16,
    Occupancy: 1, WGM: 0, NTA: 0, NTB: 0}
  - {Latency: 1035144045, MT_M: 128, MT_N: 256, MT_K: 64, MI_M: 32, MI_N: 32, MI_K: 16,
    Occupancy: 1, WGM: 6, NTA: 4, NTB: 0}
  - {Latency: 1035144045, MT_M: 128, MT_N: 256, MT_K: 64, MI_M: 32, MI_N: 32, MI_K: 16,
    Occupancy: 1, WGM: 6, NTA: 0, NTB: 4}
  - {Latency: 1178559698, MT_M: 192, MT_N: 192, MT_K: 64, MI_M: 32, MI_N: 32, MI_K: 16,
    Occupancy: 1, WGM: 0, NTA: 0, NTB: 0}
  - {Latency: 1178559698, MT_M: 192, MT_N: 192, MT_K: 64, MI_M: 32, MI_N: 32, MI_K: 16,
    Occupancy: 1, WGM: 6, NTA: 4, NTB: 0}
  - {Latency: 1178559698, MT_M: 192, MT_N: 192, MT_K: 64, MI_M: 32, MI_N: 32, MI_K: 16,
    Occupancy: 1, WGM: 6, NTA: 0, NTB: 4}
  - {Latency: 1190853702, MT_M: 256, MT_N: 128, MT_K: 64, MI_M: 32, MI_N: 32, MI_K: 16,
    Occupancy: 1, WGM: 0, NTA: 0, NTB: 0}
  - {Latency: 1190853702, MT_M: 256, MT_N: 128, MT_K: 64, MI_M: 32, MI_N: 32, MI_K: 16,
    Occupancy: 1, WGM: 6, NTA: 4, NTB: 0}
  - {Latency: 1190853702, MT_M: 256, MT_N: 128, MT_K: 64, MI_M: 32, MI_N: 32, MI_K: 16,
    Occupancy: 1, WGM: 6, NTA: 0, NTB: 4}
  - {Latency: 1266479254, MT_M: 64, MT_N: 256, MT_K: 64, MI_M: 32, MI_N: 32, MI_K: 16,
    Occupancy: 1, WGM: 0, NTA: 0, NTB: 0}
  - {Latency: 1266479254, MT_M: 64, MT_N: 256, MT_K: 64, MI_M: 32, MI_N: 32, MI_K: 16,
    Occupancy: 1, WGM: 6, NTA: 4, NTB: 0}
  - {Latency: 1266479254, MT_M: 64, MT_N: 256, MT_K: 64, MI_M: 32, MI_N: 32, MI_K: 16,
    Occupancy: 1, WGM: 6, NTA: 0, NTB: 4}
  - {Latency: 1277252900, MT_M: 128, MT_N: 192, MT_K: 64, MI_M: 32, MI_N: 32, MI_K: 16,
    Occupancy: 1, WGM: 0, NTA: 0, NTB: 0}
  - {Latency: 1277252900, MT_M: 128, MT_N: 192, MT_K: 64, MI_M: 32, MI_N: 32, MI_K: 16,
    Occupancy: 1, WGM: 6, NTA: 4, NTB: 0}
  - {Latency: 1277252900, MT_M: 128, MT_N: 192, MT_K: 64, MI_M: 32, MI_N: 32, MI_K: 16,
    Occupancy: 1, WGM: 6, NTA: 0, NTB: 4}
  - {Latency: 1575813066, MT_M: 64, MT_N: 192, MT_K: 128, MI_M: 32, MI_N: 32, MI_K: 16,
    Occupancy: 1, WGM: 0, NTA: 0, NTB: 0}
  - {Latency: 1575813066, MT_M: 64, MT_N: 192, MT_K: 128, MI_M: 32, MI_N: 32, MI_K: 16,
    Occupancy: 1, WGM: 6, NTA: 4, NTB: 0}
  - {Latency: 1575813066, MT_M: 64, MT_N: 192, MT_K: 128, MI_M: 32, MI_N: 32, MI_K: 16,
    Occupancy: 1, WGM: 6, NTA: 0, NTB: 4}
  - {Latency: 1584597333, MT_M: 192, MT_N: 128, MT_K: 64, MI_M: 32, MI_N: 32, MI_K: 16,
    Occupancy: 1, WGM: 0, NTA: 0, NTB: 0}
  - {Latency: 1584597333, MT_M: 192, MT_N: 128, MT_K: 64, MI_M: 32, MI_N: 32, MI_K: 16,
    Occupancy: 1, WGM: 6, NTA: 4, NTB: 0}
  - {Latency: 1584597333, MT_M: 192, MT_N: 128, MT_K: 64, MI_M: 32, MI_N: 32, MI_K: 16,
    Occupancy: 1, WGM: 6, NTA: 0, NTB: 4}
  - {Latency: 1789129363, MT_M: 32, MT_N: 256, MT_K: 16, MI_M: 32, MI_N: 32, MI_K: 16,
    Occupancy: 2, WGM: 0, NTA: 0, NTB: 0}
  - {Latency: 1789129363, MT_M: 32, MT_N: 256, MT_K: 16, MI_M: 32, MI_N: 32, MI_K: 16,
    Occupancy: 2, WGM: 1, NTA: 4, NTB: 0}
  - {Latency: 1789129363, MT_M: 32, MT_N: 256, MT_K: 16, MI_M: 32, MI_N: 32, MI_K: 16,
    Occupancy: 2, WGM: 1, NTA: 0, NTB: 4}
  - {Latency: 1852466739, MT_M: 128, MT_N: 128, MT_K: 128, MI_M: 32, MI_N: 32, MI_K: 16,
    Occupancy: 1, WGM: 0, NTA: 0, NTB: 0}
  - {Latency: 1852466739, MT_M: 128, MT_N: 128, MT_K: 128, MI_M: 32, MI_N: 32, MI_K: 16,
    Occupancy: 1, WGM: 6, NTA: 4, NTB: 0}
  - {Latency: 1852466739, MT_M: 128, MT_N: 128, MT_K: 128, MI_M: 32, MI_N: 32, MI_K: 16,
    Occupancy: 1, WGM: 6, NTA: 0, NTB: 4}
  - {Latency: 2088500692, MT_M: 64, MT_N: 128, MT_K: 128, MI_M: 16, MI_N: 16, MI_K: 32,
    Occupancy: 1, WGM: 0, NTA: 0, NTB: 0}
  - {Latency: 2088500692, MT_M: 64, MT_N: 128, MT_K: 128, MI_M: 16, MI_N: 16, MI_K: 32,
    Occupancy: 1, WGM: 6, NTA: 4, NTB: 0}
  - {Latency: 2088500692, MT_M: 64, MT_N: 128, MT_K: 128, MI_M: 16, MI_N: 16, MI_K: 32,
    Occupancy: 1, WGM: 6, NTA: 0, NTB: 4}
  - {Latency: 2114078335, MT_M: 256, MT_N: 64, MT_K: 64, MI_M: 32, MI_N: 32, MI_K: 16,
    Occupancy: 1, WGM: 0, NTA: 0, NTB: 0}
  - {Latency: 2114078335, MT_M: 256, MT_N: 64, MT_K: 64, MI_M: 32, MI_N: 32, MI_K: 16,
    Occupancy: 1, WGM: 6, NTA: 4, NTB: 0}
  - {Latency: 2114078335, MT_M: 256, MT_N: 64, MT_K: 64, MI_M: 32, MI_N: 32, MI_K: 16,
    Occupancy: 1, WGM: 6, NTA: 0, NTB: 4}
  - {Latency: 2603864812, MT_M: 32, MT_N: 128, MT_K: 16, MI_M: 32, MI_N: 32, MI_K: 16,
    Occupancy: 5, WGM: 0, NTA: 0, NTB: 0}
  - {Latency: 2603864812, MT_M: 32, MT_N: 128, MT_K: 16, MI_M: 32, MI_N: 32, MI_K: 16,
    Occupancy: 5, WGM: 1, NTA: 4, NTB: 0}
  - {Latency: 2603864812, MT_M: 32, MT_N: 128, MT_K: 16, MI_M: 32, MI_N: 32, MI_K: 16,
    Occupancy: 5, WGM: 1, NTA: 0, NTB: 4}
  - {Latency: 2650593747, MT_M: 16, MT_N: 256, MT_K: 32, MI_M: 16, MI_N: 16, MI_K: 32,
    Occupancy: 2, WGM: 0, NTA: 0, NTB: 0}
  - {Latency: 2650593747, MT_M: 16, MT_N: 256, MT_K: 32, MI_M: 16, MI_N: 16, MI_K: 32,
    Occupancy: 2, WGM: 1, NTA: 4, NTB: 0}
  - {Latency: 2650593747, MT_M: 16, MT_N: 256, MT_K: 32, MI_M: 16, MI_N: 16, MI_K: 32,
    Occupancy: 2, WGM: 1, NTA: 0, NTB: 4}
  - {Latency: 2955403604, MT_M: 192, MT_N: 64, MT_K: 128, MI_M: 32, MI_N: 32, MI_K: 16,
    Occupancy: 1, WGM: 0, NTA: 0, NTB: 0}
  - {Latency: 2955403604, MT_M: 192, MT_N: 64, MT_K: 128, MI_M: 32, MI_N: 32, MI_K: 16,
    Occupancy: 1, WGM: 6, NTA: 4, NTB: 0}
  - {Latency: 2955403604, MT_M: 192, MT_N: 64, MT_K: 128, MI_M: 32, MI_N: 32, MI_K: 16,
    Occupancy: 1, WGM: 6, NTA: 0, NTB: 4}
  - {Latency: 3401368340, MT_M: 128, MT_N: 64, MT_K: 128, MI_M: 16, MI_N: 16, MI_K: 32,
    Occupancy: 1, WGM: 0, NTA: 0, NTB: 0}
  - {Latency: 3401368340, MT_M: 128, MT_N: 64, MT_K: 128, MI_M: 16, MI_N: 16, MI_K: 32,
    Occupancy: 1, WGM: 6, NTA: 4, NTB: 0}
  - {Latency: 3401368340, MT_M: 128, MT_N: 64, MT_K: 128, MI_M: 16, MI_N: 16, MI_K: 32,
    Occupancy: 1, WGM: 6, NTA: 0, NTB: 4}
  - {Latency: 3428375593, MT_M: 16, MT_N: 128, MT_K: 32, MI_M: 16, MI_N: 16, MI_K: 32,
    Occupancy: 3, WGM: 0, NTA: 0, NTB: 0}
  - {Latency: 3428375593, MT_M: 16, MT_N: 128, MT_K: 32, MI_M: 16, MI_N: 16, MI_K: 32,
    Occupancy: 3, WGM: 1, NTA: 4, NTB: 0}
  - {Latency: 3428375593, MT_M: 16, MT_N: 128, MT_K: 32, MI_M: 16, MI_N: 16, MI_K: 32,
    Occupancy: 3, WGM: 1, NTA: 0, NTB: 4}
  - {Latency: 4006997337, MT_M: 64, MT_N: 64, MT_K: 256, MI_M: 32, MI_N: 32, MI_K: 16,
    Occupancy: 1, WGM: 0, NTA: 0, NTB: 0}
  - {Latency: 4006997337, MT_M: 64, MT_N: 64, MT_K: 256, MI_M: 32, MI_N: 32, MI_K: 16,
    Occupancy: 1, WGM: 6, NTA: 4, NTB: 0}
  - {Latency: 4006997337, MT_M: 64, MT_N: 64, MT_K: 256, MI_M: 32, MI_N: 32, MI_K: 16,
    Occupancy: 1, WGM: 6, NTA: 0, NTB: 4}
  - {Latency: 4118516836, MT_M: 32, MT_N: 64, MT_K: 128, MI_M: 32, MI_N: 32, MI_K: 16,
    Occupancy: 1, WGM: 0, NTA: 0, NTB: 0}
  - {Latency: 4118516836, MT_M: 32, MT_N: 64, MT_K: 128, MI_M: 32, MI_N: 32, MI_K: 16,
    Occupancy: 1, WGM: 6, NTA: 4, NTB: 0}
  - {Latency: 4118516836, MT_M: 32, MT_N: 64, MT_K: 128, MI_M: 32, MI_N: 32, MI_K: 16,
    Occupancy: 1, WGM: 6, NTA: 0, NTB: 4}
  - {Latency: 5518051052, MT_M: 16, MT_N: 64, MT_K: 256, MI_M: 16, MI_N: 16, MI_K: 32,
    Occupancy: 1, WGM: 0, NTA: 0, NTB: 0}
  - {Latency: 5518051052, MT_M: 16, MT_N: 64, MT_K: 256, MI_M: 16, MI_N: 16, MI_K: 32,
    Occupancy: 1, WGM: 6, NTA: 4, NTB: 0}
  - {Latency: 5518051052, MT_M: 16, MT_N: 64, MT_K: 256, MI_M: 16, MI_N: 16, MI_K: 32,
    Occupancy: 1, WGM: 6, NTA: 0, NTB: 4}
  - {Latency: 6828785662, MT_M: 64, MT_N: 32, MT_K: 128, MI_M: 32, MI_N: 32, MI_K: 16,
    Occupancy: 1, WGM: 0, NTA: 0, NTB: 0}
  - {Latency: 6828785662, MT_M: 64, MT_N: 32, MT_K: 128, MI_M: 32, MI_N: 32, MI_K: 16,
    Occupancy: 1, WGM: 6, NTA: 4, NTB: 0}
  - {Latency: 6828785662, MT_M: 64, MT_N: 32, MT_K: 128, MI_M: 32, MI_N: 32, MI_K: 16,
    Occupancy: 1, WGM: 6, NTA: 0, NTB: 4}
  - {Latency: 8398269275, MT_M: 32, MT_N: 32, MT_K: 512, MI_M: 32, MI_N: 32, MI_K: 16,
    Occupancy: 1, WGM: 0, NTA: 0, NTB: 0}
  - {Latency: 8398269275, MT_M: 32, MT_N: 32, MT_K: 512, MI_M: 32, MI_N: 32, MI_K: 16,
    Occupancy: 1, WGM: 6, NTA: 4, NTB: 0}
  - {Latency: 8398269275, MT_M: 32, MT_N: 32, MT_K: 512, MI_M: 32, MI_N: 32, MI_K: 16,
    Occupancy: 1, WGM: 6, NTA: 0, NTB: 4}
  - {Latency: 9541956699, MT_M: 16, MT_N: 32, MT_K: 512, MI_M: 16, MI_N: 16, MI_K: 32,
    Occupancy: 1, WGM: 0, NTA: 0, NTB: 0}
  - {Latency: 9541956699, MT_M: 16, MT_N: 32, MT_K: 512, MI_M: 16, MI_N: 16, MI_K: 32,
    Occupancy: 1, WGM: 6, NTA: 4, NTB: 0}
  - {Latency: 9541956699, MT_M: 16, MT_N: 32, MT_K: 512, MI_M: 16, MI_N: 16, MI_K: 32,
    Occupancy: 1, WGM: 6, NTA: 0, NTB: 4}
  - {Latency: 14534370415, MT_M: 64, MT_N: 16, MT_K: 256, MI_M: 16, MI_N: 16, MI_K: 32,
    Occupancy: 1, WGM: 0, NTA: 0, NTB: 0}
  - {Latency: 14534370415, MT_M: 64, MT_N: 16, MT_K: 256, MI_M: 16, MI_N: 16, MI_K: 32,
    Occupancy: 1, WGM: 6, NTA: 4, NTB: 0}
  - {Latency: 14534370415, MT_M: 64, MT_N: 16, MT_K: 256, MI_M: 16, MI_N: 16, MI_K: 32,
    Occupancy: 1, WGM: 6, NTA: 0, NTB: 4}
  - {Latency: 15781615900, MT_M: 32, MT_N: 16, MT_K: 512, MI_M: 16, MI_N: 16, MI_K: 32,
    Occupancy: 1, WGM: 0, NTA: 0, NTB: 0}
  - {Latency: 15781615900, MT_M: 32, MT_N: 16, MT_K: 512, MI_M: 16, MI_N: 16, MI_K: 32,
    Occupancy: 1, WGM: 6, NTA: 4, NTB: 0}
  - {Latency: 15781615900, MT_M: 32, MT_N: 16, MT_K: 512, MI_M: 16, MI_N: 16, MI_K: 32,
    Occupancy: 1, WGM: 6, NTA: 0, NTB: 4}
  - {Latency: 17049330645, MT_M: 16, MT_N: 16, MT_K: 512, MI_M: 16, MI_N: 16, MI_K: 32,
    Occupancy: 1, WGM: 0, NTA: 0, NTB: 0}
  - {Latency: 17049330645, MT_M: 16, MT_N: 16, MT_K: 512, MI_M: 16, MI_N: 16, MI_K: 32,
    Occupancy: 1, WGM: 6, NTA: 4, NTB: 0}
  - {Latency: 17049330645, MT_M: 16, MT_N: 16, MT_K: 512, MI_M: 16, MI_N: 16, MI_K: 32,
    Occupancy: 1, WGM: 6, NTA: 0, NTB: 4}
- - {Latency: 888955431, MT_M: 256, MT_N: 256, MT_K: 32, MI_M: 32, MI_N: 32, MI_K: 16,
    Occupancy: 1, WGM: 0, NTA: 0, NTB: 0}
  - {Latency: 888955431, MT_M: 256, MT_N: 256, MT_K: 32, MI_M: 32, MI_N: 32, MI_K: 16,
    Occupancy: 1, WGM: 6, NTA: 4, NTB: 0}
  - {Latency: 888955431, MT_M: 256, MT_N: 256, MT_K: 32, MI_M: 32, MI_N: 32, MI_K: 16,
    Occupancy: 1, WGM: 6, NTA: 0, NTB: 4}
  - {Latency: 1007165981, MT_M: 192, MT_N: 256, MT_K: 32, MI_M: 32, MI_N: 32, MI_K: 16,
    Occupancy: 1, WGM: 0, NTA: 0, NTB: 0}
  - {Latency: 1007165981, MT_M: 192, MT_N: 256, MT_K: 32, MI_M: 32, MI_N: 32, MI_K: 16,
    Occupancy: 1, WGM: 6, NTA: 4, NTB: 0}
  - {Latency: 1007165981, MT_M: 192, MT_N: 256, MT_K: 32, MI_M: 32, MI_N: 32, MI_K: 16,
    Occupancy: 1, WGM: 6, NTA: 0, NTB: 4}
  - {Latency: 1051965944, MT_M: 256, MT_N: 192, MT_K: 32, MI_M: 16, MI_N: 16, MI_K: 32,
    Occupancy: 1, WGM: 0, NTA: 0, NTB: 0}
  - {Latency: 1051965944, MT_M: 256, MT_N: 192, MT_K: 32, MI_M: 16, MI_N: 16, MI_K: 32,
    Occupancy: 1, WGM: 6, NTA: 4, NTB: 0}
  - {Latency: 1051965944, MT_M: 256, MT_N: 192, MT_K: 32, MI_M: 16, MI_N: 16, MI_K: 32,
    Occupancy: 1, WGM: 6, NTA: 0, NTB: 4}
  - {Latency: 1207017162, MT_M: 192, MT_N: 192, MT_K: 64, MI_M: 32, MI_N: 32, MI_K: 16,
    Occupancy: 1, WGM: 0, NTA: 0, NTB: 0}
  - {Latency: 1207017162, MT_M: 192, MT_N: 192, MT_K: 64, MI_M: 32, MI_N: 32, MI_K: 16,
    Occupancy: 1, WGM: 6, NTA: 4, NTB: 0}
  - {Latency: 1207017162, MT_M: 192, MT_N: 192, MT_K: 64, MI_M: 32, MI_N: 32, MI_K: 16,
    Occupancy: 1, WGM: 6, NTA: 0, NTB: 4}
  - {Latency: 1358251173, MT_M: 256, MT_N: 128, MT_K: 64, MI_M: 32, MI_N: 32, MI_K: 16,
    Occupancy: 1, WGM: 0, NTA: 0, NTB: 0}
  - {Latency: 1358251173, MT_M: 256, MT_N: 128, MT_K: 64, MI_M: 32, MI_N: 32, MI_K: 16,
    Occupancy: 1, WGM: 6, NTA: 4, NTB: 0}
  - {Latency: 1358251173, MT_M: 256, MT_N: 128, MT_K: 64, MI_M: 32, MI_N: 32, MI_K: 16,
    Occupancy: 1, WGM: 6, NTA: 0, NTB: 4}
  - {Latency: 1491809747, MT_M: 128, MT_N: 256, MT_K: 64, MI_M: 32, MI_N: 32, MI_K: 16,
    Occupancy: 1, WGM: 0, NTA: 0, NTB: 0}
  - {Latency: 1491809747, MT_M: 128, MT_N: 256, MT_K: 64, MI_M: 32, MI_N: 32, MI_K: 16,
    Occupancy: 1, WGM: 6, NTA: 4, NTB: 0}
  - {Latency: 1491809747, MT_M: 128, MT_N: 256, MT_K: 64, MI_M: 32, MI_N: 32, MI_K: 16,
    Occupancy: 1, WGM: 6, NTA: 0, NTB: 4}
  - {Latency: 1493816720, MT_M: 64, MT_N: 256, MT_K: 64, MI_M: 32, MI_N: 32, MI_K: 16,
    Occupancy: 1, WGM: 0, NTA: 0, NTB: 0}
  - {Latency: 1493816720, MT_M: 64, MT_N: 256, MT_K: 64, MI_M: 32, MI_N: 32, MI_K: 16,
    Occupancy: 1, WGM: 6, NTA: 4, NTB: 0}
  - {Latency: 1493816720, MT_M: 64, MT_N: 256, MT_K: 64, MI_M: 32, MI_N: 32, MI_K: 16,
    Occupancy: 1, WGM: 6, NTA: 0, NTB: 4}
  - {Latency: 1629281640, MT_M: 192, MT_N: 128, MT_K: 64, MI_M: 32, MI_N: 32, MI_K: 16,
    Occupancy: 1, WGM: 0, NTA: 0, NTB: 0}
  - {Latency: 1629281640, MT_M: 192, MT_N: 128, MT_K: 64, MI_M: 32, MI_N: 32, MI_K: 16,
    Occupancy: 1, WGM: 6, NTA: 4, NTB: 0}
  - {Latency: 1629281640, MT_M: 192, MT_N: 128, MT_K: 64, MI_M: 32, MI_N: 32, MI_K: 16,
    Occupancy: 1, WGM: 6, NTA: 0, NTB: 4}
  - {Latency: 1807204076, MT_M: 128, MT_N: 192, MT_K: 64, MI_M: 32, MI_N: 32, MI_K: 16,
    Occupancy: 1, WGM: 0, NTA: 0, NTB: 0}
  - {Latency: 1807204076, MT_M: 128, MT_N: 192, MT_K: 64, MI_M: 32, MI_N: 32, MI_K: 16,
    Occupancy: 1, WGM: 6, NTA: 4, NTB: 0}
  - {Latency: 1807204076, MT_M: 128, MT_N: 192, MT_K: 64, MI_M: 32, MI_N: 32, MI_K: 16,
    Occupancy: 1, WGM: 6, NTA: 0, NTB: 4}
  - {Latency: 1833126580, MT_M: 64, MT_N: 192, MT_K: 128, MI_M: 32, MI_N: 32, MI_K: 16,
    Occupancy: 1, WGM: 0, NTA: 0, NTB: 0}
  - {Latency: 1833126580, MT_M: 64, MT_N: 192, MT_K: 128, MI_M: 32, MI_N: 32, MI_K: 16,
    Occupancy: 1, WGM: 6, NTA: 4, NTB: 0}
  - {Latency: 1833126580, MT_M: 64, MT_N: 192, MT_K: 128, MI_M: 32, MI_N: 32, MI_K: 16,
    Occupancy: 1, WGM: 6, NTA: 0, NTB: 4}
  - {Latency: 2205262464, MT_M: 32, MT_N: 256, MT_K: 16, MI_M: 32, MI_N: 32, MI_K: 16,
    Occupancy: 2, WGM: 0, NTA: 0, NTB: 0}
  - {Latency: 2205262464, MT_M: 32, MT_N: 256, MT_K: 16, MI_M: 32, MI_N: 32, MI_K: 16,
    Occupancy: 2, WGM: 1, NTA: 4, NTB: 0}
  - {Latency: 2205262464, MT_M: 32, MT_N: 256, MT_K: 16, MI_M: 32, MI_N: 32, MI_K: 16,
    Occupancy: 2, WGM: 1, NTA: 0, NTB: 4}
  - {Latency: 2270232234, MT_M: 256, MT_N: 64, MT_K: 64, MI_M: 32, MI_N: 32, MI_K: 16,
    Occupancy: 1, WGM: 0, NTA: 0, NTB: 0}
  - {Latency: 2270232234, MT_M: 256, MT_N: 64, MT_K: 64, MI_M: 32, MI_N: 32, MI_K: 16,
    Occupancy: 1, WGM: 6, NTA: 4, NTB: 0}
  - {Latency: 2270232234, MT_M: 256, MT_N: 64, MT_K: 64, MI_M: 32, MI_N: 32, MI_K: 16,
    Occupancy: 1, WGM: 6, NTA: 0, NTB: 4}
  - {Latency: 2475217915, MT_M: 128, MT_N: 128, MT_K: 128, MI_M: 32, MI_N: 32, MI_K: 16,
    Occupancy: 1, WGM: 0, NTA: 0, NTB: 0}
  - {Latency: 2475217915, MT_M: 128, MT_N: 128, MT_K: 128, MI_M: 32, MI_N: 32, MI_K: 16,
    Occupancy: 1, WGM: 6, NTA: 4, NTB: 0}
  - {Latency: 2475217915, MT_M: 128, MT_N: 128, MT_K: 128, MI_M: 32, MI_N: 32, MI_K: 16,
    Occupancy: 1, WGM: 6, NTA: 0, NTB: 4}
  - {Latency: 2479952643, MT_M: 64, MT_N: 128, MT_K: 128, MI_M: 16, MI_N: 16, MI_K: 32,
    Occupancy: 1, WGM: 0, NTA: 0, NTB: 0}
  - {Latency: 2479952643, MT_M: 64, MT_N: 128, MT_K: 128, MI_M: 16, MI_N: 16, MI_K: 32,
    Occupancy: 1, WGM: 6, NTA: 4, NTB: 0}
  - {Latency: 2479952643, MT_M: 64, MT_N: 128, MT_K: 128, MI_M: 16, MI_N: 16, MI_K: 32,
    Occupancy: 1, WGM: 6, NTA: 0, NTB: 4}
  - {Latency: 2886264996, MT_M: 192, MT_N: 64, MT_K: 128, MI_M: 32, MI_N: 32, MI_K: 16,
    Occupancy: 1, WGM: 0, NTA: 0, NTB: 0}
  - {Latency: 2886264996, MT_M: 192, MT_N: 64, MT_K: 128, MI_M: 32, MI_N: 32, MI_K: 16,
    Occupancy: 1, WGM: 6, NTA: 4, NTB: 0}
  - {Latency: 2886264996, MT_M: 192, MT_N: 64, MT_K: 128, MI_M: 32, MI_N: 32, MI_K: 16,
    Occupancy: 1, WGM: 6, NTA: 0, NTB: 4}
  - {Latency: 3236753475, MT_M: 16, MT_N: 256, MT_K: 32, MI_M: 16, MI_N: 16, MI_K: 32,
    Occupancy: 2, WGM: 0, NTA: 0, NTB: 0}
  - {Latency: 3236753475, MT_M: 16, MT_N: 256, MT_K: 32, MI_M: 16, MI_N: 16, MI_K: 32,
    Occupancy: 2, WGM: 1, NTA: 4, NTB: 0}
  - {Latency: 3236753475, MT_M: 16, MT_N: 256, MT_K: 32, MI_M: 16, MI_N: 16, MI_K: 32,
    Occupancy: 2, WGM: 1, NTA: 0, NTB: 4}
  - {Latency: 3428420344, MT_M: 32, MT_N: 128, MT_K: 16, MI_M: 32, MI_N: 32, MI_K: 16,
    Occupancy: 5, WGM: 0, NTA: 0, NTB: 0}
  - {Latency: 3428420344, MT_M: 32, MT_N: 128, MT_K: 16, MI_M: 32, MI_N: 32, MI_K: 16,
    Occupancy: 5, WGM: 1, NTA: 4, NTB: 0}
  - {Latency: 3428420344, MT_M: 32, MT_N: 128, MT_K: 16, MI_M: 32, MI_N: 32, MI_K: 16,
    Occupancy: 5, WGM: 1, NTA: 0, NTB: 4}
  - {Latency: 4328865312, MT_M: 128, MT_N: 64, MT_K: 128, MI_M: 16, MI_N: 16, MI_K: 32,
    Occupancy: 1, WGM: 0, NTA: 0, NTB: 0}
  - {Latency: 4328865312, MT_M: 128, MT_N: 64, MT_K: 128, MI_M: 16, MI_N: 16, MI_K: 32,
    Occupancy: 1, WGM: 6, NTA: 4, NTB: 0}
  - {Latency: 4328865312, MT_M: 128, MT_N: 64, MT_K: 128, MI_M: 16, MI_N: 16, MI_K: 32,
    Occupancy: 1, WGM: 6, NTA: 0, NTB: 4}
  - {Latency: 4408987797, MT_M: 16, MT_N: 128, MT_K: 32, MI_M: 16, MI_N: 16, MI_K: 32,
    Occupancy: 3, WGM: 0, NTA: 0, NTB: 0}
  - {Latency: 4408987797, MT_M: 16, MT_N: 128, MT_K: 32, MI_M: 16, MI_N: 16, MI_K: 32,
    Occupancy: 3, WGM: 1, NTA: 4, NTB: 0}
  - {Latency: 4408987797, MT_M: 16, MT_N: 128, MT_K: 32, MI_M: 16, MI_N: 16, MI_K: 32,
    Occupancy: 3, WGM: 1, NTA: 0, NTB: 4}
  - {Latency: 4495940920, MT_M: 64, MT_N: 64, MT_K: 256, MI_M: 32, MI_N: 32, MI_K: 16,
    Occupancy: 1, WGM: 0, NTA: 0, NTB: 0}
  - {Latency: 4495940920, MT_M: 64, MT_N: 64, MT_K: 256, MI_M: 32, MI_N: 32, MI_K: 16,
    Occupancy: 1, WGM: 6, NTA: 4, NTB: 0}
  - {Latency: 4495940920, MT_M: 64, MT_N: 64, MT_K: 256, MI_M: 32, MI_N: 32, MI_K: 16,
    Occupancy: 1, WGM: 6, NTA: 0, NTB: 4}
  - {Latency: 4872571127, MT_M: 32, MT_N: 64, MT_K: 128, MI_M: 32, MI_N: 32, MI_K: 16,
    Occupancy: 1, WGM: 0, NTA: 0, NTB: 0}
  - {Latency: 4872571127, MT_M: 32, MT_N: 64, MT_K: 128, MI_M: 32, MI_N: 32, MI_K: 16,
    Occupancy: 1, WGM: 6, NTA: 4, NTB: 0}
  - {Latency: 4872571127, MT_M: 32, MT_N: 64, MT_K: 128, MI_M: 32, MI_N: 32, MI_K: 16,
    Occupancy: 1, WGM: 6, NTA: 0, NTB: 4}
  - {Latency: 6166260850, MT_M: 16, MT_N: 64, MT_K: 256, MI_M: 16, MI_N: 16, MI_K: 32,
    Occupancy: 1, WGM: 0, NTA: 0, NTB: 0}
  - {Latency: 6166260850, MT_M: 16, MT_N: 64, MT_K: 256, MI_M: 16, MI_N: 16, MI_K: 32,
    Occupancy: 1, WGM: 6, NTA: 4, NTB: 0}
  - {Latency: 6166260850, MT_M: 16, MT_N: 64, MT_K: 256, MI_M: 16, MI_N: 16, MI_K: 32,
    Occupancy: 1, WGM: 6, NTA: 0, NTB: 4}
  - {Latency: 8156549802, MT_M: 64, MT_N: 32, MT_K: 128, MI_M: 32, MI_N: 32, MI_K: 16,
    Occupancy: 1, WGM: 0, NTA: 0, NTB: 0}
  - {Latency: 8156549802, MT_M: 64, MT_N: 32, MT_K: 128, MI_M: 32, MI_N: 32, MI_K: 16,
    Occupancy: 1, WGM: 6, NTA: 4, NTB: 0}
  - {Latency: 8156549802, MT_M: 64, MT_N: 32, MT_K: 128, MI_M: 32, MI_N: 32, MI_K: 16,
    Occupancy: 1, WGM: 6, NTA: 0, NTB: 4}
  - {Latency: 9626918515, MT_M: 32, MT_N: 32, MT_K: 512, MI_M: 32, MI_N: 32, MI_K: 16,
    Occupancy: 1, WGM: 0, NTA: 0, NTB: 0}
  - {Latency: 9626918515, MT_M: 32, MT_N: 32, MT_K: 512, MI_M: 32, MI_N: 32, MI_K: 16,
    Occupancy: 1, WGM: 6, NTA: 4, NTB: 0}
  - {Latency: 9626918515, MT_M: 32, MT_N: 32, MT_K: 512, MI_M: 32, MI_N: 32, MI_K: 16,
    Occupancy: 1, WGM: 6, NTA: 0, NTB: 4}
  - {Latency: 10875909651, MT_M: 16, MT_N: 32, MT_K: 512, MI_M: 16, MI_N: 16, MI_K: 32,
    Occupancy: 1, WGM: 0, NTA: 0, NTB: 0}
  - {Latency: 10875909651, MT_M: 16, MT_N: 32, MT_K: 512, MI_M: 16, MI_N: 16, MI_K: 32,
    Occupancy: 1, WGM: 6, NTA: 4, NTB: 0}
  - {Latency: 10875909651, MT_M: 16, MT_N: 32, MT_K: 512, MI_M: 16, MI_N: 16, MI_K: 32,
    Occupancy: 1, WGM: 6, NTA: 0, NTB: 4}
  - {Latency: 16325109513, MT_M: 64, MT_N: 16, MT_K: 256, MI_M: 16, MI_N: 16, MI_K: 32,
    Occupancy: 1, WGM: 0, NTA: 0, NTB: 0}
  - {Latency: 16325109513, MT_M: 64, MT_N: 16, MT_K: 256, MI_M: 16, MI_N: 16, MI_K: 32,
    Occupancy: 1, WGM: 6, NTA: 4, NTB: 0}
  - {Latency: 16325109513, MT_M: 64, MT_N: 16, MT_K: 256, MI_M: 16, MI_N: 16, MI_K: 32,
    Occupancy: 1, WGM: 6, NTA: 0, NTB: 4}
  - {Latency: 18077984140, MT_M: 32, MT_N: 16, MT_K: 512, MI_M: 16, MI_N: 16, MI_K: 32,
    Occupancy: 1, WGM: 0, NTA: 0, NTB: 0}
  - {Latency: 18077984140, MT_M: 32, MT_N: 16, MT_K: 512, MI_M: 16, MI_N: 16, MI_K: 32,
    Occupancy: 1, WGM: 6, NTA: 4, NTB: 0}
  - {Latency: 18077984140, MT_M: 32, MT_N: 16, MT_K: 512, MI_M: 16, MI_N: 16, MI_K: 32,
    Occupancy: 1, WGM: 6, NTA: 0, NTB: 4}
  - {Latency: 19392540791, MT_M: 16, MT_N: 16, MT_K: 512, MI_M: 16, MI_N: 16, MI_K: 32,
    Occupancy: 1, WGM: 0, NTA: 0, NTB: 0}
  - {Latency: 19392540791, MT_M: 16, MT_N: 16, MT_K: 512, MI_M: 16, MI_N: 16, MI_K: 32,
    Occupancy: 1, WGM: 6, NTA: 4, NTB: 0}
  - {Latency: 19392540791, MT_M: 16, MT_N: 16, MT_K: 512, MI_M: 16, MI_N: 16, MI_K: 32,
    Occupancy: 1, WGM: 6, NTA: 0, NTB: 4}
- - {Latency: 7501524, MT_M: 32, MT_N: 256, MT_K: 16, MI_M: 32, MI_N: 32, MI_K: 16,
    Occupancy: 2, WGM: 0, NTA: 0, NTB: 0}
  - {Latency: 7501524, MT_M: 32, MT_N: 256, MT_K: 16, MI_M: 32, MI_N: 32, MI_K: 16,
    Occupancy: 2, WGM: 1, NTA: 4, NTB: 0}
  - {Latency: 7501524, MT_M: 32, MT_N: 256, MT_K: 16, MI_M: 32, MI_N: 32, MI_K: 16,
    Occupancy: 2, WGM: 1, NTA: 0, NTB: 4}
  - {Latency: 8888391, MT_M: 32, MT_N: 128, MT_K: 16, MI_M: 32, MI_N: 32, MI_K: 16,
    Occupancy: 5, WGM: 0, NTA: 0, NTB: 0}
  - {Latency: 8888391, MT_M: 32, MT_N: 128, MT_K: 16, MI_M: 32, MI_N: 32, MI_K: 16,
    Occupancy: 5, WGM: 1, NTA: 4, NTB: 0}
  - {Latency: 8888391, MT_M: 32, MT_N: 128, MT_K: 16, MI_M: 32, MI_N: 32, MI_K: 16,
    Occupancy: 5, WGM: 1, NTA: 0, NTB: 4}
  - {Latency: 19294745, MT_M: 256, MT_N: 256, MT_K: 32, MI_M: 32, MI_N: 32, MI_K: 16,
    Occupancy: 1, WGM: 0, NTA: 0, NTB: 0}
  - {Latency: 19294745, MT_M: 256, MT_N: 256, MT_K: 32, MI_M: 32, MI_N: 32, MI_K: 16,
    Occupancy: 1, WGM: 6, NTA: 4, NTB: 0}
  - {Latency: 19294745, MT_M: 256, MT_N: 256, MT_K: 32, MI_M: 32, MI_N: 32, MI_K: 16,
    Occupancy: 1, WGM: 6, NTA: 0, NTB: 4}
  - {Latency: 21906420, MT_M: 192, MT_N: 256, MT_K: 32, MI_M: 32, MI_N: 32, MI_K: 16,
    Occupancy: 1, WGM: 0, NTA: 0, NTB: 0}
  - {Latency: 21906420, MT_M: 192, MT_N: 256, MT_K: 32, MI_M: 32, MI_N: 32, MI_K: 16,
    Occupancy: 1, WGM: 6, NTA: 4, NTB: 0}
  - {Latency: 21906420, MT_M: 192, MT_N: 256, MT_K: 32, MI_M: 32, MI_N: 32, MI_K: 16,
    Occupancy: 1, WGM: 6, NTA: 0, NTB: 4}
  - {Latency: 23875797, MT_M: 256, MT_N: 192, MT_K: 32, MI_M: 16, MI_N: 16, MI_K: 32,
    Occupancy: 1, WGM: 0, NTA: 0, NTB: 0}
  - {Latency: 23875797, MT_M: 256, MT_N: 192, MT_K: 32, MI_M: 16, MI_N: 16, MI_K: 32,
    Occupancy: 1, WGM: 6, NTA: 4, NTB: 0}
  - {Latency: 23875797, MT_M: 256, MT_N: 192, MT_K: 32, MI_M: 16, MI_N: 16, MI_K: 32,
    Occupancy: 1, WGM: 6, NTA: 0, NTB: 4}
  - {Latency: 56340967, MT_M: 192, MT_N: 192, MT_K: 64, MI_M: 32, MI_N: 32, MI_K: 16,
    Occupancy: 1, WGM: 0, NTA: 0, NTB: 0}
  - {Latency: 56340967, MT_M: 192, MT_N: 192, MT_K: 64, MI_M: 32, MI_N: 32, MI_K: 16,
    Occupancy: 1, WGM: 6, NTA: 4, NTB: 0}
  - {Latency: 56340967, MT_M: 192, MT_N: 192, MT_K: 64, MI_M: 32, MI_N: 32, MI_K: 16,
    Occupancy: 1, WGM: 6, NTA: 0, NTB: 4}
  - {Latency: 65077723, MT_M: 256, MT_N: 128, MT_K: 64, MI_M: 32, MI_N: 32, MI_K: 16,
    Occupancy: 1, WGM: 0, NTA: 0, NTB: 0}
  - {Latency: 65077723, MT_M: 256, MT_N: 128, MT_K: 64, MI_M: 32, MI_N: 32, MI_K: 16,
    Occupancy: 1, WGM: 6, NTA: 4, NTB: 0}
  - {Latency: 65077723, MT_M: 256, MT_N: 128, MT_K: 64, MI_M: 32, MI_N: 32, MI_K: 16,
    Occupancy: 1, WGM: 6, NTA: 0, NTB: 4}
  - {Latency: 65978153, MT_M: 128, MT_N: 256, MT_K: 64, MI_M: 32, MI_N: 32, MI_K: 16,
    Occupancy: 1, WGM: 0, NTA: 0, NTB: 0}
  - {Latency: 65978153, MT_M: 128, MT_N: 256, MT_K: 64, MI_M: 32, MI_N: 32, MI_K: 16,
    Occupancy: 1, WGM: 6, NTA: 4, NTB: 0}
  - {Latency: 65978153, MT_M: 128, MT_N: 256, MT_K: 64, MI_M: 32, MI_N: 32, MI_K: 16,
    Occupancy: 1, WGM: 6, NTA: 0, NTB: 4}
  - {Latency: 74905190, MT_M: 192, MT_N: 128, MT_K: 64, MI_M: 32, MI_N: 32, MI_K: 16,
    Occupancy: 1, WGM: 0, NTA: 0, NTB: 0}
  - {Latency: 74905190, MT_M: 192, MT_N: 128, MT_K: 64, MI_M: 32, MI_N: 32, MI_K: 16,
    Occupancy: 1, WGM: 6, NTA: 4, NTB: 0}
  - {Latency: 74905190, MT_M: 192, MT_N: 128, MT_K: 64, MI_M: 32, MI_N: 32, MI_K: 16,
    Occupancy: 1, WGM: 6, NTA: 0, NTB: 4}
  - {Latency: 81970318, MT_M: 128, MT_N: 192, MT_K: 64, MI_M: 32, MI_N: 32, MI_K: 16,
    Occupancy: 1, WGM: 0, NTA: 0, NTB: 0}
  - {Latency: 81970318, MT_M: 128, MT_N: 192, MT_K: 64, MI_M: 32, MI_N: 32, MI_K: 16,
    Occupancy: 1, WGM: 6, NTA: 4, NTB: 0}
  - {Latency: 81970318, MT_M: 128, MT_N: 192, MT_K: 64, MI_M: 32, MI_N: 32, MI_K: 16,
    Occupancy: 1, WGM: 6, NTA: 0, NTB: 4}
  - {Latency: 82879629, MT_M: 64, MT_N: 256, MT_K: 64, MI_M: 32, MI_N: 32, MI_K: 16,
    Occupancy: 1, WGM: 0, NTA: 0, NTB: 0}
  - {Latency: 82879629, MT_M: 64, MT_N: 256, MT_K: 64, MI_M: 32, MI_N: 32, MI_K: 16,
    Occupancy: 1, WGM: 6, NTA: 4, NTB: 0}
  - {Latency: 82879629, MT_M: 64, MT_N: 256, MT_K: 64, MI_M: 32, MI_N: 32, MI_K: 16,
    Occupancy: 1, WGM: 6, NTA: 0, NTB: 4}
  - {Latency: 111402244, MT_M: 256, MT_N: 64, MT_K: 64, MI_M: 32, MI_N: 32, MI_K: 16,
    Occupancy: 1, WGM: 0, NTA: 0, NTB: 0}
  - {Latency: 111402244, MT_M: 256, MT_N: 64, MT_K: 64, MI_M: 32, MI_N: 32, MI_K: 16,
    Occupancy: 1, WGM: 6, NTA: 4, NTB: 0}
  - {Latency: 111402244, MT_M: 256, MT_N: 64, MT_K: 64, MI_M: 32, MI_N: 32, MI_K: 16,
    Occupancy: 1, WGM: 6, NTA: 0, NTB: 4}
  - {Latency: 156324561, MT_M: 16, MT_N: 256, MT_K: 32, MI_M: 16, MI_N: 16, MI_K: 32,
    Occupancy: 2, WGM: 0, NTA: 0, NTB: 0}
  - {Latency: 156324561, MT_M: 16, MT_N: 256, MT_K: 32, MI_M: 16, MI_N: 16, MI_K: 32,
    Occupancy: 2, WGM: 1, NTA: 4, NTB: 0}
  - {Latency: 156324561, MT_M: 16, MT_N: 256, MT_K: 32, MI_M: 16, MI_N: 16, MI_K: 32,
    Occupancy: 2, WGM: 1, NTA: 0, NTB: 4}
  - {Latency: 283138373, MT_M: 64, MT_N: 192, MT_K: 128, MI_M: 32, MI_N: 32, MI_K: 16,
    Occupancy: 1, WGM: 0, NTA: 0, NTB: 0}
  - {Latency: 283138373, MT_M: 64, MT_N: 192, MT_K: 128, MI_M: 32, MI_N: 32, MI_K: 16,
    Occupancy: 1, WGM: 6, NTA: 4, NTB: 0}
  - {Latency: 283138373, MT_M: 64, MT_N: 192, MT_K: 128, MI_M: 32, MI_N: 32, MI_K: 16,
    Occupancy: 1, WGM: 6, NTA: 0, NTB: 4}
  - {Latency: 288830209, MT_M: 16, MT_N: 128, MT_K: 32, MI_M: 16, MI_N: 16, MI_K: 32,
    Occupancy: 3, WGM: 0, NTA: 0, NTB: 0}
  - {Latency: 288830209, MT_M: 16, MT_N: 128, MT_K: 32, MI_M: 16, MI_N: 16, MI_K: 32,
    Occupancy: 3, WGM: 1, NTA: 4, NTB: 0}
  - {Latency: 288830209, MT_M: 16, MT_N: 128, MT_K: 32, MI_M: 16, MI_N: 16, MI_K: 32,
    Occupancy: 3, WGM: 1, NTA: 0, NTB: 4}
  - {Latency: 333100794, MT_M: 128, MT_N: 128, MT_K: 128, MI_M: 32, MI_N: 32, MI_K: 16,
    Occupancy: 1, WGM: 0, NTA: 0, NTB: 0}
  - {Latency: 333100794, MT_M: 128, MT_N: 128, MT_K: 128, MI_M: 32, MI_N: 32, MI_K: 16,
    Occupancy: 1, WGM: 6, NTA: 4, NTB: 0}
  - {Latency: 333100794, MT_M: 128, MT_N: 128, MT_K: 128, MI_M: 32, MI_N: 32, MI_K: 16,
    Occupancy: 1, WGM: 6, NTA: 0, NTB: 4}
  - {Latency: 383845522, MT_M: 64, MT_N: 128, MT_K: 128, MI_M: 16, MI_N: 16, MI_K: 32,
    Occupancy: 1, WGM: 0, NTA: 0, NTB: 0}
  - {Latency: 383845522, MT_M: 64, MT_N: 128, MT_K: 128, MI_M: 16, MI_N: 16, MI_K: 32,
    Occupancy: 1, WGM: 6, NTA: 4, NTB: 0}
  - {Latency: 383845522, MT_M: 64, MT_N: 128, MT_K: 128, MI_M: 16, MI_N: 16, MI_K: 32,
    Occupancy: 1, WGM: 6, NTA: 0, NTB: 4}
  - {Latency: 395716154, MT_M: 192, MT_N: 64, MT_K: 128, MI_M: 32, MI_N: 32, MI_K: 16,
    Occupancy: 1, WGM: 0, NTA: 0, NTB: 0}
  - {Latency: 395716154, MT_M: 192, MT_N: 64, MT_K: 128, MI_M: 32, MI_N: 32, MI_K: 16,
    Occupancy: 1, WGM: 6, NTA: 4, NTB: 0}
  - {Latency: 395716154, MT_M: 192, MT_N: 64, MT_K: 128, MI_M: 32, MI_N: 32, MI_K: 16,
    Occupancy: 1, WGM: 6, NTA: 0, NTB: 4}
  - {Latency: 593921388, MT_M: 128, MT_N: 64, MT_K: 128, MI_M: 16, MI_N: 16, MI_K: 32,
    Occupancy: 1, WGM: 0, NTA: 0, NTB: 0}
  - {Latency: 593921388, MT_M: 128, MT_N: 64, MT_K: 128, MI_M: 16, MI_N: 16, MI_K: 32,
    Occupancy: 1, WGM: 6, NTA: 4, NTB: 0}
  - {Latency: 593921388, MT_M: 128, MT_N: 64, MT_K: 128, MI_M: 16, MI_N: 16, MI_K: 32,
    Occupancy: 1, WGM: 6, NTA: 0, NTB: 4}
  - {Latency: 875227474, MT_M: 32, MT_N: 64, MT_K: 128, MI_M: 32, MI_N: 32, MI_K: 16,
    Occupancy: 1, WGM: 0, NTA: 0, NTB: 0}
  - {Latency: 875227474, MT_M: 32, MT_N: 64, MT_K: 128, MI_M: 32, MI_N: 32, MI_K: 16,
    Occupancy: 1, WGM: 6, NTA: 4, NTB: 0}
  - {Latency: 875227474, MT_M: 32, MT_N: 64, MT_K: 128, MI_M: 32, MI_N: 32, MI_K: 16,
    Occupancy: 1, WGM: 6, NTA: 0, NTB: 4}
  - {Latency: 1289277089, MT_M: 64, MT_N: 32, MT_K: 128, MI_M: 32, MI_N: 32, MI_K: 16,
    Occupancy: 1, WGM: 0, NTA: 0, NTB: 0}
  - {Latency: 1289277089, MT_M: 64, MT_N: 32, MT_K: 128, MI_M: 32, MI_N: 32, MI_K: 16,
    Occupancy: 1, WGM: 6, NTA: 4, NTB: 0}
  - {Latency: 1289277089, MT_M: 64, MT_N: 32, MT_K: 128, MI_M: 32, MI_N: 32, MI_K: 16,
    Occupancy: 1, WGM: 6, NTA: 0, NTB: 4}
  - {Latency: 2342860381, MT_M: 64, MT_N: 64, MT_K: 256, MI_M: 32, MI_N: 32, MI_K: 16,
    Occupancy: 1, WGM: 0, NTA: 0, NTB: 0}
  - {Latency: 2342860381, MT_M: 64, MT_N: 64, MT_K: 256, MI_M: 32, MI_N: 32, MI_K: 16,
    Occupancy: 1, WGM: 6, NTA: 4, NTB: 0}
  - {Latency: 2342860381, MT_M: 64, MT_N: 64, MT_K: 256, MI_M: 32, MI_N: 32, MI_K: 16,
    Occupancy: 1, WGM: 6, NTA: 0, NTB: 4}
  - {Latency: 3547069027, MT_M: 16, MT_N: 64, MT_K: 256, MI_M: 16, MI_N: 16, MI_K: 32,
    Occupancy: 1, WGM: 0, NTA: 0, NTB: 0}
  - {Latency: 3547069027, MT_M: 16, MT_N: 64, MT_K: 256, MI_M: 16, MI_N: 16, MI_K: 32,
    Occupancy: 1, WGM: 6, NTA: 4, NTB: 0}
  - {Latency: 3547069027, MT_M: 16, MT_N: 64, MT_K: 256, MI_M: 16, MI_N: 16, MI_K: 32,
    Occupancy: 1, WGM: 6, NTA: 0, NTB: 4}
  - {Latency: 8511348077, MT_M: 64, MT_N: 16, MT_K: 256, MI_M: 16, MI_N: 16, MI_K: 32,
    Occupancy: 1, WGM: 0, NTA: 0, NTB: 0}
  - {Latency: 8511348077, MT_M: 64, MT_N: 16, MT_K: 256, MI_M: 16, MI_N: 16, MI_K: 32,
    Occupancy: 1, WGM: 6, NTA: 4, NTB: 0}
  - {Latency: 8511348077, MT_M: 64, MT_N: 16, MT_K: 256, MI_M: 16, MI_N: 16, MI_K: 32,
    Occupancy: 1, WGM: 6, NTA: 0, NTB: 4}
  - {Latency: 18127479279, MT_M: 32, MT_N: 32, MT_K: 512, MI_M: 32, MI_N: 32, MI_K: 16,
    Occupancy: 1, WGM: 0, NTA: 0, NTB: 0}
  - {Latency: 18127479279, MT_M: 32, MT_N: 32, MT_K: 512, MI_M: 32, MI_N: 32, MI_K: 16,
    Occupancy: 1, WGM: 6, NTA: 4, NTB: 0}
  - {Latency: 18127479279, MT_M: 32, MT_N: 32, MT_K: 512, MI_M: 32, MI_N: 32, MI_K: 16,
    Occupancy: 1, WGM: 6, NTA: 0, NTB: 4}
  - {Latency: 20859865008, MT_M: 16, MT_N: 32, MT_K: 512, MI_M: 16, MI_N: 16, MI_K: 32,
    Occupancy: 1, WGM: 0, NTA: 0, NTB: 0}
  - {Latency: 20859865008, MT_M: 16, MT_N: 32, MT_K: 512, MI_M: 16, MI_N: 16, MI_K: 32,
    Occupancy: 1, WGM: 6, NTA: 4, NTB: 0}
  - {Latency: 20859865008, MT_M: 16, MT_N: 32, MT_K: 512, MI_M: 16, MI_N: 16, MI_K: 32,
    Occupancy: 1, WGM: 6, NTA: 0, NTB: 4}
  - {Latency: 34103482159, MT_M: 32, MT_N: 16, MT_K: 512, MI_M: 16, MI_N: 16, MI_K: 32,
    Occupancy: 1, WGM: 0, NTA: 0, NTB: 0}
  - {Latency: 34103482159, MT_M: 32, MT_N: 16, MT_K: 512, MI_M: 16, MI_N: 16, MI_K: 32,
    Occupancy: 1, WGM: 6, NTA: 4, NTB: 0}
  - {Latency: 34103482159, MT_M: 32, MT_N: 16, MT_K: 512, MI_M: 16, MI_N: 16, MI_K: 32,
    Occupancy: 1, WGM: 6, NTA: 0, NTB: 4}
  - {Latency: 37260973569, MT_M: 16, MT_N: 16, MT_K: 512, MI_M: 16, MI_N: 16, MI_K: 32,
    Occupancy: 1, WGM: 0, NTA: 0, NTB: 0}
  - {Latency: 37260973569, MT_M: 16, MT_N: 16, MT_K: 512, MI_M: 16, MI_N: 16, MI_K: 32,
    Occupancy: 1, WGM: 6, NTA: 4, NTB: 0}
  - {Latency: 37260973569, MT_M: 16, MT_N: 16, MT_K: 512, MI_M: 16, MI_N: 16, MI_K: 32,
    Occupancy: 1, WGM: 6, NTA: 0, NTB: 4}
- - {Latency: 992615269, MT_M: 256, MT_N: 256, MT_K: 32, MI_M: 32, MI_N: 32, MI_K: 16,
    Occupancy: 1, WGM: 0, NTA: 0, NTB: 0}
  - {Latency: 992615269, MT_M: 256, MT_N: 256, MT_K: 32, MI_M: 32, MI_N: 32, MI_K: 16,
    Occupancy: 1, WGM: 6, NTA: 4, NTB: 0}
  - {Latency: 992615269, MT_M: 256, MT_N: 256, MT_K: 32, MI_M: 32, MI_N: 32, MI_K: 16,
    Occupancy: 1, WGM: 6, NTA: 0, NTB: 4}
  - {Latency: 1205712592, MT_M: 192, MT_N: 256, MT_K: 32, MI_M: 32, MI_N: 32, MI_K: 16,
    Occupancy: 1, WGM: 0, NTA: 0, NTB: 0}
  - {Latency: 1205712592, MT_M: 192, MT_N: 256, MT_K: 32, MI_M: 32, MI_N: 32, MI_K: 16,
    Occupancy: 1, WGM: 6, NTA: 4, NTB: 0}
  - {Latency: 1205712592, MT_M: 192, MT_N: 256, MT_K: 32, MI_M: 32, MI_N: 32, MI_K: 16,
    Occupancy: 1, WGM: 6, NTA: 0, NTB: 4}
  - {Latency: 1218081389, MT_M: 256, MT_N: 192, MT_K: 32, MI_M: 16, MI_N: 16, MI_K: 32,
    Occupancy: 1, WGM: 0, NTA: 0, NTB: 0}
  - {Latency: 1218081389, MT_M: 256, MT_N: 192, MT_K: 32, MI_M: 16, MI_N: 16, MI_K: 32,
    Occupancy: 1, WGM: 6, NTA: 4, NTB: 0}
  - {Latency: 1218081389, MT_M: 256, MT_N: 192, MT_K: 32, MI_M: 16, MI_N: 16, MI_K: 32,
    Occupancy: 1, WGM: 6, NTA: 0, NTB: 4}
  - {Latency: 1343686939, MT_M: 192, MT_N: 192, MT_K: 64, MI_M: 32, MI_N: 32, MI_K: 16,
    Occupancy: 1, WGM: 0, NTA: 0, NTB: 0}
  - {Latency: 1343686939, MT_M: 192, MT_N: 192, MT_K: 64, MI_M: 32, MI_N: 32, MI_K: 16,
    Occupancy: 1, WGM: 6, NTA: 4, NTB: 0}
  - {Latency: 1343686939, MT_M: 192, MT_N: 192, MT_K: 64, MI_M: 32, MI_N: 32, MI_K: 16,
    Occupancy: 1, WGM: 6, NTA: 0, NTB: 4}
  - {Latency: 1563723052, MT_M: 256, MT_N: 128, MT_K: 64, MI_M: 32, MI_N: 32, MI_K: 16,
    Occupancy: 1, WGM: 0, NTA: 0, NTB: 0}
  - {Latency: 1563723052, MT_M: 256, MT_N: 128, MT_K: 64, MI_M: 32, MI_N: 32, MI_K: 16,
    Occupancy: 1, WGM: 6, NTA: 4, NTB: 0}
  - {Latency: 1563723052, MT_M: 256, MT_N: 128, MT_K: 64, MI_M: 32, MI_N: 32, MI_K: 16,
    Occupancy: 1, WGM: 6, NTA: 0, NTB: 4}
  - {Latency: 1735118619, MT_M: 128, MT_N: 256, MT_K: 64, MI_M: 32, MI_N: 32, MI_K: 16,
    Occupancy: 1, WGM: 0, NTA: 0, NTB: 0}
  - {Latency: 1735118619, MT_M: 128, MT_N: 256, MT_K: 64, MI_M: 32, MI_N: 32, MI_K: 16,
    Occupancy: 1, WGM: 6, NTA: 4, NTB: 0}
  - {Latency: 1735118619, MT_M: 128, MT_N: 256, MT_K: 64, MI_M: 32, MI_N: 32, MI_K: 16,
    Occupancy: 1, WGM: 6, NTA: 0, NTB: 4}
  - {Latency: 1790977872, MT_M: 192, MT_N: 128, MT_K: 64, MI_M: 32, MI_N: 32, MI_K: 16,
    Occupancy: 1, WGM: 0, NTA: 0, NTB: 0}
  - {Latency: 1790977872, MT_M: 192, MT_N: 128, MT_K: 64, MI_M: 32, MI_N: 32, MI_K: 16,
    Occupancy: 1, WGM: 6, NTA: 4, NTB: 0}
  - {Latency: 1790977872, MT_M: 192, MT_N: 128, MT_K: 64, MI_M: 32, MI_N: 32, MI_K: 16,
    Occupancy: 1, WGM: 6, NTA: 0, NTB: 4}
  - {Latency: 1910857042, MT_M: 64, MT_N: 256, MT_K: 64, MI_M: 32, MI_N: 32, MI_K: 16,
    Occupancy: 1, WGM: 0, NTA: 0, NTB: 0}
  - {Latency: 1910857042, MT_M: 64, MT_N: 256, MT_K: 64, MI_M: 32, MI_N: 32, MI_K: 16,
    Occupancy: 1, WGM: 6, NTA: 4, NTB: 0}
  - {Latency: 1910857042, MT_M: 64, MT_N: 256, MT_K: 64, MI_M: 32, MI_N: 32, MI_K: 16,
    Occupancy: 1, WGM: 6, NTA: 0, NTB: 4}
  - {Latency: 1939697367, MT_M: 128, MT_N: 192, MT_K: 64, MI_M: 32, MI_N: 32, MI_K: 16,
    Occupancy: 1, WGM: 0, NTA: 0, NTB: 0}
  - {Latency: 1939697367, MT_M: 128, MT_N: 192, MT_K: 64, MI_M: 32, MI_N: 32, MI_K: 16,
    Occupancy: 1, WGM: 6, NTA: 4, NTB: 0}
  - {Latency: 1939697367, MT_M: 128, MT_N: 192, MT_K: 64, MI_M: 32, MI_N: 32, MI_K: 16,
    Occupancy: 1, WGM: 6, NTA: 0, NTB: 4}
  - {Latency: 2153616158, MT_M: 64, MT_N: 192, MT_K: 128, MI_M: 32, MI_N: 32, MI_K: 16,
    Occupancy: 1, WGM: 0, NTA: 0, NTB: 0}
  - {Latency: 2153616158, MT_M: 64, MT_N: 192, MT_K: 128, MI_M: 32, MI_N: 32, MI_K: 16,
    Occupancy: 1, WGM: 6, NTA: 4, NTB: 0}
  - {Latency: 2153616158, MT_M: 64, MT_N: 192, MT_K: 128, MI_M: 32, MI_N: 32, MI_K: 16,
    Occupancy: 1, WGM: 6, NTA: 0, NTB: 4}
  - {Latency: 2592253461, MT_M: 128, MT_N: 128, MT_K: 128, MI_M: 32, MI_N: 32, MI_K: 16,
    Occupancy: 1, WGM: 0, NTA: 0, NTB: 0}
  - {Latency: 2592253461, MT_M: 128, MT_N: 128, MT_K: 128, MI_M: 32, MI_N: 32, MI_K: 16,
    Occupancy: 1, WGM: 6, NTA: 4, NTB: 0}
  - {Latency: 2592253461, MT_M: 128, MT_N: 128, MT_K: 128, MI_M: 32, MI_N: 32, MI_K: 16,
    Occupancy: 1, WGM: 6, NTA: 0, NTB: 4}
  - {Latency: 2618771859, MT_M: 256, MT_N: 64, MT_K: 64, MI_M: 32, MI_N: 32, MI_K: 16,
    Occupancy: 1, WGM: 0, NTA: 0, NTB: 0}
  - {Latency: 2618771859, MT_M: 256, MT_N: 64, MT_K: 64, MI_M: 32, MI_N: 32, MI_K: 16,
    Occupancy: 1, WGM: 6, NTA: 4, NTB: 0}
  - {Latency: 2618771859, MT_M: 256, MT_N: 64, MT_K: 64, MI_M: 32, MI_N: 32, MI_K: 16,
    Occupancy: 1, WGM: 6, NTA: 0, NTB: 4}
  - {Latency: 2699035851, MT_M: 32, MT_N: 256, MT_K: 16, MI_M: 32, MI_N: 32, MI_K: 16,
    Occupancy: 2, WGM: 0, NTA: 0, NTB: 0}
  - {Latency: 2699035851, MT_M: 32, MT_N: 256, MT_K: 16, MI_M: 32, MI_N: 32, MI_K: 16,
    Occupancy: 2, WGM: 1, NTA: 4, NTB: 0}
  - {Latency: 2699035851, MT_M: 32, MT_N: 256, MT_K: 16, MI_M: 32, MI_N: 32, MI_K: 16,
    Occupancy: 2, WGM: 1, NTA: 0, NTB: 4}
  - {Latency: 2915638120, MT_M: 64, MT_N: 128, MT_K: 128, MI_M: 16, MI_N: 16, MI_K: 32,
    Occupancy: 1, WGM: 0, NTA: 0, NTB: 0}
  - {Latency: 2915638120, MT_M: 64, MT_N: 128, MT_K: 128, MI_M: 16, MI_N: 16, MI_K: 32,
    Occupancy: 1, WGM: 6, NTA: 4, NTB: 0}
  - {Latency: 2915638120, MT_M: 64, MT_N: 128, MT_K: 128, MI_M: 16, MI_N: 16, MI_K: 32,
    Occupancy: 1, WGM: 6, NTA: 0, NTB: 4}
  - {Latency: 3145372093, MT_M: 192, MT_N: 64, MT_K: 128, MI_M: 32, MI_N: 32, MI_K: 16,
    Occupancy: 1, WGM: 0, NTA: 0, NTB: 0}
  - {Latency: 3145372093, MT_M: 192, MT_N: 64, MT_K: 128, MI_M: 32, MI_N: 32, MI_K: 16,
    Occupancy: 1, WGM: 6, NTA: 4, NTB: 0}
  - {Latency: 3145372093, MT_M: 192, MT_N: 64, MT_K: 128, MI_M: 32, MI_N: 32, MI_K: 16,
    Occupancy: 1, WGM: 6, NTA: 0, NTB: 4}
  - {Latency: 3793824022, MT_M: 32, MT_N: 128, MT_K: 16, MI_M: 32, MI_N: 32, MI_K: 16,
    Occupancy: 5, WGM: 0, NTA: 0, NTB: 0}
  - {Latency: 3793824022, MT_M: 32, MT_N: 128, MT_K: 16, MI_M: 32, MI_N: 32, MI_K: 16,
    Occupancy: 5, WGM: 1, NTA: 4, NTB: 0}
  - {Latency: 3793824022, MT_M: 32, MT_N: 128, MT_K: 16, MI_M: 32, MI_N: 32, MI_K: 16,
    Occupancy: 5, WGM: 1, NTA: 0, NTB: 4}
  - {Latency: 4032639206, MT_M: 16, MT_N: 256, MT_K: 32, MI_M: 16, MI_N: 16, MI_K: 32,
    Occupancy: 2, WGM: 0, NTA: 0, NTB: 0}
  - {Latency: 4032639206, MT_M: 16, MT_N: 256, MT_K: 32, MI_M: 16, MI_N: 16, MI_K: 32,
    Occupancy: 2, WGM: 1, NTA: 4, NTB: 0}
  - {Latency: 4032639206, MT_M: 16, MT_N: 256, MT_K: 32, MI_M: 16, MI_N: 16, MI_K: 32,
    Occupancy: 2, WGM: 1, NTA: 0, NTB: 4}
  - {Latency: 4543597811, MT_M: 128, MT_N: 64, MT_K: 128, MI_M: 16, MI_N: 16, MI_K: 32,
    Occupancy: 1, WGM: 0, NTA: 0, NTB: 0}
  - {Latency: 4543597811, MT_M: 128, MT_N: 64, MT_K: 128, MI_M: 16, MI_N: 16, MI_K: 32,
    Occupancy: 1, WGM: 6, NTA: 4, NTB: 0}
  - {Latency: 4543597811, MT_M: 128, MT_N: 64, MT_K: 128, MI_M: 16, MI_N: 16, MI_K: 32,
    Occupancy: 1, WGM: 6, NTA: 0, NTB: 4}
  - {Latency: 5033586392, MT_M: 16, MT_N: 128, MT_K: 32, MI_M: 16, MI_N: 16, MI_K: 32,
    Occupancy: 3, WGM: 0, NTA: 0, NTB: 0}
  - {Latency: 5033586392, MT_M: 16, MT_N: 128, MT_K: 32, MI_M: 16, MI_N: 16, MI_K: 32,
    Occupancy: 3, WGM: 1, NTA: 4, NTB: 0}
  - {Latency: 5033586392, MT_M: 16, MT_N: 128, MT_K: 32, MI_M: 16, MI_N: 16, MI_K: 32,
    Occupancy: 3, WGM: 1, NTA: 0, NTB: 4}
  - {Latency: 5401607533, MT_M: 64, MT_N: 64, MT_K: 256, MI_M: 32, MI_N: 32, MI_K: 16,
    Occupancy: 1, WGM: 0, NTA: 0, NTB: 0}
  - {Latency: 5401607533, MT_M: 64, MT_N: 64, MT_K: 256, MI_M: 32, MI_N: 32, MI_K: 16,
    Occupancy: 1, WGM: 6, NTA: 4, NTB: 0}
  - {Latency: 5401607533, MT_M: 64, MT_N: 64, MT_K: 256, MI_M: 32, MI_N: 32, MI_K: 16,
    Occupancy: 1, WGM: 6, NTA: 0, NTB: 4}
  - {Latency: 5782984211, MT_M: 32, MT_N: 64, MT_K: 128, MI_M: 32, MI_N: 32, MI_K: 16,
    Occupancy: 1, WGM: 0, NTA: 0, NTB: 0}
  - {Latency: 5782984211, MT_M: 32, MT_N: 64, MT_K: 128, MI_M: 32, MI_N: 32, MI_K: 16,
    Occupancy: 1, WGM: 6, NTA: 4, NTB: 0}
  - {Latency: 5782984211, MT_M: 32, MT_N: 64, MT_K: 128, MI_M: 32, MI_N: 32, MI_K: 16,
    Occupancy: 1, WGM: 6, NTA: 0, NTB: 4}
  - {Latency: 7350706174, MT_M: 16, MT_N: 64, MT_K: 256, MI_M: 16, MI_N: 16, MI_K: 32,
    Occupancy: 1, WGM: 0, NTA: 0, NTB: 0}
  - {Latency: 7350706174, MT_M: 16, MT_N: 64, MT_K: 256, MI_M: 16, MI_N: 16, MI_K: 32,
    Occupancy: 1, WGM: 6, NTA: 4, NTB: 0}
  - {Latency: 7350706174, MT_M: 16, MT_N: 64, MT_K: 256, MI_M: 16, MI_N: 16, MI_K: 32,
    Occupancy: 1, WGM: 6, NTA: 0, NTB: 4}
  - {Latency: 9744647560, MT_M: 64, MT_N: 32, MT_K: 128, MI_M: 32, MI_N: 32, MI_K: 16,
    Occupancy: 1, WGM: 0, NTA: 0, NTB: 0}
  - {Latency: 9744647560, MT_M: 64, MT_N: 32, MT_K: 128, MI_M: 32, MI_N: 32, MI_K: 16,
    Occupancy: 1, WGM: 6, NTA: 4, NTB: 0}
  - {Latency: 9744647560, MT_M: 64, MT_N: 32, MT_K: 128, MI_M: 32, MI_N: 32, MI_K: 16,
    Occupancy: 1, WGM: 6, NTA: 0, NTB: 4}
  - {Latency: 10834501951, MT_M: 32, MT_N: 32, MT_K: 512, MI_M: 32, MI_N: 32, MI_K: 16,
    Occupancy: 1, WGM: 0, NTA: 0, NTB: 0}
  - {Latency: 10834501951, MT_M: 32, MT_N: 32, MT_K: 512, MI_M: 32, MI_N: 32, MI_K: 16,
    Occupancy: 1, WGM: 6, NTA: 4, NTB: 0}
  - {Latency: 10834501951, MT_M: 32, MT_N: 32, MT_K: 512, MI_M: 32, MI_N: 32, MI_K: 16,
    Occupancy: 1, WGM: 6, NTA: 0, NTB: 4}
  - {Latency: 12233994271, MT_M: 16, MT_N: 32, MT_K: 512, MI_M: 16, MI_N: 16, MI_K: 32,
    Occupancy: 1, WGM: 0, NTA: 0, NTB: 0}
  - {Latency: 12233994271, MT_M: 16, MT_N: 32, MT_K: 512, MI_M: 16, MI_N: 16, MI_K: 32,
    Occupancy: 1, WGM: 6, NTA: 4, NTB: 0}
  - {Latency: 12233994271, MT_M: 16, MT_N: 32, MT_K: 512, MI_M: 16, MI_N: 16, MI_K: 32,
    Occupancy: 1, WGM: 6, NTA: 0, NTB: 4}
  - {Latency: 19428970665, MT_M: 64, MT_N: 16, MT_K: 256, MI_M: 16, MI_N: 16, MI_K: 32,
    Occupancy: 1, WGM: 0, NTA: 0, NTB: 0}
  - {Latency: 19428970665, MT_M: 64, MT_N: 16, MT_K: 256, MI_M: 16, MI_N: 16, MI_K: 32,
    Occupancy: 1, WGM: 6, NTA: 4, NTB: 0}
  - {Latency: 19428970665, MT_M: 64, MT_N: 16, MT_K: 256, MI_M: 16, MI_N: 16, MI_K: 32,
    Occupancy: 1, WGM: 6, NTA: 0, NTB: 4}
  - {Latency: 20160350419, MT_M: 32, MT_N: 16, MT_K: 512, MI_M: 16, MI_N: 16, MI_K: 32,
    Occupancy: 1, WGM: 0, NTA: 0, NTB: 0}
  - {Latency: 20160350419, MT_M: 32, MT_N: 16, MT_K: 512, MI_M: 16, MI_N: 16, MI_K: 32,
    Occupancy: 1, WGM: 6, NTA: 4, NTB: 0}
  - {Latency: 20160350419, MT_M: 32, MT_N: 16, MT_K: 512, MI_M: 16, MI_N: 16, MI_K: 32,
    Occupancy: 1, WGM: 6, NTA: 0, NTB: 4}
  - {Latency: 21619395237, MT_M: 16, MT_N: 16, MT_K: 512, MI_M: 16, MI_N: 16, MI_K: 32,
    Occupancy: 1, WGM: 0, NTA: 0, NTB: 0}
  - {Latency: 21619395237, MT_M: 16, MT_N: 16, MT_K: 512, MI_M: 16, MI_N: 16, MI_K: 32,
    Occupancy: 1, WGM: 6, NTA: 4, NTB: 0}
  - {Latency: 21619395237, MT_M: 16, MT_N: 16, MT_K: 512, MI_M: 16, MI_N: 16, MI_K: 32,
    Occupancy: 1, WGM: 6, NTA: 0, NTB: 4}
- - {Latency: 118772562, MT_M: 256, MT_N: 256, MT_K: 32, MI_M: 32, MI_N: 32, MI_K: 16,
    Occupancy: 1, WGM: 0, NTA: 0, NTB: 0}
  - {Latency: 118772562, MT_M: 256, MT_N: 256, MT_K: 32, MI_M: 32, MI_N: 32, MI_K: 16,
    Occupancy: 1, WGM: 6, NTA: 4, NTB: 0}
  - {Latency: 118772562, MT_M: 256, MT_N: 256, MT_K: 32, MI_M: 32, MI_N: 32, MI_K: 16,
    Occupancy: 1, WGM: 6, NTA: 0, NTB: 4}
  - {Latency: 134447310, MT_M: 256, MT_N: 192, MT_K: 32, MI_M: 16, MI_N: 16, MI_K: 32,
    Occupancy: 1, WGM: 0, NTA: 0, NTB: 0}
  - {Latency: 134447310, MT_M: 256, MT_N: 192, MT_K: 32, MI_M: 16, MI_N: 16, MI_K: 32,
    Occupancy: 1, WGM: 6, NTA: 4, NTB: 0}
  - {Latency: 134447310, MT_M: 256, MT_N: 192, MT_K: 32, MI_M: 16, MI_N: 16, MI_K: 32,
    Occupancy: 1, WGM: 6, NTA: 0, NTB: 4}
  - {Latency: 150284423, MT_M: 192, MT_N: 256, MT_K: 32, MI_M: 32, MI_N: 32, MI_K: 16,
    Occupancy: 1, WGM: 0, NTA: 0, NTB: 0}
  - {Latency: 150284423, MT_M: 192, MT_N: 256, MT_K: 32, MI_M: 32, MI_N: 32, MI_K: 16,
    Occupancy: 1, WGM: 6, NTA: 4, NTB: 0}
  - {Latency: 150284423, MT_M: 192, MT_N: 256, MT_K: 32, MI_M: 32, MI_N: 32, MI_K: 16,
    Occupancy: 1, WGM: 6, NTA: 0, NTB: 4}
  - {Latency: 167557305, MT_M: 256, MT_N: 128, MT_K: 64, MI_M: 32, MI_N: 32, MI_K: 16,
    Occupancy: 1, WGM: 0, NTA: 0, NTB: 0}
  - {Latency: 167557305, MT_M: 256, MT_N: 128, MT_K: 64, MI_M: 32, MI_N: 32, MI_K: 16,
    Occupancy: 1, WGM: 6, NTA: 4, NTB: 0}
  - {Latency: 167557305, MT_M: 256, MT_N: 128, MT_K: 64, MI_M: 32, MI_N: 32, MI_K: 16,
    Occupancy: 1, WGM: 6, NTA: 0, NTB: 4}
  - {Latency: 171024580, MT_M: 192, MT_N: 192, MT_K: 64, MI_M: 32, MI_N: 32, MI_K: 16,
    Occupancy: 1, WGM: 0, NTA: 0, NTB: 0}
  - {Latency: 171024580, MT_M: 192, MT_N: 192, MT_K: 64, MI_M: 32, MI_N: 32, MI_K: 16,
    Occupancy: 1, WGM: 6, NTA: 4, NTB: 0}
  - {Latency: 171024580, MT_M: 192, MT_N: 192, MT_K: 64, MI_M: 32, MI_N: 32, MI_K: 16,
    Occupancy: 1, WGM: 6, NTA: 0, NTB: 4}
  - {Latency: 192910875, MT_M: 128, MT_N: 256, MT_K: 64, MI_M: 32, MI_N: 32, MI_K: 16,
    Occupancy: 1, WGM: 0, NTA: 0, NTB: 0}
  - {Latency: 192910875, MT_M: 128, MT_N: 256, MT_K: 64, MI_M: 32, MI_N: 32, MI_K: 16,
    Occupancy: 1, WGM: 6, NTA: 4, NTB: 0}
  - {Latency: 192910875, MT_M: 128, MT_N: 256, MT_K: 64, MI_M: 32, MI_N: 32, MI_K: 16,
    Occupancy: 1, WGM: 6, NTA: 0, NTB: 4}
  - {Latency: 213150011, MT_M: 192, MT_N: 128, MT_K: 64, MI_M: 32, MI_N: 32, MI_K: 16,
    Occupancy: 1, WGM: 0, NTA: 0, NTB: 0}
  - {Latency: 213150011, MT_M: 192, MT_N: 128, MT_K: 64, MI_M: 32, MI_N: 32, MI_K: 16,
    Occupancy: 1, WGM: 6, NTA: 4, NTB: 0}
  - {Latency: 213150011, MT_M: 192, MT_N: 128, MT_K: 64, MI_M: 32, MI_N: 32, MI_K: 16,
    Occupancy: 1, WGM: 6, NTA: 0, NTB: 4}
  - {Latency: 224789822, MT_M: 64, MT_N: 256, MT_K: 64, MI_M: 32, MI_N: 32, MI_K: 16,
    Occupancy: 1, WGM: 0, NTA: 0, NTB: 0}
  - {Latency: 224789822, MT_M: 64, MT_N: 256, MT_K: 64, MI_M: 32, MI_N: 32, MI_K: 16,
    Occupancy: 1, WGM: 6, NTA: 4, NTB: 0}
  - {Latency: 224789822, MT_M: 64, MT_N: 256, MT_K: 64, MI_M: 32, MI_N: 32, MI_K: 16,
    Occupancy: 1, WGM: 6, NTA: 0, NTB: 4}
  - {Latency: 225328905, MT_M: 128, MT_N: 192, MT_K: 64, MI_M: 32, MI_N: 32, MI_K: 16,
    Occupancy: 1, WGM: 0, NTA: 0, NTB: 0}
  - {Latency: 225328905, MT_M: 128, MT_N: 192, MT_K: 64, MI_M: 32, MI_N: 32, MI_K: 16,
    Occupancy: 1, WGM: 6, NTA: 4, NTB: 0}
  - {Latency: 225328905, MT_M: 128, MT_N: 192, MT_K: 64, MI_M: 32, MI_N: 32, MI_K: 16,
    Occupancy: 1, WGM: 6, NTA: 0, NTB: 4}
  - {Latency: 272455906, MT_M: 256, MT_N: 64, MT_K: 64, MI_M: 32, MI_N: 32, MI_K: 16,
    Occupancy: 1, WGM: 0, NTA: 0, NTB: 0}
  - {Latency: 272455906, MT_M: 256, MT_N: 64, MT_K: 64, MI_M: 32, MI_N: 32, MI_K: 16,
    Occupancy: 1, WGM: 6, NTA: 4, NTB: 0}
  - {Latency: 272455906, MT_M: 256, MT_N: 64, MT_K: 64, MI_M: 32, MI_N: 32, MI_K: 16,
    Occupancy: 1, WGM: 6, NTA: 0, NTB: 4}
  - {Latency: 299194424, MT_M: 64, MT_N: 192, MT_K: 128, MI_M: 32, MI_N: 32, MI_K: 16,
    Occupancy: 1, WGM: 0, NTA: 0, NTB: 0}
  - {Latency: 299194424, MT_M: 64, MT_N: 192, MT_K: 128, MI_M: 32, MI_N: 32, MI_K: 16,
    Occupancy: 1, WGM: 6, NTA: 4, NTB: 0}
  - {Latency: 299194424, MT_M: 64, MT_N: 192, MT_K: 128, MI_M: 32, MI_N: 32, MI_K: 16,
    Occupancy: 1, WGM: 6, NTA: 0, NTB: 4}
  - {Latency: 316154743, MT_M: 32, MT_N: 256, MT_K: 16, MI_M: 32, MI_N: 32, MI_K: 16,
    Occupancy: 2, WGM: 0, NTA: 0, NTB: 0}
  - {Latency: 316154743, MT_M: 32, MT_N: 256, MT_K: 16, MI_M: 32, MI_N: 32, MI_K: 16,
    Occupancy: 2, WGM: 1, NTA: 4, NTB: 0}
  - {Latency: 316154743, MT_M: 32, MT_N: 256, MT_K: 16, MI_M: 32, MI_N: 32, MI_K: 16,
    Occupancy: 2, WGM: 1, NTA: 0, NTB: 4}
  - {Latency: 326410468, MT_M: 128, MT_N: 128, MT_K: 128, MI_M: 32, MI_N: 32, MI_K: 16,
    Occupancy: 1, WGM: 0, NTA: 0, NTB: 0}
  - {Latency: 326410468, MT_M: 128, MT_N: 128, MT_K: 128, MI_M: 32, MI_N: 32, MI_K: 16,
    Occupancy: 1, WGM: 6, NTA: 4, NTB: 0}
  - {Latency: 326410468, MT_M: 128, MT_N: 128, MT_K: 128, MI_M: 32, MI_N: 32, MI_K: 16,
    Occupancy: 1, WGM: 6, NTA: 0, NTB: 4}
  - {Latency: 387362490, MT_M: 192, MT_N: 64, MT_K: 128, MI_M: 32, MI_N: 32, MI_K: 16,
    Occupancy: 1, WGM: 0, NTA: 0, NTB: 0}
  - {Latency: 387362490, MT_M: 192, MT_N: 64, MT_K: 128, MI_M: 32, MI_N: 32, MI_K: 16,
    Occupancy: 1, WGM: 6, NTA: 4, NTB: 0}
  - {Latency: 387362490, MT_M: 192, MT_N: 64, MT_K: 128, MI_M: 32, MI_N: 32, MI_K: 16,
    Occupancy: 1, WGM: 6, NTA: 0, NTB: 4}
  - {Latency: 397610136, MT_M: 64, MT_N: 128, MT_K: 128, MI_M: 16, MI_N: 16, MI_K: 32,
    Occupancy: 1, WGM: 0, NTA: 0, NTB: 0}
  - {Latency: 397610136, MT_M: 64, MT_N: 128, MT_K: 128, MI_M: 16, MI_N: 16, MI_K: 32,
    Occupancy: 1, WGM: 6, NTA: 4, NTB: 0}
  - {Latency: 397610136, MT_M: 64, MT_N: 128, MT_K: 128, MI_M: 16, MI_N: 16, MI_K: 32,
    Occupancy: 1, WGM: 6, NTA: 0, NTB: 4}
  - {Latency: 471852652, MT_M: 32, MT_N: 128, MT_K: 16, MI_M: 32, MI_N: 32, MI_K: 16,
    Occupancy: 5, WGM: 0, NTA: 0, NTB: 0}
  - {Latency: 471852652, MT_M: 32, MT_N: 128, MT_K: 16, MI_M: 32, MI_N: 32, MI_K: 16,
    Occupancy: 5, WGM: 1, NTA: 4, NTB: 0}
  - {Latency: 471852652, MT_M: 32, MT_N: 128, MT_K: 16, MI_M: 32, MI_N: 32, MI_K: 16,
    Occupancy: 5, WGM: 1, NTA: 0, NTB: 4}
  - {Latency: 479471257, MT_M: 16, MT_N: 256, MT_K: 32, MI_M: 16, MI_N: 16, MI_K: 32,
    Occupancy: 2, WGM: 0, NTA: 0, NTB: 0}
  - {Latency: 479471257, MT_M: 16, MT_N: 256, MT_K: 32, MI_M: 16, MI_N: 16, MI_K: 32,
    Occupancy: 2, WGM: 1, NTA: 4, NTB: 0}
  - {Latency: 479471257, MT_M: 16, MT_N: 256, MT_K: 32, MI_M: 16, MI_N: 16, MI_K: 32,
    Occupancy: 2, WGM: 1, NTA: 0, NTB: 4}
  - {Latency: 560974315, MT_M: 128, MT_N: 64, MT_K: 128, MI_M: 16, MI_N: 16, MI_K: 32,
    Occupancy: 1, WGM: 0, NTA: 0, NTB: 0}
  - {Latency: 560974315, MT_M: 128, MT_N: 64, MT_K: 128, MI_M: 16, MI_N: 16, MI_K: 32,
    Occupancy: 1, WGM: 6, NTA: 4, NTB: 0}
  - {Latency: 560974315, MT_M: 128, MT_N: 64, MT_K: 128, MI_M: 16, MI_N: 16, MI_K: 32,
    Occupancy: 1, WGM: 6, NTA: 0, NTB: 4}
  - {Latency: 628830410, MT_M: 16, MT_N: 128, MT_K: 32, MI_M: 16, MI_N: 16, MI_K: 32,
    Occupancy: 3, WGM: 0, NTA: 0, NTB: 0}
  - {Latency: 628830410, MT_M: 16, MT_N: 128, MT_K: 32, MI_M: 16, MI_N: 16, MI_K: 32,
    Occupancy: 3, WGM: 1, NTA: 4, NTB: 0}
  - {Latency: 628830410, MT_M: 16, MT_N: 128, MT_K: 32, MI_M: 16, MI_N: 16, MI_K: 32,
    Occupancy: 3, WGM: 1, NTA: 0, NTB: 4}
  - {Latency: 747484987, MT_M: 64, MT_N: 64, MT_K: 256, MI_M: 32, MI_N: 32, MI_K: 16,
    Occupancy: 1, WGM: 0, NTA: 0, NTB: 0}
  - {Latency: 747484987, MT_M: 64, MT_N: 64, MT_K: 256, MI_M: 32, MI_N: 32, MI_K: 16,
    Occupancy: 1, WGM: 6, NTA: 4, NTB: 0}
  - {Latency: 747484987, MT_M: 64, MT_N: 64, MT_K: 256, MI_M: 32, MI_N: 32, MI_K: 16,
    Occupancy: 1, WGM: 6, NTA: 0, NTB: 4}
  - {Latency: 802707732, MT_M: 32, MT_N: 64, MT_K: 128, MI_M: 32, MI_N: 32, MI_K: 16,
    Occupancy: 1, WGM: 0, NTA: 0, NTB: 0}
  - {Latency: 802707732, MT_M: 32, MT_N: 64, MT_K: 128, MI_M: 32, MI_N: 32, MI_K: 16,
    Occupancy: 1, WGM: 6, NTA: 4, NTB: 0}
  - {Latency: 802707732, MT_M: 32, MT_N: 64, MT_K: 128, MI_M: 32, MI_N: 32, MI_K: 16,
    Occupancy: 1, WGM: 6, NTA: 0, NTB: 4}
  - {Latency: 1096905847, MT_M: 16, MT_N: 64, MT_K: 256, MI_M: 16, MI_N: 16, MI_K: 32,
    Occupancy: 1, WGM: 0, NTA: 0, NTB: 0}
  - {Latency: 1096905847, MT_M: 16, MT_N: 64, MT_K: 256, MI_M: 16, MI_N: 16, MI_K: 32,
    Occupancy: 1, WGM: 6, NTA: 4, NTB: 0}
  - {Latency: 1096905847, MT_M: 16, MT_N: 64, MT_K: 256, MI_M: 16, MI_N: 16, MI_K: 32,
    Occupancy: 1, WGM: 6, NTA: 0, NTB: 4}
  - {Latency: 1318254175, MT_M: 64, MT_N: 32, MT_K: 128, MI_M: 32, MI_N: 32, MI_K: 16,
    Occupancy: 1, WGM: 0, NTA: 0, NTB: 0}
  - {Latency: 1318254175, MT_M: 64, MT_N: 32, MT_K: 128, MI_M: 32, MI_N: 32, MI_K: 16,
    Occupancy: 1, WGM: 6, NTA: 4, NTB: 0}
  - {Latency: 1318254175, MT_M: 64, MT_N: 32, MT_K: 128, MI_M: 32, MI_N: 32, MI_K: 16,
    Occupancy: 1, WGM: 6, NTA: 0, NTB: 4}
  - {Latency: 2275566439, MT_M: 32, MT_N: 32, MT_K: 512, MI_M: 32, MI_N: 32, MI_K: 16,
    Occupancy: 1, WGM: 0, NTA: 0, NTB: 0}
  - {Latency: 2275566439, MT_M: 32, MT_N: 32, MT_K: 512, MI_M: 32, MI_N: 32, MI_K: 16,
    Occupancy: 1, WGM: 6, NTA: 4, NTB: 0}
  - {Latency: 2275566439, MT_M: 32, MT_N: 32, MT_K: 512, MI_M: 32, MI_N: 32, MI_K: 16,
    Occupancy: 1, WGM: 6, NTA: 0, NTB: 4}
  - {Latency: 2641328853, MT_M: 16, MT_N: 32, MT_K: 512, MI_M: 16, MI_N: 16, MI_K: 32,
    Occupancy: 1, WGM: 0, NTA: 0, NTB: 0}
  - {Latency: 2641328853, MT_M: 16, MT_N: 32, MT_K: 512, MI_M: 16, MI_N: 16, MI_K: 32,
    Occupancy: 1, WGM: 6, NTA: 4, NTB: 0}
  - {Latency: 2641328853, MT_M: 16, MT_N: 32, MT_K: 512, MI_M: 16, MI_N: 16, MI_K: 32,
    Occupancy: 1, WGM: 6, NTA: 0, NTB: 4}
  - {Latency: 2699034194, MT_M: 64, MT_N: 16, MT_K: 256, MI_M: 16, MI_N: 16, MI_K: 32,
    Occupancy: 1, WGM: 0, NTA: 0, NTB: 0}
  - {Latency: 2699034194, MT_M: 64, MT_N: 16, MT_K: 256, MI_M: 16, MI_N: 16, MI_K: 32,
    Occupancy: 1, WGM: 6, NTA: 4, NTB: 0}
  - {Latency: 2699034194, MT_M: 64, MT_N: 16, MT_K: 256, MI_M: 16, MI_N: 16, MI_K: 32,
    Occupancy: 1, WGM: 6, NTA: 0, NTB: 4}
  - {Latency: 4265468928, MT_M: 32, MT_N: 16, MT_K: 512, MI_M: 16, MI_N: 16, MI_K: 32,
    Occupancy: 1, WGM: 0, NTA: 0, NTB: 0}
  - {Latency: 4265468928, MT_M: 32, MT_N: 16, MT_K: 512, MI_M: 16, MI_N: 16, MI_K: 32,
    Occupancy: 1, WGM: 6, NTA: 4, NTB: 0}
  - {Latency: 4265468928, MT_M: 32, MT_N: 16, MT_K: 512, MI_M: 16, MI_N: 16, MI_K: 32,
    Occupancy: 1, WGM: 6, NTA: 0, NTB: 4}
  - {Latency: 4722320523, MT_M: 16, MT_N: 16, MT_K: 512, MI_M: 16, MI_N: 16, MI_K: 32,
    Occupancy: 1, WGM: 0, NTA: 0, NTB: 0}
  - {Latency: 4722320523, MT_M: 16, MT_N: 16, MT_K: 512, MI_M: 16, MI_N: 16, MI_K: 32,
    Occupancy: 1, WGM: 6, NTA: 4, NTB: 0}
  - {Latency: 4722320523, MT_M: 16, MT_N: 16, MT_K: 512, MI_M: 16, MI_N: 16, MI_K: 32,
    Occupancy: 1, WGM: 6, NTA: 0, NTB: 4}
- - {Latency: 349759, MT_M: 256, MT_N: 256, MT_K: 32, MI_M: 32, MI_N: 32, MI_K: 16,
    Occupancy: 1, WGM: 0, NTA: 0, NTB: 0}
  - {Latency: 349759, MT_M: 256, MT_N: 256, MT_K: 32, MI_M: 32, MI_N: 32, MI_K: 16,
    Occupancy: 1, WGM: 6, NTA: 4, NTB: 0}
  - {Latency: 349759, MT_M: 256, MT_N: 256, MT_K: 32, MI_M: 32, MI_N: 32, MI_K: 16,
    Occupancy: 1, WGM: 6, NTA: 0, NTB: 4}
  - {Latency: 360890, MT_M: 192, MT_N: 256, MT_K: 32, MI_M: 32, MI_N: 32, MI_K: 16,
    Occupancy: 1, WGM: 0, NTA: 0, NTB: 0}
  - {Latency: 360890, MT_M: 192, MT_N: 256, MT_K: 32, MI_M: 32, MI_N: 32, MI_K: 16,
    Occupancy: 1, WGM: 6, NTA: 4, NTB: 0}
  - {Latency: 360890, MT_M: 192, MT_N: 256, MT_K: 32, MI_M: 32, MI_N: 32, MI_K: 16,
    Occupancy: 1, WGM: 6, NTA: 0, NTB: 4}
  - {Latency: 367992, MT_M: 256, MT_N: 192, MT_K: 32, MI_M: 16, MI_N: 16, MI_K: 32,
    Occupancy: 1, WGM: 0, NTA: 0, NTB: 0}
  - {Latency: 367992, MT_M: 256, MT_N: 192, MT_K: 32, MI_M: 16, MI_N: 16, MI_K: 32,
    Occupancy: 1, WGM: 6, NTA: 4, NTB: 0}
  - {Latency: 367992, MT_M: 256, MT_N: 192, MT_K: 32, MI_M: 16, MI_N: 16, MI_K: 32,
    Occupancy: 1, WGM: 6, NTA: 0, NTB: 4}
  - {Latency: 430936, MT_M: 256, MT_N: 128, MT_K: 64, MI_M: 32, MI_N: 32, MI_K: 16,
    Occupancy: 1, WGM: 0, NTA: 0, NTB: 0}
  - {Latency: 430936, MT_M: 256, MT_N: 128, MT_K: 64, MI_M: 32, MI_N: 32, MI_K: 16,
    Occupancy: 1, WGM: 6, NTA: 4, NTB: 0}
  - {Latency: 430936, MT_M: 256, MT_N: 128, MT_K: 64, MI_M: 32, MI_N: 32, MI_K: 16,
    Occupancy: 1, WGM: 6, NTA: 0, NTB: 4}
  - {Latency: 453035, MT_M: 192, MT_N: 192, MT_K: 64, MI_M: 32, MI_N: 32, MI_K: 16,
    Occupancy: 1, WGM: 0, NTA: 0, NTB: 0}
  - {Latency: 453035, MT_M: 192, MT_N: 192, MT_K: 64, MI_M: 32, MI_N: 32, MI_K: 16,
    Occupancy: 1, WGM: 6, NTA: 4, NTB: 0}
  - {Latency: 453035, MT_M: 192, MT_N: 192, MT_K: 64, MI_M: 32, MI_N: 32, MI_K: 16,
    Occupancy: 1, WGM: 6, NTA: 0, NTB: 4}
  - {Latency: 486904, MT_M: 192, MT_N: 128, MT_K: 64, MI_M: 32, MI_N: 32, MI_K: 16,
    Occupancy: 1, WGM: 0, NTA: 0, NTB: 0}
  - {Latency: 486904, MT_M: 192, MT_N: 128, MT_K: 64, MI_M: 32, MI_N: 32, MI_K: 16,
    Occupancy: 1, WGM: 6, NTA: 4, NTB: 0}
  - {Latency: 486904, MT_M: 192, MT_N: 128, MT_K: 64, MI_M: 32, MI_N: 32, MI_K: 16,
    Occupancy: 1, WGM: 6, NTA: 0, NTB: 4}
  - {Latency: 512019, MT_M: 128, MT_N: 256, MT_K: 64, MI_M: 32, MI_N: 32, MI_K: 16,
    Occupancy: 1, WGM: 0, NTA: 0, NTB: 0}
  - {Latency: 512019, MT_M: 128, MT_N: 256, MT_K: 64, MI_M: 32, MI_N: 32, MI_K: 16,
    Occupancy: 1, WGM: 6, NTA: 4, NTB: 0}
  - {Latency: 512019, MT_M: 128, MT_N: 256, MT_K: 64, MI_M: 32, MI_N: 32, MI_K: 16,
    Occupancy: 1, WGM: 6, NTA: 0, NTB: 4}
  - {Latency: 558825, MT_M: 128, MT_N: 192, MT_K: 64, MI_M: 32, MI_N: 32, MI_K: 16,
    Occupancy: 1, WGM: 0, NTA: 0, NTB: 0}
  - {Latency: 558825, MT_M: 128, MT_N: 192, MT_K: 64, MI_M: 32, MI_N: 32, MI_K: 16,
    Occupancy: 1, WGM: 6, NTA: 4, NTB: 0}
  - {Latency: 558825, MT_M: 128, MT_N: 192, MT_K: 64, MI_M: 32, MI_N: 32, MI_K: 16,
    Occupancy: 1, WGM: 6, NTA: 0, NTB: 4}
  - {Latency: 603585, MT_M: 64, MT_N: 256, MT_K: 64, MI_M: 32, MI_N: 32, MI_K: 16,
    Occupancy: 1, WGM: 0, NTA: 0, NTB: 0}
  - {Latency: 603585, MT_M: 64, MT_N: 256, MT_K: 64, MI_M: 32, MI_N: 32, MI_K: 16,
    Occupancy: 1, WGM: 6, NTA: 4, NTB: 0}
  - {Latency: 603585, MT_M: 64, MT_N: 256, MT_K: 64, MI_M: 32, MI_N: 32, MI_K: 16,
    Occupancy: 1, WGM: 6, NTA: 0, NTB: 4}
  - {Latency: 633505, MT_M: 256, MT_N: 64, MT_K: 64, MI_M: 32, MI_N: 32, MI_K: 16,
    Occupancy: 1, WGM: 0, NTA: 0, NTB: 0}
  - {Latency: 633505, MT_M: 256, MT_N: 64, MT_K: 64, MI_M: 32, MI_N: 32, MI_K: 16,
    Occupancy: 1, WGM: 6, NTA: 4, NTB: 0}
  - {Latency: 633505, MT_M: 256, MT_N: 64, MT_K: 64, MI_M: 32, MI_N: 32, MI_K: 16,
    Occupancy: 1, WGM: 6, NTA: 0, NTB: 4}
  - {Latency: 760465, MT_M: 128, MT_N: 128, MT_K: 128, MI_M: 32, MI_N: 32, MI_K: 16,
    Occupancy: 1, WGM: 0, NTA: 0, NTB: 0}
  - {Latency: 760465, MT_M: 128, MT_N: 128, MT_K: 128, MI_M: 32, MI_N: 32, MI_K: 16,
    Occupancy: 1, WGM: 6, NTA: 4, NTB: 0}
  - {Latency: 760465, MT_M: 128, MT_N: 128, MT_K: 128, MI_M: 32, MI_N: 32, MI_K: 16,
    Occupancy: 1, WGM: 6, NTA: 0, NTB: 4}
  - {Latency: 839625, MT_M: 64, MT_N: 192, MT_K: 128, MI_M: 32, MI_N: 32, MI_K: 16,
    Occupancy: 1, WGM: 0, NTA: 0, NTB: 0}
  - {Latency: 839625, MT_M: 64, MT_N: 192, MT_K: 128, MI_M: 32, MI_N: 32, MI_K: 16,
    Occupancy: 1, WGM: 6, NTA: 4, NTB: 0}
  - {Latency: 839625, MT_M: 64, MT_N: 192, MT_K: 128, MI_M: 32, MI_N: 32, MI_K: 16,
    Occupancy: 1, WGM: 6, NTA: 0, NTB: 4}
  - {Latency: 847479, MT_M: 192, MT_N: 64, MT_K: 128, MI_M: 32, MI_N: 32, MI_K: 16,
    Occupancy: 1, WGM: 0, NTA: 0, NTB: 0}
  - {Latency: 847479, MT_M: 192, MT_N: 64, MT_K: 128, MI_M: 32, MI_N: 32, MI_K: 16,
    Occupancy: 1, WGM: 6, NTA: 4, NTB: 0}
  - {Latency: 847479, MT_M: 192, MT_N: 64, MT_K: 128, MI_M: 32, MI_N: 32, MI_K: 16,
    Occupancy: 1, WGM: 6, NTA: 0, NTB: 4}
  - {Latency: 1042582, MT_M: 64, MT_N: 128, MT_K: 128, MI_M: 16, MI_N: 16, MI_K: 32,
    Occupancy: 1, WGM: 0, NTA: 0, NTB: 0}
  - {Latency: 1042582, MT_M: 64, MT_N: 128, MT_K: 128, MI_M: 16, MI_N: 16, MI_K: 32,
    Occupancy: 1, WGM: 6, NTA: 4, NTB: 0}
  - {Latency: 1042582, MT_M: 64, MT_N: 128, MT_K: 128, MI_M: 16, MI_N: 16, MI_K: 32,
    Occupancy: 1, WGM: 6, NTA: 0, NTB: 4}
  - {Latency: 1214621, MT_M: 128, MT_N: 64, MT_K: 128, MI_M: 16, MI_N: 16, MI_K: 32,
    Occupancy: 1, WGM: 0, NTA: 0, NTB: 0}
  - {Latency: 1214621, MT_M: 128, MT_N: 64, MT_K: 128, MI_M: 16, MI_N: 16, MI_K: 32,
    Occupancy: 1, WGM: 6, NTA: 4, NTB: 0}
  - {Latency: 1214621, MT_M: 128, MT_N: 64, MT_K: 128, MI_M: 16, MI_N: 16, MI_K: 32,
    Occupancy: 1, WGM: 6, NTA: 0, NTB: 4}
  - {Latency: 1399445, MT_M: 32, MT_N: 256, MT_K: 16, MI_M: 32, MI_N: 32, MI_K: 16,
    Occupancy: 2, WGM: 0, NTA: 0, NTB: 0}
  - {Latency: 1399445, MT_M: 32, MT_N: 256, MT_K: 16, MI_M: 32, MI_N: 32, MI_K: 16,
    Occupancy: 2, WGM: 1, NTA: 4, NTB: 0}
  - {Latency: 1399445, MT_M: 32, MT_N: 256, MT_K: 16, MI_M: 32, MI_N: 32, MI_K: 16,
    Occupancy: 2, WGM: 1, NTA: 0, NTB: 4}
  - {Latency: 1664138, MT_M: 32, MT_N: 128, MT_K: 16, MI_M: 32, MI_N: 32, MI_K: 16,
    Occupancy: 5, WGM: 0, NTA: 0, NTB: 0}
  - {Latency: 1664138, MT_M: 32, MT_N: 128, MT_K: 16, MI_M: 32, MI_N: 32, MI_K: 16,
    Occupancy: 5, WGM: 1, NTA: 4, NTB: 0}
  - {Latency: 1664138, MT_M: 32, MT_N: 128, MT_K: 16, MI_M: 32, MI_N: 32, MI_K: 16,
    Occupancy: 5, WGM: 1, NTA: 0, NTB: 4}
  - {Latency: 1807472, MT_M: 16, MT_N: 256, MT_K: 32, MI_M: 16, MI_N: 16, MI_K: 32,
    Occupancy: 2, WGM: 0, NTA: 0, NTB: 0}
  - {Latency: 1807472, MT_M: 16, MT_N: 256, MT_K: 32, MI_M: 16, MI_N: 16, MI_K: 32,
    Occupancy: 2, WGM: 1, NTA: 4, NTB: 0}
  - {Latency: 1807472, MT_M: 16, MT_N: 256, MT_K: 32, MI_M: 16, MI_N: 16, MI_K: 32,
    Occupancy: 2, WGM: 1, NTA: 0, NTB: 4}
  - {Latency: 2148718, MT_M: 32, MT_N: 64, MT_K: 128, MI_M: 32, MI_N: 32, MI_K: 16,
    Occupancy: 1, WGM: 0, NTA: 0, NTB: 0}
  - {Latency: 2148718, MT_M: 32, MT_N: 64, MT_K: 128, MI_M: 32, MI_N: 32, MI_K: 16,
    Occupancy: 1, WGM: 6, NTA: 4, NTB: 0}
  - {Latency: 2148718, MT_M: 32, MT_N: 64, MT_K: 128, MI_M: 32, MI_N: 32, MI_K: 16,
    Occupancy: 1, WGM: 6, NTA: 0, NTB: 4}
  - {Latency: 2262415, MT_M: 16, MT_N: 128, MT_K: 32, MI_M: 16, MI_N: 16, MI_K: 32,
    Occupancy: 3, WGM: 0, NTA: 0, NTB: 0}
  - {Latency: 2262415, MT_M: 16, MT_N: 128, MT_K: 32, MI_M: 16, MI_N: 16, MI_K: 32,
    Occupancy: 3, WGM: 1, NTA: 4, NTB: 0}
  - {Latency: 2262415, MT_M: 16, MT_N: 128, MT_K: 32, MI_M: 16, MI_N: 16, MI_K: 32,
    Occupancy: 3, WGM: 1, NTA: 0, NTB: 4}
  - {Latency: 3003577, MT_M: 64, MT_N: 32, MT_K: 128, MI_M: 32, MI_N: 32, MI_K: 16,
    Occupancy: 1, WGM: 0, NTA: 0, NTB: 0}
  - {Latency: 3003577, MT_M: 64, MT_N: 32, MT_K: 128, MI_M: 32, MI_N: 32, MI_K: 16,
    Occupancy: 1, WGM: 6, NTA: 4, NTB: 0}
  - {Latency: 3003577, MT_M: 64, MT_N: 32, MT_K: 128, MI_M: 32, MI_N: 32, MI_K: 16,
    Occupancy: 1, WGM: 6, NTA: 0, NTB: 4}
  - {Latency: 3450794, MT_M: 64, MT_N: 64, MT_K: 256, MI_M: 32, MI_N: 32, MI_K: 16,
    Occupancy: 1, WGM: 0, NTA: 0, NTB: 0}
  - {Latency: 3450794, MT_M: 64, MT_N: 64, MT_K: 256, MI_M: 32, MI_N: 32, MI_K: 16,
    Occupancy: 1, WGM: 6, NTA: 4, NTB: 0}
  - {Latency: 3450794, MT_M: 64, MT_N: 64, MT_K: 256, MI_M: 32, MI_N: 32, MI_K: 16,
    Occupancy: 1, WGM: 6, NTA: 0, NTB: 4}
  - {Latency: 9981798, MT_M: 16, MT_N: 64, MT_K: 256, MI_M: 16, MI_N: 16, MI_K: 32,
    Occupancy: 1, WGM: 0, NTA: 0, NTB: 0}
  - {Latency: 9981798, MT_M: 16, MT_N: 64, MT_K: 256, MI_M: 16, MI_N: 16, MI_K: 32,
    Occupancy: 1, WGM: 6, NTA: 4, NTB: 0}
  - {Latency: 9981798, MT_M: 16, MT_N: 64, MT_K: 256, MI_M: 16, MI_N: 16, MI_K: 32,
    Occupancy: 1, WGM: 6, NTA: 0, NTB: 4}
  - {Latency: 12674853, MT_M: 64, MT_N: 16, MT_K: 256, MI_M: 16, MI_N: 16, MI_K: 32,
    Occupancy: 1, WGM: 0, NTA: 0, NTB: 0}
  - {Latency: 12674853, MT_M: 64, MT_N: 16, MT_K: 256, MI_M: 16, MI_N: 16, MI_K: 32,
    Occupancy: 1, WGM: 6, NTA: 4, NTB: 0}
  - {Latency: 12674853, MT_M: 64, MT_N: 16, MT_K: 256, MI_M: 16, MI_N: 16, MI_K: 32,
    Occupancy: 1, WGM: 6, NTA: 0, NTB: 4}
  - {Latency: 26815946, MT_M: 32, MT_N: 32, MT_K: 512, MI_M: 32, MI_N: 32, MI_K: 16,
    Occupancy: 1, WGM: 0, NTA: 0, NTB: 0}
  - {Latency: 26815946, MT_M: 32, MT_N: 32, MT_K: 512, MI_M: 32, MI_N: 32, MI_K: 16,
    Occupancy: 1, WGM: 6, NTA: 4, NTB: 0}
  - {Latency: 26815946, MT_M: 32, MT_N: 32, MT_K: 512, MI_M: 32, MI_N: 32, MI_K: 16,
    Occupancy: 1, WGM: 6, NTA: 0, NTB: 4}
  - {Latency: 49036963, MT_M: 16, MT_N: 32, MT_K: 512, MI_M: 16, MI_N: 16, MI_K: 32,
    Occupancy: 1, WGM: 0, NTA: 0, NTB: 0}
  - {Latency: 49036963, MT_M: 16, MT_N: 32, MT_K: 512, MI_M: 16, MI_N: 16, MI_K: 32,
    Occupancy: 1, WGM: 6, NTA: 4, NTB: 0}
  - {Latency: 49036963, MT_M: 16, MT_N: 32, MT_K: 512, MI_M: 16, MI_N: 16, MI_K: 32,
    Occupancy: 1, WGM: 6, NTA: 0, NTB: 4}
  - {Latency: 52534546, MT_M: 32, MT_N: 16, MT_K: 512, MI_M: 16, MI_N: 16, MI_K: 32,
    Occupancy: 1, WGM: 0, NTA: 0, NTB: 0}
  - {Latency: 52534546, MT_M: 32, MT_N: 16, MT_K: 512, MI_M: 16, MI_N: 16, MI_K: 32,
    Occupancy: 1, WGM: 6, NTA: 4, NTB: 0}
  - {Latency: 52534546, MT_M: 32, MT_N: 16, MT_K: 512, MI_M: 16, MI_N: 16, MI_K: 32,
    Occupancy: 1, WGM: 6, NTA: 0, NTB: 4}
  - {Latency: 95606611, MT_M: 16, MT_N: 16, MT_K: 512, MI_M: 16, MI_N: 16, MI_K: 32,
    Occupancy: 1, WGM: 0, NTA: 0, NTB: 0}
  - {Latency: 95606611, MT_M: 16, MT_N: 16, MT_K: 512, MI_M: 16, MI_N: 16, MI_K: 32,
    Occupancy: 1, WGM: 6, NTA: 4, NTB: 0}
  - {Latency: 95606611, MT_M: 16, MT_N: 16, MT_K: 512, MI_M: 16, MI_N: 16, MI_K: 32,
    Occupancy: 1, WGM: 6, NTA: 0, NTB: 4}
- - {Latency: 683364362, MT_M: 256, MT_N: 256, MT_K: 32, MI_M: 32, MI_N: 32, MI_K: 16,
    Occupancy: 1, WGM: 0, NTA: 0, NTB: 0}
  - {Latency: 683364362, MT_M: 256, MT_N: 256, MT_K: 32, MI_M: 32, MI_N: 32, MI_K: 16,
    Occupancy: 1, WGM: 6, NTA: 4, NTB: 0}
  - {Latency: 683364362, MT_M: 256, MT_N: 256, MT_K: 32, MI_M: 32, MI_N: 32, MI_K: 16,
    Occupancy: 1, WGM: 6, NTA: 0, NTB: 4}
  - {Latency: 810034425, MT_M: 256, MT_N: 192, MT_K: 32, MI_M: 16, MI_N: 16, MI_K: 32,
    Occupancy: 1, WGM: 0, NTA: 0, NTB: 0}
  - {Latency: 810034425, MT_M: 256, MT_N: 192, MT_K: 32, MI_M: 16, MI_N: 16, MI_K: 32,
    Occupancy: 1, WGM: 6, NTA: 4, NTB: 0}
  - {Latency: 810034425, MT_M: 256, MT_N: 192, MT_K: 32, MI_M: 16, MI_N: 16, MI_K: 32,
    Occupancy: 1, WGM: 6, NTA: 0, NTB: 4}
  - {Latency: 873614240, MT_M: 192, MT_N: 256, MT_K: 32, MI_M: 32, MI_N: 32, MI_K: 16,
    Occupancy: 1, WGM: 0, NTA: 0, NTB: 0}
  - {Latency: 873614240, MT_M: 192, MT_N: 256, MT_K: 32, MI_M: 32, MI_N: 32, MI_K: 16,
    Occupancy: 1, WGM: 6, NTA: 4, NTB: 0}
  - {Latency: 873614240, MT_M: 192, MT_N: 256, MT_K: 32, MI_M: 32, MI_N: 32, MI_K: 16,
    Occupancy: 1, WGM: 6, NTA: 0, NTB: 4}
  - {Latency: 1016119204, MT_M: 256, MT_N: 128, MT_K: 64, MI_M: 32, MI_N: 32, MI_K: 16,
    Occupancy: 1, WGM: 0, NTA: 0, NTB: 0}
  - {Latency: 1016119204, MT_M: 256, MT_N: 128, MT_K: 64, MI_M: 32, MI_N: 32, MI_K: 16,
    Occupancy: 1, WGM: 6, NTA: 4, NTB: 0}
  - {Latency: 1016119204, MT_M: 256, MT_N: 128, MT_K: 64, MI_M: 32, MI_N: 32, MI_K: 16,
    Occupancy: 1, WGM: 6, NTA: 0, NTB: 4}
  - {Latency: 1048388722, MT_M: 192, MT_N: 192, MT_K: 64, MI_M: 32, MI_N: 32, MI_K: 16,
    Occupancy: 1, WGM: 0, NTA: 0, NTB: 0}
  - {Latency: 1048388722, MT_M: 192, MT_N: 192, MT_K: 64, MI_M: 32, MI_N: 32, MI_K: 16,
    Occupancy: 1, WGM: 6, NTA: 4, NTB: 0}
  - {Latency: 1048388722, MT_M: 192, MT_N: 192, MT_K: 64, MI_M: 32, MI_N: 32, MI_K: 16,
    Occupancy: 1, WGM: 6, NTA: 0, NTB: 4}
  - {Latency: 1048966139, MT_M: 128, MT_N: 256, MT_K: 64, MI_M: 32, MI_N: 32, MI_K: 16,
    Occupancy: 1, WGM: 0, NTA: 0, NTB: 0}
  - {Latency: 1048966139, MT_M: 128, MT_N: 256, MT_K: 64, MI_M: 32, MI_N: 32, MI_K: 16,
    Occupancy: 1, WGM: 6, NTA: 4, NTB: 0}
  - {Latency: 1048966139, MT_M: 128, MT_N: 256, MT_K: 64, MI_M: 32, MI_N: 32, MI_K: 16,
    Occupancy: 1, WGM: 6, NTA: 0, NTB: 4}
  - {Latency: 1239765529, MT_M: 64, MT_N: 256, MT_K: 64, MI_M: 32, MI_N: 32, MI_K: 16,
    Occupancy: 1, WGM: 0, NTA: 0, NTB: 0}
  - {Latency: 1239765529, MT_M: 64, MT_N: 256, MT_K: 64, MI_M: 32, MI_N: 32, MI_K: 16,
    Occupancy: 1, WGM: 6, NTA: 4, NTB: 0}
  - {Latency: 1239765529, MT_M: 64, MT_N: 256, MT_K: 64, MI_M: 32, MI_N: 32, MI_K: 16,
    Occupancy: 1, WGM: 6, NTA: 0, NTB: 4}
  - {Latency: 1276241204, MT_M: 128, MT_N: 192, MT_K: 64, MI_M: 32, MI_N: 32, MI_K: 16,
    Occupancy: 1, WGM: 0, NTA: 0, NTB: 0}
  - {Latency: 1276241204, MT_M: 128, MT_N: 192, MT_K: 64, MI_M: 32, MI_N: 32, MI_K: 16,
    Occupancy: 1, WGM: 6, NTA: 4, NTB: 0}
  - {Latency: 1276241204, MT_M: 128, MT_N: 192, MT_K: 64, MI_M: 32, MI_N: 32, MI_K: 16,
    Occupancy: 1, WGM: 6, NTA: 0, NTB: 4}
  - {Latency: 1297424829, MT_M: 192, MT_N: 128, MT_K: 64, MI_M: 32, MI_N: 32, MI_K: 16,
    Occupancy: 1, WGM: 0, NTA: 0, NTB: 0}
  - {Latency: 1297424829, MT_M: 192, MT_N: 128, MT_K: 64, MI_M: 32, MI_N: 32, MI_K: 16,
    Occupancy: 1, WGM: 6, NTA: 4, NTB: 0}
  - {Latency: 1297424829, MT_M: 192, MT_N: 128, MT_K: 64, MI_M: 32, MI_N: 32, MI_K: 16,
    Occupancy: 1, WGM: 6, NTA: 0, NTB: 4}
  - {Latency: 1545176853, MT_M: 64, MT_N: 192, MT_K: 128, MI_M: 32, MI_N: 32, MI_K: 16,
    Occupancy: 1, WGM: 0, NTA: 0, NTB: 0}
  - {Latency: 1545176853, MT_M: 64, MT_N: 192, MT_K: 128, MI_M: 32, MI_N: 32, MI_K: 16,
    Occupancy: 1, WGM: 6, NTA: 4, NTB: 0}
  - {Latency: 1545176853, MT_M: 64, MT_N: 192, MT_K: 128, MI_M: 32, MI_N: 32, MI_K: 16,
    Occupancy: 1, WGM: 6, NTA: 0, NTB: 4}
  - {Latency: 1642684753, MT_M: 128, MT_N: 128, MT_K: 128, MI_M: 32, MI_N: 32, MI_K: 16,
    Occupancy: 1, WGM: 0, NTA: 0, NTB: 0}
  - {Latency: 1642684753, MT_M: 128, MT_N: 128, MT_K: 128, MI_M: 32, MI_N: 32, MI_K: 16,
    Occupancy: 1, WGM: 6, NTA: 4, NTB: 0}
  - {Latency: 1642684753, MT_M: 128, MT_N: 128, MT_K: 128, MI_M: 32, MI_N: 32, MI_K: 16,
    Occupancy: 1, WGM: 6, NTA: 0, NTB: 4}
  - {Latency: 1662120267, MT_M: 256, MT_N: 64, MT_K: 64, MI_M: 32, MI_N: 32, MI_K: 16,
    Occupancy: 1, WGM: 0, NTA: 0, NTB: 0}
  - {Latency: 1662120267, MT_M: 256, MT_N: 64, MT_K: 64, MI_M: 32, MI_N: 32, MI_K: 16,
    Occupancy: 1, WGM: 6, NTA: 4, NTB: 0}
  - {Latency: 1662120267, MT_M: 256, MT_N: 64, MT_K: 64, MI_M: 32, MI_N: 32, MI_K: 16,
    Occupancy: 1, WGM: 6, NTA: 0, NTB: 4}
  - {Latency: 1709330293, MT_M: 32, MT_N: 256, MT_K: 16, MI_M: 32, MI_N: 32, MI_K: 16,
    Occupancy: 2, WGM: 0, NTA: 0, NTB: 0}
  - {Latency: 1709330293, MT_M: 32, MT_N: 256, MT_K: 16, MI_M: 32, MI_N: 32, MI_K: 16,
    Occupancy: 2, WGM: 1, NTA: 4, NTB: 0}
  - {Latency: 1709330293, MT_M: 32, MT_N: 256, MT_K: 16, MI_M: 32, MI_N: 32, MI_K: 16,
    Occupancy: 2, WGM: 1, NTA: 0, NTB: 4}
  - {Latency: 2038209960, MT_M: 64, MT_N: 128, MT_K: 128, MI_M: 16, MI_N: 16, MI_K: 32,
    Occupancy: 1, WGM: 0, NTA: 0, NTB: 0}
  - {Latency: 2038209960, MT_M: 64, MT_N: 128, MT_K: 128, MI_M: 16, MI_N: 16, MI_K: 32,
    Occupancy: 1, WGM: 6, NTA: 4, NTB: 0}
  - {Latency: 2038209960, MT_M: 64, MT_N: 128, MT_K: 128, MI_M: 16, MI_N: 16, MI_K: 32,
    Occupancy: 1, WGM: 6, NTA: 0, NTB: 4}
  - {Latency: 2129884889, MT_M: 192, MT_N: 64, MT_K: 128, MI_M: 32, MI_N: 32, MI_K: 16,
    Occupancy: 1, WGM: 0, NTA: 0, NTB: 0}
  - {Latency: 2129884889, MT_M: 192, MT_N: 64, MT_K: 128, MI_M: 32, MI_N: 32, MI_K: 16,
    Occupancy: 1, WGM: 6, NTA: 4, NTB: 0}
  - {Latency: 2129884889, MT_M: 192, MT_N: 64, MT_K: 128, MI_M: 32, MI_N: 32, MI_K: 16,
    Occupancy: 1, WGM: 6, NTA: 0, NTB: 4}
  - {Latency: 2535274032, MT_M: 16, MT_N: 256, MT_K: 32, MI_M: 16, MI_N: 16, MI_K: 32,
    Occupancy: 2, WGM: 0, NTA: 0, NTB: 0}
  - {Latency: 2535274032, MT_M: 16, MT_N: 256, MT_K: 32, MI_M: 16, MI_N: 16, MI_K: 32,
    Occupancy: 2, WGM: 1, NTA: 4, NTB: 0}
  - {Latency: 2535274032, MT_M: 16, MT_N: 256, MT_K: 32, MI_M: 16, MI_N: 16, MI_K: 32,
    Occupancy: 2, WGM: 1, NTA: 0, NTB: 4}
  - {Latency: 2571891766, MT_M: 32, MT_N: 128, MT_K: 16, MI_M: 32, MI_N: 32, MI_K: 16,
    Occupancy: 5, WGM: 0, NTA: 0, NTB: 0}
  - {Latency: 2571891766, MT_M: 32, MT_N: 128, MT_K: 16, MI_M: 32, MI_N: 32, MI_K: 16,
    Occupancy: 5, WGM: 1, NTA: 4, NTB: 0}
  - {Latency: 2571891766, MT_M: 32, MT_N: 128, MT_K: 16, MI_M: 32, MI_N: 32, MI_K: 16,
    Occupancy: 5, WGM: 1, NTA: 0, NTB: 4}
  - {Latency: 2825694784, MT_M: 128, MT_N: 64, MT_K: 128, MI_M: 16, MI_N: 16, MI_K: 32,
    Occupancy: 1, WGM: 0, NTA: 0, NTB: 0}
  - {Latency: 2825694784, MT_M: 128, MT_N: 64, MT_K: 128, MI_M: 16, MI_N: 16, MI_K: 32,
    Occupancy: 1, WGM: 6, NTA: 4, NTB: 0}
  - {Latency: 2825694784, MT_M: 128, MT_N: 64, MT_K: 128, MI_M: 16, MI_N: 16, MI_K: 32,
    Occupancy: 1, WGM: 6, NTA: 0, NTB: 4}
  - {Latency: 3391793049, MT_M: 16, MT_N: 128, MT_K: 32, MI_M: 16, MI_N: 16, MI_K: 32,
    Occupancy: 3, WGM: 0, NTA: 0, NTB: 0}
  - {Latency: 3391793049, MT_M: 16, MT_N: 128, MT_K: 32, MI_M: 16, MI_N: 16, MI_K: 32,
    Occupancy: 3, WGM: 1, NTA: 4, NTB: 0}
  - {Latency: 3391793049, MT_M: 16, MT_N: 128, MT_K: 32, MI_M: 16, MI_N: 16, MI_K: 32,
    Occupancy: 3, WGM: 1, NTA: 0, NTB: 4}
  - {Latency: 3919244886, MT_M: 64, MT_N: 64, MT_K: 256, MI_M: 32, MI_N: 32, MI_K: 16,
    Occupancy: 1, WGM: 0, NTA: 0, NTB: 0}
  - {Latency: 3919244886, MT_M: 64, MT_N: 64, MT_K: 256, MI_M: 32, MI_N: 32, MI_K: 16,
    Occupancy: 1, WGM: 6, NTA: 4, NTB: 0}
  - {Latency: 3919244886, MT_M: 64, MT_N: 64, MT_K: 256, MI_M: 32, MI_N: 32, MI_K: 16,
    Occupancy: 1, WGM: 6, NTA: 0, NTB: 4}
  - {Latency: 4034793204, MT_M: 32, MT_N: 64, MT_K: 128, MI_M: 32, MI_N: 32, MI_K: 16,
    Occupancy: 1, WGM: 0, NTA: 0, NTB: 0}
  - {Latency: 4034793204, MT_M: 32, MT_N: 64, MT_K: 128, MI_M: 32, MI_N: 32, MI_K: 16,
    Occupancy: 1, WGM: 6, NTA: 4, NTB: 0}
  - {Latency: 4034793204, MT_M: 32, MT_N: 64, MT_K: 128, MI_M: 32, MI_N: 32, MI_K: 16,
    Occupancy: 1, WGM: 6, NTA: 0, NTB: 4}
  - {Latency: 5282005081, MT_M: 16, MT_N: 64, MT_K: 256, MI_M: 16, MI_N: 16, MI_K: 32,
    Occupancy: 1, WGM: 0, NTA: 0, NTB: 0}
  - {Latency: 5282005081, MT_M: 16, MT_N: 64, MT_K: 256, MI_M: 16, MI_N: 16, MI_K: 32,
    Occupancy: 1, WGM: 6, NTA: 4, NTB: 0}
  - {Latency: 5282005081, MT_M: 16, MT_N: 64, MT_K: 256, MI_M: 16, MI_N: 16, MI_K: 32,
    Occupancy: 1, WGM: 6, NTA: 0, NTB: 4}
  - {Latency: 6727064339, MT_M: 64, MT_N: 32, MT_K: 128, MI_M: 32, MI_N: 32, MI_K: 16,
    Occupancy: 1, WGM: 0, NTA: 0, NTB: 0}
  - {Latency: 6727064339, MT_M: 64, MT_N: 32, MT_K: 128, MI_M: 32, MI_N: 32, MI_K: 16,
    Occupancy: 1, WGM: 6, NTA: 4, NTB: 0}
  - {Latency: 6727064339, MT_M: 64, MT_N: 32, MT_K: 128, MI_M: 32, MI_N: 32, MI_K: 16,
    Occupancy: 1, WGM: 6, NTA: 0, NTB: 4}
  - {Latency: 8867943818, MT_M: 32, MT_N: 32, MT_K: 512, MI_M: 32, MI_N: 32, MI_K: 16,
    Occupancy: 1, WGM: 0, NTA: 0, NTB: 0}
  - {Latency: 8867943818, MT_M: 32, MT_N: 32, MT_K: 512, MI_M: 32, MI_N: 32, MI_K: 16,
    Occupancy: 1, WGM: 6, NTA: 4, NTB: 0}
  - {Latency: 8867943818, MT_M: 32, MT_N: 32, MT_K: 512, MI_M: 32, MI_N: 32, MI_K: 16,
    Occupancy: 1, WGM: 6, NTA: 0, NTB: 4}
  - {Latency: 9922550575, MT_M: 16, MT_N: 32, MT_K: 512, MI_M: 16, MI_N: 16, MI_K: 32,
    Occupancy: 1, WGM: 0, NTA: 0, NTB: 0}
  - {Latency: 9922550575, MT_M: 16, MT_N: 32, MT_K: 512, MI_M: 16, MI_N: 16, MI_K: 32,
    Occupancy: 1, WGM: 6, NTA: 4, NTB: 0}
  - {Latency: 9922550575, MT_M: 16, MT_N: 32, MT_K: 512, MI_M: 16, MI_N: 16, MI_K: 32,
    Occupancy: 1, WGM: 6, NTA: 0, NTB: 4}
  - {Latency: 14048495794, MT_M: 64, MT_N: 16, MT_K: 256, MI_M: 16, MI_N: 16, MI_K: 32,
    Occupancy: 1, WGM: 0, NTA: 0, NTB: 0}
  - {Latency: 14048495794, MT_M: 64, MT_N: 16, MT_K: 256, MI_M: 16, MI_N: 16, MI_K: 32,
    Occupancy: 1, WGM: 6, NTA: 4, NTB: 0}
  - {Latency: 14048495794, MT_M: 64, MT_N: 16, MT_K: 256, MI_M: 16, MI_N: 16, MI_K: 32,
    Occupancy: 1, WGM: 6, NTA: 0, NTB: 4}
  - {Latency: 16651846990, MT_M: 32, MT_N: 16, MT_K: 512, MI_M: 16, MI_N: 16, MI_K: 32,
    Occupancy: 1, WGM: 0, NTA: 0, NTB: 0}
  - {Latency: 16651846990, MT_M: 32, MT_N: 16, MT_K: 512, MI_M: 16, MI_N: 16, MI_K: 32,
    Occupancy: 1, WGM: 6, NTA: 4, NTB: 0}
  - {Latency: 16651846990, MT_M: 32, MT_N: 16, MT_K: 512, MI_M: 16, MI_N: 16, MI_K: 32,
    Occupancy: 1, WGM: 6, NTA: 0, NTB: 4}
  - {Latency: 17686319399, MT_M: 16, MT_N: 16, MT_K: 512, MI_M: 16, MI_N: 16, MI_K: 32,
    Occupancy: 1, WGM: 0, NTA: 0, NTB: 0}
  - {Latency: 17686319399, MT_M: 16, MT_N: 16, MT_K: 512, MI_M: 16, MI_N: 16, MI_K: 32,
    Occupancy: 1, WGM: 6, NTA: 4, NTB: 0}
  - {Latency: 17686319399, MT_M: 16, MT_N: 16, MT_K: 512, MI_M: 16, MI_N: 16, MI_K: 32,
    Occupancy: 1, WGM: 6, NTA: 0, NTB: 4}
- - {Latency: 5268283, MT_M: 256, MT_N: 256, MT_K: 32, MI_M: 32, MI_N: 32, MI_K: 16,
    Occupancy: 1, WGM: 0, NTA: 0, NTB: 0}
  - {Latency: 5268283, MT_M: 256, MT_N: 256, MT_K: 32, MI_M: 32, MI_N: 32, MI_K: 16,
    Occupancy: 1, WGM: 6, NTA: 4, NTB: 0}
  - {Latency: 5268283, MT_M: 256, MT_N: 256, MT_K: 32, MI_M: 32, MI_N: 32, MI_K: 16,
    Occupancy: 1, WGM: 6, NTA: 0, NTB: 4}
  - {Latency: 6813464, MT_M: 256, MT_N: 192, MT_K: 32, MI_M: 16, MI_N: 16, MI_K: 32,
    Occupancy: 1, WGM: 0, NTA: 0, NTB: 0}
  - {Latency: 6813464, MT_M: 256, MT_N: 192, MT_K: 32, MI_M: 16, MI_N: 16, MI_K: 32,
    Occupancy: 1, WGM: 6, NTA: 4, NTB: 0}
  - {Latency: 6813464, MT_M: 256, MT_N: 192, MT_K: 32, MI_M: 16, MI_N: 16, MI_K: 32,
    Occupancy: 1, WGM: 6, NTA: 0, NTB: 4}
  - {Latency: 6934874, MT_M: 192, MT_N: 256, MT_K: 32, MI_M: 32, MI_N: 32, MI_K: 16,
    Occupancy: 1, WGM: 0, NTA: 0, NTB: 0}
  - {Latency: 6934874, MT_M: 192, MT_N: 256, MT_K: 32, MI_M: 32, MI_N: 32, MI_K: 16,
    Occupancy: 1, WGM: 6, NTA: 4, NTB: 0}
  - {Latency: 6934874, MT_M: 192, MT_N: 256, MT_K: 32, MI_M: 32, MI_N: 32, MI_K: 16,
    Occupancy: 1, WGM: 6, NTA: 0, NTB: 4}
  - {Latency: 8128571, MT_M: 128, MT_N: 256, MT_K: 64, MI_M: 32, MI_N: 32, MI_K: 16,
    Occupancy: 1, WGM: 0, NTA: 0, NTB: 0}
  - {Latency: 8128571, MT_M: 128, MT_N: 256, MT_K: 64, MI_M: 32, MI_N: 32, MI_K: 16,
    Occupancy: 1, WGM: 6, NTA: 4, NTB: 0}
  - {Latency: 8128571, MT_M: 128, MT_N: 256, MT_K: 64, MI_M: 32, MI_N: 32, MI_K: 16,
    Occupancy: 1, WGM: 6, NTA: 0, NTB: 4}
  - {Latency: 8809940, MT_M: 192, MT_N: 192, MT_K: 64, MI_M: 32, MI_N: 32, MI_K: 16,
    Occupancy: 1, WGM: 0, NTA: 0, NTB: 0}
  - {Latency: 8809940, MT_M: 192, MT_N: 192, MT_K: 64, MI_M: 32, MI_N: 32, MI_K: 16,
    Occupancy: 1, WGM: 6, NTA: 4, NTB: 0}
  - {Latency: 8809940, MT_M: 192, MT_N: 192, MT_K: 64, MI_M: 32, MI_N: 32, MI_K: 16,
    Occupancy: 1, WGM: 6, NTA: 0, NTB: 4}
  - {Latency: 9370863, MT_M: 256, MT_N: 128, MT_K: 64, MI_M: 32, MI_N: 32, MI_K: 16,
    Occupancy: 1, WGM: 0, NTA: 0, NTB: 0}
  - {Latency: 9370863, MT_M: 256, MT_N: 128, MT_K: 64, MI_M: 32, MI_N: 32, MI_K: 16,
    Occupancy: 1, WGM: 6, NTA: 4, NTB: 0}
  - {Latency: 9370863, MT_M: 256, MT_N: 128, MT_K: 64, MI_M: 32, MI_N: 32, MI_K: 16,
    Occupancy: 1, WGM: 6, NTA: 0, NTB: 4}
  - {Latency: 9760633, MT_M: 128, MT_N: 192, MT_K: 64, MI_M: 32, MI_N: 32, MI_K: 16,
    Occupancy: 1, WGM: 0, NTA: 0, NTB: 0}
  - {Latency: 9760633, MT_M: 128, MT_N: 192, MT_K: 64, MI_M: 32, MI_N: 32, MI_K: 16,
    Occupancy: 1, WGM: 6, NTA: 4, NTB: 0}
  - {Latency: 9760633, MT_M: 128, MT_N: 192, MT_K: 64, MI_M: 32, MI_N: 32, MI_K: 16,
    Occupancy: 1, WGM: 6, NTA: 0, NTB: 4}
  - {Latency: 10616174, MT_M: 128, MT_N: 128, MT_K: 128, MI_M: 32, MI_N: 32, MI_K: 16,
    Occupancy: 1, WGM: 0, NTA: 0, NTB: 0}
  - {Latency: 10616174, MT_M: 128, MT_N: 128, MT_K: 128, MI_M: 32, MI_N: 32, MI_K: 16,
    Occupancy: 1, WGM: 6, NTA: 4, NTB: 0}
  - {Latency: 10616174, MT_M: 128, MT_N: 128, MT_K: 128, MI_M: 32, MI_N: 32, MI_K: 16,
    Occupancy: 1, WGM: 6, NTA: 0, NTB: 4}
  - {Latency: 11774987, MT_M: 64, MT_N: 256, MT_K: 64, MI_M: 32, MI_N: 32, MI_K: 16,
    Occupancy: 1, WGM: 0, NTA: 0, NTB: 0}
  - {Latency: 11774987, MT_M: 64, MT_N: 256, MT_K: 64, MI_M: 32, MI_N: 32, MI_K: 16,
    Occupancy: 1, WGM: 6, NTA: 4, NTB: 0}
  - {Latency: 11774987, MT_M: 64, MT_N: 256, MT_K: 64, MI_M: 32, MI_N: 32, MI_K: 16,
    Occupancy: 1, WGM: 6, NTA: 0, NTB: 4}
  - {Latency: 11959028, MT_M: 64, MT_N: 192, MT_K: 128, MI_M: 32, MI_N: 32, MI_K: 16,
    Occupancy: 1, WGM: 0, NTA: 0, NTB: 0}
  - {Latency: 11959028, MT_M: 64, MT_N: 192, MT_K: 128, MI_M: 32, MI_N: 32, MI_K: 16,
    Occupancy: 1, WGM: 6, NTA: 4, NTB: 0}
  - {Latency: 11959028, MT_M: 64, MT_N: 192, MT_K: 128, MI_M: 32, MI_N: 32, MI_K: 16,
    Occupancy: 1, WGM: 6, NTA: 0, NTB: 4}
  - {Latency: 12167547, MT_M: 192, MT_N: 128, MT_K: 64, MI_M: 32, MI_N: 32, MI_K: 16,
    Occupancy: 1, WGM: 0, NTA: 0, NTB: 0}
  - {Latency: 12167547, MT_M: 192, MT_N: 128, MT_K: 64, MI_M: 32, MI_N: 32, MI_K: 16,
    Occupancy: 1, WGM: 6, NTA: 4, NTB: 0}
  - {Latency: 12167547, MT_M: 192, MT_N: 128, MT_K: 64, MI_M: 32, MI_N: 32, MI_K: 16,
    Occupancy: 1, WGM: 6, NTA: 0, NTB: 4}
  - {Latency: 13170447, MT_M: 256, MT_N: 64, MT_K: 64, MI_M: 32, MI_N: 32, MI_K: 16,
    Occupancy: 1, WGM: 0, NTA: 0, NTB: 0}
  - {Latency: 13170447, MT_M: 256, MT_N: 64, MT_K: 64, MI_M: 32, MI_N: 32, MI_K: 16,
    Occupancy: 1, WGM: 6, NTA: 4, NTB: 0}
  - {Latency: 13170447, MT_M: 256, MT_N: 64, MT_K: 64, MI_M: 32, MI_N: 32, MI_K: 16,
    Occupancy: 1, WGM: 6, NTA: 0, NTB: 4}
  - {Latency: 13731959, MT_M: 128, MT_N: 64, MT_K: 128, MI_M: 16, MI_N: 16, MI_K: 32,
    Occupancy: 1, WGM: 0, NTA: 0, NTB: 0}
  - {Latency: 13731959, MT_M: 128, MT_N: 64, MT_K: 128, MI_M: 16, MI_N: 16, MI_K: 32,
    Occupancy: 1, WGM: 6, NTA: 4, NTB: 0}
  - {Latency: 13731959, MT_M: 128, MT_N: 64, MT_K: 128, MI_M: 16, MI_N: 16, MI_K: 32,
    Occupancy: 1, WGM: 6, NTA: 0, NTB: 4}
  - {Latency: 13981234, MT_M: 192, MT_N: 64, MT_K: 128, MI_M: 32, MI_N: 32, MI_K: 16,
    Occupancy: 1, WGM: 0, NTA: 0, NTB: 0}
  - {Latency: 13981234, MT_M: 192, MT_N: 64, MT_K: 128, MI_M: 32, MI_N: 32, MI_K: 16,
    Occupancy: 1, WGM: 6, NTA: 4, NTB: 0}
  - {Latency: 13981234, MT_M: 192, MT_N: 64, MT_K: 128, MI_M: 32, MI_N: 32, MI_K: 16,
    Occupancy: 1, WGM: 6, NTA: 0, NTB: 4}
  - {Latency: 14243268, MT_M: 64, MT_N: 128, MT_K: 128, MI_M: 16, MI_N: 16, MI_K: 32,
    Occupancy: 1, WGM: 0, NTA: 0, NTB: 0}
  - {Latency: 14243268, MT_M: 64, MT_N: 128, MT_K: 128, MI_M: 16, MI_N: 16, MI_K: 32,
    Occupancy: 1, WGM: 6, NTA: 4, NTB: 0}
  - {Latency: 14243268, MT_M: 64, MT_N: 128, MT_K: 128, MI_M: 16, MI_N: 16, MI_K: 32,
    Occupancy: 1, WGM: 6, NTA: 0, NTB: 4}
  - {Latency: 20839396, MT_M: 64, MT_N: 64, MT_K: 256, MI_M: 32, MI_N: 32, MI_K: 16,
    Occupancy: 1, WGM: 0, NTA: 0, NTB: 0}
  - {Latency: 20839396, MT_M: 64, MT_N: 64, MT_K: 256, MI_M: 32, MI_N: 32, MI_K: 16,
    Occupancy: 1, WGM: 6, NTA: 4, NTB: 0}
  - {Latency: 20839396, MT_M: 64, MT_N: 64, MT_K: 256, MI_M: 32, MI_N: 32, MI_K: 16,
    Occupancy: 1, WGM: 6, NTA: 0, NTB: 4}
  - {Latency: 26628630, MT_M: 32, MT_N: 256, MT_K: 16, MI_M: 32, MI_N: 32, MI_K: 16,
    Occupancy: 2, WGM: 0, NTA: 0, NTB: 0}
  - {Latency: 26628630, MT_M: 32, MT_N: 256, MT_K: 16, MI_M: 32, MI_N: 32, MI_K: 16,
    Occupancy: 2, WGM: 1, NTA: 4, NTB: 0}
  - {Latency: 26628630, MT_M: 32, MT_N: 256, MT_K: 16, MI_M: 32, MI_N: 32, MI_K: 16,
    Occupancy: 2, WGM: 1, NTA: 0, NTB: 4}
  - {Latency: 29396221, MT_M: 16, MT_N: 256, MT_K: 32, MI_M: 16, MI_N: 16, MI_K: 32,
    Occupancy: 2, WGM: 0, NTA: 0, NTB: 0}
  - {Latency: 29396221, MT_M: 16, MT_N: 256, MT_K: 32, MI_M: 16, MI_N: 16, MI_K: 32,
    Occupancy: 2, WGM: 1, NTA: 4, NTB: 0}
  - {Latency: 29396221, MT_M: 16, MT_N: 256, MT_K: 32, MI_M: 16, MI_N: 16, MI_K: 32,
    Occupancy: 2, WGM: 1, NTA: 0, NTB: 4}
  - {Latency: 33900418, MT_M: 32, MT_N: 64, MT_K: 128, MI_M: 32, MI_N: 32, MI_K: 16,
    Occupancy: 1, WGM: 0, NTA: 0, NTB: 0}
  - {Latency: 33900418, MT_M: 32, MT_N: 64, MT_K: 128, MI_M: 32, MI_N: 32, MI_K: 16,
    Occupancy: 1, WGM: 6, NTA: 4, NTB: 0}
  - {Latency: 33900418, MT_M: 32, MT_N: 64, MT_K: 128, MI_M: 32, MI_N: 32, MI_K: 16,
    Occupancy: 1, WGM: 6, NTA: 0, NTB: 4}
  - {Latency: 34443384, MT_M: 64, MT_N: 32, MT_K: 128, MI_M: 32, MI_N: 32, MI_K: 16,
    Occupancy: 1, WGM: 0, NTA: 0, NTB: 0}
  - {Latency: 34443384, MT_M: 64, MT_N: 32, MT_K: 128, MI_M: 32, MI_N: 32, MI_K: 16,
    Occupancy: 1, WGM: 6, NTA: 4, NTB: 0}
  - {Latency: 34443384, MT_M: 64, MT_N: 32, MT_K: 128, MI_M: 32, MI_N: 32, MI_K: 16,
    Occupancy: 1, WGM: 6, NTA: 0, NTB: 4}
  - {Latency: 37662512, MT_M: 32, MT_N: 128, MT_K: 16, MI_M: 32, MI_N: 32, MI_K: 16,
    Occupancy: 5, WGM: 0, NTA: 0, NTB: 0}
  - {Latency: 37662512, MT_M: 32, MT_N: 128, MT_K: 16, MI_M: 32, MI_N: 32, MI_K: 16,
    Occupancy: 5, WGM: 1, NTA: 4, NTB: 0}
  - {Latency: 37662512, MT_M: 32, MT_N: 128, MT_K: 16, MI_M: 32, MI_N: 32, MI_K: 16,
    Occupancy: 5, WGM: 1, NTA: 0, NTB: 4}
  - {Latency: 42071780, MT_M: 16, MT_N: 64, MT_K: 256, MI_M: 16, MI_N: 16, MI_K: 32,
    Occupancy: 1, WGM: 0, NTA: 0, NTB: 0}
  - {Latency: 42071780, MT_M: 16, MT_N: 64, MT_K: 256, MI_M: 16, MI_N: 16, MI_K: 32,
    Occupancy: 1, WGM: 6, NTA: 4, NTB: 0}
  - {Latency: 42071780, MT_M: 16, MT_N: 64, MT_K: 256, MI_M: 16, MI_N: 16, MI_K: 32,
    Occupancy: 1, WGM: 6, NTA: 0, NTB: 4}
  - {Latency: 43524606, MT_M: 16, MT_N: 128, MT_K: 32, MI_M: 16, MI_N: 16, MI_K: 32,
    Occupancy: 3, WGM: 0, NTA: 0, NTB: 0}
  - {Latency: 43524606, MT_M: 16, MT_N: 128, MT_K: 32, MI_M: 16, MI_N: 16, MI_K: 32,
    Occupancy: 3, WGM: 1, NTA: 4, NTB: 0}
  - {Latency: 43524606, MT_M: 16, MT_N: 128, MT_K: 32, MI_M: 16, MI_N: 16, MI_K: 32,
    Occupancy: 3, WGM: 1, NTA: 0, NTB: 4}
  - {Latency: 61307028, MT_M: 64, MT_N: 16, MT_K: 256, MI_M: 16, MI_N: 16, MI_K: 32,
    Occupancy: 1, WGM: 0, NTA: 0, NTB: 0}
  - {Latency: 61307028, MT_M: 64, MT_N: 16, MT_K: 256, MI_M: 16, MI_N: 16, MI_K: 32,
    Occupancy: 1, WGM: 6, NTA: 4, NTB: 0}
  - {Latency: 61307028, MT_M: 64, MT_N: 16, MT_K: 256, MI_M: 16, MI_N: 16, MI_K: 32,
    Occupancy: 1, WGM: 6, NTA: 0, NTB: 4}
  - {Latency: 61336801, MT_M: 32, MT_N: 32, MT_K: 512, MI_M: 32, MI_N: 32, MI_K: 16,
    Occupancy: 1, WGM: 0, NTA: 0, NTB: 0}
  - {Latency: 61336801, MT_M: 32, MT_N: 32, MT_K: 512, MI_M: 32, MI_N: 32, MI_K: 16,
    Occupancy: 1, WGM: 6, NTA: 4, NTB: 0}
  - {Latency: 61336801, MT_M: 32, MT_N: 32, MT_K: 512, MI_M: 32, MI_N: 32, MI_K: 16,
    Occupancy: 1, WGM: 6, NTA: 0, NTB: 4}
  - {Latency: 70931855, MT_M: 16, MT_N: 32, MT_K: 512, MI_M: 16, MI_N: 16, MI_K: 32,
    Occupancy: 1, WGM: 0, NTA: 0, NTB: 0}
  - {Latency: 70931855, MT_M: 16, MT_N: 32, MT_K: 512, MI_M: 16, MI_N: 16, MI_K: 32,
    Occupancy: 1, WGM: 6, NTA: 4, NTB: 0}
  - {Latency: 70931855, MT_M: 16, MT_N: 32, MT_K: 512, MI_M: 16, MI_N: 16, MI_K: 32,
    Occupancy: 1, WGM: 6, NTA: 0, NTB: 4}
  - {Latency: 114565027, MT_M: 32, MT_N: 16, MT_K: 512, MI_M: 16, MI_N: 16, MI_K: 32,
    Occupancy: 1, WGM: 0, NTA: 0, NTB: 0}
  - {Latency: 114565027, MT_M: 32, MT_N: 16, MT_K: 512, MI_M: 16, MI_N: 16, MI_K: 32,
    Occupancy: 1, WGM: 6, NTA: 4, NTB: 0}
  - {Latency: 114565027, MT_M: 32, MT_N: 16, MT_K: 512, MI_M: 16, MI_N: 16, MI_K: 32,
    Occupancy: 1, WGM: 6, NTA: 0, NTB: 4}
  - {Latency: 126475983, MT_M: 16, MT_N: 16, MT_K: 512, MI_M: 16, MI_N: 16, MI_K: 32,
    Occupancy: 1, WGM: 0, NTA: 0, NTB: 0}
  - {Latency: 126475983, MT_M: 16, MT_N: 16, MT_K: 512, MI_M: 16, MI_N: 16, MI_K: 32,
    Occupancy: 1, WGM: 6, NTA: 4, NTB: 0}
  - {Latency: 126475983, MT_M: 16, MT_N: 16, MT_K: 512, MI_M: 16, MI_N: 16, MI_K: 32,
    Occupancy: 1, WGM: 6, NTA: 0, NTB: 4}
- - {Latency: 42382043, MT_M: 256, MT_N: 256, MT_K: 32, MI_M: 32, MI_N: 32, MI_K: 16,
    Occupancy: 1, WGM: 0, NTA: 0, NTB: 0}
  - {Latency: 42382043, MT_M: 256, MT_N: 256, MT_K: 32, MI_M: 32, MI_N: 32, MI_K: 16,
    Occupancy: 1, WGM: 6, NTA: 4, NTB: 0}
  - {Latency: 42382043, MT_M: 256, MT_N: 256, MT_K: 32, MI_M: 32, MI_N: 32, MI_K: 16,
    Occupancy: 1, WGM: 6, NTA: 0, NTB: 4}
  - {Latency: 53832254, MT_M: 256, MT_N: 192, MT_K: 32, MI_M: 16, MI_N: 16, MI_K: 32,
    Occupancy: 1, WGM: 0, NTA: 0, NTB: 0}
  - {Latency: 53832254, MT_M: 256, MT_N: 192, MT_K: 32, MI_M: 16, MI_N: 16, MI_K: 32,
    Occupancy: 1, WGM: 6, NTA: 4, NTB: 0}
  - {Latency: 53832254, MT_M: 256, MT_N: 192, MT_K: 32, MI_M: 16, MI_N: 16, MI_K: 32,
    Occupancy: 1, WGM: 6, NTA: 0, NTB: 4}
  - {Latency: 56588475, MT_M: 192, MT_N: 256, MT_K: 32, MI_M: 32, MI_N: 32, MI_K: 16,
    Occupancy: 1, WGM: 0, NTA: 0, NTB: 0}
  - {Latency: 56588475, MT_M: 192, MT_N: 256, MT_K: 32, MI_M: 32, MI_N: 32, MI_K: 16,
    Occupancy: 1, WGM: 6, NTA: 4, NTB: 0}
  - {Latency: 56588475, MT_M: 192, MT_N: 256, MT_K: 32, MI_M: 32, MI_N: 32, MI_K: 16,
    Occupancy: 1, WGM: 6, NTA: 0, NTB: 4}
  - {Latency: 61339548, MT_M: 128, MT_N: 256, MT_K: 64, MI_M: 32, MI_N: 32, MI_K: 16,
    Occupancy: 1, WGM: 0, NTA: 0, NTB: 0}
  - {Latency: 61339548, MT_M: 128, MT_N: 256, MT_K: 64, MI_M: 32, MI_N: 32, MI_K: 16,
    Occupancy: 1, WGM: 6, NTA: 4, NTB: 0}
  - {Latency: 61339548, MT_M: 128, MT_N: 256, MT_K: 64, MI_M: 32, MI_N: 32, MI_K: 16,
    Occupancy: 1, WGM: 6, NTA: 0, NTB: 4}
  - {Latency: 70702750, MT_M: 256, MT_N: 128, MT_K: 64, MI_M: 32, MI_N: 32, MI_K: 16,
    Occupancy: 1, WGM: 0, NTA: 0, NTB: 0}
  - {Latency: 70702750, MT_M: 256, MT_N: 128, MT_K: 64, MI_M: 32, MI_N: 32, MI_K: 16,
    Occupancy: 1, WGM: 6, NTA: 4, NTB: 0}
  - {Latency: 70702750, MT_M: 256, MT_N: 128, MT_K: 64, MI_M: 32, MI_N: 32, MI_K: 16,
    Occupancy: 1, WGM: 6, NTA: 0, NTB: 4}
  - {Latency: 73810410, MT_M: 64, MT_N: 256, MT_K: 64, MI_M: 32, MI_N: 32, MI_K: 16,
    Occupancy: 1, WGM: 0, NTA: 0, NTB: 0}
  - {Latency: 73810410, MT_M: 64, MT_N: 256, MT_K: 64, MI_M: 32, MI_N: 32, MI_K: 16,
    Occupancy: 1, WGM: 6, NTA: 4, NTB: 0}
  - {Latency: 73810410, MT_M: 64, MT_N: 256, MT_K: 64, MI_M: 32, MI_N: 32, MI_K: 16,
    Occupancy: 1, WGM: 6, NTA: 0, NTB: 4}
  - {Latency: 74050823, MT_M: 192, MT_N: 192, MT_K: 64, MI_M: 32, MI_N: 32, MI_K: 16,
    Occupancy: 1, WGM: 0, NTA: 0, NTB: 0}
  - {Latency: 74050823, MT_M: 192, MT_N: 192, MT_K: 64, MI_M: 32, MI_N: 32, MI_K: 16,
    Occupancy: 1, WGM: 6, NTA: 4, NTB: 0}
  - {Latency: 74050823, MT_M: 192, MT_N: 192, MT_K: 64, MI_M: 32, MI_N: 32, MI_K: 16,
    Occupancy: 1, WGM: 6, NTA: 0, NTB: 4}
  - {Latency: 80694463, MT_M: 128, MT_N: 192, MT_K: 64, MI_M: 32, MI_N: 32, MI_K: 16,
    Occupancy: 1, WGM: 0, NTA: 0, NTB: 0}
  - {Latency: 80694463, MT_M: 128, MT_N: 192, MT_K: 64, MI_M: 32, MI_N: 32, MI_K: 16,
    Occupancy: 1, WGM: 6, NTA: 4, NTB: 0}
  - {Latency: 80694463, MT_M: 128, MT_N: 192, MT_K: 64, MI_M: 32, MI_N: 32, MI_K: 16,
    Occupancy: 1, WGM: 6, NTA: 0, NTB: 4}
  - {Latency: 95984332, MT_M: 192, MT_N: 128, MT_K: 64, MI_M: 32, MI_N: 32, MI_K: 16,
    Occupancy: 1, WGM: 0, NTA: 0, NTB: 0}
  - {Latency: 95984332, MT_M: 192, MT_N: 128, MT_K: 64, MI_M: 32, MI_N: 32, MI_K: 16,
    Occupancy: 1, WGM: 6, NTA: 4, NTB: 0}
  - {Latency: 95984332, MT_M: 192, MT_N: 128, MT_K: 64, MI_M: 32, MI_N: 32, MI_K: 16,
    Occupancy: 1, WGM: 6, NTA: 0, NTB: 4}
  - {Latency: 98496100, MT_M: 64, MT_N: 192, MT_K: 128, MI_M: 32, MI_N: 32, MI_K: 16,
    Occupancy: 1, WGM: 0, NTA: 0, NTB: 0}
  - {Latency: 98496100, MT_M: 64, MT_N: 192, MT_K: 128, MI_M: 32, MI_N: 32, MI_K: 16,
    Occupancy: 1, WGM: 6, NTA: 4, NTB: 0}
  - {Latency: 98496100, MT_M: 64, MT_N: 192, MT_K: 128, MI_M: 32, MI_N: 32, MI_K: 16,
    Occupancy: 1, WGM: 6, NTA: 0, NTB: 4}
  - {Latency: 113448168, MT_M: 128, MT_N: 128, MT_K: 128, MI_M: 32, MI_N: 32, MI_K: 16,
    Occupancy: 1, WGM: 0, NTA: 0, NTB: 0}
  - {Latency: 113448168, MT_M: 128, MT_N: 128, MT_K: 128, MI_M: 32, MI_N: 32, MI_K: 16,
    Occupancy: 1, WGM: 6, NTA: 4, NTB: 0}
  - {Latency: 113448168, MT_M: 128, MT_N: 128, MT_K: 128, MI_M: 32, MI_N: 32, MI_K: 16,
    Occupancy: 1, WGM: 6, NTA: 0, NTB: 4}
  - {Latency: 122210555, MT_M: 32, MT_N: 256, MT_K: 16, MI_M: 32, MI_N: 32, MI_K: 16,
    Occupancy: 2, WGM: 0, NTA: 0, NTB: 0}
  - {Latency: 122210555, MT_M: 32, MT_N: 256, MT_K: 16, MI_M: 32, MI_N: 32, MI_K: 16,
    Occupancy: 2, WGM: 1, NTA: 4, NTB: 0}
  - {Latency: 122210555, MT_M: 32, MT_N: 256, MT_K: 16, MI_M: 32, MI_N: 32, MI_K: 16,
    Occupancy: 2, WGM: 1, NTA: 0, NTB: 4}
  - {Latency: 125946137, MT_M: 256, MT_N: 64, MT_K: 64, MI_M: 32, MI_N: 32, MI_K: 16,
    Occupancy: 1, WGM: 0, NTA: 0, NTB: 0}
  - {Latency: 125946137, MT_M: 256, MT_N: 64, MT_K: 64, MI_M: 32, MI_N: 32, MI_K: 16,
    Occupancy: 1, WGM: 6, NTA: 4, NTB: 0}
  - {Latency: 125946137, MT_M: 256, MT_N: 64, MT_K: 64, MI_M: 32, MI_N: 32, MI_K: 16,
    Occupancy: 1, WGM: 6, NTA: 0, NTB: 4}
  - {Latency: 126667394, MT_M: 64, MT_N: 128, MT_K: 128, MI_M: 16, MI_N: 16, MI_K: 32,
    Occupancy: 1, WGM: 0, NTA: 0, NTB: 0}
  - {Latency: 126667394, MT_M: 64, MT_N: 128, MT_K: 128, MI_M: 16, MI_N: 16, MI_K: 32,
    Occupancy: 1, WGM: 6, NTA: 4, NTB: 0}
  - {Latency: 126667394, MT_M: 64, MT_N: 128, MT_K: 128, MI_M: 16, MI_N: 16, MI_K: 32,
    Occupancy: 1, WGM: 6, NTA: 0, NTB: 4}
  - {Latency: 168882511, MT_M: 16, MT_N: 256, MT_K: 32, MI_M: 16, MI_N: 16, MI_K: 32,
    Occupancy: 2, WGM: 0, NTA: 0, NTB: 0}
  - {Latency: 168882511, MT_M: 16, MT_N: 256, MT_K: 32, MI_M: 16, MI_N: 16, MI_K: 32,
    Occupancy: 2, WGM: 1, NTA: 4, NTB: 0}
  - {Latency: 168882511, MT_M: 16, MT_N: 256, MT_K: 32, MI_M: 16, MI_N: 16, MI_K: 32,
    Occupancy: 2, WGM: 1, NTA: 0, NTB: 4}
  - {Latency: 182275871, MT_M: 192, MT_N: 64, MT_K: 128, MI_M: 32, MI_N: 32, MI_K: 16,
    Occupancy: 1, WGM: 0, NTA: 0, NTB: 0}
  - {Latency: 182275871, MT_M: 192, MT_N: 64, MT_K: 128, MI_M: 32, MI_N: 32, MI_K: 16,
    Occupancy: 1, WGM: 6, NTA: 4, NTB: 0}
  - {Latency: 182275871, MT_M: 192, MT_N: 64, MT_K: 128, MI_M: 32, MI_N: 32, MI_K: 16,
    Occupancy: 1, WGM: 6, NTA: 0, NTB: 4}
  - {Latency: 197512274, MT_M: 32, MT_N: 128, MT_K: 16, MI_M: 32, MI_N: 32, MI_K: 16,
    Occupancy: 5, WGM: 0, NTA: 0, NTB: 0}
  - {Latency: 197512274, MT_M: 32, MT_N: 128, MT_K: 16, MI_M: 32, MI_N: 32, MI_K: 16,
    Occupancy: 5, WGM: 1, NTA: 4, NTB: 0}
  - {Latency: 197512274, MT_M: 32, MT_N: 128, MT_K: 16, MI_M: 32, MI_N: 32, MI_K: 16,
    Occupancy: 5, WGM: 1, NTA: 0, NTB: 4}
  - {Latency: 211416039, MT_M: 128, MT_N: 64, MT_K: 128, MI_M: 16, MI_N: 16, MI_K: 32,
    Occupancy: 1, WGM: 0, NTA: 0, NTB: 0}
  - {Latency: 211416039, MT_M: 128, MT_N: 64, MT_K: 128, MI_M: 16, MI_N: 16, MI_K: 32,
    Occupancy: 1, WGM: 6, NTA: 4, NTB: 0}
  - {Latency: 211416039, MT_M: 128, MT_N: 64, MT_K: 128, MI_M: 16, MI_N: 16, MI_K: 32,
    Occupancy: 1, WGM: 6, NTA: 0, NTB: 4}
  - {Latency: 244069225, MT_M: 16, MT_N: 128, MT_K: 32, MI_M: 16, MI_N: 16, MI_K: 32,
    Occupancy: 3, WGM: 0, NTA: 0, NTB: 0}
  - {Latency: 244069225, MT_M: 16, MT_N: 128, MT_K: 32, MI_M: 16, MI_N: 16, MI_K: 32,
    Occupancy: 3, WGM: 1, NTA: 4, NTB: 0}
  - {Latency: 244069225, MT_M: 16, MT_N: 128, MT_K: 32, MI_M: 16, MI_N: 16, MI_K: 32,
    Occupancy: 3, WGM: 1, NTA: 0, NTB: 4}
  - {Latency: 252179183, MT_M: 64, MT_N: 64, MT_K: 256, MI_M: 32, MI_N: 32, MI_K: 16,
    Occupancy: 1, WGM: 0, NTA: 0, NTB: 0}
  - {Latency: 252179183, MT_M: 64, MT_N: 64, MT_K: 256, MI_M: 32, MI_N: 32, MI_K: 16,
    Occupancy: 1, WGM: 6, NTA: 4, NTB: 0}
  - {Latency: 252179183, MT_M: 64, MT_N: 64, MT_K: 256, MI_M: 32, MI_N: 32, MI_K: 16,
    Occupancy: 1, WGM: 6, NTA: 0, NTB: 4}
  - {Latency: 257432763, MT_M: 32, MT_N: 64, MT_K: 128, MI_M: 32, MI_N: 32, MI_K: 16,
    Occupancy: 1, WGM: 0, NTA: 0, NTB: 0}
  - {Latency: 257432763, MT_M: 32, MT_N: 64, MT_K: 128, MI_M: 32, MI_N: 32, MI_K: 16,
    Occupancy: 1, WGM: 6, NTA: 4, NTB: 0}
  - {Latency: 257432763, MT_M: 32, MT_N: 64, MT_K: 128, MI_M: 32, MI_N: 32, MI_K: 16,
    Occupancy: 1, WGM: 6, NTA: 0, NTB: 4}
  - {Latency: 357969464, MT_M: 16, MT_N: 64, MT_K: 256, MI_M: 16, MI_N: 16, MI_K: 32,
    Occupancy: 1, WGM: 0, NTA: 0, NTB: 0}
  - {Latency: 357969464, MT_M: 16, MT_N: 64, MT_K: 256, MI_M: 16, MI_N: 16, MI_K: 32,
    Occupancy: 1, WGM: 6, NTA: 4, NTB: 0}
  - {Latency: 357969464, MT_M: 16, MT_N: 64, MT_K: 256, MI_M: 16, MI_N: 16, MI_K: 32,
    Occupancy: 1, WGM: 6, NTA: 0, NTB: 4}
  - {Latency: 418709839, MT_M: 64, MT_N: 32, MT_K: 128, MI_M: 32, MI_N: 32, MI_K: 16,
    Occupancy: 1, WGM: 0, NTA: 0, NTB: 0}
  - {Latency: 418709839, MT_M: 64, MT_N: 32, MT_K: 128, MI_M: 32, MI_N: 32, MI_K: 16,
    Occupancy: 1, WGM: 6, NTA: 4, NTB: 0}
  - {Latency: 418709839, MT_M: 64, MT_N: 32, MT_K: 128, MI_M: 32, MI_N: 32, MI_K: 16,
    Occupancy: 1, WGM: 6, NTA: 0, NTB: 4}
  - {Latency: 640927864, MT_M: 32, MT_N: 32, MT_K: 512, MI_M: 32, MI_N: 32, MI_K: 16,
    Occupancy: 1, WGM: 0, NTA: 0, NTB: 0}
  - {Latency: 640927864, MT_M: 32, MT_N: 32, MT_K: 512, MI_M: 32, MI_N: 32, MI_K: 16,
    Occupancy: 1, WGM: 6, NTA: 4, NTB: 0}
  - {Latency: 640927864, MT_M: 32, MT_N: 32, MT_K: 512, MI_M: 32, MI_N: 32, MI_K: 16,
    Occupancy: 1, WGM: 6, NTA: 0, NTB: 4}
  - {Latency: 732704464, MT_M: 16, MT_N: 32, MT_K: 512, MI_M: 16, MI_N: 16, MI_K: 32,
    Occupancy: 1, WGM: 0, NTA: 0, NTB: 0}
  - {Latency: 732704464, MT_M: 16, MT_N: 32, MT_K: 512, MI_M: 16, MI_N: 16, MI_K: 32,
    Occupancy: 1, WGM: 6, NTA: 4, NTB: 0}
  - {Latency: 732704464, MT_M: 16, MT_N: 32, MT_K: 512, MI_M: 16, MI_N: 16, MI_K: 32,
    Occupancy: 1, WGM: 6, NTA: 0, NTB: 4}
  - {Latency: 903805127, MT_M: 64, MT_N: 16, MT_K: 256, MI_M: 16, MI_N: 16, MI_K: 32,
    Occupancy: 1, WGM: 0, NTA: 0, NTB: 0}
  - {Latency: 903805127, MT_M: 64, MT_N: 16, MT_K: 256, MI_M: 16, MI_N: 16, MI_K: 32,
    Occupancy: 1, WGM: 6, NTA: 4, NTB: 0}
  - {Latency: 903805127, MT_M: 64, MT_N: 16, MT_K: 256, MI_M: 16, MI_N: 16, MI_K: 32,
    Occupancy: 1, WGM: 6, NTA: 0, NTB: 4}
  - {Latency: 1195109823, MT_M: 32, MT_N: 16, MT_K: 512, MI_M: 16, MI_N: 16, MI_K: 32,
    Occupancy: 1, WGM: 0, NTA: 0, NTB: 0}
  - {Latency: 1195109823, MT_M: 32, MT_N: 16, MT_K: 512, MI_M: 16, MI_N: 16, MI_K: 32,
    Occupancy: 1, WGM: 6, NTA: 4, NTB: 0}
  - {Latency: 1195109823, MT_M: 32, MT_N: 16, MT_K: 512, MI_M: 16, MI_N: 16, MI_K: 32,
    Occupancy: 1, WGM: 6, NTA: 0, NTB: 4}
  - {Latency: 1295646644, MT_M: 16, MT_N: 16, MT_K: 512, MI_M: 16, MI_N: 16, MI_K: 32,
    Occupancy: 1, WGM: 0, NTA: 0, NTB: 0}
  - {Latency: 1295646644, MT_M: 16, MT_N: 16, MT_K: 512, MI_M: 16, MI_N: 16, MI_K: 32,
    Occupancy: 1, WGM: 6, NTA: 4, NTB: 0}
  - {Latency: 1295646644, MT_M: 16, MT_N: 16, MT_K: 512, MI_M: 16, MI_N: 16, MI_K: 32,
    Occupancy: 1, WGM: 6, NTA: 0, NTB: 4}
- - {Latency: 515554220, MT_M: 256, MT_N: 256, MT_K: 32, MI_M: 32, MI_N: 32, MI_K: 16,
    Occupancy: 1, WGM: 0, NTA: 0, NTB: 0}
  - {Latency: 515554220, MT_M: 256, MT_N: 256, MT_K: 32, MI_M: 32, MI_N: 32, MI_K: 16,
    Occupancy: 1, WGM: 6, NTA: 4, NTB: 0}
  - {Latency: 515554220, MT_M: 256, MT_N: 256, MT_K: 32, MI_M: 32, MI_N: 32, MI_K: 16,
    Occupancy: 1, WGM: 6, NTA: 0, NTB: 4}
  - {Latency: 570206775, MT_M: 256, MT_N: 192, MT_K: 32, MI_M: 16, MI_N: 16, MI_K: 32,
    Occupancy: 1, WGM: 0, NTA: 0, NTB: 0}
  - {Latency: 570206775, MT_M: 256, MT_N: 192, MT_K: 32, MI_M: 16, MI_N: 16, MI_K: 32,
    Occupancy: 1, WGM: 6, NTA: 4, NTB: 0}
  - {Latency: 570206775, MT_M: 256, MT_N: 192, MT_K: 32, MI_M: 16, MI_N: 16, MI_K: 32,
    Occupancy: 1, WGM: 6, NTA: 0, NTB: 4}
  - {Latency: 604136745, MT_M: 192, MT_N: 256, MT_K: 32, MI_M: 32, MI_N: 32, MI_K: 16,
    Occupancy: 1, WGM: 0, NTA: 0, NTB: 0}
  - {Latency: 604136745, MT_M: 192, MT_N: 256, MT_K: 32, MI_M: 32, MI_N: 32, MI_K: 16,
    Occupancy: 1, WGM: 6, NTA: 4, NTB: 0}
  - {Latency: 604136745, MT_M: 192, MT_N: 256, MT_K: 32, MI_M: 32, MI_N: 32, MI_K: 16,
    Occupancy: 1, WGM: 6, NTA: 0, NTB: 4}
  - {Latency: 696652787, MT_M: 192, MT_N: 192, MT_K: 64, MI_M: 32, MI_N: 32, MI_K: 16,
    Occupancy: 1, WGM: 0, NTA: 0, NTB: 0}
  - {Latency: 696652787, MT_M: 192, MT_N: 192, MT_K: 64, MI_M: 32, MI_N: 32, MI_K: 16,
    Occupancy: 1, WGM: 6, NTA: 4, NTB: 0}
  - {Latency: 696652787, MT_M: 192, MT_N: 192, MT_K: 64, MI_M: 32, MI_N: 32, MI_K: 16,
    Occupancy: 1, WGM: 6, NTA: 0, NTB: 4}
  - {Latency: 697115696, MT_M: 256, MT_N: 128, MT_K: 64, MI_M: 32, MI_N: 32, MI_K: 16,
    Occupancy: 1, WGM: 0, NTA: 0, NTB: 0}
  - {Latency: 697115696, MT_M: 256, MT_N: 128, MT_K: 64, MI_M: 32, MI_N: 32, MI_K: 16,
    Occupancy: 1, WGM: 6, NTA: 4, NTB: 0}
  - {Latency: 697115696, MT_M: 256, MT_N: 128, MT_K: 64, MI_M: 32, MI_N: 32, MI_K: 16,
    Occupancy: 1, WGM: 6, NTA: 0, NTB: 4}
  - {Latency: 720677639, MT_M: 128, MT_N: 256, MT_K: 64, MI_M: 32, MI_N: 32, MI_K: 16,
    Occupancy: 1, WGM: 0, NTA: 0, NTB: 0}
  - {Latency: 720677639, MT_M: 128, MT_N: 256, MT_K: 64, MI_M: 32, MI_N: 32, MI_K: 16,
    Occupancy: 1, WGM: 6, NTA: 4, NTB: 0}
  - {Latency: 720677639, MT_M: 128, MT_N: 256, MT_K: 64, MI_M: 32, MI_N: 32, MI_K: 16,
    Occupancy: 1, WGM: 6, NTA: 0, NTB: 4}
  - {Latency: 835875355, MT_M: 128, MT_N: 192, MT_K: 64, MI_M: 32, MI_N: 32, MI_K: 16,
    Occupancy: 1, WGM: 0, NTA: 0, NTB: 0}
  - {Latency: 835875355, MT_M: 128, MT_N: 192, MT_K: 64, MI_M: 32, MI_N: 32, MI_K: 16,
    Occupancy: 1, WGM: 6, NTA: 4, NTB: 0}
  - {Latency: 835875355, MT_M: 128, MT_N: 192, MT_K: 64, MI_M: 32, MI_N: 32, MI_K: 16,
    Occupancy: 1, WGM: 6, NTA: 0, NTB: 4}
  - {Latency: 861581336, MT_M: 192, MT_N: 128, MT_K: 64, MI_M: 32, MI_N: 32, MI_K: 16,
    Occupancy: 1, WGM: 0, NTA: 0, NTB: 0}
  - {Latency: 861581336, MT_M: 192, MT_N: 128, MT_K: 64, MI_M: 32, MI_N: 32, MI_K: 16,
    Occupancy: 1, WGM: 6, NTA: 4, NTB: 0}
  - {Latency: 861581336, MT_M: 192, MT_N: 128, MT_K: 64, MI_M: 32, MI_N: 32, MI_K: 16,
    Occupancy: 1, WGM: 6, NTA: 0, NTB: 4}
  - {Latency: 897789555, MT_M: 64, MT_N: 256, MT_K: 64, MI_M: 32, MI_N: 32, MI_K: 16,
    Occupancy: 1, WGM: 0, NTA: 0, NTB: 0}
  - {Latency: 897789555, MT_M: 64, MT_N: 256, MT_K: 64, MI_M: 32, MI_N: 32, MI_K: 16,
    Occupancy: 1, WGM: 6, NTA: 4, NTB: 0}
  - {Latency: 897789555, MT_M: 64, MT_N: 256, MT_K: 64, MI_M: 32, MI_N: 32, MI_K: 16,
    Occupancy: 1, WGM: 6, NTA: 0, NTB: 4}
  - {Latency: 1071888884, MT_M: 256, MT_N: 64, MT_K: 64, MI_M: 32, MI_N: 32, MI_K: 16,
    Occupancy: 1, WGM: 0, NTA: 0, NTB: 0}
  - {Latency: 1071888884, MT_M: 256, MT_N: 64, MT_K: 64, MI_M: 32, MI_N: 32, MI_K: 16,
    Occupancy: 1, WGM: 6, NTA: 4, NTB: 0}
  - {Latency: 1071888884, MT_M: 256, MT_N: 64, MT_K: 64, MI_M: 32, MI_N: 32, MI_K: 16,
    Occupancy: 1, WGM: 6, NTA: 0, NTB: 4}
  - {Latency: 1076894329, MT_M: 64, MT_N: 192, MT_K: 128, MI_M: 32, MI_N: 32, MI_K: 16,
    Occupancy: 1, WGM: 0, NTA: 0, NTB: 0}
  - {Latency: 1076894329, MT_M: 64, MT_N: 192, MT_K: 128, MI_M: 32, MI_N: 32, MI_K: 16,
    Occupancy: 1, WGM: 6, NTA: 4, NTB: 0}
  - {Latency: 1076894329, MT_M: 64, MT_N: 192, MT_K: 128, MI_M: 32, MI_N: 32, MI_K: 16,
    Occupancy: 1, WGM: 6, NTA: 0, NTB: 4}
  - {Latency: 1077541833, MT_M: 128, MT_N: 128, MT_K: 128, MI_M: 32, MI_N: 32, MI_K: 16,
    Occupancy: 1, WGM: 0, NTA: 0, NTB: 0}
  - {Latency: 1077541833, MT_M: 128, MT_N: 128, MT_K: 128, MI_M: 32, MI_N: 32, MI_K: 16,
    Occupancy: 1, WGM: 6, NTA: 4, NTB: 0}
  - {Latency: 1077541833, MT_M: 128, MT_N: 128, MT_K: 128, MI_M: 32, MI_N: 32, MI_K: 16,
    Occupancy: 1, WGM: 6, NTA: 0, NTB: 4}
  - {Latency: 1261994245, MT_M: 32, MT_N: 256, MT_K: 16, MI_M: 32, MI_N: 32, MI_K: 16,
    Occupancy: 2, WGM: 0, NTA: 0, NTB: 0}
  - {Latency: 1261994245, MT_M: 32, MT_N: 256, MT_K: 16, MI_M: 32, MI_N: 32, MI_K: 16,
    Occupancy: 2, WGM: 1, NTA: 4, NTB: 0}
  - {Latency: 1261994245, MT_M: 32, MT_N: 256, MT_K: 16, MI_M: 32, MI_N: 32, MI_K: 16,
    Occupancy: 2, WGM: 1, NTA: 0, NTB: 4}
  - {Latency: 1393966903, MT_M: 192, MT_N: 64, MT_K: 128, MI_M: 32, MI_N: 32, MI_K: 16,
    Occupancy: 1, WGM: 0, NTA: 0, NTB: 0}
  - {Latency: 1393966903, MT_M: 192, MT_N: 64, MT_K: 128, MI_M: 32, MI_N: 32, MI_K: 16,
    Occupancy: 1, WGM: 6, NTA: 4, NTB: 0}
  - {Latency: 1393966903, MT_M: 192, MT_N: 64, MT_K: 128, MI_M: 32, MI_N: 32, MI_K: 16,
    Occupancy: 1, WGM: 6, NTA: 0, NTB: 4}
  - {Latency: 1433522572, MT_M: 64, MT_N: 128, MT_K: 128, MI_M: 16, MI_N: 16, MI_K: 32,
    Occupancy: 1, WGM: 0, NTA: 0, NTB: 0}
  - {Latency: 1433522572, MT_M: 64, MT_N: 128, MT_K: 128, MI_M: 16, MI_N: 16, MI_K: 32,
    Occupancy: 1, WGM: 6, NTA: 4, NTB: 0}
  - {Latency: 1433522572, MT_M: 64, MT_N: 128, MT_K: 128, MI_M: 16, MI_N: 16, MI_K: 32,
    Occupancy: 1, WGM: 6, NTA: 0, NTB: 4}
  - {Latency: 1830302592, MT_M: 128, MT_N: 64, MT_K: 128, MI_M: 16, MI_N: 16, MI_K: 32,
    Occupancy: 1, WGM: 0, NTA: 0, NTB: 0}
  - {Latency: 1830302592, MT_M: 128, MT_N: 64, MT_K: 128, MI_M: 16, MI_N: 16, MI_K: 32,
    Occupancy: 1, WGM: 6, NTA: 4, NTB: 0}
  - {Latency: 1830302592, MT_M: 128, MT_N: 64, MT_K: 128, MI_M: 16, MI_N: 16, MI_K: 32,
    Occupancy: 1, WGM: 6, NTA: 0, NTB: 4}
  - {Latency: 1847321107, MT_M: 32, MT_N: 128, MT_K: 16, MI_M: 32, MI_N: 32, MI_K: 16,
    Occupancy: 5, WGM: 0, NTA: 0, NTB: 0}
  - {Latency: 1847321107, MT_M: 32, MT_N: 128, MT_K: 16, MI_M: 32, MI_N: 32, MI_K: 16,
    Occupancy: 5, WGM: 1, NTA: 4, NTB: 0}
  - {Latency: 1847321107, MT_M: 32, MT_N: 128, MT_K: 16, MI_M: 32, MI_N: 32, MI_K: 16,
    Occupancy: 5, WGM: 1, NTA: 0, NTB: 4}
  - {Latency: 1864413625, MT_M: 16, MT_N: 256, MT_K: 32, MI_M: 16, MI_N: 16, MI_K: 32,
    Occupancy: 2, WGM: 0, NTA: 0, NTB: 0}
  - {Latency: 1864413625, MT_M: 16, MT_N: 256, MT_K: 32, MI_M: 16, MI_N: 16, MI_K: 32,
    Occupancy: 2, WGM: 1, NTA: 4, NTB: 0}
  - {Latency: 1864413625, MT_M: 16, MT_N: 256, MT_K: 32, MI_M: 16, MI_N: 16, MI_K: 32,
    Occupancy: 2, WGM: 1, NTA: 0, NTB: 4}
  - {Latency: 2425781753, MT_M: 16, MT_N: 128, MT_K: 32, MI_M: 16, MI_N: 16, MI_K: 32,
    Occupancy: 3, WGM: 0, NTA: 0, NTB: 0}
  - {Latency: 2425781753, MT_M: 16, MT_N: 128, MT_K: 32, MI_M: 16, MI_N: 16, MI_K: 32,
    Occupancy: 3, WGM: 1, NTA: 4, NTB: 0}
  - {Latency: 2425781753, MT_M: 16, MT_N: 128, MT_K: 32, MI_M: 16, MI_N: 16, MI_K: 32,
    Occupancy: 3, WGM: 1, NTA: 0, NTB: 4}
  - {Latency: 2595682742, MT_M: 64, MT_N: 64, MT_K: 256, MI_M: 32, MI_N: 32, MI_K: 16,
    Occupancy: 1, WGM: 0, NTA: 0, NTB: 0}
  - {Latency: 2595682742, MT_M: 64, MT_N: 64, MT_K: 256, MI_M: 32, MI_N: 32, MI_K: 16,
    Occupancy: 1, WGM: 6, NTA: 4, NTB: 0}
  - {Latency: 2595682742, MT_M: 64, MT_N: 64, MT_K: 256, MI_M: 32, MI_N: 32, MI_K: 16,
    Occupancy: 1, WGM: 6, NTA: 0, NTB: 4}
  - {Latency: 2887235217, MT_M: 32, MT_N: 64, MT_K: 128, MI_M: 32, MI_N: 32, MI_K: 16,
    Occupancy: 1, WGM: 0, NTA: 0, NTB: 0}
  - {Latency: 2887235217, MT_M: 32, MT_N: 64, MT_K: 128, MI_M: 32, MI_N: 32, MI_K: 16,
    Occupancy: 1, WGM: 6, NTA: 4, NTB: 0}
  - {Latency: 2887235217, MT_M: 32, MT_N: 64, MT_K: 128, MI_M: 32, MI_N: 32, MI_K: 16,
    Occupancy: 1, WGM: 6, NTA: 0, NTB: 4}
  - {Latency: 3598304737, MT_M: 16, MT_N: 64, MT_K: 256, MI_M: 16, MI_N: 16, MI_K: 32,
    Occupancy: 1, WGM: 0, NTA: 0, NTB: 0}
  - {Latency: 3598304737, MT_M: 16, MT_N: 64, MT_K: 256, MI_M: 16, MI_N: 16, MI_K: 32,
    Occupancy: 1, WGM: 6, NTA: 4, NTB: 0}
  - {Latency: 3598304737, MT_M: 16, MT_N: 64, MT_K: 256, MI_M: 16, MI_N: 16, MI_K: 32,
    Occupancy: 1, WGM: 6, NTA: 0, NTB: 4}
  - {Latency: 4743072451, MT_M: 64, MT_N: 32, MT_K: 128, MI_M: 32, MI_N: 32, MI_K: 16,
    Occupancy: 1, WGM: 0, NTA: 0, NTB: 0}
  - {Latency: 4743072451, MT_M: 64, MT_N: 32, MT_K: 128, MI_M: 32, MI_N: 32, MI_K: 16,
    Occupancy: 1, WGM: 6, NTA: 4, NTB: 0}
  - {Latency: 4743072451, MT_M: 64, MT_N: 32, MT_K: 128, MI_M: 32, MI_N: 32, MI_K: 16,
    Occupancy: 1, WGM: 6, NTA: 0, NTB: 4}
  - {Latency: 6329349108, MT_M: 32, MT_N: 32, MT_K: 512, MI_M: 32, MI_N: 32, MI_K: 16,
    Occupancy: 1, WGM: 0, NTA: 0, NTB: 0}
  - {Latency: 6329349108, MT_M: 32, MT_N: 32, MT_K: 512, MI_M: 32, MI_N: 32, MI_K: 16,
    Occupancy: 1, WGM: 6, NTA: 4, NTB: 0}
  - {Latency: 6329349108, MT_M: 32, MT_N: 32, MT_K: 512, MI_M: 32, MI_N: 32, MI_K: 16,
    Occupancy: 1, WGM: 6, NTA: 0, NTB: 4}
  - {Latency: 7132464553, MT_M: 16, MT_N: 32, MT_K: 512, MI_M: 16, MI_N: 16, MI_K: 32,
    Occupancy: 1, WGM: 0, NTA: 0, NTB: 0}
  - {Latency: 7132464553, MT_M: 16, MT_N: 32, MT_K: 512, MI_M: 16, MI_N: 16, MI_K: 32,
    Occupancy: 1, WGM: 6, NTA: 4, NTB: 0}
  - {Latency: 7132464553, MT_M: 16, MT_N: 32, MT_K: 512, MI_M: 16, MI_N: 16, MI_K: 32,
    Occupancy: 1, WGM: 6, NTA: 0, NTB: 4}
  - {Latency: 9303229275, MT_M: 64, MT_N: 16, MT_K: 256, MI_M: 16, MI_N: 16, MI_K: 32,
    Occupancy: 1, WGM: 0, NTA: 0, NTB: 0}
  - {Latency: 9303229275, MT_M: 64, MT_N: 16, MT_K: 256, MI_M: 16, MI_N: 16, MI_K: 32,
    Occupancy: 1, WGM: 6, NTA: 4, NTB: 0}
  - {Latency: 9303229275, MT_M: 64, MT_N: 16, MT_K: 256, MI_M: 16, MI_N: 16, MI_K: 32,
    Occupancy: 1, WGM: 6, NTA: 0, NTB: 4}
  - {Latency: 11842122956, MT_M: 32, MT_N: 16, MT_K: 512, MI_M: 16, MI_N: 16, MI_K: 32,
    Occupancy: 1, WGM: 0, NTA: 0, NTB: 0}
  - {Latency: 11842122956, MT_M: 32, MT_N: 16, MT_K: 512, MI_M: 16, MI_N: 16, MI_K: 32,
    Occupancy: 1, WGM: 6, NTA: 4, NTB: 0}
  - {Latency: 11842122956, MT_M: 32, MT_N: 16, MT_K: 512, MI_M: 16, MI_N: 16, MI_K: 32,
    Occupancy: 1, WGM: 6, NTA: 0, NTB: 4}
  - {Latency: 12681396435, MT_M: 16, MT_N: 16, MT_K: 512, MI_M: 16, MI_N: 16, MI_K: 32,
    Occupancy: 1, WGM: 0, NTA: 0, NTB: 0}
  - {Latency: 12681396435, MT_M: 16, MT_N: 16, MT_K: 512, MI_M: 16, MI_N: 16, MI_K: 32,
    Occupancy: 1, WGM: 6, NTA: 4, NTB: 0}
  - {Latency: 12681396435, MT_M: 16, MT_N: 16, MT_K: 512, MI_M: 16, MI_N: 16, MI_K: 32,
    Occupancy: 1, WGM: 6, NTA: 0, NTB: 4}
- - {Latency: 339019214, MT_M: 192, MT_N: 256, MT_K: 32, MI_M: 32, MI_N: 32, MI_K: 16,
    Occupancy: 1, WGM: 0, NTA: 0, NTB: 0}
  - {Latency: 339019214, MT_M: 192, MT_N: 256, MT_K: 32, MI_M: 32, MI_N: 32, MI_K: 16,
    Occupancy: 1, WGM: 6, NTA: 4, NTB: 0}
  - {Latency: 339019214, MT_M: 192, MT_N: 256, MT_K: 32, MI_M: 32, MI_N: 32, MI_K: 16,
    Occupancy: 1, WGM: 6, NTA: 0, NTB: 4}
  - {Latency: 429431879, MT_M: 192, MT_N: 192, MT_K: 64, MI_M: 32, MI_N: 32, MI_K: 16,
    Occupancy: 1, WGM: 0, NTA: 0, NTB: 0}
  - {Latency: 429431879, MT_M: 192, MT_N: 192, MT_K: 64, MI_M: 32, MI_N: 32, MI_K: 16,
    Occupancy: 1, WGM: 6, NTA: 4, NTB: 0}
  - {Latency: 429431879, MT_M: 192, MT_N: 192, MT_K: 64, MI_M: 32, MI_N: 32, MI_K: 16,
    Occupancy: 1, WGM: 6, NTA: 0, NTB: 4}
  - {Latency: 459377045, MT_M: 256, MT_N: 256, MT_K: 32, MI_M: 32, MI_N: 32, MI_K: 16,
    Occupancy: 1, WGM: 0, NTA: 0, NTB: 0}
  - {Latency: 459377045, MT_M: 256, MT_N: 256, MT_K: 32, MI_M: 32, MI_N: 32, MI_K: 16,
    Occupancy: 1, WGM: 6, NTA: 4, NTB: 0}
  - {Latency: 459377045, MT_M: 256, MT_N: 256, MT_K: 32, MI_M: 32, MI_N: 32, MI_K: 16,
    Occupancy: 1, WGM: 6, NTA: 0, NTB: 4}
  - {Latency: 500272119, MT_M: 128, MT_N: 256, MT_K: 64, MI_M: 32, MI_N: 32, MI_K: 16,
    Occupancy: 1, WGM: 0, NTA: 0, NTB: 0}
  - {Latency: 500272119, MT_M: 128, MT_N: 256, MT_K: 64, MI_M: 32, MI_N: 32, MI_K: 16,
    Occupancy: 1, WGM: 6, NTA: 4, NTB: 0}
  - {Latency: 500272119, MT_M: 128, MT_N: 256, MT_K: 64, MI_M: 32, MI_N: 32, MI_K: 16,
    Occupancy: 1, WGM: 6, NTA: 0, NTB: 4}
  - {Latency: 583869691, MT_M: 256, MT_N: 192, MT_K: 32, MI_M: 16, MI_N: 16, MI_K: 32,
    Occupancy: 1, WGM: 0, NTA: 0, NTB: 0}
  - {Latency: 583869691, MT_M: 256, MT_N: 192, MT_K: 32, MI_M: 16, MI_N: 16, MI_K: 32,
    Occupancy: 1, WGM: 6, NTA: 4, NTB: 0}
  - {Latency: 583869691, MT_M: 256, MT_N: 192, MT_K: 32, MI_M: 16, MI_N: 16, MI_K: 32,
    Occupancy: 1, WGM: 6, NTA: 0, NTB: 4}
  - {Latency: 625180429, MT_M: 192, MT_N: 128, MT_K: 64, MI_M: 32, MI_N: 32, MI_K: 16,
    Occupancy: 1, WGM: 0, NTA: 0, NTB: 0}
  - {Latency: 625180429, MT_M: 192, MT_N: 128, MT_K: 64, MI_M: 32, MI_N: 32, MI_K: 16,
    Occupancy: 1, WGM: 6, NTA: 4, NTB: 0}
  - {Latency: 625180429, MT_M: 192, MT_N: 128, MT_K: 64, MI_M: 32, MI_N: 32, MI_K: 16,
    Occupancy: 1, WGM: 6, NTA: 0, NTB: 4}
  - {Latency: 649813077, MT_M: 128, MT_N: 192, MT_K: 64, MI_M: 32, MI_N: 32, MI_K: 16,
    Occupancy: 1, WGM: 0, NTA: 0, NTB: 0}
  - {Latency: 649813077, MT_M: 128, MT_N: 192, MT_K: 64, MI_M: 32, MI_N: 32, MI_K: 16,
    Occupancy: 1, WGM: 6, NTA: 4, NTB: 0}
  - {Latency: 649813077, MT_M: 128, MT_N: 192, MT_K: 64, MI_M: 32, MI_N: 32, MI_K: 16,
    Occupancy: 1, WGM: 6, NTA: 0, NTB: 4}
  - {Latency: 681560580, MT_M: 64, MT_N: 256, MT_K: 64, MI_M: 32, MI_N: 32, MI_K: 16,
    Occupancy: 1, WGM: 0, NTA: 0, NTB: 0}
  - {Latency: 681560580, MT_M: 64, MT_N: 256, MT_K: 64, MI_M: 32, MI_N: 32, MI_K: 16,
    Occupancy: 1, WGM: 6, NTA: 4, NTB: 0}
  - {Latency: 681560580, MT_M: 64, MT_N: 256, MT_K: 64, MI_M: 32, MI_N: 32, MI_K: 16,
    Occupancy: 1, WGM: 6, NTA: 0, NTB: 4}
  - {Latency: 848491898, MT_M: 256, MT_N: 128, MT_K: 64, MI_M: 32, MI_N: 32, MI_K: 16,
    Occupancy: 1, WGM: 0, NTA: 0, NTB: 0}
  - {Latency: 848491898, MT_M: 256, MT_N: 128, MT_K: 64, MI_M: 32, MI_N: 32, MI_K: 16,
    Occupancy: 1, WGM: 6, NTA: 4, NTB: 0}
  - {Latency: 848491898, MT_M: 256, MT_N: 128, MT_K: 64, MI_M: 32, MI_N: 32, MI_K: 16,
    Occupancy: 1, WGM: 6, NTA: 0, NTB: 4}
  - {Latency: 891411741, MT_M: 64, MT_N: 192, MT_K: 128, MI_M: 32, MI_N: 32, MI_K: 16,
    Occupancy: 1, WGM: 0, NTA: 0, NTB: 0}
  - {Latency: 891411741, MT_M: 64, MT_N: 192, MT_K: 128, MI_M: 32, MI_N: 32, MI_K: 16,
    Occupancy: 1, WGM: 6, NTA: 4, NTB: 0}
  - {Latency: 891411741, MT_M: 64, MT_N: 192, MT_K: 128, MI_M: 32, MI_N: 32, MI_K: 16,
    Occupancy: 1, WGM: 6, NTA: 0, NTB: 4}
  - {Latency: 938257315, MT_M: 128, MT_N: 128, MT_K: 128, MI_M: 32, MI_N: 32, MI_K: 16,
    Occupancy: 1, WGM: 0, NTA: 0, NTB: 0}
  - {Latency: 938257315, MT_M: 128, MT_N: 128, MT_K: 128, MI_M: 32, MI_N: 32, MI_K: 16,
    Occupancy: 1, WGM: 6, NTA: 4, NTB: 0}
  - {Latency: 938257315, MT_M: 128, MT_N: 128, MT_K: 128, MI_M: 32, MI_N: 32, MI_K: 16,
    Occupancy: 1, WGM: 6, NTA: 0, NTB: 4}
  - {Latency: 1250672474, MT_M: 192, MT_N: 64, MT_K: 128, MI_M: 32, MI_N: 32, MI_K: 16,
    Occupancy: 1, WGM: 0, NTA: 0, NTB: 0}
  - {Latency: 1250672474, MT_M: 192, MT_N: 64, MT_K: 128, MI_M: 32, MI_N: 32, MI_K: 16,
    Occupancy: 1, WGM: 6, NTA: 4, NTB: 0}
  - {Latency: 1250672474, MT_M: 192, MT_N: 64, MT_K: 128, MI_M: 32, MI_N: 32, MI_K: 16,
    Occupancy: 1, WGM: 6, NTA: 0, NTB: 4}
  - {Latency: 1290839358, MT_M: 64, MT_N: 128, MT_K: 128, MI_M: 16, MI_N: 16, MI_K: 32,
    Occupancy: 1, WGM: 0, NTA: 0, NTB: 0}
  - {Latency: 1290839358, MT_M: 64, MT_N: 128, MT_K: 128, MI_M: 16, MI_N: 16, MI_K: 32,
    Occupancy: 1, WGM: 6, NTA: 4, NTB: 0}
  - {Latency: 1290839358, MT_M: 64, MT_N: 128, MT_K: 128, MI_M: 16, MI_N: 16, MI_K: 32,
    Occupancy: 1, WGM: 6, NTA: 0, NTB: 4}
  - {Latency: 1382703519, MT_M: 32, MT_N: 256, MT_K: 16, MI_M: 32, MI_N: 32, MI_K: 16,
    Occupancy: 2, WGM: 0, NTA: 0, NTB: 0}
  - {Latency: 1382703519, MT_M: 32, MT_N: 256, MT_K: 16, MI_M: 32, MI_N: 32, MI_K: 16,
    Occupancy: 2, WGM: 1, NTA: 4, NTB: 0}
  - {Latency: 1382703519, MT_M: 32, MT_N: 256, MT_K: 16, MI_M: 32, MI_N: 32, MI_K: 16,
    Occupancy: 2, WGM: 1, NTA: 0, NTB: 4}
  - {Latency: 1531528274, MT_M: 64, MT_N: 64, MT_K: 256, MI_M: 32, MI_N: 32, MI_K: 16,
    Occupancy: 1, WGM: 0, NTA: 0, NTB: 0}
  - {Latency: 1531528274, MT_M: 64, MT_N: 64, MT_K: 256, MI_M: 32, MI_N: 32, MI_K: 16,
    Occupancy: 1, WGM: 6, NTA: 4, NTB: 0}
  - {Latency: 1531528274, MT_M: 64, MT_N: 64, MT_K: 256, MI_M: 32, MI_N: 32, MI_K: 16,
    Occupancy: 1, WGM: 6, NTA: 0, NTB: 4}
  - {Latency: 1590946732, MT_M: 64, MT_N: 32, MT_K: 128, MI_M: 32, MI_N: 32, MI_K: 16,
    Occupancy: 1, WGM: 0, NTA: 0, NTB: 0}
  - {Latency: 1590946732, MT_M: 64, MT_N: 32, MT_K: 128, MI_M: 32, MI_N: 32, MI_K: 16,
    Occupancy: 1, WGM: 6, NTA: 4, NTB: 0}
  - {Latency: 1590946732, MT_M: 64, MT_N: 32, MT_K: 128, MI_M: 32, MI_N: 32, MI_K: 16,
    Occupancy: 1, WGM: 6, NTA: 0, NTB: 4}
  - {Latency: 1669838612, MT_M: 32, MT_N: 128, MT_K: 16, MI_M: 32, MI_N: 32, MI_K: 16,
    Occupancy: 5, WGM: 0, NTA: 0, NTB: 0}
  - {Latency: 1669838612, MT_M: 32, MT_N: 128, MT_K: 16, MI_M: 32, MI_N: 32, MI_K: 16,
    Occupancy: 5, WGM: 1, NTA: 4, NTB: 0}
  - {Latency: 1669838612, MT_M: 32, MT_N: 128, MT_K: 16, MI_M: 32, MI_N: 32, MI_K: 16,
    Occupancy: 5, WGM: 1, NTA: 0, NTB: 4}
  - {Latency: 1695716033, MT_M: 256, MT_N: 64, MT_K: 64, MI_M: 32, MI_N: 32, MI_K: 16,
    Occupancy: 1, WGM: 0, NTA: 0, NTB: 0}
  - {Latency: 1695716033, MT_M: 256, MT_N: 64, MT_K: 64, MI_M: 32, MI_N: 32, MI_K: 16,
    Occupancy: 1, WGM: 6, NTA: 4, NTB: 0}
  - {Latency: 1695716033, MT_M: 256, MT_N: 64, MT_K: 64, MI_M: 32, MI_N: 32, MI_K: 16,
    Occupancy: 1, WGM: 6, NTA: 0, NTB: 4}
  - {Latency: 1731854235, MT_M: 128, MT_N: 64, MT_K: 128, MI_M: 16, MI_N: 16, MI_K: 32,
    Occupancy: 1, WGM: 0, NTA: 0, NTB: 0}
  - {Latency: 1731854235, MT_M: 128, MT_N: 64, MT_K: 128, MI_M: 16, MI_N: 16, MI_K: 32,
    Occupancy: 1, WGM: 6, NTA: 4, NTB: 0}
  - {Latency: 1731854235, MT_M: 128, MT_N: 64, MT_K: 128, MI_M: 16, MI_N: 16, MI_K: 32,
    Occupancy: 1, WGM: 6, NTA: 0, NTB: 4}
  - {Latency: 1754192699, MT_M: 32, MT_N: 64, MT_K: 128, MI_M: 32, MI_N: 32, MI_K: 16,
    Occupancy: 1, WGM: 0, NTA: 0, NTB: 0}
  - {Latency: 1754192699, MT_M: 32, MT_N: 64, MT_K: 128, MI_M: 32, MI_N: 32, MI_K: 16,
    Occupancy: 1, WGM: 6, NTA: 4, NTB: 0}
  - {Latency: 1754192699, MT_M: 32, MT_N: 64, MT_K: 128, MI_M: 32, MI_N: 32, MI_K: 16,
    Occupancy: 1, WGM: 6, NTA: 0, NTB: 4}
  - {Latency: 1909988111, MT_M: 64, MT_N: 16, MT_K: 256, MI_M: 16, MI_N: 16, MI_K: 32,
    Occupancy: 1, WGM: 0, NTA: 0, NTB: 0}
  - {Latency: 1909988111, MT_M: 64, MT_N: 16, MT_K: 256, MI_M: 16, MI_N: 16, MI_K: 32,
    Occupancy: 1, WGM: 6, NTA: 4, NTB: 0}
  - {Latency: 1909988111, MT_M: 64, MT_N: 16, MT_K: 256, MI_M: 16, MI_N: 16, MI_K: 32,
    Occupancy: 1, WGM: 6, NTA: 0, NTB: 4}
  - {Latency: 2014728700, MT_M: 16, MT_N: 256, MT_K: 32, MI_M: 16, MI_N: 16, MI_K: 32,
    Occupancy: 2, WGM: 0, NTA: 0, NTB: 0}
  - {Latency: 2014728700, MT_M: 16, MT_N: 256, MT_K: 32, MI_M: 16, MI_N: 16, MI_K: 32,
    Occupancy: 2, WGM: 1, NTA: 4, NTB: 0}
  - {Latency: 2014728700, MT_M: 16, MT_N: 256, MT_K: 32, MI_M: 16, MI_N: 16, MI_K: 32,
    Occupancy: 2, WGM: 1, NTA: 0, NTB: 4}
  - {Latency: 2088186624, MT_M: 16, MT_N: 128, MT_K: 32, MI_M: 16, MI_N: 16, MI_K: 32,
    Occupancy: 3, WGM: 0, NTA: 0, NTB: 0}
  - {Latency: 2088186624, MT_M: 16, MT_N: 128, MT_K: 32, MI_M: 16, MI_N: 16, MI_K: 32,
    Occupancy: 3, WGM: 1, NTA: 4, NTB: 0}
  - {Latency: 2088186624, MT_M: 16, MT_N: 128, MT_K: 32, MI_M: 16, MI_N: 16, MI_K: 32,
    Occupancy: 3, WGM: 1, NTA: 0, NTB: 4}
  - {Latency: 2217361854, MT_M: 32, MT_N: 32, MT_K: 512, MI_M: 32, MI_N: 32, MI_K: 16,
    Occupancy: 1, WGM: 0, NTA: 0, NTB: 0}
  - {Latency: 2217361854, MT_M: 32, MT_N: 32, MT_K: 512, MI_M: 32, MI_N: 32, MI_K: 16,
    Occupancy: 1, WGM: 6, NTA: 4, NTB: 0}
  - {Latency: 2217361854, MT_M: 32, MT_N: 32, MT_K: 512, MI_M: 32, MI_N: 32, MI_K: 16,
    Occupancy: 1, WGM: 6, NTA: 0, NTB: 4}
  - {Latency: 2394449925, MT_M: 16, MT_N: 64, MT_K: 256, MI_M: 16, MI_N: 16, MI_K: 32,
    Occupancy: 1, WGM: 0, NTA: 0, NTB: 0}
  - {Latency: 2394449925, MT_M: 16, MT_N: 64, MT_K: 256, MI_M: 16, MI_N: 16, MI_K: 32,
    Occupancy: 1, WGM: 6, NTA: 4, NTB: 0}
  - {Latency: 2394449925, MT_M: 16, MT_N: 64, MT_K: 256, MI_M: 16, MI_N: 16, MI_K: 32,
    Occupancy: 1, WGM: 6, NTA: 0, NTB: 4}
  - {Latency: 2777629049, MT_M: 32, MT_N: 16, MT_K: 512, MI_M: 16, MI_N: 16, MI_K: 32,
    Occupancy: 1, WGM: 0, NTA: 0, NTB: 0}
  - {Latency: 2777629049, MT_M: 32, MT_N: 16, MT_K: 512, MI_M: 16, MI_N: 16, MI_K: 32,
    Occupancy: 1, WGM: 6, NTA: 4, NTB: 0}
  - {Latency: 2777629049, MT_M: 32, MT_N: 16, MT_K: 512, MI_M: 16, MI_N: 16, MI_K: 32,
    Occupancy: 1, WGM: 6, NTA: 0, NTB: 4}
  - {Latency: 3109163426, MT_M: 16, MT_N: 32, MT_K: 512, MI_M: 16, MI_N: 16, MI_K: 32,
    Occupancy: 1, WGM: 0, NTA: 0, NTB: 0}
  - {Latency: 3109163426, MT_M: 16, MT_N: 32, MT_K: 512, MI_M: 16, MI_N: 16, MI_K: 32,
    Occupancy: 1, WGM: 6, NTA: 4, NTB: 0}
  - {Latency: 3109163426, MT_M: 16, MT_N: 32, MT_K: 512, MI_M: 16, MI_N: 16, MI_K: 32,
    Occupancy: 1, WGM: 6, NTA: 0, NTB: 4}
  - {Latency: 4230802956, MT_M: 16, MT_N: 16, MT_K: 512, MI_M: 16, MI_N: 16, MI_K: 32,
    Occupancy: 1, WGM: 0, NTA: 0, NTB: 0}
  - {Latency: 4230802956, MT_M: 16, MT_N: 16, MT_K: 512, MI_M: 16, MI_N: 16, MI_K: 32,
    Occupancy: 1, WGM: 6, NTA: 4, NTB: 0}
  - {Latency: 4230802956, MT_M: 16, MT_N: 16, MT_K: 512, MI_M: 16, MI_N: 16, MI_K: 32,
    Occupancy: 1, WGM: 6, NTA: 0, NTB: 4}
- - {Latency: 1057510342, MT_M: 256, MT_N: 256, MT_K: 32, MI_M: 32, MI_N: 32, MI_K: 16,
    Occupancy: 1, WGM: 0, NTA: 0, NTB: 0}
  - {Latency: 1057510342, MT_M: 256, MT_N: 256, MT_K: 32, MI_M: 32, MI_N: 32, MI_K: 16,
    Occupancy: 1, WGM: 6, NTA: 4, NTB: 0}
  - {Latency: 1057510342, MT_M: 256, MT_N: 256, MT_K: 32, MI_M: 32, MI_N: 32, MI_K: 16,
    Occupancy: 1, WGM: 6, NTA: 0, NTB: 4}
  - {Latency: 1047740856, MT_M: 256, MT_N: 192, MT_K: 32, MI_M: 16, MI_N: 16, MI_K: 32,
    Occupancy: 1, WGM: 0, NTA: 0, NTB: 0}
  - {Latency: 1047740856, MT_M: 256, MT_N: 192, MT_K: 32, MI_M: 16, MI_N: 16, MI_K: 32,
    Occupancy: 1, WGM: 6, NTA: 4, NTB: 0}
  - {Latency: 1047740856, MT_M: 256, MT_N: 192, MT_K: 32, MI_M: 16, MI_N: 16, MI_K: 32,
    Occupancy: 1, WGM: 6, NTA: 0, NTB: 4}
  - {Latency: 1402894150, MT_M: 192, MT_N: 256, MT_K: 32, MI_M: 32, MI_N: 32, MI_K: 16,
    Occupancy: 1, WGM: 0, NTA: 0, NTB: 0}
  - {Latency: 1402894150, MT_M: 192, MT_N: 256, MT_K: 32, MI_M: 32, MI_N: 32, MI_K: 16,
    Occupancy: 1, WGM: 6, NTA: 4, NTB: 0}
  - {Latency: 1402894150, MT_M: 192, MT_N: 256, MT_K: 32, MI_M: 32, MI_N: 32, MI_K: 16,
    Occupancy: 1, WGM: 6, NTA: 0, NTB: 4}
  - {Latency: 1436811922, MT_M: 192, MT_N: 192, MT_K: 64, MI_M: 32, MI_N: 32, MI_K: 16,
    Occupancy: 1, WGM: 0, NTA: 0, NTB: 0}
  - {Latency: 1436811922, MT_M: 192, MT_N: 192, MT_K: 64, MI_M: 32, MI_N: 32, MI_K: 16,
    Occupancy: 1, WGM: 6, NTA: 4, NTB: 0}
  - {Latency: 1436811922, MT_M: 192, MT_N: 192, MT_K: 64, MI_M: 32, MI_N: 32, MI_K: 16,
    Occupancy: 1, WGM: 6, NTA: 0, NTB: 4}
  - {Latency: 1791282956, MT_M: 256, MT_N: 128, MT_K: 64, MI_M: 32, MI_N: 32, MI_K: 16,
    Occupancy: 1, WGM: 0, NTA: 0, NTB: 0}
  - {Latency: 1791282956, MT_M: 256, MT_N: 128, MT_K: 64, MI_M: 32, MI_N: 32, MI_K: 16,
    Occupancy: 1, WGM: 6, NTA: 4, NTB: 0}
  - {Latency: 1791282956, MT_M: 256, MT_N: 128, MT_K: 64, MI_M: 32, MI_N: 32, MI_K: 16,
    Occupancy: 1, WGM: 6, NTA: 0, NTB: 4}
  - {Latency: 2014093131, MT_M: 128, MT_N: 192, MT_K: 64, MI_M: 32, MI_N: 32, MI_K: 16,
    Occupancy: 1, WGM: 0, NTA: 0, NTB: 0}
  - {Latency: 2014093131, MT_M: 128, MT_N: 192, MT_K: 64, MI_M: 32, MI_N: 32, MI_K: 16,
    Occupancy: 1, WGM: 6, NTA: 4, NTB: 0}
  - {Latency: 2014093131, MT_M: 128, MT_N: 192, MT_K: 64, MI_M: 32, MI_N: 32, MI_K: 16,
    Occupancy: 1, WGM: 6, NTA: 0, NTB: 4}
  - {Latency: 2026115703, MT_M: 128, MT_N: 256, MT_K: 64, MI_M: 32, MI_N: 32, MI_K: 16,
    Occupancy: 1, WGM: 0, NTA: 0, NTB: 0}
  - {Latency: 2026115703, MT_M: 128, MT_N: 256, MT_K: 64, MI_M: 32, MI_N: 32, MI_K: 16,
    Occupancy: 1, WGM: 6, NTA: 4, NTB: 0}
  - {Latency: 2026115703, MT_M: 128, MT_N: 256, MT_K: 64, MI_M: 32, MI_N: 32, MI_K: 16,
    Occupancy: 1, WGM: 6, NTA: 0, NTB: 4}
  - {Latency: 2384049976, MT_M: 192, MT_N: 128, MT_K: 64, MI_M: 32, MI_N: 32, MI_K: 16,
    Occupancy: 1, WGM: 0, NTA: 0, NTB: 0}
  - {Latency: 2384049976, MT_M: 192, MT_N: 128, MT_K: 64, MI_M: 32, MI_N: 32, MI_K: 16,
    Occupancy: 1, WGM: 6, NTA: 4, NTB: 0}
  - {Latency: 2384049976, MT_M: 192, MT_N: 128, MT_K: 64, MI_M: 32, MI_N: 32, MI_K: 16,
    Occupancy: 1, WGM: 6, NTA: 0, NTB: 4}
  - {Latency: 2409931120, MT_M: 64, MT_N: 192, MT_K: 128, MI_M: 32, MI_N: 32, MI_K: 16,
    Occupancy: 1, WGM: 0, NTA: 0, NTB: 0}
  - {Latency: 2409931120, MT_M: 64, MT_N: 192, MT_K: 128, MI_M: 32, MI_N: 32, MI_K: 16,
    Occupancy: 1, WGM: 6, NTA: 4, NTB: 0}
  - {Latency: 2409931120, MT_M: 64, MT_N: 192, MT_K: 128, MI_M: 32, MI_N: 32, MI_K: 16,
    Occupancy: 1, WGM: 6, NTA: 0, NTB: 4}
  - {Latency: 2563409484, MT_M: 64, MT_N: 256, MT_K: 64, MI_M: 32, MI_N: 32, MI_K: 16,
    Occupancy: 1, WGM: 0, NTA: 0, NTB: 0}
  - {Latency: 2563409484, MT_M: 64, MT_N: 256, MT_K: 64, MI_M: 32, MI_N: 32, MI_K: 16,
    Occupancy: 1, WGM: 6, NTA: 4, NTB: 0}
  - {Latency: 2563409484, MT_M: 64, MT_N: 256, MT_K: 64, MI_M: 32, MI_N: 32, MI_K: 16,
    Occupancy: 1, WGM: 6, NTA: 0, NTB: 4}
  - {Latency: 3132374122, MT_M: 256, MT_N: 64, MT_K: 64, MI_M: 32, MI_N: 32, MI_K: 16,
    Occupancy: 1, WGM: 0, NTA: 0, NTB: 0}
  - {Latency: 3132374122, MT_M: 256, MT_N: 64, MT_K: 64, MI_M: 32, MI_N: 32, MI_K: 16,
    Occupancy: 1, WGM: 6, NTA: 4, NTB: 0}
  - {Latency: 3132374122, MT_M: 256, MT_N: 64, MT_K: 64, MI_M: 32, MI_N: 32, MI_K: 16,
    Occupancy: 1, WGM: 6, NTA: 0, NTB: 4}
  - {Latency: 3375419757, MT_M: 128, MT_N: 128, MT_K: 128, MI_M: 32, MI_N: 32, MI_K: 16,
    Occupancy: 1, WGM: 0, NTA: 0, NTB: 0}
  - {Latency: 3375419757, MT_M: 128, MT_N: 128, MT_K: 128, MI_M: 32, MI_N: 32, MI_K: 16,
    Occupancy: 1, WGM: 6, NTA: 4, NTB: 0}
  - {Latency: 3375419757, MT_M: 128, MT_N: 128, MT_K: 128, MI_M: 32, MI_N: 32, MI_K: 16,
    Occupancy: 1, WGM: 6, NTA: 0, NTB: 4}
  - {Latency: 3414940519, MT_M: 32, MT_N: 256, MT_K: 16, MI_M: 32, MI_N: 32, MI_K: 16,
    Occupancy: 2, WGM: 0, NTA: 0, NTB: 0}
  - {Latency: 3414940519, MT_M: 32, MT_N: 256, MT_K: 16, MI_M: 32, MI_N: 32, MI_K: 16,
    Occupancy: 2, WGM: 1, NTA: 4, NTB: 0}
  - {Latency: 3414940519, MT_M: 32, MT_N: 256, MT_K: 16, MI_M: 32, MI_N: 32, MI_K: 16,
    Occupancy: 2, WGM: 1, NTA: 0, NTB: 4}
  - {Latency: 3576820320, MT_M: 64, MT_N: 128, MT_K: 128, MI_M: 16, MI_N: 16, MI_K: 32,
    Occupancy: 1, WGM: 0, NTA: 0, NTB: 0}
  - {Latency: 3576820320, MT_M: 64, MT_N: 128, MT_K: 128, MI_M: 16, MI_N: 16, MI_K: 32,
    Occupancy: 1, WGM: 6, NTA: 4, NTB: 0}
  - {Latency: 3576820320, MT_M: 64, MT_N: 128, MT_K: 128, MI_M: 16, MI_N: 16, MI_K: 32,
    Occupancy: 1, WGM: 6, NTA: 0, NTB: 4}
  - {Latency: 3974254991, MT_M: 192, MT_N: 64, MT_K: 128, MI_M: 32, MI_N: 32, MI_K: 16,
    Occupancy: 1, WGM: 0, NTA: 0, NTB: 0}
  - {Latency: 3974254991, MT_M: 192, MT_N: 64, MT_K: 128, MI_M: 32, MI_N: 32, MI_K: 16,
    Occupancy: 1, WGM: 6, NTA: 4, NTB: 0}
  - {Latency: 3974254991, MT_M: 192, MT_N: 64, MT_K: 128, MI_M: 32, MI_N: 32, MI_K: 16,
    Occupancy: 1, WGM: 6, NTA: 0, NTB: 4}
  - {Latency: 4263697252, MT_M: 32, MT_N: 128, MT_K: 16, MI_M: 32, MI_N: 32, MI_K: 16,
    Occupancy: 5, WGM: 0, NTA: 0, NTB: 0}
  - {Latency: 4263697252, MT_M: 32, MT_N: 128, MT_K: 16, MI_M: 32, MI_N: 32, MI_K: 16,
    Occupancy: 5, WGM: 1, NTA: 4, NTB: 0}
  - {Latency: 4263697252, MT_M: 32, MT_N: 128, MT_K: 16, MI_M: 32, MI_N: 32, MI_K: 16,
    Occupancy: 5, WGM: 1, NTA: 0, NTB: 4}
  - {Latency: 5158621812, MT_M: 16, MT_N: 256, MT_K: 32, MI_M: 16, MI_N: 16, MI_K: 32,
    Occupancy: 2, WGM: 0, NTA: 0, NTB: 0}
  - {Latency: 5158621812, MT_M: 16, MT_N: 256, MT_K: 32, MI_M: 16, MI_N: 16, MI_K: 32,
    Occupancy: 2, WGM: 1, NTA: 4, NTB: 0}
  - {Latency: 5158621812, MT_M: 16, MT_N: 256, MT_K: 32, MI_M: 16, MI_N: 16, MI_K: 32,
    Occupancy: 2, WGM: 1, NTA: 0, NTB: 4}
  - {Latency: 5554088004, MT_M: 128, MT_N: 64, MT_K: 128, MI_M: 16, MI_N: 16, MI_K: 32,
    Occupancy: 1, WGM: 0, NTA: 0, NTB: 0}
  - {Latency: 5554088004, MT_M: 128, MT_N: 64, MT_K: 128, MI_M: 16, MI_N: 16, MI_K: 32,
    Occupancy: 1, WGM: 6, NTA: 4, NTB: 0}
  - {Latency: 5554088004, MT_M: 128, MT_N: 64, MT_K: 128, MI_M: 16, MI_N: 16, MI_K: 32,
    Occupancy: 1, WGM: 6, NTA: 0, NTB: 4}
  - {Latency: 5724014621, MT_M: 16, MT_N: 128, MT_K: 32, MI_M: 16, MI_N: 16, MI_K: 32,
    Occupancy: 3, WGM: 0, NTA: 0, NTB: 0}
  - {Latency: 5724014621, MT_M: 16, MT_N: 128, MT_K: 32, MI_M: 16, MI_N: 16, MI_K: 32,
    Occupancy: 3, WGM: 1, NTA: 4, NTB: 0}
  - {Latency: 5724014621, MT_M: 16, MT_N: 128, MT_K: 32, MI_M: 16, MI_N: 16, MI_K: 32,
    Occupancy: 3, WGM: 1, NTA: 0, NTB: 4}
  - {Latency: 5937000591, MT_M: 64, MT_N: 64, MT_K: 256, MI_M: 32, MI_N: 32, MI_K: 16,
    Occupancy: 1, WGM: 0, NTA: 0, NTB: 0}
  - {Latency: 5937000591, MT_M: 64, MT_N: 64, MT_K: 256, MI_M: 32, MI_N: 32, MI_K: 16,
    Occupancy: 1, WGM: 6, NTA: 4, NTB: 0}
  - {Latency: 5937000591, MT_M: 64, MT_N: 64, MT_K: 256, MI_M: 32, MI_N: 32, MI_K: 16,
    Occupancy: 1, WGM: 6, NTA: 0, NTB: 4}
  - {Latency: 6531610116, MT_M: 32, MT_N: 64, MT_K: 128, MI_M: 32, MI_N: 32, MI_K: 16,
    Occupancy: 1, WGM: 0, NTA: 0, NTB: 0}
  - {Latency: 6531610116, MT_M: 32, MT_N: 64, MT_K: 128, MI_M: 32, MI_N: 32, MI_K: 16,
    Occupancy: 1, WGM: 6, NTA: 4, NTB: 0}
  - {Latency: 6531610116, MT_M: 32, MT_N: 64, MT_K: 128, MI_M: 32, MI_N: 32, MI_K: 16,
    Occupancy: 1, WGM: 6, NTA: 0, NTB: 4}
  - {Latency: 8141461355, MT_M: 16, MT_N: 64, MT_K: 256, MI_M: 16, MI_N: 16, MI_K: 32,
    Occupancy: 1, WGM: 0, NTA: 0, NTB: 0}
  - {Latency: 8141461355, MT_M: 16, MT_N: 64, MT_K: 256, MI_M: 16, MI_N: 16, MI_K: 32,
    Occupancy: 1, WGM: 6, NTA: 4, NTB: 0}
  - {Latency: 8141461355, MT_M: 16, MT_N: 64, MT_K: 256, MI_M: 16, MI_N: 16, MI_K: 32,
    Occupancy: 1, WGM: 6, NTA: 0, NTB: 4}
  - {Latency: 10888956842, MT_M: 64, MT_N: 32, MT_K: 128, MI_M: 32, MI_N: 32, MI_K: 16,
    Occupancy: 1, WGM: 0, NTA: 0, NTB: 0}
  - {Latency: 10888956842, MT_M: 64, MT_N: 32, MT_K: 128, MI_M: 32, MI_N: 32, MI_K: 16,
    Occupancy: 1, WGM: 6, NTA: 4, NTB: 0}
  - {Latency: 10888956842, MT_M: 64, MT_N: 32, MT_K: 128, MI_M: 32, MI_N: 32, MI_K: 16,
    Occupancy: 1, WGM: 6, NTA: 0, NTB: 4}
  - {Latency: 15200381555, MT_M: 32, MT_N: 32, MT_K: 512, MI_M: 32, MI_N: 32, MI_K: 16,
    Occupancy: 1, WGM: 0, NTA: 0, NTB: 0}
  - {Latency: 15200381555, MT_M: 32, MT_N: 32, MT_K: 512, MI_M: 32, MI_N: 32, MI_K: 16,
    Occupancy: 1, WGM: 6, NTA: 4, NTB: 0}
  - {Latency: 15200381555, MT_M: 32, MT_N: 32, MT_K: 512, MI_M: 32, MI_N: 32, MI_K: 16,
    Occupancy: 1, WGM: 6, NTA: 0, NTB: 4}
  - {Latency: 17044599697, MT_M: 16, MT_N: 32, MT_K: 512, MI_M: 16, MI_N: 16, MI_K: 32,
    Occupancy: 1, WGM: 0, NTA: 0, NTB: 0}
  - {Latency: 17044599697, MT_M: 16, MT_N: 32, MT_K: 512, MI_M: 16, MI_N: 16, MI_K: 32,
    Occupancy: 1, WGM: 6, NTA: 4, NTB: 0}
  - {Latency: 17044599697, MT_M: 16, MT_N: 32, MT_K: 512, MI_M: 16, MI_N: 16, MI_K: 32,
    Occupancy: 1, WGM: 6, NTA: 0, NTB: 4}
  - {Latency: 21047614914, MT_M: 64, MT_N: 16, MT_K: 256, MI_M: 16, MI_N: 16, MI_K: 32,
    Occupancy: 1, WGM: 0, NTA: 0, NTB: 0}
  - {Latency: 21047614914, MT_M: 64, MT_N: 16, MT_K: 256, MI_M: 16, MI_N: 16, MI_K: 32,
    Occupancy: 1, WGM: 6, NTA: 4, NTB: 0}
  - {Latency: 21047614914, MT_M: 64, MT_N: 16, MT_K: 256, MI_M: 16, MI_N: 16, MI_K: 32,
    Occupancy: 1, WGM: 6, NTA: 0, NTB: 4}
  - {Latency: 27871901153, MT_M: 32, MT_N: 16, MT_K: 512, MI_M: 16, MI_N: 16, MI_K: 32,
    Occupancy: 1, WGM: 0, NTA: 0, NTB: 0}
  - {Latency: 27871901153, MT_M: 32, MT_N: 16, MT_K: 512, MI_M: 16, MI_N: 16, MI_K: 32,
    Occupancy: 1, WGM: 6, NTA: 4, NTB: 0}
  - {Latency: 27871901153, MT_M: 32, MT_N: 16, MT_K: 512, MI_M: 16, MI_N: 16, MI_K: 32,
    Occupancy: 1, WGM: 6, NTA: 0, NTB: 4}
  - {Latency: 29679672073, MT_M: 16, MT_N: 16, MT_K: 512, MI_M: 16, MI_N: 16, MI_K: 32,
    Occupancy: 1, WGM: 0, NTA: 0, NTB: 0}
  - {Latency: 29679672073, MT_M: 16, MT_N: 16, MT_K: 512, MI_M: 16, MI_N: 16, MI_K: 32,
    Occupancy: 1, WGM: 6, NTA: 4, NTB: 0}
  - {Latency: 29679672073, MT_M: 16, MT_N: 16, MT_K: 512, MI_M: 16, MI_N: 16, MI_K: 32,
    Occupancy: 1, WGM: 6, NTA: 0, NTB: 4}
- - {Latency: 53827500, MT_M: 256, MT_N: 256, MT_K: 32, MI_M: 32, MI_N: 32, MI_K: 16,
    Occupancy: 1, WGM: 0, NTA: 0, NTB: 0}
  - {Latency: 53827500, MT_M: 256, MT_N: 256, MT_K: 32, MI_M: 32, MI_N: 32, MI_K: 16,
    Occupancy: 1, WGM: 6, NTA: 4, NTB: 0}
  - {Latency: 53827500, MT_M: 256, MT_N: 256, MT_K: 32, MI_M: 32, MI_N: 32, MI_K: 16,
    Occupancy: 1, WGM: 6, NTA: 0, NTB: 4}
  - {Latency: 66732107, MT_M: 256, MT_N: 192, MT_K: 32, MI_M: 16, MI_N: 16, MI_K: 32,
    Occupancy: 1, WGM: 0, NTA: 0, NTB: 0}
  - {Latency: 66732107, MT_M: 256, MT_N: 192, MT_K: 32, MI_M: 16, MI_N: 16, MI_K: 32,
    Occupancy: 1, WGM: 6, NTA: 4, NTB: 0}
  - {Latency: 66732107, MT_M: 256, MT_N: 192, MT_K: 32, MI_M: 16, MI_N: 16, MI_K: 32,
    Occupancy: 1, WGM: 6, NTA: 0, NTB: 4}
  - {Latency: 90462854, MT_M: 192, MT_N: 256, MT_K: 32, MI_M: 32, MI_N: 32, MI_K: 16,
    Occupancy: 1, WGM: 0, NTA: 0, NTB: 0}
  - {Latency: 90462854, MT_M: 192, MT_N: 256, MT_K: 32, MI_M: 32, MI_N: 32, MI_K: 16,
    Occupancy: 1, WGM: 6, NTA: 4, NTB: 0}
  - {Latency: 90462854, MT_M: 192, MT_N: 256, MT_K: 32, MI_M: 32, MI_N: 32, MI_K: 16,
    Occupancy: 1, WGM: 6, NTA: 0, NTB: 4}
  - {Latency: 102232808, MT_M: 256, MT_N: 128, MT_K: 64, MI_M: 32, MI_N: 32, MI_K: 16,
    Occupancy: 1, WGM: 0, NTA: 0, NTB: 0}
  - {Latency: 102232808, MT_M: 256, MT_N: 128, MT_K: 64, MI_M: 32, MI_N: 32, MI_K: 16,
    Occupancy: 1, WGM: 6, NTA: 4, NTB: 0}
  - {Latency: 102232808, MT_M: 256, MT_N: 128, MT_K: 64, MI_M: 32, MI_N: 32, MI_K: 16,
    Occupancy: 1, WGM: 6, NTA: 0, NTB: 4}
  - {Latency: 107282590, MT_M: 128, MT_N: 256, MT_K: 64, MI_M: 32, MI_N: 32, MI_K: 16,
    Occupancy: 1, WGM: 0, NTA: 0, NTB: 0}
  - {Latency: 107282590, MT_M: 128, MT_N: 256, MT_K: 64, MI_M: 32, MI_N: 32, MI_K: 16,
    Occupancy: 1, WGM: 6, NTA: 4, NTB: 0}
  - {Latency: 107282590, MT_M: 128, MT_N: 256, MT_K: 64, MI_M: 32, MI_N: 32, MI_K: 16,
    Occupancy: 1, WGM: 6, NTA: 0, NTB: 4}
  - {Latency: 116029062, MT_M: 192, MT_N: 192, MT_K: 64, MI_M: 32, MI_N: 32, MI_K: 16,
    Occupancy: 1, WGM: 0, NTA: 0, NTB: 0}
  - {Latency: 116029062, MT_M: 192, MT_N: 192, MT_K: 64, MI_M: 32, MI_N: 32, MI_K: 16,
    Occupancy: 1, WGM: 6, NTA: 4, NTB: 0}
  - {Latency: 116029062, MT_M: 192, MT_N: 192, MT_K: 64, MI_M: 32, MI_N: 32, MI_K: 16,
    Occupancy: 1, WGM: 6, NTA: 0, NTB: 4}
  - {Latency: 134848252, MT_M: 128, MT_N: 192, MT_K: 64, MI_M: 32, MI_N: 32, MI_K: 16,
    Occupancy: 1, WGM: 0, NTA: 0, NTB: 0}
  - {Latency: 134848252, MT_M: 128, MT_N: 192, MT_K: 64, MI_M: 32, MI_N: 32, MI_K: 16,
    Occupancy: 1, WGM: 6, NTA: 4, NTB: 0}
  - {Latency: 134848252, MT_M: 128, MT_N: 192, MT_K: 64, MI_M: 32, MI_N: 32, MI_K: 16,
    Occupancy: 1, WGM: 6, NTA: 0, NTB: 4}
  - {Latency: 162328306, MT_M: 64, MT_N: 256, MT_K: 64, MI_M: 32, MI_N: 32, MI_K: 16,
    Occupancy: 1, WGM: 0, NTA: 0, NTB: 0}
  - {Latency: 162328306, MT_M: 64, MT_N: 256, MT_K: 64, MI_M: 32, MI_N: 32, MI_K: 16,
    Occupancy: 1, WGM: 6, NTA: 4, NTB: 0}
  - {Latency: 162328306, MT_M: 64, MT_N: 256, MT_K: 64, MI_M: 32, MI_N: 32, MI_K: 16,
    Occupancy: 1, WGM: 6, NTA: 0, NTB: 4}
  - {Latency: 171553103, MT_M: 192, MT_N: 128, MT_K: 64, MI_M: 32, MI_N: 32, MI_K: 16,
    Occupancy: 1, WGM: 0, NTA: 0, NTB: 0}
  - {Latency: 171553103, MT_M: 192, MT_N: 128, MT_K: 64, MI_M: 32, MI_N: 32, MI_K: 16,
    Occupancy: 1, WGM: 6, NTA: 4, NTB: 0}
  - {Latency: 171553103, MT_M: 192, MT_N: 128, MT_K: 64, MI_M: 32, MI_N: 32, MI_K: 16,
    Occupancy: 1, WGM: 6, NTA: 0, NTB: 4}
  - {Latency: 195218184, MT_M: 256, MT_N: 64, MT_K: 64, MI_M: 32, MI_N: 32, MI_K: 16,
    Occupancy: 1, WGM: 0, NTA: 0, NTB: 0}
  - {Latency: 195218184, MT_M: 256, MT_N: 64, MT_K: 64, MI_M: 32, MI_N: 32, MI_K: 16,
    Occupancy: 1, WGM: 6, NTA: 4, NTB: 0}
  - {Latency: 195218184, MT_M: 256, MT_N: 64, MT_K: 64, MI_M: 32, MI_N: 32, MI_K: 16,
    Occupancy: 1, WGM: 6, NTA: 0, NTB: 4}
  - {Latency: 275685496, MT_M: 128, MT_N: 128, MT_K: 128, MI_M: 32, MI_N: 32, MI_K: 16,
    Occupancy: 1, WGM: 0, NTA: 0, NTB: 0}
  - {Latency: 275685496, MT_M: 128, MT_N: 128, MT_K: 128, MI_M: 32, MI_N: 32, MI_K: 16,
    Occupancy: 1, WGM: 6, NTA: 4, NTB: 0}
  - {Latency: 275685496, MT_M: 128, MT_N: 128, MT_K: 128, MI_M: 32, MI_N: 32, MI_K: 16,
    Occupancy: 1, WGM: 6, NTA: 0, NTB: 4}
  - {Latency: 278234114, MT_M: 64, MT_N: 192, MT_K: 128, MI_M: 32, MI_N: 32, MI_K: 16,
    Occupancy: 1, WGM: 0, NTA: 0, NTB: 0}
  - {Latency: 278234114, MT_M: 64, MT_N: 192, MT_K: 128, MI_M: 32, MI_N: 32, MI_K: 16,
    Occupancy: 1, WGM: 6, NTA: 4, NTB: 0}
  - {Latency: 278234114, MT_M: 64, MT_N: 192, MT_K: 128, MI_M: 32, MI_N: 32, MI_K: 16,
    Occupancy: 1, WGM: 6, NTA: 0, NTB: 4}
  - {Latency: 288403619, MT_M: 32, MT_N: 256, MT_K: 16, MI_M: 32, MI_N: 32, MI_K: 16,
    Occupancy: 2, WGM: 0, NTA: 0, NTB: 0}
  - {Latency: 288403619, MT_M: 32, MT_N: 256, MT_K: 16, MI_M: 32, MI_N: 32, MI_K: 16,
    Occupancy: 2, WGM: 1, NTA: 4, NTB: 0}
  - {Latency: 288403619, MT_M: 32, MT_N: 256, MT_K: 16, MI_M: 32, MI_N: 32, MI_K: 16,
    Occupancy: 2, WGM: 1, NTA: 0, NTB: 4}
  - {Latency: 297214727, MT_M: 32, MT_N: 128, MT_K: 16, MI_M: 32, MI_N: 32, MI_K: 16,
    Occupancy: 5, WGM: 0, NTA: 0, NTB: 0}
  - {Latency: 297214727, MT_M: 32, MT_N: 128, MT_K: 16, MI_M: 32, MI_N: 32, MI_K: 16,
    Occupancy: 5, WGM: 1, NTA: 4, NTB: 0}
  - {Latency: 297214727, MT_M: 32, MT_N: 128, MT_K: 16, MI_M: 32, MI_N: 32, MI_K: 16,
    Occupancy: 5, WGM: 1, NTA: 0, NTB: 4}
  - {Latency: 312366927, MT_M: 16, MT_N: 256, MT_K: 32, MI_M: 16, MI_N: 16, MI_K: 32,
    Occupancy: 2, WGM: 0, NTA: 0, NTB: 0}
  - {Latency: 312366927, MT_M: 16, MT_N: 256, MT_K: 32, MI_M: 16, MI_N: 16, MI_K: 32,
    Occupancy: 2, WGM: 1, NTA: 4, NTB: 0}
  - {Latency: 312366927, MT_M: 16, MT_N: 256, MT_K: 32, MI_M: 16, MI_N: 16, MI_K: 32,
    Occupancy: 2, WGM: 1, NTA: 0, NTB: 4}
  - {Latency: 339964145, MT_M: 16, MT_N: 128, MT_K: 32, MI_M: 16, MI_N: 16, MI_K: 32,
    Occupancy: 3, WGM: 0, NTA: 0, NTB: 0}
  - {Latency: 339964145, MT_M: 16, MT_N: 128, MT_K: 32, MI_M: 16, MI_N: 16, MI_K: 32,
    Occupancy: 3, WGM: 1, NTA: 4, NTB: 0}
  - {Latency: 339964145, MT_M: 16, MT_N: 128, MT_K: 32, MI_M: 16, MI_N: 16, MI_K: 32,
    Occupancy: 3, WGM: 1, NTA: 0, NTB: 4}
  - {Latency: 349644157, MT_M: 64, MT_N: 128, MT_K: 128, MI_M: 16, MI_N: 16, MI_K: 32,
    Occupancy: 1, WGM: 0, NTA: 0, NTB: 0}
  - {Latency: 349644157, MT_M: 64, MT_N: 128, MT_K: 128, MI_M: 16, MI_N: 16, MI_K: 32,
    Occupancy: 1, WGM: 6, NTA: 4, NTB: 0}
  - {Latency: 349644157, MT_M: 64, MT_N: 128, MT_K: 128, MI_M: 16, MI_N: 16, MI_K: 32,
    Occupancy: 1, WGM: 6, NTA: 0, NTB: 4}
  - {Latency: 364456009, MT_M: 128, MT_N: 64, MT_K: 128, MI_M: 16, MI_N: 16, MI_K: 32,
    Occupancy: 1, WGM: 0, NTA: 0, NTB: 0}
  - {Latency: 364456009, MT_M: 128, MT_N: 64, MT_K: 128, MI_M: 16, MI_N: 16, MI_K: 32,
    Occupancy: 1, WGM: 6, NTA: 4, NTB: 0}
  - {Latency: 364456009, MT_M: 128, MT_N: 64, MT_K: 128, MI_M: 16, MI_N: 16, MI_K: 32,
    Occupancy: 1, WGM: 6, NTA: 0, NTB: 4}
  - {Latency: 409750698, MT_M: 192, MT_N: 64, MT_K: 128, MI_M: 32, MI_N: 32, MI_K: 16,
    Occupancy: 1, WGM: 0, NTA: 0, NTB: 0}
  - {Latency: 409750698, MT_M: 192, MT_N: 64, MT_K: 128, MI_M: 32, MI_N: 32, MI_K: 16,
    Occupancy: 1, WGM: 6, NTA: 4, NTB: 0}
  - {Latency: 409750698, MT_M: 192, MT_N: 64, MT_K: 128, MI_M: 32, MI_N: 32, MI_K: 16,
    Occupancy: 1, WGM: 6, NTA: 0, NTB: 4}
  - {Latency: 424380643, MT_M: 64, MT_N: 64, MT_K: 256, MI_M: 32, MI_N: 32, MI_K: 16,
    Occupancy: 1, WGM: 0, NTA: 0, NTB: 0}
  - {Latency: 424380643, MT_M: 64, MT_N: 64, MT_K: 256, MI_M: 32, MI_N: 32, MI_K: 16,
    Occupancy: 1, WGM: 6, NTA: 4, NTB: 0}
  - {Latency: 424380643, MT_M: 64, MT_N: 64, MT_K: 256, MI_M: 32, MI_N: 32, MI_K: 16,
    Occupancy: 1, WGM: 6, NTA: 0, NTB: 4}
  - {Latency: 433642134, MT_M: 64, MT_N: 32, MT_K: 128, MI_M: 32, MI_N: 32, MI_K: 16,
    Occupancy: 1, WGM: 0, NTA: 0, NTB: 0}
  - {Latency: 433642134, MT_M: 64, MT_N: 32, MT_K: 128, MI_M: 32, MI_N: 32, MI_K: 16,
    Occupancy: 1, WGM: 6, NTA: 4, NTB: 0}
  - {Latency: 433642134, MT_M: 64, MT_N: 32, MT_K: 128, MI_M: 32, MI_N: 32, MI_K: 16,
    Occupancy: 1, WGM: 6, NTA: 0, NTB: 4}
  - {Latency: 477899248, MT_M: 32, MT_N: 64, MT_K: 128, MI_M: 32, MI_N: 32, MI_K: 16,
    Occupancy: 1, WGM: 0, NTA: 0, NTB: 0}
  - {Latency: 477899248, MT_M: 32, MT_N: 64, MT_K: 128, MI_M: 32, MI_N: 32, MI_K: 16,
    Occupancy: 1, WGM: 6, NTA: 4, NTB: 0}
  - {Latency: 477899248, MT_M: 32, MT_N: 64, MT_K: 128, MI_M: 32, MI_N: 32, MI_K: 16,
    Occupancy: 1, WGM: 6, NTA: 0, NTB: 4}
  - {Latency: 671112369, MT_M: 64, MT_N: 16, MT_K: 256, MI_M: 16, MI_N: 16, MI_K: 32,
    Occupancy: 1, WGM: 0, NTA: 0, NTB: 0}
  - {Latency: 671112369, MT_M: 64, MT_N: 16, MT_K: 256, MI_M: 16, MI_N: 16, MI_K: 32,
    Occupancy: 1, WGM: 6, NTA: 4, NTB: 0}
  - {Latency: 671112369, MT_M: 64, MT_N: 16, MT_K: 256, MI_M: 16, MI_N: 16, MI_K: 32,
    Occupancy: 1, WGM: 6, NTA: 0, NTB: 4}
  - {Latency: 721170256, MT_M: 16, MT_N: 64, MT_K: 256, MI_M: 16, MI_N: 16, MI_K: 32,
    Occupancy: 1, WGM: 0, NTA: 0, NTB: 0}
  - {Latency: 721170256, MT_M: 16, MT_N: 64, MT_K: 256, MI_M: 16, MI_N: 16, MI_K: 32,
    Occupancy: 1, WGM: 6, NTA: 4, NTB: 0}
  - {Latency: 721170256, MT_M: 16, MT_N: 64, MT_K: 256, MI_M: 16, MI_N: 16, MI_K: 32,
    Occupancy: 1, WGM: 6, NTA: 0, NTB: 4}
  - {Latency: 1468914914, MT_M: 32, MT_N: 32, MT_K: 512, MI_M: 32, MI_N: 32, MI_K: 16,
    Occupancy: 1, WGM: 0, NTA: 0, NTB: 0}
  - {Latency: 1468914914, MT_M: 32, MT_N: 32, MT_K: 512, MI_M: 32, MI_N: 32, MI_K: 16,
    Occupancy: 1, WGM: 6, NTA: 4, NTB: 0}
  - {Latency: 1468914914, MT_M: 32, MT_N: 32, MT_K: 512, MI_M: 32, MI_N: 32, MI_K: 16,
    Occupancy: 1, WGM: 6, NTA: 0, NTB: 4}
  - {Latency: 2160005771, MT_M: 32, MT_N: 16, MT_K: 512, MI_M: 16, MI_N: 16, MI_K: 32,
    Occupancy: 1, WGM: 0, NTA: 0, NTB: 0}
  - {Latency: 2160005771, MT_M: 32, MT_N: 16, MT_K: 512, MI_M: 16, MI_N: 16, MI_K: 32,
    Occupancy: 1, WGM: 6, NTA: 4, NTB: 0}
  - {Latency: 2160005771, MT_M: 32, MT_N: 16, MT_K: 512, MI_M: 16, MI_N: 16, MI_K: 32,
    Occupancy: 1, WGM: 6, NTA: 0, NTB: 4}
  - {Latency: 2161576031, MT_M: 16, MT_N: 32, MT_K: 512, MI_M: 16, MI_N: 16, MI_K: 32,
    Occupancy: 1, WGM: 0, NTA: 0, NTB: 0}
  - {Latency: 2161576031, MT_M: 16, MT_N: 32, MT_K: 512, MI_M: 16, MI_N: 16, MI_K: 32,
    Occupancy: 1, WGM: 6, NTA: 4, NTB: 0}
  - {Latency: 2161576031, MT_M: 16, MT_N: 32, MT_K: 512, MI_M: 16, MI_N: 16, MI_K: 32,
    Occupancy: 1, WGM: 6, NTA: 0, NTB: 4}
  - {Latency: 3541375596, MT_M: 16, MT_N: 16, MT_K: 512, MI_M: 16, MI_N: 16, MI_K: 32,
    Occupancy: 1, WGM: 0, NTA: 0, NTB: 0}
  - {Latency: 3541375596, MT_M: 16, MT_N: 16, MT_K: 512, MI_M: 16, MI_N: 16, MI_K: 32,
    Occupancy: 1, WGM: 6, NTA: 4, NTB: 0}
  - {Latency: 3541375596, MT_M: 16, MT_N: 16, MT_K: 512, MI_M: 16, MI_N: 16, MI_K: 32,
    Occupancy: 1, WGM: 6, NTA: 0, NTB: 4}
- - {Latency: 108619165, MT_M: 192, MT_N: 256, MT_K: 32, MI_M: 32, MI_N: 32, MI_K: 16,
    Occupancy: 1, WGM: 0, NTA: 0, NTB: 0}
  - {Latency: 108619165, MT_M: 192, MT_N: 256, MT_K: 32, MI_M: 32, MI_N: 32, MI_K: 16,
    Occupancy: 1, WGM: 6, NTA: 4, NTB: 0}
  - {Latency: 108619165, MT_M: 192, MT_N: 256, MT_K: 32, MI_M: 32, MI_N: 32, MI_K: 16,
    Occupancy: 1, WGM: 6, NTA: 0, NTB: 4}
  - {Latency: 148257577, MT_M: 192, MT_N: 192, MT_K: 64, MI_M: 32, MI_N: 32, MI_K: 16,
    Occupancy: 1, WGM: 0, NTA: 0, NTB: 0}
  - {Latency: 148257577, MT_M: 192, MT_N: 192, MT_K: 64, MI_M: 32, MI_N: 32, MI_K: 16,
    Occupancy: 1, WGM: 6, NTA: 4, NTB: 0}
  - {Latency: 148257577, MT_M: 192, MT_N: 192, MT_K: 64, MI_M: 32, MI_N: 32, MI_K: 16,
    Occupancy: 1, WGM: 6, NTA: 0, NTB: 4}
  - {Latency: 153903619, MT_M: 256, MT_N: 256, MT_K: 32, MI_M: 32, MI_N: 32, MI_K: 16,
    Occupancy: 1, WGM: 0, NTA: 0, NTB: 0}
  - {Latency: 153903619, MT_M: 256, MT_N: 256, MT_K: 32, MI_M: 32, MI_N: 32, MI_K: 16,
    Occupancy: 1, WGM: 6, NTA: 4, NTB: 0}
  - {Latency: 153903619, MT_M: 256, MT_N: 256, MT_K: 32, MI_M: 32, MI_N: 32, MI_K: 16,
    Occupancy: 1, WGM: 6, NTA: 0, NTB: 4}
  - {Latency: 161074857, MT_M: 128, MT_N: 256, MT_K: 64, MI_M: 32, MI_N: 32, MI_K: 16,
    Occupancy: 1, WGM: 0, NTA: 0, NTB: 0}
  - {Latency: 161074857, MT_M: 128, MT_N: 256, MT_K: 64, MI_M: 32, MI_N: 32, MI_K: 16,
    Occupancy: 1, WGM: 6, NTA: 4, NTB: 0}
  - {Latency: 161074857, MT_M: 128, MT_N: 256, MT_K: 64, MI_M: 32, MI_N: 32, MI_K: 16,
    Occupancy: 1, WGM: 6, NTA: 0, NTB: 4}
  - {Latency: 208018484, MT_M: 256, MT_N: 192, MT_K: 32, MI_M: 16, MI_N: 16, MI_K: 32,
    Occupancy: 1, WGM: 0, NTA: 0, NTB: 0}
  - {Latency: 208018484, MT_M: 256, MT_N: 192, MT_K: 32, MI_M: 16, MI_N: 16, MI_K: 32,
    Occupancy: 1, WGM: 6, NTA: 4, NTB: 0}
  - {Latency: 208018484, MT_M: 256, MT_N: 192, MT_K: 32, MI_M: 16, MI_N: 16, MI_K: 32,
    Occupancy: 1, WGM: 6, NTA: 0, NTB: 4}
  - {Latency: 217980977, MT_M: 64, MT_N: 256, MT_K: 64, MI_M: 32, MI_N: 32, MI_K: 16,
    Occupancy: 1, WGM: 0, NTA: 0, NTB: 0}
  - {Latency: 217980977, MT_M: 64, MT_N: 256, MT_K: 64, MI_M: 32, MI_N: 32, MI_K: 16,
    Occupancy: 1, WGM: 6, NTA: 4, NTB: 0}
  - {Latency: 217980977, MT_M: 64, MT_N: 256, MT_K: 64, MI_M: 32, MI_N: 32, MI_K: 16,
    Occupancy: 1, WGM: 6, NTA: 0, NTB: 4}
  - {Latency: 218858666, MT_M: 192, MT_N: 128, MT_K: 64, MI_M: 32, MI_N: 32, MI_K: 16,
    Occupancy: 1, WGM: 0, NTA: 0, NTB: 0}
  - {Latency: 218858666, MT_M: 128, MT_N: 192, MT_K: 64, MI_M: 32, MI_N: 32, MI_K: 16,
    Occupancy: 1, WGM: 0, NTA: 0, NTB: 0}
  - {Latency: 218858666, MT_M: 192, MT_N: 128, MT_K: 64, MI_M: 32, MI_N: 32, MI_K: 16,
    Occupancy: 1, WGM: 6, NTA: 4, NTB: 0}
  - {Latency: 218858666, MT_M: 128, MT_N: 192, MT_K: 64, MI_M: 32, MI_N: 32, MI_K: 16,
    Occupancy: 1, WGM: 6, NTA: 4, NTB: 0}
  - {Latency: 218858666, MT_M: 192, MT_N: 128, MT_K: 64, MI_M: 32, MI_N: 32, MI_K: 16,
    Occupancy: 1, WGM: 6, NTA: 0, NTB: 4}
  - {Latency: 218858666, MT_M: 128, MT_N: 192, MT_K: 64, MI_M: 32, MI_N: 32, MI_K: 16,
    Occupancy: 1, WGM: 6, NTA: 0, NTB: 4}
  - {Latency: 291134676, MT_M: 64, MT_N: 192, MT_K: 128, MI_M: 32, MI_N: 32, MI_K: 16,
    Occupancy: 1, WGM: 0, NTA: 0, NTB: 0}
  - {Latency: 291134676, MT_M: 64, MT_N: 192, MT_K: 128, MI_M: 32, MI_N: 32, MI_K: 16,
    Occupancy: 1, WGM: 6, NTA: 4, NTB: 0}
  - {Latency: 291134676, MT_M: 64, MT_N: 192, MT_K: 128, MI_M: 32, MI_N: 32, MI_K: 16,
    Occupancy: 1, WGM: 6, NTA: 0, NTB: 4}
  - {Latency: 310698377, MT_M: 256, MT_N: 128, MT_K: 64, MI_M: 32, MI_N: 32, MI_K: 16,
    Occupancy: 1, WGM: 0, NTA: 0, NTB: 0}
  - {Latency: 310698377, MT_M: 256, MT_N: 128, MT_K: 64, MI_M: 32, MI_N: 32, MI_K: 16,
    Occupancy: 1, WGM: 6, NTA: 4, NTB: 0}
  - {Latency: 310698377, MT_M: 256, MT_N: 128, MT_K: 64, MI_M: 32, MI_N: 32, MI_K: 16,
    Occupancy: 1, WGM: 6, NTA: 0, NTB: 4}
  - {Latency: 322509192, MT_M: 128, MT_N: 128, MT_K: 128, MI_M: 32, MI_N: 32, MI_K: 16,
    Occupancy: 1, WGM: 0, NTA: 0, NTB: 0}
  - {Latency: 322509192, MT_M: 128, MT_N: 128, MT_K: 128, MI_M: 32, MI_N: 32, MI_K: 16,
    Occupancy: 1, WGM: 6, NTA: 4, NTB: 0}
  - {Latency: 322509192, MT_M: 128, MT_N: 128, MT_K: 128, MI_M: 32, MI_N: 32, MI_K: 16,
    Occupancy: 1, WGM: 6, NTA: 0, NTB: 4}
  - {Latency: 344470691, MT_M: 32, MT_N: 256, MT_K: 16, MI_M: 32, MI_N: 32, MI_K: 16,
    Occupancy: 2, WGM: 0, NTA: 0, NTB: 0}
  - {Latency: 344470691, MT_M: 32, MT_N: 256, MT_K: 16, MI_M: 32, MI_N: 32, MI_K: 16,
    Occupancy: 2, WGM: 1, NTA: 4, NTB: 0}
  - {Latency: 344470691, MT_M: 32, MT_N: 256, MT_K: 16, MI_M: 32, MI_N: 32, MI_K: 16,
    Occupancy: 2, WGM: 1, NTA: 0, NTB: 4}
  - {Latency: 431939993, MT_M: 192, MT_N: 64, MT_K: 128, MI_M: 32, MI_N: 32, MI_K: 16,
    Occupancy: 1, WGM: 0, NTA: 0, NTB: 0}
  - {Latency: 431939993, MT_M: 192, MT_N: 64, MT_K: 128, MI_M: 32, MI_N: 32, MI_K: 16,
    Occupancy: 1, WGM: 6, NTA: 4, NTB: 0}
  - {Latency: 431939993, MT_M: 192, MT_N: 64, MT_K: 128, MI_M: 32, MI_N: 32, MI_K: 16,
    Occupancy: 1, WGM: 6, NTA: 0, NTB: 4}
  - {Latency: 436525210, MT_M: 64, MT_N: 128, MT_K: 128, MI_M: 16, MI_N: 16, MI_K: 32,
    Occupancy: 1, WGM: 0, NTA: 0, NTB: 0}
  - {Latency: 436525210, MT_M: 64, MT_N: 128, MT_K: 128, MI_M: 16, MI_N: 16, MI_K: 32,
    Occupancy: 1, WGM: 6, NTA: 4, NTB: 0}
  - {Latency: 436525210, MT_M: 64, MT_N: 128, MT_K: 128, MI_M: 16, MI_N: 16, MI_K: 32,
    Occupancy: 1, WGM: 6, NTA: 0, NTB: 4}
  - {Latency: 611428394, MT_M: 256, MT_N: 64, MT_K: 64, MI_M: 32, MI_N: 32, MI_K: 16,
    Occupancy: 1, WGM: 0, NTA: 0, NTB: 0}
  - {Latency: 611428394, MT_M: 256, MT_N: 64, MT_K: 64, MI_M: 32, MI_N: 32, MI_K: 16,
    Occupancy: 1, WGM: 6, NTA: 4, NTB: 0}
  - {Latency: 611428394, MT_M: 256, MT_N: 64, MT_K: 64, MI_M: 32, MI_N: 32, MI_K: 16,
    Occupancy: 1, WGM: 6, NTA: 0, NTB: 4}
  - {Latency: 644487106, MT_M: 128, MT_N: 64, MT_K: 128, MI_M: 16, MI_N: 16, MI_K: 32,
    Occupancy: 1, WGM: 0, NTA: 0, NTB: 0}
  - {Latency: 644487106, MT_M: 128, MT_N: 64, MT_K: 128, MI_M: 16, MI_N: 16, MI_K: 32,
    Occupancy: 1, WGM: 6, NTA: 4, NTB: 0}
  - {Latency: 644487106, MT_M: 128, MT_N: 64, MT_K: 128, MI_M: 16, MI_N: 16, MI_K: 32,
    Occupancy: 1, WGM: 6, NTA: 0, NTB: 4}
  - {Latency: 682970622, MT_M: 16, MT_N: 256, MT_K: 32, MI_M: 16, MI_N: 16, MI_K: 32,
    Occupancy: 2, WGM: 0, NTA: 0, NTB: 0}
  - {Latency: 682970622, MT_M: 16, MT_N: 256, MT_K: 32, MI_M: 16, MI_N: 16, MI_K: 32,
    Occupancy: 2, WGM: 1, NTA: 4, NTB: 0}
  - {Latency: 682970622, MT_M: 16, MT_N: 256, MT_K: 32, MI_M: 16, MI_N: 16, MI_K: 32,
    Occupancy: 2, WGM: 1, NTA: 0, NTB: 4}
  - {Latency: 688072359, MT_M: 32, MT_N: 128, MT_K: 16, MI_M: 32, MI_N: 32, MI_K: 16,
    Occupancy: 5, WGM: 0, NTA: 0, NTB: 0}
  - {Latency: 688072359, MT_M: 32, MT_N: 128, MT_K: 16, MI_M: 32, MI_N: 32, MI_K: 16,
    Occupancy: 5, WGM: 1, NTA: 4, NTB: 0}
  - {Latency: 688072359, MT_M: 32, MT_N: 128, MT_K: 16, MI_M: 32, MI_N: 32, MI_K: 16,
    Occupancy: 5, WGM: 1, NTA: 0, NTB: 4}
  - {Latency: 875630972, MT_M: 64, MT_N: 64, MT_K: 256, MI_M: 32, MI_N: 32, MI_K: 16,
    Occupancy: 1, WGM: 0, NTA: 0, NTB: 0}
  - {Latency: 875630972, MT_M: 64, MT_N: 64, MT_K: 256, MI_M: 32, MI_N: 32, MI_K: 16,
    Occupancy: 1, WGM: 6, NTA: 4, NTB: 0}
  - {Latency: 875630972, MT_M: 64, MT_N: 64, MT_K: 256, MI_M: 32, MI_N: 32, MI_K: 16,
    Occupancy: 1, WGM: 6, NTA: 0, NTB: 4}
  - {Latency: 1364509373, MT_M: 16, MT_N: 128, MT_K: 32, MI_M: 16, MI_N: 16, MI_K: 32,
    Occupancy: 3, WGM: 0, NTA: 0, NTB: 0}
  - {Latency: 1364509373, MT_M: 16, MT_N: 128, MT_K: 32, MI_M: 16, MI_N: 16, MI_K: 32,
    Occupancy: 3, WGM: 1, NTA: 4, NTB: 0}
  - {Latency: 1364509373, MT_M: 16, MT_N: 128, MT_K: 32, MI_M: 16, MI_N: 16, MI_K: 32,
    Occupancy: 3, WGM: 1, NTA: 0, NTB: 4}
  - {Latency: 1378101569, MT_M: 32, MT_N: 64, MT_K: 128, MI_M: 32, MI_N: 32, MI_K: 16,
    Occupancy: 1, WGM: 0, NTA: 0, NTB: 0}
  - {Latency: 1378101569, MT_M: 32, MT_N: 64, MT_K: 128, MI_M: 32, MI_N: 32, MI_K: 16,
    Occupancy: 1, WGM: 6, NTA: 4, NTB: 0}
  - {Latency: 1378101569, MT_M: 32, MT_N: 64, MT_K: 128, MI_M: 32, MI_N: 32, MI_K: 16,
    Occupancy: 1, WGM: 6, NTA: 0, NTB: 4}
  - {Latency: 1728540922, MT_M: 64, MT_N: 32, MT_K: 128, MI_M: 32, MI_N: 32, MI_K: 16,
    Occupancy: 1, WGM: 0, NTA: 0, NTB: 0}
  - {Latency: 1728540922, MT_M: 64, MT_N: 32, MT_K: 128, MI_M: 32, MI_N: 32, MI_K: 16,
    Occupancy: 1, WGM: 6, NTA: 4, NTB: 0}
  - {Latency: 1728540922, MT_M: 64, MT_N: 32, MT_K: 128, MI_M: 32, MI_N: 32, MI_K: 16,
    Occupancy: 1, WGM: 6, NTA: 0, NTB: 4}
  - {Latency: 2150076450, MT_M: 32, MT_N: 32, MT_K: 512, MI_M: 32, MI_N: 32, MI_K: 16,
    Occupancy: 1, WGM: 0, NTA: 0, NTB: 0}
  - {Latency: 2150076450, MT_M: 32, MT_N: 32, MT_K: 512, MI_M: 32, MI_N: 32, MI_K: 16,
    Occupancy: 1, WGM: 6, NTA: 4, NTB: 0}
  - {Latency: 2150076450, MT_M: 32, MT_N: 32, MT_K: 512, MI_M: 32, MI_N: 32, MI_K: 16,
    Occupancy: 1, WGM: 6, NTA: 0, NTB: 4}
  - {Latency: 2183773645, MT_M: 64, MT_N: 16, MT_K: 256, MI_M: 16, MI_N: 16, MI_K: 32,
    Occupancy: 1, WGM: 0, NTA: 0, NTB: 0}
  - {Latency: 2183773645, MT_M: 64, MT_N: 16, MT_K: 256, MI_M: 16, MI_N: 16, MI_K: 32,
    Occupancy: 1, WGM: 6, NTA: 4, NTB: 0}
  - {Latency: 2183773645, MT_M: 64, MT_N: 16, MT_K: 256, MI_M: 16, MI_N: 16, MI_K: 32,
    Occupancy: 1, WGM: 6, NTA: 0, NTB: 4}
  - {Latency: 2198692593, MT_M: 16, MT_N: 64, MT_K: 256, MI_M: 16, MI_N: 16, MI_K: 32,
    Occupancy: 1, WGM: 0, NTA: 0, NTB: 0}
  - {Latency: 2198692593, MT_M: 16, MT_N: 64, MT_K: 256, MI_M: 16, MI_N: 16, MI_K: 32,
    Occupancy: 1, WGM: 6, NTA: 4, NTB: 0}
  - {Latency: 2198692593, MT_M: 16, MT_N: 64, MT_K: 256, MI_M: 16, MI_N: 16, MI_K: 32,
    Occupancy: 1, WGM: 6, NTA: 0, NTB: 4}
  - {Latency: 2592371907, MT_M: 32, MT_N: 16, MT_K: 512, MI_M: 16, MI_N: 16, MI_K: 32,
    Occupancy: 1, WGM: 0, NTA: 0, NTB: 0}
  - {Latency: 2592371907, MT_M: 32, MT_N: 16, MT_K: 512, MI_M: 16, MI_N: 16, MI_K: 32,
    Occupancy: 1, WGM: 6, NTA: 4, NTB: 0}
  - {Latency: 2592371907, MT_M: 32, MT_N: 16, MT_K: 512, MI_M: 16, MI_N: 16, MI_K: 32,
    Occupancy: 1, WGM: 6, NTA: 0, NTB: 4}
  - {Latency: 2978239733, MT_M: 16, MT_N: 32, MT_K: 512, MI_M: 16, MI_N: 16, MI_K: 32,
    Occupancy: 1, WGM: 0, NTA: 0, NTB: 0}
  - {Latency: 2978239733, MT_M: 16, MT_N: 32, MT_K: 512, MI_M: 16, MI_N: 16, MI_K: 32,
    Occupancy: 1, WGM: 6, NTA: 4, NTB: 0}
  - {Latency: 2978239733, MT_M: 16, MT_N: 32, MT_K: 512, MI_M: 16, MI_N: 16, MI_K: 32,
    Occupancy: 1, WGM: 6, NTA: 0, NTB: 4}
  - {Latency: 3893678346, MT_M: 16, MT_N: 16, MT_K: 512, MI_M: 16, MI_N: 16, MI_K: 32,
    Occupancy: 1, WGM: 0, NTA: 0, NTB: 0}
  - {Latency: 3893678346, MT_M: 16, MT_N: 16, MT_K: 512, MI_M: 16, MI_N: 16, MI_K: 32,
    Occupancy: 1, WGM: 6, NTA: 4, NTB: 0}
  - {Latency: 3893678346, MT_M: 16, MT_N: 16, MT_K: 512, MI_M: 16, MI_N: 16, MI_K: 32,
    Occupancy: 1, WGM: 6, NTA: 0, NTB: 4}
- - {Latency: 219223962, MT_M: 256, MT_N: 192, MT_K: 32, MI_M: 16, MI_N: 16, MI_K: 32,
    Occupancy: 1, WGM: 0, NTA: 0, NTB: 0}
  - {Latency: 219223962, MT_M: 256, MT_N: 192, MT_K: 32, MI_M: 16, MI_N: 16, MI_K: 32,
    Occupancy: 1, WGM: 6, NTA: 4, NTB: 0}
  - {Latency: 219223962, MT_M: 256, MT_N: 192, MT_K: 32, MI_M: 16, MI_N: 16, MI_K: 32,
    Occupancy: 1, WGM: 6, NTA: 0, NTB: 4}
  - {Latency: 278230053, MT_M: 192, MT_N: 192, MT_K: 64, MI_M: 32, MI_N: 32, MI_K: 16,
    Occupancy: 1, WGM: 0, NTA: 0, NTB: 0}
  - {Latency: 278230053, MT_M: 192, MT_N: 192, MT_K: 64, MI_M: 32, MI_N: 32, MI_K: 16,
    Occupancy: 1, WGM: 6, NTA: 4, NTB: 0}
  - {Latency: 278230053, MT_M: 192, MT_N: 192, MT_K: 64, MI_M: 32, MI_N: 32, MI_K: 16,
    Occupancy: 1, WGM: 6, NTA: 0, NTB: 4}
  - {Latency: 301703865, MT_M: 256, MT_N: 256, MT_K: 32, MI_M: 32, MI_N: 32, MI_K: 16,
    Occupancy: 1, WGM: 0, NTA: 0, NTB: 0}
  - {Latency: 301703865, MT_M: 256, MT_N: 256, MT_K: 32, MI_M: 32, MI_N: 32, MI_K: 16,
    Occupancy: 1, WGM: 6, NTA: 4, NTB: 0}
  - {Latency: 301703865, MT_M: 256, MT_N: 256, MT_K: 32, MI_M: 32, MI_N: 32, MI_K: 16,
    Occupancy: 1, WGM: 6, NTA: 0, NTB: 4}
  - {Latency: 328813407, MT_M: 256, MT_N: 128, MT_K: 64, MI_M: 32, MI_N: 32, MI_K: 16,
    Occupancy: 1, WGM: 0, NTA: 0, NTB: 0}
  - {Latency: 328813407, MT_M: 256, MT_N: 128, MT_K: 64, MI_M: 32, MI_N: 32, MI_K: 16,
    Occupancy: 1, WGM: 6, NTA: 4, NTB: 0}
  - {Latency: 328813407, MT_M: 256, MT_N: 128, MT_K: 64, MI_M: 32, MI_N: 32, MI_K: 16,
    Occupancy: 1, WGM: 6, NTA: 0, NTB: 4}
  - {Latency: 382433712, MT_M: 192, MT_N: 256, MT_K: 32, MI_M: 32, MI_N: 32, MI_K: 16,
    Occupancy: 1, WGM: 0, NTA: 0, NTB: 0}
  - {Latency: 382433712, MT_M: 192, MT_N: 256, MT_K: 32, MI_M: 32, MI_N: 32, MI_K: 16,
    Occupancy: 1, WGM: 6, NTA: 4, NTB: 0}
  - {Latency: 382433712, MT_M: 192, MT_N: 256, MT_K: 32, MI_M: 32, MI_N: 32, MI_K: 16,
    Occupancy: 1, WGM: 6, NTA: 0, NTB: 4}
  - {Latency: 416684854, MT_M: 192, MT_N: 128, MT_K: 64, MI_M: 32, MI_N: 32, MI_K: 16,
    Occupancy: 1, WGM: 0, NTA: 0, NTB: 0}
  - {Latency: 416684854, MT_M: 192, MT_N: 128, MT_K: 64, MI_M: 32, MI_N: 32, MI_K: 16,
    Occupancy: 1, WGM: 6, NTA: 4, NTB: 0}
  - {Latency: 416684854, MT_M: 192, MT_N: 128, MT_K: 64, MI_M: 32, MI_N: 32, MI_K: 16,
    Occupancy: 1, WGM: 6, NTA: 0, NTB: 4}
  - {Latency: 437971028, MT_M: 128, MT_N: 192, MT_K: 64, MI_M: 32, MI_N: 32, MI_K: 16,
    Occupancy: 1, WGM: 0, NTA: 0, NTB: 0}
  - {Latency: 437971028, MT_M: 128, MT_N: 192, MT_K: 64, MI_M: 32, MI_N: 32, MI_K: 16,
    Occupancy: 1, WGM: 6, NTA: 4, NTB: 0}
  - {Latency: 437971028, MT_M: 128, MT_N: 192, MT_K: 64, MI_M: 32, MI_N: 32, MI_K: 16,
    Occupancy: 1, WGM: 6, NTA: 0, NTB: 4}
  - {Latency: 603546018, MT_M: 128, MT_N: 256, MT_K: 64, MI_M: 32, MI_N: 32, MI_K: 16,
    Occupancy: 1, WGM: 0, NTA: 0, NTB: 0}
  - {Latency: 603546018, MT_M: 128, MT_N: 256, MT_K: 64, MI_M: 32, MI_N: 32, MI_K: 16,
    Occupancy: 1, WGM: 6, NTA: 4, NTB: 0}
  - {Latency: 603546018, MT_M: 128, MT_N: 256, MT_K: 64, MI_M: 32, MI_N: 32, MI_K: 16,
    Occupancy: 1, WGM: 6, NTA: 0, NTB: 4}
  - {Latency: 656286272, MT_M: 256, MT_N: 64, MT_K: 64, MI_M: 32, MI_N: 32, MI_K: 16,
    Occupancy: 1, WGM: 0, NTA: 0, NTB: 0}
  - {Latency: 656286272, MT_M: 256, MT_N: 64, MT_K: 64, MI_M: 32, MI_N: 32, MI_K: 16,
    Occupancy: 1, WGM: 6, NTA: 4, NTB: 0}
  - {Latency: 656286272, MT_M: 256, MT_N: 64, MT_K: 64, MI_M: 32, MI_N: 32, MI_K: 16,
    Occupancy: 1, WGM: 6, NTA: 0, NTB: 4}
  - {Latency: 696568802, MT_M: 128, MT_N: 128, MT_K: 128, MI_M: 32, MI_N: 32, MI_K: 16,
    Occupancy: 1, WGM: 0, NTA: 0, NTB: 0}
  - {Latency: 696568802, MT_M: 128, MT_N: 128, MT_K: 128, MI_M: 32, MI_N: 32, MI_K: 16,
    Occupancy: 1, WGM: 6, NTA: 4, NTB: 0}
  - {Latency: 696568802, MT_M: 128, MT_N: 128, MT_K: 128, MI_M: 32, MI_N: 32, MI_K: 16,
    Occupancy: 1, WGM: 6, NTA: 0, NTB: 4}
  - {Latency: 754514486, MT_M: 64, MT_N: 192, MT_K: 128, MI_M: 32, MI_N: 32, MI_K: 16,
    Occupancy: 1, WGM: 0, NTA: 0, NTB: 0}
  - {Latency: 754514486, MT_M: 64, MT_N: 192, MT_K: 128, MI_M: 32, MI_N: 32, MI_K: 16,
    Occupancy: 1, WGM: 6, NTA: 4, NTB: 0}
  - {Latency: 754514486, MT_M: 64, MT_N: 192, MT_K: 128, MI_M: 32, MI_N: 32, MI_K: 16,
    Occupancy: 1, WGM: 6, NTA: 0, NTB: 4}
  - {Latency: 877171552, MT_M: 192, MT_N: 64, MT_K: 128, MI_M: 32, MI_N: 32, MI_K: 16,
    Occupancy: 1, WGM: 0, NTA: 0, NTB: 0}
  - {Latency: 877171552, MT_M: 192, MT_N: 64, MT_K: 128, MI_M: 32, MI_N: 32, MI_K: 16,
    Occupancy: 1, WGM: 6, NTA: 4, NTB: 0}
  - {Latency: 877171552, MT_M: 192, MT_N: 64, MT_K: 128, MI_M: 32, MI_N: 32, MI_K: 16,
    Occupancy: 1, WGM: 6, NTA: 0, NTB: 4}
  - {Latency: 985695646, MT_M: 64, MT_N: 256, MT_K: 64, MI_M: 32, MI_N: 32, MI_K: 16,
    Occupancy: 1, WGM: 0, NTA: 0, NTB: 0}
  - {Latency: 985695646, MT_M: 64, MT_N: 256, MT_K: 64, MI_M: 32, MI_N: 32, MI_K: 16,
    Occupancy: 1, WGM: 6, NTA: 4, NTB: 0}
  - {Latency: 985695646, MT_M: 64, MT_N: 256, MT_K: 64, MI_M: 32, MI_N: 32, MI_K: 16,
    Occupancy: 1, WGM: 6, NTA: 0, NTB: 4}
  - {Latency: 1128774567, MT_M: 64, MT_N: 128, MT_K: 128, MI_M: 16, MI_N: 16, MI_K: 32,
    Occupancy: 1, WGM: 0, NTA: 0, NTB: 0}
  - {Latency: 1128774567, MT_M: 64, MT_N: 128, MT_K: 128, MI_M: 16, MI_N: 16, MI_K: 32,
    Occupancy: 1, WGM: 6, NTA: 4, NTB: 0}
  - {Latency: 1128774567, MT_M: 64, MT_N: 128, MT_K: 128, MI_M: 16, MI_N: 16, MI_K: 32,
    Occupancy: 1, WGM: 6, NTA: 0, NTB: 4}
  - {Latency: 1149915214, MT_M: 32, MT_N: 256, MT_K: 16, MI_M: 32, MI_N: 32, MI_K: 16,
    Occupancy: 2, WGM: 0, NTA: 0, NTB: 0}
  - {Latency: 1149915214, MT_M: 32, MT_N: 256, MT_K: 16, MI_M: 32, MI_N: 32, MI_K: 16,
    Occupancy: 2, WGM: 1, NTA: 4, NTB: 0}
  - {Latency: 1149915214, MT_M: 32, MT_N: 256, MT_K: 16, MI_M: 32, MI_N: 32, MI_K: 16,
    Occupancy: 2, WGM: 1, NTA: 0, NTB: 4}
  - {Latency: 1211557779, MT_M: 32, MT_N: 128, MT_K: 16, MI_M: 32, MI_N: 32, MI_K: 16,
    Occupancy: 5, WGM: 0, NTA: 0, NTB: 0}
  - {Latency: 1211557779, MT_M: 32, MT_N: 128, MT_K: 16, MI_M: 32, MI_N: 32, MI_K: 16,
    Occupancy: 5, WGM: 1, NTA: 4, NTB: 0}
  - {Latency: 1211557779, MT_M: 32, MT_N: 128, MT_K: 16, MI_M: 32, MI_N: 32, MI_K: 16,
    Occupancy: 5, WGM: 1, NTA: 0, NTB: 4}
  - {Latency: 1391926289, MT_M: 128, MT_N: 64, MT_K: 128, MI_M: 16, MI_N: 16, MI_K: 32,
    Occupancy: 1, WGM: 0, NTA: 0, NTB: 0}
  - {Latency: 1391926289, MT_M: 128, MT_N: 64, MT_K: 128, MI_M: 16, MI_N: 16, MI_K: 32,
    Occupancy: 1, WGM: 6, NTA: 4, NTB: 0}
  - {Latency: 1391926289, MT_M: 128, MT_N: 64, MT_K: 128, MI_M: 16, MI_N: 16, MI_K: 32,
    Occupancy: 1, WGM: 6, NTA: 0, NTB: 4}
  - {Latency: 1457371069, MT_M: 16, MT_N: 256, MT_K: 32, MI_M: 16, MI_N: 16, MI_K: 32,
    Occupancy: 2, WGM: 0, NTA: 0, NTB: 0}
  - {Latency: 1457371069, MT_M: 16, MT_N: 256, MT_K: 32, MI_M: 16, MI_N: 16, MI_K: 32,
    Occupancy: 2, WGM: 1, NTA: 4, NTB: 0}
  - {Latency: 1457371069, MT_M: 16, MT_N: 256, MT_K: 32, MI_M: 16, MI_N: 16, MI_K: 32,
    Occupancy: 2, WGM: 1, NTA: 0, NTB: 4}
  - {Latency: 1472952211, MT_M: 16, MT_N: 128, MT_K: 32, MI_M: 16, MI_N: 16, MI_K: 32,
    Occupancy: 3, WGM: 0, NTA: 0, NTB: 0}
  - {Latency: 1472952211, MT_M: 16, MT_N: 128, MT_K: 32, MI_M: 16, MI_N: 16, MI_K: 32,
    Occupancy: 3, WGM: 1, NTA: 4, NTB: 0}
  - {Latency: 1472952211, MT_M: 16, MT_N: 128, MT_K: 32, MI_M: 16, MI_N: 16, MI_K: 32,
    Occupancy: 3, WGM: 1, NTA: 0, NTB: 4}
  - {Latency: 2302705269, MT_M: 64, MT_N: 64, MT_K: 256, MI_M: 32, MI_N: 32, MI_K: 16,
    Occupancy: 1, WGM: 0, NTA: 0, NTB: 0}
  - {Latency: 2302705269, MT_M: 64, MT_N: 64, MT_K: 256, MI_M: 32, MI_N: 32, MI_K: 16,
    Occupancy: 1, WGM: 6, NTA: 4, NTB: 0}
  - {Latency: 2302705269, MT_M: 64, MT_N: 64, MT_K: 256, MI_M: 32, MI_N: 32, MI_K: 16,
    Occupancy: 1, WGM: 6, NTA: 0, NTB: 4}
  - {Latency: 2536343569, MT_M: 32, MT_N: 64, MT_K: 128, MI_M: 32, MI_N: 32, MI_K: 16,
    Occupancy: 1, WGM: 0, NTA: 0, NTB: 0}
  - {Latency: 2536343569, MT_M: 32, MT_N: 64, MT_K: 128, MI_M: 32, MI_N: 32, MI_K: 16,
    Occupancy: 1, WGM: 6, NTA: 4, NTB: 0}
  - {Latency: 2536343569, MT_M: 32, MT_N: 64, MT_K: 128, MI_M: 32, MI_N: 32, MI_K: 16,
    Occupancy: 1, WGM: 6, NTA: 0, NTB: 4}
  - {Latency: 3163985216, MT_M: 16, MT_N: 64, MT_K: 256, MI_M: 16, MI_N: 16, MI_K: 32,
    Occupancy: 1, WGM: 0, NTA: 0, NTB: 0}
  - {Latency: 3163985216, MT_M: 16, MT_N: 64, MT_K: 256, MI_M: 16, MI_N: 16, MI_K: 32,
    Occupancy: 1, WGM: 6, NTA: 4, NTB: 0}
  - {Latency: 3163985216, MT_M: 16, MT_N: 64, MT_K: 256, MI_M: 16, MI_N: 16, MI_K: 32,
    Occupancy: 1, WGM: 6, NTA: 0, NTB: 4}
  - {Latency: 3560438257, MT_M: 64, MT_N: 32, MT_K: 128, MI_M: 32, MI_N: 32, MI_K: 16,
    Occupancy: 1, WGM: 0, NTA: 0, NTB: 0}
  - {Latency: 3560438257, MT_M: 64, MT_N: 32, MT_K: 128, MI_M: 32, MI_N: 32, MI_K: 16,
    Occupancy: 1, WGM: 6, NTA: 4, NTB: 0}
  - {Latency: 3560438257, MT_M: 64, MT_N: 32, MT_K: 128, MI_M: 32, MI_N: 32, MI_K: 16,
    Occupancy: 1, WGM: 6, NTA: 0, NTB: 4}
  - {Latency: 4048852897, MT_M: 32, MT_N: 32, MT_K: 512, MI_M: 32, MI_N: 32, MI_K: 16,
    Occupancy: 1, WGM: 0, NTA: 0, NTB: 0}
  - {Latency: 4048852897, MT_M: 32, MT_N: 32, MT_K: 512, MI_M: 32, MI_N: 32, MI_K: 16,
    Occupancy: 1, WGM: 6, NTA: 4, NTB: 0}
  - {Latency: 4048852897, MT_M: 32, MT_N: 32, MT_K: 512, MI_M: 32, MI_N: 32, MI_K: 16,
    Occupancy: 1, WGM: 6, NTA: 0, NTB: 4}
  - {Latency: 4574957286, MT_M: 16, MT_N: 32, MT_K: 512, MI_M: 16, MI_N: 16, MI_K: 32,
    Occupancy: 1, WGM: 0, NTA: 0, NTB: 0}
  - {Latency: 4574957286, MT_M: 16, MT_N: 32, MT_K: 512, MI_M: 16, MI_N: 16, MI_K: 32,
    Occupancy: 1, WGM: 6, NTA: 4, NTB: 0}
  - {Latency: 4574957286, MT_M: 16, MT_N: 32, MT_K: 512, MI_M: 16, MI_N: 16, MI_K: 32,
    Occupancy: 1, WGM: 6, NTA: 0, NTB: 4}
  - {Latency: 6405413610, MT_M: 64, MT_N: 16, MT_K: 256, MI_M: 16, MI_N: 16, MI_K: 32,
    Occupancy: 1, WGM: 0, NTA: 0, NTB: 0}
  - {Latency: 6405413610, MT_M: 64, MT_N: 16, MT_K: 256, MI_M: 16, MI_N: 16, MI_K: 32,
    Occupancy: 1, WGM: 6, NTA: 4, NTB: 0}
  - {Latency: 6405413610, MT_M: 64, MT_N: 16, MT_K: 256, MI_M: 16, MI_N: 16, MI_K: 32,
    Occupancy: 1, WGM: 6, NTA: 0, NTB: 4}
  - {Latency: 6931486290, MT_M: 32, MT_N: 16, MT_K: 512, MI_M: 16, MI_N: 16, MI_K: 32,
    Occupancy: 1, WGM: 0, NTA: 0, NTB: 0}
  - {Latency: 6931486290, MT_M: 32, MT_N: 16, MT_K: 512, MI_M: 16, MI_N: 16, MI_K: 32,
    Occupancy: 1, WGM: 6, NTA: 4, NTB: 0}
  - {Latency: 6931486290, MT_M: 32, MT_N: 16, MT_K: 512, MI_M: 16, MI_N: 16, MI_K: 32,
    Occupancy: 1, WGM: 6, NTA: 0, NTB: 4}
  - {Latency: 7442609375, MT_M: 16, MT_N: 16, MT_K: 512, MI_M: 16, MI_N: 16, MI_K: 32,
    Occupancy: 1, WGM: 0, NTA: 0, NTB: 0}
  - {Latency: 7442609375, MT_M: 16, MT_N: 16, MT_K: 512, MI_M: 16, MI_N: 16, MI_K: 32,
    Occupancy: 1, WGM: 6, NTA: 4, NTB: 0}
  - {Latency: 7442609375, MT_M: 16, MT_N: 16, MT_K: 512, MI_M: 16, MI_N: 16, MI_K: 32,
    Occupancy: 1, WGM: 6, NTA: 0, NTB: 4}
- - {Latency: 1100227833, MT_M: 256, MT_N: 256, MT_K: 32, MI_M: 32, MI_N: 32, MI_K: 16,
    Occupancy: 1, WGM: 0, NTA: 0, NTB: 0}
  - {Latency: 1100227833, MT_M: 256, MT_N: 256, MT_K: 32, MI_M: 32, MI_N: 32, MI_K: 16,
    Occupancy: 1, WGM: 6, NTA: 4, NTB: 0}
  - {Latency: 1100227833, MT_M: 256, MT_N: 256, MT_K: 32, MI_M: 32, MI_N: 32, MI_K: 16,
    Occupancy: 1, WGM: 6, NTA: 0, NTB: 4}
  - {Latency: 1366489381, MT_M: 192, MT_N: 256, MT_K: 32, MI_M: 32, MI_N: 32, MI_K: 16,
    Occupancy: 1, WGM: 0, NTA: 0, NTB: 0}
  - {Latency: 1366489381, MT_M: 192, MT_N: 256, MT_K: 32, MI_M: 32, MI_N: 32, MI_K: 16,
    Occupancy: 1, WGM: 6, NTA: 4, NTB: 0}
  - {Latency: 1366489381, MT_M: 192, MT_N: 256, MT_K: 32, MI_M: 32, MI_N: 32, MI_K: 16,
    Occupancy: 1, WGM: 6, NTA: 0, NTB: 4}
  - {Latency: 1566791061, MT_M: 256, MT_N: 192, MT_K: 32, MI_M: 16, MI_N: 16, MI_K: 32,
    Occupancy: 1, WGM: 0, NTA: 0, NTB: 0}
  - {Latency: 1566791061, MT_M: 256, MT_N: 192, MT_K: 32, MI_M: 16, MI_N: 16, MI_K: 32,
    Occupancy: 1, WGM: 6, NTA: 4, NTB: 0}
  - {Latency: 1566791061, MT_M: 256, MT_N: 192, MT_K: 32, MI_M: 16, MI_N: 16, MI_K: 32,
    Occupancy: 1, WGM: 6, NTA: 0, NTB: 4}
  - {Latency: 2173826622, MT_M: 192, MT_N: 192, MT_K: 64, MI_M: 32, MI_N: 32, MI_K: 16,
    Occupancy: 1, WGM: 0, NTA: 0, NTB: 0}
  - {Latency: 2173826622, MT_M: 192, MT_N: 192, MT_K: 64, MI_M: 32, MI_N: 32, MI_K: 16,
    Occupancy: 1, WGM: 6, NTA: 4, NTB: 0}
  - {Latency: 2173826622, MT_M: 192, MT_N: 192, MT_K: 64, MI_M: 32, MI_N: 32, MI_K: 16,
    Occupancy: 1, WGM: 6, NTA: 0, NTB: 4}
  - {Latency: 2277230437, MT_M: 128, MT_N: 256, MT_K: 64, MI_M: 32, MI_N: 32, MI_K: 16,
    Occupancy: 1, WGM: 0, NTA: 0, NTB: 0}
  - {Latency: 2277230437, MT_M: 128, MT_N: 256, MT_K: 64, MI_M: 32, MI_N: 32, MI_K: 16,
    Occupancy: 1, WGM: 6, NTA: 4, NTB: 0}
  - {Latency: 2277230437, MT_M: 128, MT_N: 256, MT_K: 64, MI_M: 32, MI_N: 32, MI_K: 16,
    Occupancy: 1, WGM: 6, NTA: 0, NTB: 4}
  - {Latency: 2437691645, MT_M: 256, MT_N: 128, MT_K: 64, MI_M: 32, MI_N: 32, MI_K: 16,
    Occupancy: 1, WGM: 0, NTA: 0, NTB: 0}
  - {Latency: 2437691645, MT_M: 256, MT_N: 128, MT_K: 64, MI_M: 32, MI_N: 32, MI_K: 16,
    Occupancy: 1, WGM: 6, NTA: 4, NTB: 0}
  - {Latency: 2437691645, MT_M: 256, MT_N: 128, MT_K: 64, MI_M: 32, MI_N: 32, MI_K: 16,
    Occupancy: 1, WGM: 6, NTA: 0, NTB: 4}
  - {Latency: 2775575003, MT_M: 64, MT_N: 256, MT_K: 64, MI_M: 32, MI_N: 32, MI_K: 16,
    Occupancy: 1, WGM: 0, NTA: 0, NTB: 0}
  - {Latency: 2775575003, MT_M: 64, MT_N: 256, MT_K: 64, MI_M: 32, MI_N: 32, MI_K: 16,
    Occupancy: 1, WGM: 6, NTA: 4, NTB: 0}
  - {Latency: 2775575003, MT_M: 64, MT_N: 256, MT_K: 64, MI_M: 32, MI_N: 32, MI_K: 16,
    Occupancy: 1, WGM: 6, NTA: 0, NTB: 4}
  - {Latency: 2813975489, MT_M: 192, MT_N: 128, MT_K: 64, MI_M: 32, MI_N: 32, MI_K: 16,
    Occupancy: 1, WGM: 0, NTA: 0, NTB: 0}
  - {Latency: 2813975489, MT_M: 192, MT_N: 128, MT_K: 64, MI_M: 32, MI_N: 32, MI_K: 16,
    Occupancy: 1, WGM: 6, NTA: 4, NTB: 0}
  - {Latency: 2813975489, MT_M: 192, MT_N: 128, MT_K: 64, MI_M: 32, MI_N: 32, MI_K: 16,
    Occupancy: 1, WGM: 6, NTA: 0, NTB: 4}
  - {Latency: 3255610941, MT_M: 128, MT_N: 192, MT_K: 64, MI_M: 32, MI_N: 32, MI_K: 16,
    Occupancy: 1, WGM: 0, NTA: 0, NTB: 0}
  - {Latency: 3255610941, MT_M: 128, MT_N: 192, MT_K: 64, MI_M: 32, MI_N: 32, MI_K: 16,
    Occupancy: 1, WGM: 6, NTA: 4, NTB: 0}
  - {Latency: 3255610941, MT_M: 128, MT_N: 192, MT_K: 64, MI_M: 32, MI_N: 32, MI_K: 16,
    Occupancy: 1, WGM: 6, NTA: 0, NTB: 4}
  - {Latency: 3322695089, MT_M: 32, MT_N: 256, MT_K: 16, MI_M: 32, MI_N: 32, MI_K: 16,
    Occupancy: 2, WGM: 0, NTA: 0, NTB: 0}
  - {Latency: 3322695089, MT_M: 32, MT_N: 256, MT_K: 16, MI_M: 32, MI_N: 32, MI_K: 16,
    Occupancy: 2, WGM: 1, NTA: 4, NTB: 0}
  - {Latency: 3322695089, MT_M: 32, MT_N: 256, MT_K: 16, MI_M: 32, MI_N: 32, MI_K: 16,
    Occupancy: 2, WGM: 1, NTA: 0, NTB: 4}
  - {Latency: 3998428756, MT_M: 256, MT_N: 64, MT_K: 64, MI_M: 32, MI_N: 32, MI_K: 16,
    Occupancy: 1, WGM: 0, NTA: 0, NTB: 0}
  - {Latency: 3998428756, MT_M: 256, MT_N: 64, MT_K: 64, MI_M: 32, MI_N: 32, MI_K: 16,
    Occupancy: 1, WGM: 6, NTA: 4, NTB: 0}
  - {Latency: 3998428756, MT_M: 256, MT_N: 64, MT_K: 64, MI_M: 32, MI_N: 32, MI_K: 16,
    Occupancy: 1, WGM: 6, NTA: 0, NTB: 4}
  - {Latency: 4385410282, MT_M: 64, MT_N: 192, MT_K: 128, MI_M: 32, MI_N: 32, MI_K: 16,
    Occupancy: 1, WGM: 0, NTA: 0, NTB: 0}
  - {Latency: 4385410282, MT_M: 64, MT_N: 192, MT_K: 128, MI_M: 32, MI_N: 32, MI_K: 16,
    Occupancy: 1, WGM: 6, NTA: 4, NTB: 0}
  - {Latency: 4385410282, MT_M: 64, MT_N: 192, MT_K: 128, MI_M: 32, MI_N: 32, MI_K: 16,
    Occupancy: 1, WGM: 6, NTA: 0, NTB: 4}
  - {Latency: 4887721699, MT_M: 32, MT_N: 128, MT_K: 16, MI_M: 32, MI_N: 32, MI_K: 16,
    Occupancy: 5, WGM: 0, NTA: 0, NTB: 0}
  - {Latency: 4887721699, MT_M: 32, MT_N: 128, MT_K: 16, MI_M: 32, MI_N: 32, MI_K: 16,
    Occupancy: 5, WGM: 1, NTA: 4, NTB: 0}
  - {Latency: 4887721699, MT_M: 32, MT_N: 128, MT_K: 16, MI_M: 32, MI_N: 32, MI_K: 16,
    Occupancy: 5, WGM: 1, NTA: 0, NTB: 4}
  - {Latency: 5063160506, MT_M: 16, MT_N: 256, MT_K: 32, MI_M: 16, MI_N: 16, MI_K: 32,
    Occupancy: 2, WGM: 0, NTA: 0, NTB: 0}
  - {Latency: 5063160506, MT_M: 16, MT_N: 256, MT_K: 32, MI_M: 16, MI_N: 16, MI_K: 32,
    Occupancy: 2, WGM: 1, NTA: 4, NTB: 0}
  - {Latency: 5063160506, MT_M: 16, MT_N: 256, MT_K: 32, MI_M: 16, MI_N: 16, MI_K: 32,
    Occupancy: 2, WGM: 1, NTA: 0, NTB: 4}
  - {Latency: 5161145217, MT_M: 128, MT_N: 128, MT_K: 128, MI_M: 32, MI_N: 32, MI_K: 16,
    Occupancy: 1, WGM: 0, NTA: 0, NTB: 0}
  - {Latency: 5161145217, MT_M: 128, MT_N: 128, MT_K: 128, MI_M: 32, MI_N: 32, MI_K: 16,
    Occupancy: 1, WGM: 6, NTA: 4, NTB: 0}
  - {Latency: 5161145217, MT_M: 128, MT_N: 128, MT_K: 128, MI_M: 32, MI_N: 32, MI_K: 16,
    Occupancy: 1, WGM: 6, NTA: 0, NTB: 4}
  - {Latency: 5575375813, MT_M: 64, MT_N: 128, MT_K: 128, MI_M: 16, MI_N: 16, MI_K: 32,
    Occupancy: 1, WGM: 0, NTA: 0, NTB: 0}
  - {Latency: 5575375813, MT_M: 64, MT_N: 128, MT_K: 128, MI_M: 16, MI_N: 16, MI_K: 32,
    Occupancy: 1, WGM: 6, NTA: 4, NTB: 0}
  - {Latency: 5575375813, MT_M: 64, MT_N: 128, MT_K: 128, MI_M: 16, MI_N: 16, MI_K: 32,
    Occupancy: 1, WGM: 6, NTA: 0, NTB: 4}
  - {Latency: 5697203899, MT_M: 192, MT_N: 64, MT_K: 128, MI_M: 32, MI_N: 32, MI_K: 16,
    Occupancy: 1, WGM: 0, NTA: 0, NTB: 0}
  - {Latency: 5697203899, MT_M: 192, MT_N: 64, MT_K: 128, MI_M: 32, MI_N: 32, MI_K: 16,
    Occupancy: 1, WGM: 6, NTA: 4, NTB: 0}
  - {Latency: 5697203899, MT_M: 192, MT_N: 64, MT_K: 128, MI_M: 32, MI_N: 32, MI_K: 16,
    Occupancy: 1, WGM: 6, NTA: 0, NTB: 4}
  - {Latency: 6632150576, MT_M: 16, MT_N: 128, MT_K: 32, MI_M: 16, MI_N: 16, MI_K: 32,
    Occupancy: 3, WGM: 0, NTA: 0, NTB: 0}
  - {Latency: 6632150576, MT_M: 16, MT_N: 128, MT_K: 32, MI_M: 16, MI_N: 16, MI_K: 32,
    Occupancy: 3, WGM: 1, NTA: 4, NTB: 0}
  - {Latency: 6632150576, MT_M: 16, MT_N: 128, MT_K: 32, MI_M: 16, MI_N: 16, MI_K: 32,
    Occupancy: 3, WGM: 1, NTA: 0, NTB: 4}
  - {Latency: 8541016428, MT_M: 128, MT_N: 64, MT_K: 128, MI_M: 16, MI_N: 16, MI_K: 32,
    Occupancy: 1, WGM: 0, NTA: 0, NTB: 0}
  - {Latency: 8541016428, MT_M: 128, MT_N: 64, MT_K: 128, MI_M: 16, MI_N: 16, MI_K: 32,
    Occupancy: 1, WGM: 6, NTA: 4, NTB: 0}
  - {Latency: 8541016428, MT_M: 128, MT_N: 64, MT_K: 128, MI_M: 16, MI_N: 16, MI_K: 32,
    Occupancy: 1, WGM: 6, NTA: 0, NTB: 4}
  - {Latency: 10006786196, MT_M: 64, MT_N: 64, MT_K: 256, MI_M: 32, MI_N: 32, MI_K: 16,
    Occupancy: 1, WGM: 0, NTA: 0, NTB: 0}
  - {Latency: 10006786196, MT_M: 64, MT_N: 64, MT_K: 256, MI_M: 32, MI_N: 32, MI_K: 16,
    Occupancy: 1, WGM: 6, NTA: 4, NTB: 0}
  - {Latency: 10006786196, MT_M: 64, MT_N: 64, MT_K: 256, MI_M: 32, MI_N: 32, MI_K: 16,
    Occupancy: 1, WGM: 6, NTA: 0, NTB: 4}
  - {Latency: 10344884151, MT_M: 32, MT_N: 64, MT_K: 128, MI_M: 32, MI_N: 32, MI_K: 16,
    Occupancy: 1, WGM: 0, NTA: 0, NTB: 0}
  - {Latency: 10344884151, MT_M: 32, MT_N: 64, MT_K: 128, MI_M: 32, MI_N: 32, MI_K: 16,
    Occupancy: 1, WGM: 6, NTA: 4, NTB: 0}
  - {Latency: 10344884151, MT_M: 32, MT_N: 64, MT_K: 128, MI_M: 32, MI_N: 32, MI_K: 16,
    Occupancy: 1, WGM: 6, NTA: 0, NTB: 4}
  - {Latency: 13728199034, MT_M: 16, MT_N: 64, MT_K: 256, MI_M: 16, MI_N: 16, MI_K: 32,
    Occupancy: 1, WGM: 0, NTA: 0, NTB: 0}
  - {Latency: 13728199034, MT_M: 16, MT_N: 64, MT_K: 256, MI_M: 16, MI_N: 16, MI_K: 32,
    Occupancy: 1, WGM: 6, NTA: 4, NTB: 0}
  - {Latency: 13728199034, MT_M: 16, MT_N: 64, MT_K: 256, MI_M: 16, MI_N: 16, MI_K: 32,
    Occupancy: 1, WGM: 6, NTA: 0, NTB: 4}
  - {Latency: 17473490211, MT_M: 64, MT_N: 32, MT_K: 128, MI_M: 32, MI_N: 32, MI_K: 16,
    Occupancy: 1, WGM: 0, NTA: 0, NTB: 0}
  - {Latency: 17473490211, MT_M: 64, MT_N: 32, MT_K: 128, MI_M: 32, MI_N: 32, MI_K: 16,
    Occupancy: 1, WGM: 6, NTA: 4, NTB: 0}
  - {Latency: 17473490211, MT_M: 64, MT_N: 32, MT_K: 128, MI_M: 32, MI_N: 32, MI_K: 16,
    Occupancy: 1, WGM: 6, NTA: 0, NTB: 4}
  - {Latency: 36350511238, MT_M: 64, MT_N: 16, MT_K: 256, MI_M: 16, MI_N: 16, MI_K: 32,
    Occupancy: 1, WGM: 0, NTA: 0, NTB: 0}
  - {Latency: 36350511238, MT_M: 64, MT_N: 16, MT_K: 256, MI_M: 16, MI_N: 16, MI_K: 32,
    Occupancy: 1, WGM: 6, NTA: 4, NTB: 0}
  - {Latency: 36350511238, MT_M: 64, MT_N: 16, MT_K: 256, MI_M: 16, MI_N: 16, MI_K: 32,
    Occupancy: 1, WGM: 6, NTA: 0, NTB: 4}
  - {Latency: 37280696054, MT_M: 32, MT_N: 32, MT_K: 512, MI_M: 32, MI_N: 32, MI_K: 16,
    Occupancy: 1, WGM: 0, NTA: 0, NTB: 0}
  - {Latency: 37280696054, MT_M: 32, MT_N: 32, MT_K: 512, MI_M: 32, MI_N: 32, MI_K: 16,
    Occupancy: 1, WGM: 6, NTA: 4, NTB: 0}
  - {Latency: 37280696054, MT_M: 32, MT_N: 32, MT_K: 512, MI_M: 32, MI_N: 32, MI_K: 16,
    Occupancy: 1, WGM: 6, NTA: 0, NTB: 4}
  - {Latency: 41986730414, MT_M: 16, MT_N: 32, MT_K: 512, MI_M: 16, MI_N: 16, MI_K: 32,
    Occupancy: 1, WGM: 0, NTA: 0, NTB: 0}
  - {Latency: 41986730414, MT_M: 16, MT_N: 32, MT_K: 512, MI_M: 16, MI_N: 16, MI_K: 32,
    Occupancy: 1, WGM: 6, NTA: 4, NTB: 0}
  - {Latency: 41986730414, MT_M: 16, MT_N: 32, MT_K: 512, MI_M: 16, MI_N: 16, MI_K: 32,
    Occupancy: 1, WGM: 6, NTA: 0, NTB: 4}
  - {Latency: 70041560143, MT_M: 32, MT_N: 16, MT_K: 512, MI_M: 16, MI_N: 16, MI_K: 32,
    Occupancy: 1, WGM: 0, NTA: 0, NTB: 0}
  - {Latency: 70041560143, MT_M: 32, MT_N: 16, MT_K: 512, MI_M: 16, MI_N: 16, MI_K: 32,
    Occupancy: 1, WGM: 6, NTA: 4, NTB: 0}
  - {Latency: 70041560143, MT_M: 32, MT_N: 16, MT_K: 512, MI_M: 16, MI_N: 16, MI_K: 32,
    Occupancy: 1, WGM: 6, NTA: 0, NTB: 4}
  - {Latency: 74965044946, MT_M: 16, MT_N: 16, MT_K: 512, MI_M: 16, MI_N: 16, MI_K: 32,
    Occupancy: 1, WGM: 0, NTA: 0, NTB: 0}
  - {Latency: 74965044946, MT_M: 16, MT_N: 16, MT_K: 512, MI_M: 16, MI_N: 16, MI_K: 32,
    Occupancy: 1, WGM: 6, NTA: 4, NTB: 0}
  - {Latency: 74965044946, MT_M: 16, MT_N: 16, MT_K: 512, MI_M: 16, MI_N: 16, MI_K: 32,
    Occupancy: 1, WGM: 6, NTA: 0, NTB: 4}
- - {Latency: 92464761, MT_M: 128, MT_N: 256, MT_K: 64, MI_M: 32, MI_N: 32, MI_K: 16,
    Occupancy: 1, WGM: 0, NTA: 0, NTB: 0}
  - {Latency: 92464761, MT_M: 128, MT_N: 256, MT_K: 64, MI_M: 32, MI_N: 32, MI_K: 16,
    Occupancy: 1, WGM: 6, NTA: 4, NTB: 0}
  - {Latency: 92464761, MT_M: 128, MT_N: 256, MT_K: 64, MI_M: 32, MI_N: 32, MI_K: 16,
    Occupancy: 1, WGM: 6, NTA: 0, NTB: 4}
  - {Latency: 143262046, MT_M: 192, MT_N: 256, MT_K: 32, MI_M: 32, MI_N: 32, MI_K: 16,
    Occupancy: 1, WGM: 0, NTA: 0, NTB: 0}
  - {Latency: 143262046, MT_M: 192, MT_N: 256, MT_K: 32, MI_M: 32, MI_N: 32, MI_K: 16,
    Occupancy: 1, WGM: 6, NTA: 4, NTB: 0}
  - {Latency: 143262046, MT_M: 192, MT_N: 256, MT_K: 32, MI_M: 32, MI_N: 32, MI_K: 16,
    Occupancy: 1, WGM: 6, NTA: 0, NTB: 4}
  - {Latency: 147704665, MT_M: 128, MT_N: 192, MT_K: 64, MI_M: 32, MI_N: 32, MI_K: 16,
    Occupancy: 1, WGM: 0, NTA: 0, NTB: 0}
  - {Latency: 147704665, MT_M: 128, MT_N: 192, MT_K: 64, MI_M: 32, MI_N: 32, MI_K: 16,
    Occupancy: 1, WGM: 6, NTA: 4, NTB: 0}
  - {Latency: 147704665, MT_M: 128, MT_N: 192, MT_K: 64, MI_M: 32, MI_N: 32, MI_K: 16,
    Occupancy: 1, WGM: 6, NTA: 0, NTB: 4}
  - {Latency: 184690295, MT_M: 64, MT_N: 256, MT_K: 64, MI_M: 32, MI_N: 32, MI_K: 16,
    Occupancy: 1, WGM: 0, NTA: 0, NTB: 0}
  - {Latency: 184690295, MT_M: 64, MT_N: 256, MT_K: 64, MI_M: 32, MI_N: 32, MI_K: 16,
    Occupancy: 1, WGM: 6, NTA: 4, NTB: 0}
  - {Latency: 184690295, MT_M: 64, MT_N: 256, MT_K: 64, MI_M: 32, MI_N: 32, MI_K: 16,
    Occupancy: 1, WGM: 6, NTA: 0, NTB: 4}
  - {Latency: 188269376, MT_M: 128, MT_N: 128, MT_K: 128, MI_M: 32, MI_N: 32, MI_K: 16,
    Occupancy: 1, WGM: 0, NTA: 0, NTB: 0}
  - {Latency: 188269376, MT_M: 128, MT_N: 128, MT_K: 128, MI_M: 32, MI_N: 32, MI_K: 16,
    Occupancy: 1, WGM: 6, NTA: 4, NTB: 0}
  - {Latency: 188269376, MT_M: 128, MT_N: 128, MT_K: 128, MI_M: 32, MI_N: 32, MI_K: 16,
    Occupancy: 1, WGM: 6, NTA: 0, NTB: 4}
  - {Latency: 196767023, MT_M: 256, MT_N: 256, MT_K: 32, MI_M: 32, MI_N: 32, MI_K: 16,
    Occupancy: 1, WGM: 0, NTA: 0, NTB: 0}
  - {Latency: 196767023, MT_M: 256, MT_N: 256, MT_K: 32, MI_M: 32, MI_N: 32, MI_K: 16,
    Occupancy: 1, WGM: 6, NTA: 4, NTB: 0}
  - {Latency: 196767023, MT_M: 256, MT_N: 256, MT_K: 32, MI_M: 32, MI_N: 32, MI_K: 16,
    Occupancy: 1, WGM: 6, NTA: 0, NTB: 4}
  - {Latency: 201022137, MT_M: 32, MT_N: 256, MT_K: 16, MI_M: 32, MI_N: 32, MI_K: 16,
    Occupancy: 2, WGM: 0, NTA: 0, NTB: 0}
  - {Latency: 201022137, MT_M: 32, MT_N: 256, MT_K: 16, MI_M: 32, MI_N: 32, MI_K: 16,
    Occupancy: 2, WGM: 1, NTA: 4, NTB: 0}
  - {Latency: 201022137, MT_M: 32, MT_N: 256, MT_K: 16, MI_M: 32, MI_N: 32, MI_K: 16,
    Occupancy: 2, WGM: 1, NTA: 0, NTB: 4}
  - {Latency: 228072603, MT_M: 192, MT_N: 192, MT_K: 64, MI_M: 32, MI_N: 32, MI_K: 16,
    Occupancy: 1, WGM: 0, NTA: 0, NTB: 0}
  - {Latency: 228072603, MT_M: 192, MT_N: 192, MT_K: 64, MI_M: 32, MI_N: 32, MI_K: 16,
    Occupancy: 1, WGM: 6, NTA: 4, NTB: 0}
  - {Latency: 228072603, MT_M: 192, MT_N: 192, MT_K: 64, MI_M: 32, MI_N: 32, MI_K: 16,
    Occupancy: 1, WGM: 6, NTA: 0, NTB: 4}
  - {Latency: 285676436, MT_M: 192, MT_N: 128, MT_K: 64, MI_M: 32, MI_N: 32, MI_K: 16,
    Occupancy: 1, WGM: 0, NTA: 0, NTB: 0}
  - {Latency: 285676436, MT_M: 192, MT_N: 128, MT_K: 64, MI_M: 32, MI_N: 32, MI_K: 16,
    Occupancy: 1, WGM: 6, NTA: 4, NTB: 0}
  - {Latency: 285676436, MT_M: 192, MT_N: 128, MT_K: 64, MI_M: 32, MI_N: 32, MI_K: 16,
    Occupancy: 1, WGM: 6, NTA: 0, NTB: 4}
  - {Latency: 300977744, MT_M: 64, MT_N: 192, MT_K: 128, MI_M: 32, MI_N: 32, MI_K: 16,
    Occupancy: 1, WGM: 0, NTA: 0, NTB: 0}
  - {Latency: 300977744, MT_M: 64, MT_N: 192, MT_K: 128, MI_M: 32, MI_N: 32, MI_K: 16,
    Occupancy: 1, WGM: 6, NTA: 4, NTB: 0}
  - {Latency: 300977744, MT_M: 64, MT_N: 192, MT_K: 128, MI_M: 32, MI_N: 32, MI_K: 16,
    Occupancy: 1, WGM: 6, NTA: 0, NTB: 4}
  - {Latency: 313190736, MT_M: 256, MT_N: 192, MT_K: 32, MI_M: 16, MI_N: 16, MI_K: 32,
    Occupancy: 1, WGM: 0, NTA: 0, NTB: 0}
  - {Latency: 313190736, MT_M: 256, MT_N: 192, MT_K: 32, MI_M: 16, MI_N: 16, MI_K: 32,
    Occupancy: 1, WGM: 6, NTA: 4, NTB: 0}
  - {Latency: 313190736, MT_M: 256, MT_N: 192, MT_K: 32, MI_M: 16, MI_N: 16, MI_K: 32,
    Occupancy: 1, WGM: 6, NTA: 0, NTB: 4}
  - {Latency: 366918085, MT_M: 128, MT_N: 64, MT_K: 128, MI_M: 16, MI_N: 16, MI_K: 32,
    Occupancy: 1, WGM: 0, NTA: 0, NTB: 0}
  - {Latency: 366918085, MT_M: 64, MT_N: 128, MT_K: 128, MI_M: 16, MI_N: 16, MI_K: 32,
    Occupancy: 1, WGM: 0, NTA: 0, NTB: 0}
  - {Latency: 366918085, MT_M: 128, MT_N: 64, MT_K: 128, MI_M: 16, MI_N: 16, MI_K: 32,
    Occupancy: 1, WGM: 6, NTA: 4, NTB: 0}
  - {Latency: 366918085, MT_M: 64, MT_N: 128, MT_K: 128, MI_M: 16, MI_N: 16, MI_K: 32,
    Occupancy: 1, WGM: 6, NTA: 4, NTB: 0}
  - {Latency: 366918085, MT_M: 128, MT_N: 64, MT_K: 128, MI_M: 16, MI_N: 16, MI_K: 32,
    Occupancy: 1, WGM: 6, NTA: 0, NTB: 4}
  - {Latency: 366918085, MT_M: 64, MT_N: 128, MT_K: 128, MI_M: 16, MI_N: 16, MI_K: 32,
    Occupancy: 1, WGM: 6, NTA: 0, NTB: 4}
  - {Latency: 392787844, MT_M: 256, MT_N: 128, MT_K: 64, MI_M: 32, MI_N: 32, MI_K: 16,
    Occupancy: 1, WGM: 0, NTA: 0, NTB: 0}
  - {Latency: 392787844, MT_M: 256, MT_N: 128, MT_K: 64, MI_M: 32, MI_N: 32, MI_K: 16,
    Occupancy: 1, WGM: 6, NTA: 4, NTB: 0}
  - {Latency: 392787844, MT_M: 256, MT_N: 128, MT_K: 64, MI_M: 32, MI_N: 32, MI_K: 16,
    Occupancy: 1, WGM: 6, NTA: 0, NTB: 4}
  - {Latency: 397879027, MT_M: 16, MT_N: 256, MT_K: 32, MI_M: 16, MI_N: 16, MI_K: 32,
    Occupancy: 2, WGM: 0, NTA: 0, NTB: 0}
  - {Latency: 397879027, MT_M: 16, MT_N: 256, MT_K: 32, MI_M: 16, MI_N: 16, MI_K: 32,
    Occupancy: 2, WGM: 1, NTA: 4, NTB: 0}
  - {Latency: 397879027, MT_M: 16, MT_N: 256, MT_K: 32, MI_M: 16, MI_N: 16, MI_K: 32,
    Occupancy: 2, WGM: 1, NTA: 0, NTB: 4}
  - {Latency: 401700507, MT_M: 32, MT_N: 128, MT_K: 16, MI_M: 32, MI_N: 32, MI_K: 16,
    Occupancy: 5, WGM: 0, NTA: 0, NTB: 0}
  - {Latency: 401700507, MT_M: 32, MT_N: 128, MT_K: 16, MI_M: 32, MI_N: 32, MI_K: 16,
    Occupancy: 5, WGM: 1, NTA: 4, NTB: 0}
  - {Latency: 401700507, MT_M: 32, MT_N: 128, MT_K: 16, MI_M: 32, MI_N: 32, MI_K: 16,
    Occupancy: 5, WGM: 1, NTA: 0, NTB: 4}
  - {Latency: 568074018, MT_M: 192, MT_N: 64, MT_K: 128, MI_M: 32, MI_N: 32, MI_K: 16,
    Occupancy: 1, WGM: 0, NTA: 0, NTB: 0}
  - {Latency: 568074018, MT_M: 192, MT_N: 64, MT_K: 128, MI_M: 32, MI_N: 32, MI_K: 16,
    Occupancy: 1, WGM: 6, NTA: 4, NTB: 0}
  - {Latency: 568074018, MT_M: 192, MT_N: 64, MT_K: 128, MI_M: 32, MI_N: 32, MI_K: 16,
    Occupancy: 1, WGM: 6, NTA: 0, NTB: 4}
  - {Latency: 764901962, MT_M: 64, MT_N: 64, MT_K: 256, MI_M: 32, MI_N: 32, MI_K: 16,
    Occupancy: 1, WGM: 0, NTA: 0, NTB: 0}
  - {Latency: 764901962, MT_M: 64, MT_N: 64, MT_K: 256, MI_M: 32, MI_N: 32, MI_K: 16,
    Occupancy: 1, WGM: 6, NTA: 4, NTB: 0}
  - {Latency: 764901962, MT_M: 64, MT_N: 64, MT_K: 256, MI_M: 32, MI_N: 32, MI_K: 16,
    Occupancy: 1, WGM: 6, NTA: 0, NTB: 4}
  - {Latency: 765417703, MT_M: 256, MT_N: 64, MT_K: 64, MI_M: 32, MI_N: 32, MI_K: 16,
    Occupancy: 1, WGM: 0, NTA: 0, NTB: 0}
  - {Latency: 765417703, MT_M: 256, MT_N: 64, MT_K: 64, MI_M: 32, MI_N: 32, MI_K: 16,
    Occupancy: 1, WGM: 6, NTA: 4, NTB: 0}
  - {Latency: 765417703, MT_M: 256, MT_N: 64, MT_K: 64, MI_M: 32, MI_N: 32, MI_K: 16,
    Occupancy: 1, WGM: 6, NTA: 0, NTB: 4}
  - {Latency: 795193615, MT_M: 16, MT_N: 128, MT_K: 32, MI_M: 16, MI_N: 16, MI_K: 32,
    Occupancy: 3, WGM: 0, NTA: 0, NTB: 0}
  - {Latency: 795193615, MT_M: 16, MT_N: 128, MT_K: 32, MI_M: 16, MI_N: 16, MI_K: 32,
    Occupancy: 3, WGM: 1, NTA: 4, NTB: 0}
  - {Latency: 795193615, MT_M: 16, MT_N: 128, MT_K: 32, MI_M: 16, MI_N: 16, MI_K: 32,
    Occupancy: 3, WGM: 1, NTA: 0, NTB: 4}
  - {Latency: 805209154, MT_M: 32, MT_N: 64, MT_K: 128, MI_M: 32, MI_N: 32, MI_K: 16,
    Occupancy: 1, WGM: 0, NTA: 0, NTB: 0}
  - {Latency: 805209154, MT_M: 32, MT_N: 64, MT_K: 128, MI_M: 32, MI_N: 32, MI_K: 16,
    Occupancy: 1, WGM: 6, NTA: 4, NTB: 0}
  - {Latency: 805209154, MT_M: 32, MT_N: 64, MT_K: 128, MI_M: 32, MI_N: 32, MI_K: 16,
    Occupancy: 1, WGM: 6, NTA: 0, NTB: 4}
  - {Latency: 1380315464, MT_M: 64, MT_N: 32, MT_K: 128, MI_M: 32, MI_N: 32, MI_K: 16,
    Occupancy: 1, WGM: 0, NTA: 0, NTB: 0}
  - {Latency: 1380315464, MT_M: 64, MT_N: 32, MT_K: 128, MI_M: 32, MI_N: 32, MI_K: 16,
    Occupancy: 1, WGM: 6, NTA: 4, NTB: 0}
  - {Latency: 1380315464, MT_M: 64, MT_N: 32, MT_K: 128, MI_M: 32, MI_N: 32, MI_K: 16,
    Occupancy: 1, WGM: 6, NTA: 0, NTB: 4}
  - {Latency: 1615603737, MT_M: 32, MT_N: 32, MT_K: 512, MI_M: 32, MI_N: 32, MI_K: 16,
    Occupancy: 1, WGM: 0, NTA: 0, NTB: 0}
  - {Latency: 1615603737, MT_M: 32, MT_N: 32, MT_K: 512, MI_M: 32, MI_N: 32, MI_K: 16,
    Occupancy: 1, WGM: 6, NTA: 4, NTB: 0}
  - {Latency: 1615603737, MT_M: 32, MT_N: 32, MT_K: 512, MI_M: 32, MI_N: 32, MI_K: 16,
    Occupancy: 1, WGM: 6, NTA: 0, NTB: 4}
  - {Latency: 1678483507, MT_M: 16, MT_N: 64, MT_K: 256, MI_M: 16, MI_N: 16, MI_K: 32,
    Occupancy: 1, WGM: 0, NTA: 0, NTB: 0}
  - {Latency: 1678483507, MT_M: 16, MT_N: 64, MT_K: 256, MI_M: 16, MI_N: 16, MI_K: 32,
    Occupancy: 1, WGM: 6, NTA: 4, NTB: 0}
  - {Latency: 1678483507, MT_M: 16, MT_N: 64, MT_K: 256, MI_M: 16, MI_N: 16, MI_K: 32,
    Occupancy: 1, WGM: 6, NTA: 0, NTB: 4}
  - {Latency: 2621563082, MT_M: 32, MT_N: 16, MT_K: 512, MI_M: 16, MI_N: 16, MI_K: 32,
    Occupancy: 1, WGM: 0, NTA: 0, NTB: 0}
  - {Latency: 2621563082, MT_M: 32, MT_N: 16, MT_K: 512, MI_M: 16, MI_N: 16, MI_K: 32,
    Occupancy: 1, WGM: 6, NTA: 4, NTB: 0}
  - {Latency: 2621563082, MT_M: 32, MT_N: 16, MT_K: 512, MI_M: 16, MI_N: 16, MI_K: 32,
    Occupancy: 1, WGM: 6, NTA: 0, NTB: 4}
  - {Latency: 2800324393, MT_M: 64, MT_N: 16, MT_K: 256, MI_M: 16, MI_N: 16, MI_K: 32,
    Occupancy: 1, WGM: 0, NTA: 0, NTB: 0}
  - {Latency: 2800324393, MT_M: 64, MT_N: 16, MT_K: 256, MI_M: 16, MI_N: 16, MI_K: 32,
    Occupancy: 1, WGM: 6, NTA: 4, NTB: 0}
  - {Latency: 2800324393, MT_M: 64, MT_N: 16, MT_K: 256, MI_M: 16, MI_N: 16, MI_K: 32,
    Occupancy: 1, WGM: 6, NTA: 0, NTB: 4}
  - {Latency: 2841896689, MT_M: 16, MT_N: 32, MT_K: 512, MI_M: 16, MI_N: 16, MI_K: 32,
    Occupancy: 1, WGM: 0, NTA: 0, NTB: 0}
  - {Latency: 2841896689, MT_M: 16, MT_N: 32, MT_K: 512, MI_M: 16, MI_N: 16, MI_K: 32,
    Occupancy: 1, WGM: 6, NTA: 4, NTB: 0}
  - {Latency: 2841896689, MT_M: 16, MT_N: 32, MT_K: 512, MI_M: 16, MI_N: 16, MI_K: 32,
    Occupancy: 1, WGM: 6, NTA: 0, NTB: 4}
  - {Latency: 2953650368, MT_M: 16, MT_N: 16, MT_K: 512, MI_M: 16, MI_N: 16, MI_K: 32,
    Occupancy: 1, WGM: 0, NTA: 0, NTB: 0}
  - {Latency: 2953650368, MT_M: 16, MT_N: 16, MT_K: 512, MI_M: 16, MI_N: 16, MI_K: 32,
    Occupancy: 1, WGM: 6, NTA: 4, NTB: 0}
  - {Latency: 2953650368, MT_M: 16, MT_N: 16, MT_K: 512, MI_M: 16, MI_N: 16, MI_K: 32,
    Occupancy: 1, WGM: 6, NTA: 0, NTB: 4}
- - {Latency: 18740291, MT_M: 192, MT_N: 256, MT_K: 32, MI_M: 32, MI_N: 32, MI_K: 16,
    Occupancy: 1, WGM: 0, NTA: 0, NTB: 0}
  - {Latency: 18740291, MT_M: 192, MT_N: 256, MT_K: 32, MI_M: 32, MI_N: 32, MI_K: 16,
    Occupancy: 1, WGM: 6, NTA: 4, NTB: 0}
  - {Latency: 18740291, MT_M: 192, MT_N: 256, MT_K: 32, MI_M: 32, MI_N: 32, MI_K: 16,
    Occupancy: 1, WGM: 6, NTA: 0, NTB: 4}
  - {Latency: 19008882, MT_M: 256, MT_N: 256, MT_K: 32, MI_M: 32, MI_N: 32, MI_K: 16,
    Occupancy: 1, WGM: 0, NTA: 0, NTB: 0}
  - {Latency: 19008882, MT_M: 256, MT_N: 256, MT_K: 32, MI_M: 32, MI_N: 32, MI_K: 16,
    Occupancy: 1, WGM: 6, NTA: 4, NTB: 0}
  - {Latency: 19008882, MT_M: 256, MT_N: 256, MT_K: 32, MI_M: 32, MI_N: 32, MI_K: 16,
    Occupancy: 1, WGM: 6, NTA: 0, NTB: 4}
  - {Latency: 24514474, MT_M: 256, MT_N: 192, MT_K: 32, MI_M: 16, MI_N: 16, MI_K: 32,
    Occupancy: 1, WGM: 0, NTA: 0, NTB: 0}
  - {Latency: 24514474, MT_M: 256, MT_N: 192, MT_K: 32, MI_M: 16, MI_N: 16, MI_K: 32,
    Occupancy: 1, WGM: 6, NTA: 4, NTB: 0}
  - {Latency: 24514474, MT_M: 256, MT_N: 192, MT_K: 32, MI_M: 16, MI_N: 16, MI_K: 32,
    Occupancy: 1, WGM: 6, NTA: 0, NTB: 4}
  - {Latency: 25196020, MT_M: 192, MT_N: 192, MT_K: 64, MI_M: 32, MI_N: 32, MI_K: 16,
    Occupancy: 1, WGM: 0, NTA: 0, NTB: 0}
  - {Latency: 25196020, MT_M: 192, MT_N: 192, MT_K: 64, MI_M: 32, MI_N: 32, MI_K: 16,
    Occupancy: 1, WGM: 6, NTA: 4, NTB: 0}
  - {Latency: 25196020, MT_M: 192, MT_N: 192, MT_K: 64, MI_M: 32, MI_N: 32, MI_K: 16,
    Occupancy: 1, WGM: 6, NTA: 0, NTB: 4}
  - {Latency: 28574548, MT_M: 128, MT_N: 256, MT_K: 64, MI_M: 32, MI_N: 32, MI_K: 16,
    Occupancy: 1, WGM: 0, NTA: 0, NTB: 0}
  - {Latency: 28574548, MT_M: 128, MT_N: 256, MT_K: 64, MI_M: 32, MI_N: 32, MI_K: 16,
    Occupancy: 1, WGM: 6, NTA: 4, NTB: 0}
  - {Latency: 28574548, MT_M: 128, MT_N: 256, MT_K: 64, MI_M: 32, MI_N: 32, MI_K: 16,
    Occupancy: 1, WGM: 6, NTA: 0, NTB: 4}
  - {Latency: 36956067, MT_M: 256, MT_N: 128, MT_K: 64, MI_M: 32, MI_N: 32, MI_K: 16,
    Occupancy: 1, WGM: 0, NTA: 0, NTB: 0}
  - {Latency: 36956067, MT_M: 256, MT_N: 128, MT_K: 64, MI_M: 32, MI_N: 32, MI_K: 16,
    Occupancy: 1, WGM: 6, NTA: 4, NTB: 0}
  - {Latency: 36956067, MT_M: 256, MT_N: 128, MT_K: 64, MI_M: 32, MI_N: 32, MI_K: 16,
    Occupancy: 1, WGM: 6, NTA: 0, NTB: 4}
  - {Latency: 37316252, MT_M: 192, MT_N: 128, MT_K: 64, MI_M: 32, MI_N: 32, MI_K: 16,
    Occupancy: 1, WGM: 0, NTA: 0, NTB: 0}
  - {Latency: 37316252, MT_M: 128, MT_N: 192, MT_K: 64, MI_M: 32, MI_N: 32, MI_K: 16,
    Occupancy: 1, WGM: 0, NTA: 0, NTB: 0}
  - {Latency: 37316252, MT_M: 192, MT_N: 128, MT_K: 64, MI_M: 32, MI_N: 32, MI_K: 16,
    Occupancy: 1, WGM: 6, NTA: 4, NTB: 0}
  - {Latency: 37316252, MT_M: 128, MT_N: 192, MT_K: 64, MI_M: 32, MI_N: 32, MI_K: 16,
    Occupancy: 1, WGM: 6, NTA: 4, NTB: 0}
  - {Latency: 37316252, MT_M: 192, MT_N: 128, MT_K: 64, MI_M: 32, MI_N: 32, MI_K: 16,
    Occupancy: 1, WGM: 6, NTA: 0, NTB: 4}
  - {Latency: 37316252, MT_M: 128, MT_N: 192, MT_K: 64, MI_M: 32, MI_N: 32, MI_K: 16,
    Occupancy: 1, WGM: 6, NTA: 0, NTB: 4}
  - {Latency: 55496600, MT_M: 64, MT_N: 256, MT_K: 64, MI_M: 32, MI_N: 32, MI_K: 16,
    Occupancy: 1, WGM: 0, NTA: 0, NTB: 0}
  - {Latency: 55496600, MT_M: 64, MT_N: 256, MT_K: 64, MI_M: 32, MI_N: 32, MI_K: 16,
    Occupancy: 1, WGM: 6, NTA: 4, NTB: 0}
  - {Latency: 55496600, MT_M: 64, MT_N: 256, MT_K: 64, MI_M: 32, MI_N: 32, MI_K: 16,
    Occupancy: 1, WGM: 6, NTA: 0, NTB: 4}
  - {Latency: 58166509, MT_M: 128, MT_N: 128, MT_K: 128, MI_M: 32, MI_N: 32, MI_K: 16,
    Occupancy: 1, WGM: 0, NTA: 0, NTB: 0}
  - {Latency: 58166509, MT_M: 128, MT_N: 128, MT_K: 128, MI_M: 32, MI_N: 32, MI_K: 16,
    Occupancy: 1, WGM: 6, NTA: 4, NTB: 0}
  - {Latency: 58166509, MT_M: 128, MT_N: 128, MT_K: 128, MI_M: 32, MI_N: 32, MI_K: 16,
    Occupancy: 1, WGM: 6, NTA: 0, NTB: 4}
  - {Latency: 59785821, MT_M: 256, MT_N: 64, MT_K: 64, MI_M: 32, MI_N: 32, MI_K: 16,
    Occupancy: 1, WGM: 0, NTA: 0, NTB: 0}
  - {Latency: 59785821, MT_M: 256, MT_N: 64, MT_K: 64, MI_M: 32, MI_N: 32, MI_K: 16,
    Occupancy: 1, WGM: 6, NTA: 4, NTB: 0}
  - {Latency: 59785821, MT_M: 256, MT_N: 64, MT_K: 64, MI_M: 32, MI_N: 32, MI_K: 16,
    Occupancy: 1, WGM: 6, NTA: 0, NTB: 4}
  - {Latency: 62823443, MT_M: 192, MT_N: 64, MT_K: 128, MI_M: 32, MI_N: 32, MI_K: 16,
    Occupancy: 1, WGM: 0, NTA: 0, NTB: 0}
  - {Latency: 62823443, MT_M: 192, MT_N: 64, MT_K: 128, MI_M: 32, MI_N: 32, MI_K: 16,
    Occupancy: 1, WGM: 6, NTA: 4, NTB: 0}
  - {Latency: 62823443, MT_M: 192, MT_N: 64, MT_K: 128, MI_M: 32, MI_N: 32, MI_K: 16,
    Occupancy: 1, WGM: 6, NTA: 0, NTB: 4}
  - {Latency: 77205197, MT_M: 64, MT_N: 192, MT_K: 128, MI_M: 32, MI_N: 32, MI_K: 16,
    Occupancy: 1, WGM: 0, NTA: 0, NTB: 0}
  - {Latency: 77205197, MT_M: 64, MT_N: 192, MT_K: 128, MI_M: 32, MI_N: 32, MI_K: 16,
    Occupancy: 1, WGM: 6, NTA: 4, NTB: 0}
  - {Latency: 77205197, MT_M: 64, MT_N: 192, MT_K: 128, MI_M: 32, MI_N: 32, MI_K: 16,
    Occupancy: 1, WGM: 6, NTA: 0, NTB: 4}
  - {Latency: 93604190, MT_M: 128, MT_N: 64, MT_K: 128, MI_M: 16, MI_N: 16, MI_K: 32,
    Occupancy: 1, WGM: 0, NTA: 0, NTB: 0}
  - {Latency: 93604190, MT_M: 128, MT_N: 64, MT_K: 128, MI_M: 16, MI_N: 16, MI_K: 32,
    Occupancy: 1, WGM: 6, NTA: 4, NTB: 0}
  - {Latency: 93604190, MT_M: 128, MT_N: 64, MT_K: 128, MI_M: 16, MI_N: 16, MI_K: 32,
    Occupancy: 1, WGM: 6, NTA: 0, NTB: 4}
  - {Latency: 99771253, MT_M: 32, MT_N: 256, MT_K: 16, MI_M: 32, MI_N: 32, MI_K: 16,
    Occupancy: 2, WGM: 0, NTA: 0, NTB: 0}
  - {Latency: 99771253, MT_M: 32, MT_N: 256, MT_K: 16, MI_M: 32, MI_N: 32, MI_K: 16,
    Occupancy: 2, WGM: 1, NTA: 4, NTB: 0}
  - {Latency: 99771253, MT_M: 32, MT_N: 256, MT_K: 16, MI_M: 32, MI_N: 32, MI_K: 16,
    Occupancy: 2, WGM: 1, NTA: 0, NTB: 4}
  - {Latency: 115472346, MT_M: 64, MT_N: 128, MT_K: 128, MI_M: 16, MI_N: 16, MI_K: 32,
    Occupancy: 1, WGM: 0, NTA: 0, NTB: 0}
  - {Latency: 115472346, MT_M: 64, MT_N: 128, MT_K: 128, MI_M: 16, MI_N: 16, MI_K: 32,
    Occupancy: 1, WGM: 6, NTA: 4, NTB: 0}
  - {Latency: 115472346, MT_M: 64, MT_N: 128, MT_K: 128, MI_M: 16, MI_N: 16, MI_K: 32,
    Occupancy: 1, WGM: 6, NTA: 0, NTB: 4}
  - {Latency: 154528773, MT_M: 16, MT_N: 256, MT_K: 32, MI_M: 16, MI_N: 16, MI_K: 32,
    Occupancy: 2, WGM: 0, NTA: 0, NTB: 0}
  - {Latency: 154528773, MT_M: 16, MT_N: 256, MT_K: 32, MI_M: 16, MI_N: 16, MI_K: 32,
    Occupancy: 2, WGM: 1, NTA: 4, NTB: 0}
  - {Latency: 154528773, MT_M: 16, MT_N: 256, MT_K: 32, MI_M: 16, MI_N: 16, MI_K: 32,
    Occupancy: 2, WGM: 1, NTA: 0, NTB: 4}
  - {Latency: 197460768, MT_M: 32, MT_N: 128, MT_K: 16, MI_M: 32, MI_N: 32, MI_K: 16,
    Occupancy: 5, WGM: 0, NTA: 0, NTB: 0}
  - {Latency: 197460768, MT_M: 32, MT_N: 128, MT_K: 16, MI_M: 32, MI_N: 32, MI_K: 16,
    Occupancy: 5, WGM: 1, NTA: 4, NTB: 0}
  - {Latency: 197460768, MT_M: 32, MT_N: 128, MT_K: 16, MI_M: 32, MI_N: 32, MI_K: 16,
    Occupancy: 5, WGM: 1, NTA: 0, NTB: 4}
  - {Latency: 203533939, MT_M: 64, MT_N: 64, MT_K: 256, MI_M: 32, MI_N: 32, MI_K: 16,
    Occupancy: 1, WGM: 0, NTA: 0, NTB: 0}
  - {Latency: 203533939, MT_M: 64, MT_N: 64, MT_K: 256, MI_M: 32, MI_N: 32, MI_K: 16,
    Occupancy: 1, WGM: 6, NTA: 4, NTB: 0}
  - {Latency: 203533939, MT_M: 64, MT_N: 64, MT_K: 256, MI_M: 32, MI_N: 32, MI_K: 16,
    Occupancy: 1, WGM: 6, NTA: 0, NTB: 4}
  - {Latency: 305571111, MT_M: 16, MT_N: 128, MT_K: 32, MI_M: 16, MI_N: 16, MI_K: 32,
    Occupancy: 3, WGM: 0, NTA: 0, NTB: 0}
  - {Latency: 305571111, MT_M: 16, MT_N: 128, MT_K: 32, MI_M: 16, MI_N: 16, MI_K: 32,
    Occupancy: 3, WGM: 1, NTA: 4, NTB: 0}
  - {Latency: 305571111, MT_M: 16, MT_N: 128, MT_K: 32, MI_M: 16, MI_N: 16, MI_K: 32,
    Occupancy: 3, WGM: 1, NTA: 0, NTB: 4}
  - {Latency: 314817151, MT_M: 64, MT_N: 32, MT_K: 128, MI_M: 32, MI_N: 32, MI_K: 16,
    Occupancy: 1, WGM: 0, NTA: 0, NTB: 0}
  - {Latency: 314817151, MT_M: 64, MT_N: 32, MT_K: 128, MI_M: 32, MI_N: 32, MI_K: 16,
    Occupancy: 1, WGM: 6, NTA: 4, NTB: 0}
  - {Latency: 314817151, MT_M: 64, MT_N: 32, MT_K: 128, MI_M: 32, MI_N: 32, MI_K: 16,
    Occupancy: 1, WGM: 6, NTA: 0, NTB: 4}
  - {Latency: 344320769, MT_M: 32, MT_N: 64, MT_K: 128, MI_M: 32, MI_N: 32, MI_K: 16,
    Occupancy: 1, WGM: 0, NTA: 0, NTB: 0}
  - {Latency: 344320769, MT_M: 32, MT_N: 64, MT_K: 128, MI_M: 32, MI_N: 32, MI_K: 16,
    Occupancy: 1, WGM: 6, NTA: 4, NTB: 0}
  - {Latency: 344320769, MT_M: 32, MT_N: 64, MT_K: 128, MI_M: 32, MI_N: 32, MI_K: 16,
    Occupancy: 1, WGM: 6, NTA: 0, NTB: 4}
  - {Latency: 443628670, MT_M: 16, MT_N: 64, MT_K: 256, MI_M: 16, MI_N: 16, MI_K: 32,
    Occupancy: 1, WGM: 0, NTA: 0, NTB: 0}
  - {Latency: 443628670, MT_M: 16, MT_N: 64, MT_K: 256, MI_M: 16, MI_N: 16, MI_K: 32,
    Occupancy: 1, WGM: 6, NTA: 4, NTB: 0}
  - {Latency: 443628670, MT_M: 16, MT_N: 64, MT_K: 256, MI_M: 16, MI_N: 16, MI_K: 32,
    Occupancy: 1, WGM: 6, NTA: 0, NTB: 4}
  - {Latency: 546289973, MT_M: 64, MT_N: 16, MT_K: 256, MI_M: 16, MI_N: 16, MI_K: 32,
    Occupancy: 1, WGM: 0, NTA: 0, NTB: 0}
  - {Latency: 546289973, MT_M: 64, MT_N: 16, MT_K: 256, MI_M: 16, MI_N: 16, MI_K: 32,
    Occupancy: 1, WGM: 6, NTA: 4, NTB: 0}
  - {Latency: 546289973, MT_M: 64, MT_N: 16, MT_K: 256, MI_M: 16, MI_N: 16, MI_K: 32,
    Occupancy: 1, WGM: 6, NTA: 0, NTB: 4}
  - {Latency: 1129367693, MT_M: 32, MT_N: 32, MT_K: 512, MI_M: 32, MI_N: 32, MI_K: 16,
    Occupancy: 1, WGM: 0, NTA: 0, NTB: 0}
  - {Latency: 1129367693, MT_M: 32, MT_N: 32, MT_K: 512, MI_M: 32, MI_N: 32, MI_K: 16,
    Occupancy: 1, WGM: 6, NTA: 4, NTB: 0}
  - {Latency: 1129367693, MT_M: 32, MT_N: 32, MT_K: 512, MI_M: 32, MI_N: 32, MI_K: 16,
    Occupancy: 1, WGM: 6, NTA: 0, NTB: 4}
  - {Latency: 1323114610, MT_M: 16, MT_N: 32, MT_K: 512, MI_M: 16, MI_N: 16, MI_K: 32,
    Occupancy: 1, WGM: 0, NTA: 0, NTB: 0}
  - {Latency: 1323114610, MT_M: 16, MT_N: 32, MT_K: 512, MI_M: 16, MI_N: 16, MI_K: 32,
    Occupancy: 1, WGM: 6, NTA: 4, NTB: 0}
  - {Latency: 1323114610, MT_M: 16, MT_N: 32, MT_K: 512, MI_M: 16, MI_N: 16, MI_K: 32,
    Occupancy: 1, WGM: 6, NTA: 0, NTB: 4}
  - {Latency: 1877676192, MT_M: 32, MT_N: 16, MT_K: 512, MI_M: 16, MI_N: 16, MI_K: 32,
    Occupancy: 1, WGM: 0, NTA: 0, NTB: 0}
  - {Latency: 1877676192, MT_M: 32, MT_N: 16, MT_K: 512, MI_M: 16, MI_N: 16, MI_K: 32,
    Occupancy: 1, WGM: 6, NTA: 4, NTB: 0}
  - {Latency: 1877676192, MT_M: 32, MT_N: 16, MT_K: 512, MI_M: 16, MI_N: 16, MI_K: 32,
    Occupancy: 1, WGM: 6, NTA: 0, NTB: 4}
  - {Latency: 2244760851, MT_M: 16, MT_N: 16, MT_K: 512, MI_M: 16, MI_N: 16, MI_K: 32,
    Occupancy: 1, WGM: 0, NTA: 0, NTB: 0}
  - {Latency: 2244760851, MT_M: 16, MT_N: 16, MT_K: 512, MI_M: 16, MI_N: 16, MI_K: 32,
    Occupancy: 1, WGM: 6, NTA: 4, NTB: 0}
  - {Latency: 2244760851, MT_M: 16, MT_N: 16, MT_K: 512, MI_M: 16, MI_N: 16, MI_K: 32,
    Occupancy: 1, WGM: 6, NTA: 0, NTB: 4}
- - {Latency: 196505683, MT_M: 256, MT_N: 256, MT_K: 32, MI_M: 32, MI_N: 32, MI_K: 16,
    Occupancy: 1, WGM: 0, NTA: 0, NTB: 0}
  - {Latency: 196505683, MT_M: 256, MT_N: 256, MT_K: 32, MI_M: 32, MI_N: 32, MI_K: 16,
    Occupancy: 1, WGM: 6, NTA: 4, NTB: 0}
  - {Latency: 196505683, MT_M: 256, MT_N: 256, MT_K: 32, MI_M: 32, MI_N: 32, MI_K: 16,
    Occupancy: 1, WGM: 6, NTA: 0, NTB: 4}
  - {Latency: 213331723, MT_M: 192, MT_N: 256, MT_K: 32, MI_M: 32, MI_N: 32, MI_K: 16,
    Occupancy: 1, WGM: 0, NTA: 0, NTB: 0}
  - {Latency: 213331723, MT_M: 192, MT_N: 256, MT_K: 32, MI_M: 32, MI_N: 32, MI_K: 16,
    Occupancy: 1, WGM: 6, NTA: 4, NTB: 0}
  - {Latency: 213331723, MT_M: 192, MT_N: 256, MT_K: 32, MI_M: 32, MI_N: 32, MI_K: 16,
    Occupancy: 1, WGM: 6, NTA: 0, NTB: 4}
  - {Latency: 260525941, MT_M: 256, MT_N: 192, MT_K: 32, MI_M: 16, MI_N: 16, MI_K: 32,
    Occupancy: 1, WGM: 0, NTA: 0, NTB: 0}
  - {Latency: 260525941, MT_M: 256, MT_N: 192, MT_K: 32, MI_M: 16, MI_N: 16, MI_K: 32,
    Occupancy: 1, WGM: 6, NTA: 4, NTB: 0}
  - {Latency: 260525941, MT_M: 256, MT_N: 192, MT_K: 32, MI_M: 16, MI_N: 16, MI_K: 32,
    Occupancy: 1, WGM: 6, NTA: 0, NTB: 4}
  - {Latency: 286525923, MT_M: 192, MT_N: 192, MT_K: 64, MI_M: 32, MI_N: 32, MI_K: 16,
    Occupancy: 1, WGM: 0, NTA: 0, NTB: 0}
  - {Latency: 286525923, MT_M: 192, MT_N: 192, MT_K: 64, MI_M: 32, MI_N: 32, MI_K: 16,
    Occupancy: 1, WGM: 6, NTA: 4, NTB: 0}
  - {Latency: 286525923, MT_M: 192, MT_N: 192, MT_K: 64, MI_M: 32, MI_N: 32, MI_K: 16,
    Occupancy: 1, WGM: 6, NTA: 0, NTB: 4}
  - {Latency: 331542314, MT_M: 192, MT_N: 128, MT_K: 64, MI_M: 32, MI_N: 32, MI_K: 16,
    Occupancy: 1, WGM: 0, NTA: 0, NTB: 0}
  - {Latency: 331542314, MT_M: 192, MT_N: 128, MT_K: 64, MI_M: 32, MI_N: 32, MI_K: 16,
    Occupancy: 1, WGM: 6, NTA: 4, NTB: 0}
  - {Latency: 331542314, MT_M: 192, MT_N: 128, MT_K: 64, MI_M: 32, MI_N: 32, MI_K: 16,
    Occupancy: 1, WGM: 6, NTA: 0, NTB: 4}
  - {Latency: 344111941, MT_M: 128, MT_N: 256, MT_K: 64, MI_M: 32, MI_N: 32, MI_K: 16,
    Occupancy: 1, WGM: 0, NTA: 0, NTB: 0}
  - {Latency: 344111941, MT_M: 128, MT_N: 256, MT_K: 64, MI_M: 32, MI_N: 32, MI_K: 16,
    Occupancy: 1, WGM: 6, NTA: 4, NTB: 0}
  - {Latency: 344111941, MT_M: 128, MT_N: 256, MT_K: 64, MI_M: 32, MI_N: 32, MI_K: 16,
    Occupancy: 1, WGM: 6, NTA: 0, NTB: 4}
  - {Latency: 349846315, MT_M: 256, MT_N: 128, MT_K: 64, MI_M: 32, MI_N: 32, MI_K: 16,
    Occupancy: 1, WGM: 0, NTA: 0, NTB: 0}
  - {Latency: 349846315, MT_M: 256, MT_N: 128, MT_K: 64, MI_M: 32, MI_N: 32, MI_K: 16,
    Occupancy: 1, WGM: 6, NTA: 4, NTB: 0}
  - {Latency: 349846315, MT_M: 256, MT_N: 128, MT_K: 64, MI_M: 32, MI_N: 32, MI_K: 16,
    Occupancy: 1, WGM: 6, NTA: 0, NTB: 4}
  - {Latency: 381811543, MT_M: 128, MT_N: 192, MT_K: 64, MI_M: 32, MI_N: 32, MI_K: 16,
    Occupancy: 1, WGM: 0, NTA: 0, NTB: 0}
  - {Latency: 381811543, MT_M: 128, MT_N: 192, MT_K: 64, MI_M: 32, MI_N: 32, MI_K: 16,
    Occupancy: 1, WGM: 6, NTA: 4, NTB: 0}
  - {Latency: 381811543, MT_M: 128, MT_N: 192, MT_K: 64, MI_M: 32, MI_N: 32, MI_K: 16,
    Occupancy: 1, WGM: 6, NTA: 0, NTB: 4}
  - {Latency: 468079073, MT_M: 256, MT_N: 64, MT_K: 64, MI_M: 32, MI_N: 32, MI_K: 16,
    Occupancy: 1, WGM: 0, NTA: 0, NTB: 0}
  - {Latency: 468079073, MT_M: 256, MT_N: 64, MT_K: 64, MI_M: 32, MI_N: 32, MI_K: 16,
    Occupancy: 1, WGM: 6, NTA: 4, NTB: 0}
  - {Latency: 468079073, MT_M: 256, MT_N: 64, MT_K: 64, MI_M: 32, MI_N: 32, MI_K: 16,
    Occupancy: 1, WGM: 6, NTA: 0, NTB: 4}
  - {Latency: 472461311, MT_M: 192, MT_N: 64, MT_K: 128, MI_M: 32, MI_N: 32, MI_K: 16,
    Occupancy: 1, WGM: 0, NTA: 0, NTB: 0}
  - {Latency: 472461311, MT_M: 192, MT_N: 64, MT_K: 128, MI_M: 32, MI_N: 32, MI_K: 16,
    Occupancy: 1, WGM: 6, NTA: 4, NTB: 0}
  - {Latency: 472461311, MT_M: 192, MT_N: 64, MT_K: 128, MI_M: 32, MI_N: 32, MI_K: 16,
    Occupancy: 1, WGM: 6, NTA: 0, NTB: 4}
  - {Latency: 472702126, MT_M: 128, MT_N: 128, MT_K: 128, MI_M: 32, MI_N: 32, MI_K: 16,
    Occupancy: 1, WGM: 0, NTA: 0, NTB: 0}
  - {Latency: 472702126, MT_M: 128, MT_N: 128, MT_K: 128, MI_M: 32, MI_N: 32, MI_K: 16,
    Occupancy: 1, WGM: 6, NTA: 4, NTB: 0}
  - {Latency: 472702126, MT_M: 128, MT_N: 128, MT_K: 128, MI_M: 32, MI_N: 32, MI_K: 16,
    Occupancy: 1, WGM: 6, NTA: 0, NTB: 4}
  - {Latency: 494242518, MT_M: 64, MT_N: 256, MT_K: 64, MI_M: 32, MI_N: 32, MI_K: 16,
    Occupancy: 1, WGM: 0, NTA: 0, NTB: 0}
  - {Latency: 494242518, MT_M: 64, MT_N: 256, MT_K: 64, MI_M: 32, MI_N: 32, MI_K: 16,
    Occupancy: 1, WGM: 6, NTA: 4, NTB: 0}
  - {Latency: 494242518, MT_M: 64, MT_N: 256, MT_K: 64, MI_M: 32, MI_N: 32, MI_K: 16,
    Occupancy: 1, WGM: 6, NTA: 0, NTB: 4}
  - {Latency: 515879281, MT_M: 32, MT_N: 256, MT_K: 16, MI_M: 32, MI_N: 32, MI_K: 16,
    Occupancy: 2, WGM: 0, NTA: 0, NTB: 0}
  - {Latency: 515879281, MT_M: 32, MT_N: 256, MT_K: 16, MI_M: 32, MI_N: 32, MI_K: 16,
    Occupancy: 2, WGM: 1, NTA: 4, NTB: 0}
  - {Latency: 515879281, MT_M: 32, MT_N: 256, MT_K: 16, MI_M: 32, MI_N: 32, MI_K: 16,
    Occupancy: 2, WGM: 1, NTA: 0, NTB: 4}
  - {Latency: 584761879, MT_M: 64, MT_N: 192, MT_K: 128, MI_M: 32, MI_N: 32, MI_K: 16,
    Occupancy: 1, WGM: 0, NTA: 0, NTB: 0}
  - {Latency: 584761879, MT_M: 64, MT_N: 192, MT_K: 128, MI_M: 32, MI_N: 32, MI_K: 16,
    Occupancy: 1, WGM: 6, NTA: 4, NTB: 0}
  - {Latency: 584761879, MT_M: 64, MT_N: 192, MT_K: 128, MI_M: 32, MI_N: 32, MI_K: 16,
    Occupancy: 1, WGM: 6, NTA: 0, NTB: 4}
  - {Latency: 685464785, MT_M: 128, MT_N: 64, MT_K: 128, MI_M: 16, MI_N: 16, MI_K: 32,
    Occupancy: 1, WGM: 0, NTA: 0, NTB: 0}
  - {Latency: 685464785, MT_M: 128, MT_N: 64, MT_K: 128, MI_M: 16, MI_N: 16, MI_K: 32,
    Occupancy: 1, WGM: 6, NTA: 4, NTB: 0}
  - {Latency: 685464785, MT_M: 128, MT_N: 64, MT_K: 128, MI_M: 16, MI_N: 16, MI_K: 32,
    Occupancy: 1, WGM: 6, NTA: 0, NTB: 4}
  - {Latency: 725919094, MT_M: 64, MT_N: 128, MT_K: 128, MI_M: 16, MI_N: 16, MI_K: 32,
    Occupancy: 1, WGM: 0, NTA: 0, NTB: 0}
  - {Latency: 725919094, MT_M: 64, MT_N: 128, MT_K: 128, MI_M: 16, MI_N: 16, MI_K: 32,
    Occupancy: 1, WGM: 6, NTA: 4, NTB: 0}
  - {Latency: 725919094, MT_M: 64, MT_N: 128, MT_K: 128, MI_M: 16, MI_N: 16, MI_K: 32,
    Occupancy: 1, WGM: 6, NTA: 0, NTB: 4}
  - {Latency: 764222266, MT_M: 32, MT_N: 128, MT_K: 16, MI_M: 32, MI_N: 32, MI_K: 16,
    Occupancy: 5, WGM: 0, NTA: 0, NTB: 0}
  - {Latency: 764222266, MT_M: 32, MT_N: 128, MT_K: 16, MI_M: 32, MI_N: 32, MI_K: 16,
    Occupancy: 5, WGM: 1, NTA: 4, NTB: 0}
  - {Latency: 764222266, MT_M: 32, MT_N: 128, MT_K: 16, MI_M: 32, MI_N: 32, MI_K: 16,
    Occupancy: 5, WGM: 1, NTA: 0, NTB: 4}
  - {Latency: 821573970, MT_M: 16, MT_N: 256, MT_K: 32, MI_M: 16, MI_N: 16, MI_K: 32,
    Occupancy: 2, WGM: 0, NTA: 0, NTB: 0}
  - {Latency: 821573970, MT_M: 16, MT_N: 256, MT_K: 32, MI_M: 16, MI_N: 16, MI_K: 32,
    Occupancy: 2, WGM: 1, NTA: 4, NTB: 0}
  - {Latency: 821573970, MT_M: 16, MT_N: 256, MT_K: 32, MI_M: 16, MI_N: 16, MI_K: 32,
    Occupancy: 2, WGM: 1, NTA: 0, NTB: 4}
  - {Latency: 1085491085, MT_M: 16, MT_N: 128, MT_K: 32, MI_M: 16, MI_N: 16, MI_K: 32,
    Occupancy: 3, WGM: 0, NTA: 0, NTB: 0}
  - {Latency: 1085491085, MT_M: 16, MT_N: 128, MT_K: 32, MI_M: 16, MI_N: 16, MI_K: 32,
    Occupancy: 3, WGM: 1, NTA: 4, NTB: 0}
  - {Latency: 1085491085, MT_M: 16, MT_N: 128, MT_K: 32, MI_M: 16, MI_N: 16, MI_K: 32,
    Occupancy: 3, WGM: 1, NTA: 0, NTB: 4}
  - {Latency: 1215814218, MT_M: 64, MT_N: 64, MT_K: 256, MI_M: 32, MI_N: 32, MI_K: 16,
    Occupancy: 1, WGM: 0, NTA: 0, NTB: 0}
  - {Latency: 1215814218, MT_M: 64, MT_N: 64, MT_K: 256, MI_M: 32, MI_N: 32, MI_K: 16,
    Occupancy: 1, WGM: 6, NTA: 4, NTB: 0}
  - {Latency: 1215814218, MT_M: 64, MT_N: 64, MT_K: 256, MI_M: 32, MI_N: 32, MI_K: 16,
    Occupancy: 1, WGM: 6, NTA: 0, NTB: 4}
  - {Latency: 1345916383, MT_M: 32, MT_N: 64, MT_K: 128, MI_M: 32, MI_N: 32, MI_K: 16,
    Occupancy: 1, WGM: 0, NTA: 0, NTB: 0}
  - {Latency: 1345916383, MT_M: 32, MT_N: 64, MT_K: 128, MI_M: 32, MI_N: 32, MI_K: 16,
    Occupancy: 1, WGM: 6, NTA: 4, NTB: 0}
  - {Latency: 1345916383, MT_M: 32, MT_N: 64, MT_K: 128, MI_M: 32, MI_N: 32, MI_K: 16,
    Occupancy: 1, WGM: 6, NTA: 0, NTB: 4}
  - {Latency: 1896550713, MT_M: 16, MT_N: 64, MT_K: 256, MI_M: 16, MI_N: 16, MI_K: 32,
    Occupancy: 1, WGM: 0, NTA: 0, NTB: 0}
  - {Latency: 1896550713, MT_M: 16, MT_N: 64, MT_K: 256, MI_M: 16, MI_N: 16, MI_K: 32,
    Occupancy: 1, WGM: 6, NTA: 4, NTB: 0}
  - {Latency: 1896550713, MT_M: 16, MT_N: 64, MT_K: 256, MI_M: 16, MI_N: 16, MI_K: 32,
    Occupancy: 1, WGM: 6, NTA: 0, NTB: 4}
  - {Latency: 1912855944, MT_M: 64, MT_N: 32, MT_K: 128, MI_M: 32, MI_N: 32, MI_K: 16,
    Occupancy: 1, WGM: 0, NTA: 0, NTB: 0}
  - {Latency: 1912855944, MT_M: 64, MT_N: 32, MT_K: 128, MI_M: 32, MI_N: 32, MI_K: 16,
    Occupancy: 1, WGM: 6, NTA: 4, NTB: 0}
  - {Latency: 1912855944, MT_M: 64, MT_N: 32, MT_K: 128, MI_M: 32, MI_N: 32, MI_K: 16,
    Occupancy: 1, WGM: 6, NTA: 0, NTB: 4}
  - {Latency: 3840797512, MT_M: 64, MT_N: 16, MT_K: 256, MI_M: 16, MI_N: 16, MI_K: 32,
    Occupancy: 1, WGM: 0, NTA: 0, NTB: 0}
  - {Latency: 3840797512, MT_M: 64, MT_N: 16, MT_K: 256, MI_M: 16, MI_N: 16, MI_K: 32,
    Occupancy: 1, WGM: 6, NTA: 4, NTB: 0}
  - {Latency: 3840797512, MT_M: 64, MT_N: 16, MT_K: 256, MI_M: 16, MI_N: 16, MI_K: 32,
    Occupancy: 1, WGM: 6, NTA: 0, NTB: 4}
  - {Latency: 4758510260, MT_M: 32, MT_N: 32, MT_K: 512, MI_M: 32, MI_N: 32, MI_K: 16,
    Occupancy: 1, WGM: 0, NTA: 0, NTB: 0}
  - {Latency: 4758510260, MT_M: 32, MT_N: 32, MT_K: 512, MI_M: 32, MI_N: 32, MI_K: 16,
    Occupancy: 1, WGM: 6, NTA: 4, NTB: 0}
  - {Latency: 4758510260, MT_M: 32, MT_N: 32, MT_K: 512, MI_M: 32, MI_N: 32, MI_K: 16,
    Occupancy: 1, WGM: 6, NTA: 0, NTB: 4}
  - {Latency: 5535853136, MT_M: 16, MT_N: 32, MT_K: 512, MI_M: 16, MI_N: 16, MI_K: 32,
    Occupancy: 1, WGM: 0, NTA: 0, NTB: 0}
  - {Latency: 5535853136, MT_M: 16, MT_N: 32, MT_K: 512, MI_M: 16, MI_N: 16, MI_K: 32,
    Occupancy: 1, WGM: 6, NTA: 4, NTB: 0}
  - {Latency: 5535853136, MT_M: 16, MT_N: 32, MT_K: 512, MI_M: 16, MI_N: 16, MI_K: 32,
    Occupancy: 1, WGM: 6, NTA: 0, NTB: 4}
  - {Latency: 8894438545, MT_M: 32, MT_N: 16, MT_K: 512, MI_M: 16, MI_N: 16, MI_K: 32,
    Occupancy: 1, WGM: 0, NTA: 0, NTB: 0}
  - {Latency: 8894438545, MT_M: 32, MT_N: 16, MT_K: 512, MI_M: 16, MI_N: 16, MI_K: 32,
    Occupancy: 1, WGM: 6, NTA: 4, NTB: 0}
  - {Latency: 8894438545, MT_M: 32, MT_N: 16, MT_K: 512, MI_M: 16, MI_N: 16, MI_K: 32,
    Occupancy: 1, WGM: 6, NTA: 0, NTB: 4}
  - {Latency: 9875820610, MT_M: 16, MT_N: 16, MT_K: 512, MI_M: 16, MI_N: 16, MI_K: 32,
    Occupancy: 1, WGM: 0, NTA: 0, NTB: 0}
  - {Latency: 9875820610, MT_M: 16, MT_N: 16, MT_K: 512, MI_M: 16, MI_N: 16, MI_K: 32,
    Occupancy: 1, WGM: 6, NTA: 4, NTB: 0}
  - {Latency: 9875820610, MT_M: 16, MT_N: 16, MT_K: 512, MI_M: 16, MI_N: 16, MI_K: 32,
    Occupancy: 1, WGM: 6, NTA: 0, NTB: 4}
- - {Latency: 390146989, MT_M: 256, MT_N: 256, MT_K: 32, MI_M: 32, MI_N: 32, MI_K: 16,
    Occupancy: 1, WGM: 0, NTA: 0, NTB: 0}
  - {Latency: 390146989, MT_M: 256, MT_N: 256, MT_K: 32, MI_M: 32, MI_N: 32, MI_K: 16,
    Occupancy: 1, WGM: 6, NTA: 4, NTB: 0}
  - {Latency: 390146989, MT_M: 256, MT_N: 256, MT_K: 32, MI_M: 32, MI_N: 32, MI_K: 16,
    Occupancy: 1, WGM: 6, NTA: 0, NTB: 4}
  - {Latency: 489931503, MT_M: 192, MT_N: 256, MT_K: 32, MI_M: 32, MI_N: 32, MI_K: 16,
    Occupancy: 1, WGM: 0, NTA: 0, NTB: 0}
  - {Latency: 489931503, MT_M: 192, MT_N: 256, MT_K: 32, MI_M: 32, MI_N: 32, MI_K: 16,
    Occupancy: 1, WGM: 6, NTA: 4, NTB: 0}
  - {Latency: 489931503, MT_M: 192, MT_N: 256, MT_K: 32, MI_M: 32, MI_N: 32, MI_K: 16,
    Occupancy: 1, WGM: 6, NTA: 0, NTB: 4}
  - {Latency: 573201887, MT_M: 256, MT_N: 192, MT_K: 32, MI_M: 16, MI_N: 16, MI_K: 32,
    Occupancy: 1, WGM: 0, NTA: 0, NTB: 0}
  - {Latency: 573201887, MT_M: 256, MT_N: 192, MT_K: 32, MI_M: 16, MI_N: 16, MI_K: 32,
    Occupancy: 1, WGM: 6, NTA: 4, NTB: 0}
  - {Latency: 573201887, MT_M: 256, MT_N: 192, MT_K: 32, MI_M: 16, MI_N: 16, MI_K: 32,
    Occupancy: 1, WGM: 6, NTA: 0, NTB: 4}
  - {Latency: 738142492, MT_M: 192, MT_N: 192, MT_K: 64, MI_M: 32, MI_N: 32, MI_K: 16,
    Occupancy: 1, WGM: 0, NTA: 0, NTB: 0}
  - {Latency: 738142492, MT_M: 192, MT_N: 192, MT_K: 64, MI_M: 32, MI_N: 32, MI_K: 16,
    Occupancy: 1, WGM: 6, NTA: 4, NTB: 0}
  - {Latency: 738142492, MT_M: 192, MT_N: 192, MT_K: 64, MI_M: 32, MI_N: 32, MI_K: 16,
    Occupancy: 1, WGM: 6, NTA: 0, NTB: 4}
  - {Latency: 782380005, MT_M: 256, MT_N: 128, MT_K: 64, MI_M: 32, MI_N: 32, MI_K: 16,
    Occupancy: 1, WGM: 0, NTA: 0, NTB: 0}
  - {Latency: 782380005, MT_M: 128, MT_N: 256, MT_K: 64, MI_M: 32, MI_N: 32, MI_K: 16,
    Occupancy: 1, WGM: 0, NTA: 0, NTB: 0}
  - {Latency: 782380005, MT_M: 256, MT_N: 128, MT_K: 64, MI_M: 32, MI_N: 32, MI_K: 16,
    Occupancy: 1, WGM: 6, NTA: 4, NTB: 0}
  - {Latency: 782380005, MT_M: 128, MT_N: 256, MT_K: 64, MI_M: 32, MI_N: 32, MI_K: 16,
    Occupancy: 1, WGM: 6, NTA: 4, NTB: 0}
  - {Latency: 782380005, MT_M: 256, MT_N: 128, MT_K: 64, MI_M: 32, MI_N: 32, MI_K: 16,
    Occupancy: 1, WGM: 6, NTA: 0, NTB: 4}
  - {Latency: 782380005, MT_M: 128, MT_N: 256, MT_K: 64, MI_M: 32, MI_N: 32, MI_K: 16,
    Occupancy: 1, WGM: 6, NTA: 0, NTB: 4}
  - {Latency: 984957814, MT_M: 192, MT_N: 128, MT_K: 64, MI_M: 32, MI_N: 32, MI_K: 16,
    Occupancy: 1, WGM: 0, NTA: 0, NTB: 0}
  - {Latency: 984957814, MT_M: 192, MT_N: 128, MT_K: 64, MI_M: 32, MI_N: 32, MI_K: 16,
    Occupancy: 1, WGM: 6, NTA: 4, NTB: 0}
  - {Latency: 984957814, MT_M: 192, MT_N: 128, MT_K: 64, MI_M: 32, MI_N: 32, MI_K: 16,
    Occupancy: 1, WGM: 6, NTA: 0, NTB: 4}
  - {Latency: 1160331067, MT_M: 128, MT_N: 192, MT_K: 64, MI_M: 32, MI_N: 32, MI_K: 16,
    Occupancy: 1, WGM: 0, NTA: 0, NTB: 0}
  - {Latency: 1160331067, MT_M: 128, MT_N: 192, MT_K: 64, MI_M: 32, MI_N: 32, MI_K: 16,
    Occupancy: 1, WGM: 6, NTA: 4, NTB: 0}
  - {Latency: 1160331067, MT_M: 128, MT_N: 192, MT_K: 64, MI_M: 32, MI_N: 32, MI_K: 16,
    Occupancy: 1, WGM: 6, NTA: 0, NTB: 4}
  - {Latency: 1313710989, MT_M: 64, MT_N: 256, MT_K: 64, MI_M: 32, MI_N: 32, MI_K: 16,
    Occupancy: 1, WGM: 0, NTA: 0, NTB: 0}
  - {Latency: 1313710989, MT_M: 64, MT_N: 256, MT_K: 64, MI_M: 32, MI_N: 32, MI_K: 16,
    Occupancy: 1, WGM: 6, NTA: 4, NTB: 0}
  - {Latency: 1313710989, MT_M: 64, MT_N: 256, MT_K: 64, MI_M: 32, MI_N: 32, MI_K: 16,
    Occupancy: 1, WGM: 6, NTA: 0, NTB: 4}
  - {Latency: 1555421918, MT_M: 256, MT_N: 64, MT_K: 64, MI_M: 32, MI_N: 32, MI_K: 16,
    Occupancy: 1, WGM: 0, NTA: 0, NTB: 0}
  - {Latency: 1555421918, MT_M: 256, MT_N: 64, MT_K: 64, MI_M: 32, MI_N: 32, MI_K: 16,
    Occupancy: 1, WGM: 6, NTA: 4, NTB: 0}
  - {Latency: 1555421918, MT_M: 256, MT_N: 64, MT_K: 64, MI_M: 32, MI_N: 32, MI_K: 16,
    Occupancy: 1, WGM: 6, NTA: 0, NTB: 4}
  - {Latency: 1611796828, MT_M: 128, MT_N: 128, MT_K: 128, MI_M: 32, MI_N: 32, MI_K: 16,
    Occupancy: 1, WGM: 0, NTA: 0, NTB: 0}
  - {Latency: 1611796828, MT_M: 128, MT_N: 128, MT_K: 128, MI_M: 32, MI_N: 32, MI_K: 16,
    Occupancy: 1, WGM: 6, NTA: 4, NTB: 0}
  - {Latency: 1611796828, MT_M: 128, MT_N: 128, MT_K: 128, MI_M: 32, MI_N: 32, MI_K: 16,
    Occupancy: 1, WGM: 6, NTA: 0, NTB: 4}
  - {Latency: 1724511736, MT_M: 32, MT_N: 256, MT_K: 16, MI_M: 32, MI_N: 32, MI_K: 16,
    Occupancy: 2, WGM: 0, NTA: 0, NTB: 0}
  - {Latency: 1724511736, MT_M: 32, MT_N: 256, MT_K: 16, MI_M: 32, MI_N: 32, MI_K: 16,
    Occupancy: 2, WGM: 1, NTA: 4, NTB: 0}
  - {Latency: 1724511736, MT_M: 32, MT_N: 256, MT_K: 16, MI_M: 32, MI_N: 32, MI_K: 16,
    Occupancy: 2, WGM: 1, NTA: 0, NTB: 4}
  - {Latency: 1928575106, MT_M: 64, MT_N: 192, MT_K: 128, MI_M: 32, MI_N: 32, MI_K: 16,
    Occupancy: 1, WGM: 0, NTA: 0, NTB: 0}
  - {Latency: 1928575106, MT_M: 64, MT_N: 192, MT_K: 128, MI_M: 32, MI_N: 32, MI_K: 16,
    Occupancy: 1, WGM: 6, NTA: 4, NTB: 0}
  - {Latency: 1928575106, MT_M: 64, MT_N: 192, MT_K: 128, MI_M: 32, MI_N: 32, MI_K: 16,
    Occupancy: 1, WGM: 6, NTA: 0, NTB: 4}
  - {Latency: 1981096872, MT_M: 192, MT_N: 64, MT_K: 128, MI_M: 32, MI_N: 32, MI_K: 16,
    Occupancy: 1, WGM: 0, NTA: 0, NTB: 0}
  - {Latency: 1981096872, MT_M: 192, MT_N: 64, MT_K: 128, MI_M: 32, MI_N: 32, MI_K: 16,
    Occupancy: 1, WGM: 6, NTA: 4, NTB: 0}
  - {Latency: 1981096872, MT_M: 192, MT_N: 64, MT_K: 128, MI_M: 32, MI_N: 32, MI_K: 16,
    Occupancy: 1, WGM: 6, NTA: 0, NTB: 4}
  - {Latency: 2370105369, MT_M: 64, MT_N: 128, MT_K: 128, MI_M: 16, MI_N: 16, MI_K: 32,
    Occupancy: 1, WGM: 0, NTA: 0, NTB: 0}
  - {Latency: 2370105369, MT_M: 64, MT_N: 128, MT_K: 128, MI_M: 16, MI_N: 16, MI_K: 32,
    Occupancy: 1, WGM: 6, NTA: 4, NTB: 0}
  - {Latency: 2370105369, MT_M: 64, MT_N: 128, MT_K: 128, MI_M: 16, MI_N: 16, MI_K: 32,
    Occupancy: 1, WGM: 6, NTA: 0, NTB: 4}
  - {Latency: 2524296452, MT_M: 16, MT_N: 256, MT_K: 32, MI_M: 16, MI_N: 16, MI_K: 32,
    Occupancy: 2, WGM: 0, NTA: 0, NTB: 0}
  - {Latency: 2524296452, MT_M: 16, MT_N: 256, MT_K: 32, MI_M: 16, MI_N: 16, MI_K: 32,
    Occupancy: 2, WGM: 1, NTA: 4, NTB: 0}
  - {Latency: 2524296452, MT_M: 16, MT_N: 256, MT_K: 32, MI_M: 16, MI_N: 16, MI_K: 32,
    Occupancy: 2, WGM: 1, NTA: 0, NTB: 4}
  - {Latency: 2799469136, MT_M: 32, MT_N: 128, MT_K: 16, MI_M: 32, MI_N: 32, MI_K: 16,
    Occupancy: 5, WGM: 0, NTA: 0, NTB: 0}
  - {Latency: 2799469136, MT_M: 32, MT_N: 128, MT_K: 16, MI_M: 32, MI_N: 32, MI_K: 16,
    Occupancy: 5, WGM: 1, NTA: 4, NTB: 0}
  - {Latency: 2799469136, MT_M: 32, MT_N: 128, MT_K: 16, MI_M: 32, MI_N: 32, MI_K: 16,
    Occupancy: 5, WGM: 1, NTA: 0, NTB: 4}
  - {Latency: 2864406184, MT_M: 128, MT_N: 64, MT_K: 128, MI_M: 16, MI_N: 16, MI_K: 32,
    Occupancy: 1, WGM: 0, NTA: 0, NTB: 0}
  - {Latency: 2864406184, MT_M: 128, MT_N: 64, MT_K: 128, MI_M: 16, MI_N: 16, MI_K: 32,
    Occupancy: 1, WGM: 6, NTA: 4, NTB: 0}
  - {Latency: 2864406184, MT_M: 128, MT_N: 64, MT_K: 128, MI_M: 16, MI_N: 16, MI_K: 32,
    Occupancy: 1, WGM: 6, NTA: 0, NTB: 4}
  - {Latency: 3760586285, MT_M: 16, MT_N: 128, MT_K: 32, MI_M: 16, MI_N: 16, MI_K: 32,
    Occupancy: 3, WGM: 0, NTA: 0, NTB: 0}
  - {Latency: 3760586285, MT_M: 16, MT_N: 128, MT_K: 32, MI_M: 16, MI_N: 16, MI_K: 32,
    Occupancy: 3, WGM: 1, NTA: 4, NTB: 0}
  - {Latency: 3760586285, MT_M: 16, MT_N: 128, MT_K: 32, MI_M: 16, MI_N: 16, MI_K: 32,
    Occupancy: 3, WGM: 1, NTA: 0, NTB: 4}
  - {Latency: 4268083011, MT_M: 64, MT_N: 64, MT_K: 256, MI_M: 32, MI_N: 32, MI_K: 16,
    Occupancy: 1, WGM: 0, NTA: 0, NTB: 0}
  - {Latency: 4268083011, MT_M: 64, MT_N: 64, MT_K: 256, MI_M: 32, MI_N: 32, MI_K: 16,
    Occupancy: 1, WGM: 6, NTA: 4, NTB: 0}
  - {Latency: 4268083011, MT_M: 64, MT_N: 64, MT_K: 256, MI_M: 32, MI_N: 32, MI_K: 16,
    Occupancy: 1, WGM: 6, NTA: 0, NTB: 4}
  - {Latency: 4743428635, MT_M: 32, MT_N: 64, MT_K: 128, MI_M: 32, MI_N: 32, MI_K: 16,
    Occupancy: 1, WGM: 0, NTA: 0, NTB: 0}
  - {Latency: 4743428635, MT_M: 32, MT_N: 64, MT_K: 128, MI_M: 32, MI_N: 32, MI_K: 16,
    Occupancy: 1, WGM: 6, NTA: 4, NTB: 0}
  - {Latency: 4743428635, MT_M: 32, MT_N: 64, MT_K: 128, MI_M: 32, MI_N: 32, MI_K: 16,
    Occupancy: 1, WGM: 6, NTA: 0, NTB: 4}
  - {Latency: 5805363698, MT_M: 16, MT_N: 64, MT_K: 256, MI_M: 16, MI_N: 16, MI_K: 32,
    Occupancy: 1, WGM: 0, NTA: 0, NTB: 0}
  - {Latency: 5805363698, MT_M: 16, MT_N: 64, MT_K: 256, MI_M: 16, MI_N: 16, MI_K: 32,
    Occupancy: 1, WGM: 6, NTA: 4, NTB: 0}
  - {Latency: 5805363698, MT_M: 16, MT_N: 64, MT_K: 256, MI_M: 16, MI_N: 16, MI_K: 32,
    Occupancy: 1, WGM: 6, NTA: 0, NTB: 4}
  - {Latency: 7524475244, MT_M: 64, MT_N: 32, MT_K: 128, MI_M: 32, MI_N: 32, MI_K: 16,
    Occupancy: 1, WGM: 0, NTA: 0, NTB: 0}
  - {Latency: 7524475244, MT_M: 64, MT_N: 32, MT_K: 128, MI_M: 32, MI_N: 32, MI_K: 16,
    Occupancy: 1, WGM: 6, NTA: 4, NTB: 0}
  - {Latency: 7524475244, MT_M: 64, MT_N: 32, MT_K: 128, MI_M: 32, MI_N: 32, MI_K: 16,
    Occupancy: 1, WGM: 6, NTA: 0, NTB: 4}
  - {Latency: 8346287484, MT_M: 32, MT_N: 32, MT_K: 512, MI_M: 32, MI_N: 32, MI_K: 16,
    Occupancy: 1, WGM: 0, NTA: 0, NTB: 0}
  - {Latency: 8346287484, MT_M: 32, MT_N: 32, MT_K: 512, MI_M: 32, MI_N: 32, MI_K: 16,
    Occupancy: 1, WGM: 6, NTA: 4, NTB: 0}
  - {Latency: 8346287484, MT_M: 32, MT_N: 32, MT_K: 512, MI_M: 32, MI_N: 32, MI_K: 16,
    Occupancy: 1, WGM: 6, NTA: 0, NTB: 4}
  - {Latency: 9322794622, MT_M: 16, MT_N: 32, MT_K: 512, MI_M: 16, MI_N: 16, MI_K: 32,
    Occupancy: 1, WGM: 0, NTA: 0, NTB: 0}
  - {Latency: 9322794622, MT_M: 16, MT_N: 32, MT_K: 512, MI_M: 16, MI_N: 16, MI_K: 32,
    Occupancy: 1, WGM: 6, NTA: 4, NTB: 0}
  - {Latency: 9322794622, MT_M: 16, MT_N: 32, MT_K: 512, MI_M: 16, MI_N: 16, MI_K: 32,
    Occupancy: 1, WGM: 6, NTA: 0, NTB: 4}
  - {Latency: 14727401323, MT_M: 64, MT_N: 16, MT_K: 256, MI_M: 16, MI_N: 16, MI_K: 32,
    Occupancy: 1, WGM: 0, NTA: 0, NTB: 0}
  - {Latency: 14727401323, MT_M: 64, MT_N: 16, MT_K: 256, MI_M: 16, MI_N: 16, MI_K: 32,
    Occupancy: 1, WGM: 6, NTA: 4, NTB: 0}
  - {Latency: 14727401323, MT_M: 64, MT_N: 16, MT_K: 256, MI_M: 16, MI_N: 16, MI_K: 32,
    Occupancy: 1, WGM: 6, NTA: 0, NTB: 4}
  - {Latency: 15674697139, MT_M: 32, MT_N: 16, MT_K: 512, MI_M: 16, MI_N: 16, MI_K: 32,
    Occupancy: 1, WGM: 0, NTA: 0, NTB: 0}
  - {Latency: 15674697139, MT_M: 32, MT_N: 16, MT_K: 512, MI_M: 16, MI_N: 16, MI_K: 32,
    Occupancy: 1, WGM: 6, NTA: 4, NTB: 0}
  - {Latency: 15674697139, MT_M: 32, MT_N: 16, MT_K: 512, MI_M: 16, MI_N: 16, MI_K: 32,
    Occupancy: 1, WGM: 6, NTA: 0, NTB: 4}
  - {Latency: 16626255931, MT_M: 16, MT_N: 16, MT_K: 512, MI_M: 16, MI_N: 16, MI_K: 32,
    Occupancy: 1, WGM: 0, NTA: 0, NTB: 0}
  - {Latency: 16626255931, MT_M: 16, MT_N: 16, MT_K: 512, MI_M: 16, MI_N: 16, MI_K: 32,
    Occupancy: 1, WGM: 6, NTA: 4, NTB: 0}
  - {Latency: 16626255931, MT_M: 16, MT_N: 16, MT_K: 512, MI_M: 16, MI_N: 16, MI_K: 32,
    Occupancy: 1, WGM: 6, NTA: 0, NTB: 4}
- - {Latency: 64014099, MT_M: 64, MT_N: 256, MT_K: 64, MI_M: 32, MI_N: 32, MI_K: 16,
    Occupancy: 1, WGM: 0, NTA: 0, NTB: 0}
  - {Latency: 64014099, MT_M: 64, MT_N: 256, MT_K: 64, MI_M: 32, MI_N: 32, MI_K: 16,
    Occupancy: 1, WGM: 6, NTA: 4, NTB: 0}
  - {Latency: 64014099, MT_M: 64, MT_N: 256, MT_K: 64, MI_M: 32, MI_N: 32, MI_K: 16,
    Occupancy: 1, WGM: 6, NTA: 0, NTB: 4}
  - {Latency: 77249407, MT_M: 32, MT_N: 256, MT_K: 16, MI_M: 32, MI_N: 32, MI_K: 16,
    Occupancy: 2, WGM: 0, NTA: 0, NTB: 0}
  - {Latency: 77249407, MT_M: 32, MT_N: 256, MT_K: 16, MI_M: 32, MI_N: 32, MI_K: 16,
    Occupancy: 2, WGM: 1, NTA: 4, NTB: 0}
  - {Latency: 77249407, MT_M: 32, MT_N: 256, MT_K: 16, MI_M: 32, MI_N: 32, MI_K: 16,
    Occupancy: 2, WGM: 1, NTA: 0, NTB: 4}
  - {Latency: 94792860, MT_M: 64, MT_N: 192, MT_K: 128, MI_M: 32, MI_N: 32, MI_K: 16,
    Occupancy: 1, WGM: 0, NTA: 0, NTB: 0}
  - {Latency: 94792860, MT_M: 64, MT_N: 192, MT_K: 128, MI_M: 32, MI_N: 32, MI_K: 16,
    Occupancy: 1, WGM: 6, NTA: 4, NTB: 0}
  - {Latency: 94792860, MT_M: 64, MT_N: 192, MT_K: 128, MI_M: 32, MI_N: 32, MI_K: 16,
    Occupancy: 1, WGM: 6, NTA: 0, NTB: 4}
  - {Latency: 102236727, MT_M: 16, MT_N: 256, MT_K: 32, MI_M: 16, MI_N: 16, MI_K: 32,
    Occupancy: 2, WGM: 0, NTA: 0, NTB: 0}
  - {Latency: 102236727, MT_M: 16, MT_N: 256, MT_K: 32, MI_M: 16, MI_N: 16, MI_K: 32,
    Occupancy: 2, WGM: 1, NTA: 4, NTB: 0}
  - {Latency: 102236727, MT_M: 16, MT_N: 256, MT_K: 32, MI_M: 16, MI_N: 16, MI_K: 32,
    Occupancy: 2, WGM: 1, NTA: 0, NTB: 4}
  - {Latency: 137548968, MT_M: 128, MT_N: 256, MT_K: 64, MI_M: 32, MI_N: 32, MI_K: 16,
    Occupancy: 1, WGM: 0, NTA: 0, NTB: 0}
  - {Latency: 137548968, MT_M: 128, MT_N: 256, MT_K: 64, MI_M: 32, MI_N: 32, MI_K: 16,
    Occupancy: 1, WGM: 6, NTA: 4, NTB: 0}
  - {Latency: 137548968, MT_M: 128, MT_N: 256, MT_K: 64, MI_M: 32, MI_N: 32, MI_K: 16,
    Occupancy: 1, WGM: 6, NTA: 0, NTB: 4}
  - {Latency: 140086285, MT_M: 64, MT_N: 128, MT_K: 128, MI_M: 16, MI_N: 16, MI_K: 32,
    Occupancy: 1, WGM: 0, NTA: 0, NTB: 0}
  - {Latency: 140086285, MT_M: 64, MT_N: 128, MT_K: 128, MI_M: 16, MI_N: 16, MI_K: 32,
    Occupancy: 1, WGM: 6, NTA: 4, NTB: 0}
  - {Latency: 140086285, MT_M: 64, MT_N: 128, MT_K: 128, MI_M: 16, MI_N: 16, MI_K: 32,
    Occupancy: 1, WGM: 6, NTA: 0, NTB: 4}
  - {Latency: 151865190, MT_M: 32, MT_N: 128, MT_K: 16, MI_M: 32, MI_N: 32, MI_K: 16,
    Occupancy: 5, WGM: 0, NTA: 0, NTB: 0}
  - {Latency: 151865190, MT_M: 32, MT_N: 128, MT_K: 16, MI_M: 32, MI_N: 32, MI_K: 16,
    Occupancy: 5, WGM: 1, NTA: 4, NTB: 0}
  - {Latency: 151865190, MT_M: 32, MT_N: 128, MT_K: 16, MI_M: 32, MI_N: 32, MI_K: 16,
    Occupancy: 5, WGM: 1, NTA: 0, NTB: 4}
  - {Latency: 162474526, MT_M: 192, MT_N: 256, MT_K: 32, MI_M: 32, MI_N: 32, MI_K: 16,
    Occupancy: 1, WGM: 0, NTA: 0, NTB: 0}
  - {Latency: 162474526, MT_M: 192, MT_N: 256, MT_K: 32, MI_M: 32, MI_N: 32, MI_K: 16,
    Occupancy: 1, WGM: 6, NTA: 4, NTB: 0}
  - {Latency: 162474526, MT_M: 192, MT_N: 256, MT_K: 32, MI_M: 32, MI_N: 32, MI_K: 16,
    Occupancy: 1, WGM: 6, NTA: 0, NTB: 4}
  - {Latency: 183061876, MT_M: 128, MT_N: 192, MT_K: 64, MI_M: 32, MI_N: 32, MI_K: 16,
    Occupancy: 1, WGM: 0, NTA: 0, NTB: 0}
  - {Latency: 183061876, MT_M: 128, MT_N: 192, MT_K: 64, MI_M: 32, MI_N: 32, MI_K: 16,
    Occupancy: 1, WGM: 6, NTA: 4, NTB: 0}
  - {Latency: 183061876, MT_M: 128, MT_N: 192, MT_K: 64, MI_M: 32, MI_N: 32, MI_K: 16,
    Occupancy: 1, WGM: 6, NTA: 0, NTB: 4}
  - {Latency: 201081997, MT_M: 16, MT_N: 128, MT_K: 32, MI_M: 16, MI_N: 16, MI_K: 32,
    Occupancy: 3, WGM: 0, NTA: 0, NTB: 0}
  - {Latency: 201081997, MT_M: 16, MT_N: 128, MT_K: 32, MI_M: 16, MI_N: 16, MI_K: 32,
    Occupancy: 3, WGM: 1, NTA: 4, NTB: 0}
  - {Latency: 201081997, MT_M: 16, MT_N: 128, MT_K: 32, MI_M: 16, MI_N: 16, MI_K: 32,
    Occupancy: 3, WGM: 1, NTA: 0, NTB: 4}
  - {Latency: 230896159, MT_M: 256, MT_N: 256, MT_K: 32, MI_M: 32, MI_N: 32, MI_K: 16,
    Occupancy: 1, WGM: 0, NTA: 0, NTB: 0}
  - {Latency: 230896159, MT_M: 256, MT_N: 256, MT_K: 32, MI_M: 32, MI_N: 32, MI_K: 16,
    Occupancy: 1, WGM: 6, NTA: 4, NTB: 0}
  - {Latency: 230896159, MT_M: 256, MT_N: 256, MT_K: 32, MI_M: 32, MI_N: 32, MI_K: 16,
    Occupancy: 1, WGM: 6, NTA: 0, NTB: 4}
  - {Latency: 294014330, MT_M: 192, MT_N: 192, MT_K: 64, MI_M: 32, MI_N: 32, MI_K: 16,
    Occupancy: 1, WGM: 0, NTA: 0, NTB: 0}
  - {Latency: 294014330, MT_M: 192, MT_N: 192, MT_K: 64, MI_M: 32, MI_N: 32, MI_K: 16,
    Occupancy: 1, WGM: 6, NTA: 4, NTB: 0}
  - {Latency: 294014330, MT_M: 192, MT_N: 192, MT_K: 64, MI_M: 32, MI_N: 32, MI_K: 16,
    Occupancy: 1, WGM: 6, NTA: 0, NTB: 4}
  - {Latency: 298437143, MT_M: 128, MT_N: 128, MT_K: 128, MI_M: 32, MI_N: 32, MI_K: 16,
    Occupancy: 1, WGM: 0, NTA: 0, NTB: 0}
  - {Latency: 298437143, MT_M: 128, MT_N: 128, MT_K: 128, MI_M: 32, MI_N: 32, MI_K: 16,
    Occupancy: 1, WGM: 6, NTA: 4, NTB: 0}
  - {Latency: 298437143, MT_M: 128, MT_N: 128, MT_K: 128, MI_M: 32, MI_N: 32, MI_K: 16,
    Occupancy: 1, WGM: 6, NTA: 0, NTB: 4}
  - {Latency: 307637592, MT_M: 256, MT_N: 192, MT_K: 32, MI_M: 16, MI_N: 16, MI_K: 32,
    Occupancy: 1, WGM: 0, NTA: 0, NTB: 0}
  - {Latency: 307637592, MT_M: 256, MT_N: 192, MT_K: 32, MI_M: 16, MI_N: 16, MI_K: 32,
    Occupancy: 1, WGM: 6, NTA: 4, NTB: 0}
  - {Latency: 307637592, MT_M: 256, MT_N: 192, MT_K: 32, MI_M: 16, MI_N: 16, MI_K: 32,
    Occupancy: 1, WGM: 6, NTA: 0, NTB: 4}
  - {Latency: 434058360, MT_M: 192, MT_N: 128, MT_K: 64, MI_M: 32, MI_N: 32, MI_K: 16,
    Occupancy: 1, WGM: 0, NTA: 0, NTB: 0}
  - {Latency: 434058360, MT_M: 192, MT_N: 128, MT_K: 64, MI_M: 32, MI_N: 32, MI_K: 16,
    Occupancy: 1, WGM: 6, NTA: 4, NTB: 0}
  - {Latency: 434058360, MT_M: 192, MT_N: 128, MT_K: 64, MI_M: 32, MI_N: 32, MI_K: 16,
    Occupancy: 1, WGM: 6, NTA: 0, NTB: 4}
  - {Latency: 495460457, MT_M: 64, MT_N: 32, MT_K: 128, MI_M: 32, MI_N: 32, MI_K: 16,
    Occupancy: 1, WGM: 0, NTA: 0, NTB: 0}
  - {Latency: 495460457, MT_M: 64, MT_N: 32, MT_K: 128, MI_M: 32, MI_N: 32, MI_K: 16,
    Occupancy: 1, WGM: 6, NTA: 4, NTB: 0}
  - {Latency: 495460457, MT_M: 64, MT_N: 32, MT_K: 128, MI_M: 32, MI_N: 32, MI_K: 16,
    Occupancy: 1, WGM: 6, NTA: 0, NTB: 4}
  - {Latency: 558367217, MT_M: 32, MT_N: 64, MT_K: 128, MI_M: 32, MI_N: 32, MI_K: 16,
    Occupancy: 1, WGM: 0, NTA: 0, NTB: 0}
  - {Latency: 558367217, MT_M: 32, MT_N: 64, MT_K: 128, MI_M: 32, MI_N: 32, MI_K: 16,
    Occupancy: 1, WGM: 6, NTA: 4, NTB: 0}
  - {Latency: 558367217, MT_M: 32, MT_N: 64, MT_K: 128, MI_M: 32, MI_N: 32, MI_K: 16,
    Occupancy: 1, WGM: 6, NTA: 0, NTB: 4}
  - {Latency: 561693898, MT_M: 64, MT_N: 64, MT_K: 256, MI_M: 32, MI_N: 32, MI_K: 16,
    Occupancy: 1, WGM: 0, NTA: 0, NTB: 0}
  - {Latency: 561693898, MT_M: 64, MT_N: 64, MT_K: 256, MI_M: 32, MI_N: 32, MI_K: 16,
    Occupancy: 1, WGM: 6, NTA: 4, NTB: 0}
  - {Latency: 561693898, MT_M: 64, MT_N: 64, MT_K: 256, MI_M: 32, MI_N: 32, MI_K: 16,
    Occupancy: 1, WGM: 6, NTA: 0, NTB: 4}
  - {Latency: 596119871, MT_M: 128, MT_N: 64, MT_K: 128, MI_M: 16, MI_N: 16, MI_K: 32,
    Occupancy: 1, WGM: 0, NTA: 0, NTB: 0}
  - {Latency: 596119871, MT_M: 128, MT_N: 64, MT_K: 128, MI_M: 16, MI_N: 16, MI_K: 32,
    Occupancy: 1, WGM: 6, NTA: 4, NTB: 0}
  - {Latency: 596119871, MT_M: 128, MT_N: 64, MT_K: 128, MI_M: 16, MI_N: 16, MI_K: 32,
    Occupancy: 1, WGM: 6, NTA: 0, NTB: 4}
  - {Latency: 617144701, MT_M: 256, MT_N: 128, MT_K: 64, MI_M: 32, MI_N: 32, MI_K: 16,
    Occupancy: 1, WGM: 0, NTA: 0, NTB: 0}
  - {Latency: 617144701, MT_M: 256, MT_N: 128, MT_K: 64, MI_M: 32, MI_N: 32, MI_K: 16,
    Occupancy: 1, WGM: 6, NTA: 4, NTB: 0}
  - {Latency: 617144701, MT_M: 256, MT_N: 128, MT_K: 64, MI_M: 32, MI_N: 32, MI_K: 16,
    Occupancy: 1, WGM: 6, NTA: 0, NTB: 4}
  - {Latency: 954143507, MT_M: 192, MT_N: 64, MT_K: 128, MI_M: 32, MI_N: 32, MI_K: 16,
    Occupancy: 1, WGM: 0, NTA: 0, NTB: 0}
  - {Latency: 954143507, MT_M: 192, MT_N: 64, MT_K: 128, MI_M: 32, MI_N: 32, MI_K: 16,
    Occupancy: 1, WGM: 6, NTA: 4, NTB: 0}
  - {Latency: 954143507, MT_M: 192, MT_N: 64, MT_K: 128, MI_M: 32, MI_N: 32, MI_K: 16,
    Occupancy: 1, WGM: 6, NTA: 0, NTB: 4}
  - {Latency: 1231813373, MT_M: 256, MT_N: 64, MT_K: 64, MI_M: 32, MI_N: 32, MI_K: 16,
    Occupancy: 1, WGM: 0, NTA: 0, NTB: 0}
  - {Latency: 1231813373, MT_M: 256, MT_N: 64, MT_K: 64, MI_M: 32, MI_N: 32, MI_K: 16,
    Occupancy: 1, WGM: 6, NTA: 4, NTB: 0}
  - {Latency: 1231813373, MT_M: 256, MT_N: 64, MT_K: 64, MI_M: 32, MI_N: 32, MI_K: 16,
    Occupancy: 1, WGM: 6, NTA: 0, NTB: 4}
  - {Latency: 1250299920, MT_M: 16, MT_N: 64, MT_K: 256, MI_M: 16, MI_N: 16, MI_K: 32,
    Occupancy: 1, WGM: 0, NTA: 0, NTB: 0}
  - {Latency: 1250299920, MT_M: 16, MT_N: 64, MT_K: 256, MI_M: 16, MI_N: 16, MI_K: 32,
    Occupancy: 1, WGM: 6, NTA: 4, NTB: 0}
  - {Latency: 1250299920, MT_M: 16, MT_N: 64, MT_K: 256, MI_M: 16, MI_N: 16, MI_K: 32,
    Occupancy: 1, WGM: 6, NTA: 0, NTB: 4}
  - {Latency: 1867499051, MT_M: 64, MT_N: 16, MT_K: 256, MI_M: 16, MI_N: 16, MI_K: 32,
    Occupancy: 1, WGM: 0, NTA: 0, NTB: 0}
  - {Latency: 1867499051, MT_M: 64, MT_N: 16, MT_K: 256, MI_M: 16, MI_N: 16, MI_K: 32,
    Occupancy: 1, WGM: 6, NTA: 4, NTB: 0}
  - {Latency: 1867499051, MT_M: 64, MT_N: 16, MT_K: 256, MI_M: 16, MI_N: 16, MI_K: 32,
    Occupancy: 1, WGM: 6, NTA: 0, NTB: 4}
  - {Latency: 7791426330, MT_M: 32, MT_N: 32, MT_K: 512, MI_M: 32, MI_N: 32, MI_K: 16,
    Occupancy: 1, WGM: 0, NTA: 0, NTB: 0}
  - {Latency: 7791426330, MT_M: 32, MT_N: 32, MT_K: 512, MI_M: 32, MI_N: 32, MI_K: 16,
    Occupancy: 1, WGM: 6, NTA: 4, NTB: 0}
  - {Latency: 7791426330, MT_M: 32, MT_N: 32, MT_K: 512, MI_M: 32, MI_N: 32, MI_K: 16,
    Occupancy: 1, WGM: 6, NTA: 0, NTB: 4}
  - {Latency: 8606716425, MT_M: 16, MT_N: 32, MT_K: 512, MI_M: 16, MI_N: 16, MI_K: 32,
    Occupancy: 1, WGM: 0, NTA: 0, NTB: 0}
  - {Latency: 8606716425, MT_M: 16, MT_N: 32, MT_K: 512, MI_M: 16, MI_N: 16, MI_K: 32,
    Occupancy: 1, WGM: 6, NTA: 4, NTB: 0}
  - {Latency: 8606716425, MT_M: 16, MT_N: 32, MT_K: 512, MI_M: 16, MI_N: 16, MI_K: 32,
    Occupancy: 1, WGM: 6, NTA: 0, NTB: 4}
  - {Latency: 14600701127, MT_M: 32, MT_N: 16, MT_K: 512, MI_M: 16, MI_N: 16, MI_K: 32,
    Occupancy: 1, WGM: 0, NTA: 0, NTB: 0}
  - {Latency: 14600701127, MT_M: 32, MT_N: 16, MT_K: 512, MI_M: 16, MI_N: 16, MI_K: 32,
    Occupancy: 1, WGM: 6, NTA: 4, NTB: 0}
  - {Latency: 14600701127, MT_M: 32, MT_N: 16, MT_K: 512, MI_M: 16, MI_N: 16, MI_K: 32,
    Occupancy: 1, WGM: 6, NTA: 0, NTB: 4}
  - {Latency: 16127337747, MT_M: 16, MT_N: 16, MT_K: 512, MI_M: 16, MI_N: 16, MI_K: 32,
    Occupancy: 1, WGM: 0, NTA: 0, NTB: 0}
  - {Latency: 16127337747, MT_M: 16, MT_N: 16, MT_K: 512, MI_M: 16, MI_N: 16, MI_K: 32,
    Occupancy: 1, WGM: 6, NTA: 4, NTB: 0}
  - {Latency: 16127337747, MT_M: 16, MT_N: 16, MT_K: 512, MI_M: 16, MI_N: 16, MI_K: 32,
    Occupancy: 1, WGM: 6, NTA: 0, NTB: 4}
- - {Latency: 6387882918, MT_M: 256, MT_N: 64, MT_K: 64, MI_M: 32, MI_N: 32, MI_K: 16,
    Occupancy: 1, WGM: 0, NTA: 0, NTB: 0}
  - {Latency: 6387882918, MT_M: 256, MT_N: 64, MT_K: 64, MI_M: 32, MI_N: 32, MI_K: 16,
    Occupancy: 1, WGM: 6, NTA: 4, NTB: 0}
  - {Latency: 6387882918, MT_M: 256, MT_N: 64, MT_K: 64, MI_M: 32, MI_N: 32, MI_K: 16,
    Occupancy: 1, WGM: 6, NTA: 0, NTB: 4}
  - {Latency: 9336209877, MT_M: 192, MT_N: 64, MT_K: 128, MI_M: 32, MI_N: 32, MI_K: 16,
    Occupancy: 1, WGM: 0, NTA: 0, NTB: 0}
  - {Latency: 9336209877, MT_M: 192, MT_N: 64, MT_K: 128, MI_M: 32, MI_N: 32, MI_K: 16,
    Occupancy: 1, WGM: 6, NTA: 4, NTB: 0}
  - {Latency: 9336209877, MT_M: 192, MT_N: 64, MT_K: 128, MI_M: 32, MI_N: 32, MI_K: 16,
    Occupancy: 1, WGM: 6, NTA: 0, NTB: 4}
  - {Latency: 12982637499, MT_M: 256, MT_N: 128, MT_K: 64, MI_M: 32, MI_N: 32, MI_K: 16,
    Occupancy: 1, WGM: 0, NTA: 0, NTB: 0}
  - {Latency: 12982637499, MT_M: 256, MT_N: 128, MT_K: 64, MI_M: 32, MI_N: 32, MI_K: 16,
    Occupancy: 1, WGM: 6, NTA: 4, NTB: 0}
  - {Latency: 12982637499, MT_M: 256, MT_N: 128, MT_K: 64, MI_M: 32, MI_N: 32, MI_K: 16,
    Occupancy: 1, WGM: 6, NTA: 0, NTB: 4}
  - {Latency: 14002893295, MT_M: 128, MT_N: 64, MT_K: 128, MI_M: 16, MI_N: 16, MI_K: 32,
    Occupancy: 1, WGM: 0, NTA: 0, NTB: 0}
  - {Latency: 14002893295, MT_M: 128, MT_N: 64, MT_K: 128, MI_M: 16, MI_N: 16, MI_K: 32,
    Occupancy: 1, WGM: 6, NTA: 4, NTB: 0}
  - {Latency: 14002893295, MT_M: 128, MT_N: 64, MT_K: 128, MI_M: 16, MI_N: 16, MI_K: 32,
    Occupancy: 1, WGM: 6, NTA: 0, NTB: 4}
  - {Latency: 14531946219, MT_M: 256, MT_N: 192, MT_K: 32, MI_M: 16, MI_N: 16, MI_K: 32,
    Occupancy: 1, WGM: 0, NTA: 0, NTB: 0}
  - {Latency: 14531946219, MT_M: 256, MT_N: 192, MT_K: 32, MI_M: 16, MI_N: 16, MI_K: 32,
    Occupancy: 1, WGM: 6, NTA: 4, NTB: 0}
  - {Latency: 14531946219, MT_M: 256, MT_N: 192, MT_K: 32, MI_M: 16, MI_N: 16, MI_K: 32,
    Occupancy: 1, WGM: 6, NTA: 0, NTB: 4}
  - {Latency: 17284061502, MT_M: 192, MT_N: 128, MT_K: 64, MI_M: 32, MI_N: 32, MI_K: 16,
    Occupancy: 1, WGM: 0, NTA: 0, NTB: 0}
  - {Latency: 17284061502, MT_M: 192, MT_N: 128, MT_K: 64, MI_M: 32, MI_N: 32, MI_K: 16,
    Occupancy: 1, WGM: 6, NTA: 4, NTB: 0}
  - {Latency: 17284061502, MT_M: 192, MT_N: 128, MT_K: 64, MI_M: 32, MI_N: 32, MI_K: 16,
    Occupancy: 1, WGM: 6, NTA: 0, NTB: 4}
  - {Latency: 19679530602, MT_M: 256, MT_N: 256, MT_K: 32, MI_M: 32, MI_N: 32, MI_K: 16,
    Occupancy: 1, WGM: 0, NTA: 0, NTB: 0}
  - {Latency: 19679530602, MT_M: 256, MT_N: 256, MT_K: 32, MI_M: 32, MI_N: 32, MI_K: 16,
    Occupancy: 1, WGM: 6, NTA: 4, NTB: 0}
  - {Latency: 19679530602, MT_M: 256, MT_N: 256, MT_K: 32, MI_M: 32, MI_N: 32, MI_K: 16,
    Occupancy: 1, WGM: 6, NTA: 0, NTB: 4}
  - {Latency: 20730940683, MT_M: 32, MT_N: 64, MT_K: 128, MI_M: 32, MI_N: 32, MI_K: 16,
    Occupancy: 1, WGM: 0, NTA: 0, NTB: 0}
  - {Latency: 20730940683, MT_M: 32, MT_N: 64, MT_K: 128, MI_M: 32, MI_N: 32, MI_K: 16,
    Occupancy: 1, WGM: 6, NTA: 4, NTB: 0}
  - {Latency: 20730940683, MT_M: 32, MT_N: 64, MT_K: 128, MI_M: 32, MI_N: 32, MI_K: 16,
    Occupancy: 1, WGM: 6, NTA: 0, NTB: 4}
  - {Latency: 23751019340, MT_M: 32, MT_N: 128, MT_K: 16, MI_M: 32, MI_N: 32, MI_K: 16,
    Occupancy: 5, WGM: 0, NTA: 0, NTB: 0}
  - {Latency: 23751019340, MT_M: 32, MT_N: 128, MT_K: 16, MI_M: 32, MI_N: 32, MI_K: 16,
    Occupancy: 5, WGM: 1, NTA: 4, NTB: 0}
  - {Latency: 23751019340, MT_M: 32, MT_N: 128, MT_K: 16, MI_M: 32, MI_N: 32, MI_K: 16,
    Occupancy: 5, WGM: 1, NTA: 0, NTB: 4}
  - {Latency: 26198275259, MT_M: 192, MT_N: 256, MT_K: 32, MI_M: 32, MI_N: 32, MI_K: 16,
    Occupancy: 1, WGM: 0, NTA: 0, NTB: 0}
  - {Latency: 26198275259, MT_M: 192, MT_N: 256, MT_K: 32, MI_M: 32, MI_N: 32, MI_K: 16,
    Occupancy: 1, WGM: 6, NTA: 4, NTB: 0}
  - {Latency: 26198275259, MT_M: 192, MT_N: 256, MT_K: 32, MI_M: 32, MI_N: 32, MI_K: 16,
    Occupancy: 1, WGM: 6, NTA: 0, NTB: 4}
  - {Latency: 26343373411, MT_M: 192, MT_N: 192, MT_K: 64, MI_M: 32, MI_N: 32, MI_K: 16,
    Occupancy: 1, WGM: 0, NTA: 0, NTB: 0}
  - {Latency: 26343373411, MT_M: 192, MT_N: 192, MT_K: 64, MI_M: 32, MI_N: 32, MI_K: 16,
    Occupancy: 1, WGM: 6, NTA: 4, NTB: 0}
  - {Latency: 26343373411, MT_M: 192, MT_N: 192, MT_K: 64, MI_M: 32, MI_N: 32, MI_K: 16,
    Occupancy: 1, WGM: 6, NTA: 0, NTB: 4}
  - {Latency: 28433900909, MT_M: 128, MT_N: 128, MT_K: 128, MI_M: 32, MI_N: 32, MI_K: 16,
    Occupancy: 1, WGM: 0, NTA: 0, NTB: 0}
  - {Latency: 28433900909, MT_M: 128, MT_N: 128, MT_K: 128, MI_M: 32, MI_N: 32, MI_K: 16,
    Occupancy: 1, WGM: 6, NTA: 4, NTB: 0}
  - {Latency: 28433900909, MT_M: 128, MT_N: 128, MT_K: 128, MI_M: 32, MI_N: 32, MI_K: 16,
    Occupancy: 1, WGM: 6, NTA: 0, NTB: 4}
  - {Latency: 30780718310, MT_M: 16, MT_N: 128, MT_K: 32, MI_M: 16, MI_N: 16, MI_K: 32,
    Occupancy: 3, WGM: 0, NTA: 0, NTB: 0}
  - {Latency: 30780718310, MT_M: 16, MT_N: 128, MT_K: 32, MI_M: 16, MI_N: 16, MI_K: 32,
    Occupancy: 3, WGM: 1, NTA: 4, NTB: 0}
  - {Latency: 30780718310, MT_M: 16, MT_N: 128, MT_K: 32, MI_M: 16, MI_N: 16, MI_K: 32,
    Occupancy: 3, WGM: 1, NTA: 0, NTB: 4}
  - {Latency: 39506215910, MT_M: 128, MT_N: 192, MT_K: 64, MI_M: 32, MI_N: 32, MI_K: 16,
    Occupancy: 1, WGM: 0, NTA: 0, NTB: 0}
  - {Latency: 39506215910, MT_M: 128, MT_N: 192, MT_K: 64, MI_M: 32, MI_N: 32, MI_K: 16,
    Occupancy: 1, WGM: 6, NTA: 4, NTB: 0}
  - {Latency: 39506215910, MT_M: 128, MT_N: 192, MT_K: 64, MI_M: 32, MI_N: 32, MI_K: 16,
    Occupancy: 1, WGM: 6, NTA: 0, NTB: 4}
  - {Latency: 40421529156, MT_M: 64, MT_N: 32, MT_K: 128, MI_M: 32, MI_N: 32, MI_K: 16,
    Occupancy: 1, WGM: 0, NTA: 0, NTB: 0}
  - {Latency: 40421529156, MT_M: 64, MT_N: 32, MT_K: 128, MI_M: 32, MI_N: 32, MI_K: 16,
    Occupancy: 1, WGM: 6, NTA: 4, NTB: 0}
  - {Latency: 40421529156, MT_M: 64, MT_N: 32, MT_K: 128, MI_M: 32, MI_N: 32, MI_K: 16,
    Occupancy: 1, WGM: 6, NTA: 0, NTB: 4}
  - {Latency: 40457291557, MT_M: 64, MT_N: 64, MT_K: 256, MI_M: 32, MI_N: 32, MI_K: 16,
    Occupancy: 1, WGM: 0, NTA: 0, NTB: 0}
  - {Latency: 40457291557, MT_M: 64, MT_N: 64, MT_K: 256, MI_M: 32, MI_N: 32, MI_K: 16,
    Occupancy: 1, WGM: 6, NTA: 4, NTB: 0}
  - {Latency: 40457291557, MT_M: 64, MT_N: 64, MT_K: 256, MI_M: 32, MI_N: 32, MI_K: 16,
    Occupancy: 1, WGM: 6, NTA: 0, NTB: 4}
  - {Latency: 41290370744, MT_M: 64, MT_N: 128, MT_K: 128, MI_M: 16, MI_N: 16, MI_K: 32,
    Occupancy: 1, WGM: 0, NTA: 0, NTB: 0}
  - {Latency: 41290370744, MT_M: 64, MT_N: 128, MT_K: 128, MI_M: 16, MI_N: 16, MI_K: 32,
    Occupancy: 1, WGM: 6, NTA: 4, NTB: 0}
  - {Latency: 41290370744, MT_M: 64, MT_N: 128, MT_K: 128, MI_M: 16, MI_N: 16, MI_K: 32,
    Occupancy: 1, WGM: 6, NTA: 0, NTB: 4}
  - {Latency: 43672621876, MT_M: 16, MT_N: 64, MT_K: 256, MI_M: 16, MI_N: 16, MI_K: 32,
    Occupancy: 1, WGM: 0, NTA: 0, NTB: 0}
  - {Latency: 43672621876, MT_M: 16, MT_N: 64, MT_K: 256, MI_M: 16, MI_N: 16, MI_K: 32,
    Occupancy: 1, WGM: 6, NTA: 4, NTB: 0}
  - {Latency: 43672621876, MT_M: 16, MT_N: 64, MT_K: 256, MI_M: 16, MI_N: 16, MI_K: 32,
    Occupancy: 1, WGM: 6, NTA: 0, NTB: 4}
  - {Latency: 52280759391, MT_M: 32, MT_N: 256, MT_K: 16, MI_M: 32, MI_N: 32, MI_K: 16,
    Occupancy: 2, WGM: 0, NTA: 0, NTB: 0}
  - {Latency: 52280759391, MT_M: 32, MT_N: 256, MT_K: 16, MI_M: 32, MI_N: 32, MI_K: 16,
    Occupancy: 2, WGM: 1, NTA: 4, NTB: 0}
  - {Latency: 52280759391, MT_M: 32, MT_N: 256, MT_K: 16, MI_M: 32, MI_N: 32, MI_K: 16,
    Occupancy: 2, WGM: 1, NTA: 0, NTB: 4}
  - {Latency: 53510639917, MT_M: 128, MT_N: 256, MT_K: 64, MI_M: 32, MI_N: 32, MI_K: 16,
    Occupancy: 1, WGM: 0, NTA: 0, NTB: 0}
  - {Latency: 53510639917, MT_M: 128, MT_N: 256, MT_K: 64, MI_M: 32, MI_N: 32, MI_K: 16,
    Occupancy: 1, WGM: 6, NTA: 4, NTB: 0}
  - {Latency: 53510639917, MT_M: 128, MT_N: 256, MT_K: 64, MI_M: 32, MI_N: 32, MI_K: 16,
    Occupancy: 1, WGM: 6, NTA: 0, NTB: 4}
  - {Latency: 63275848047, MT_M: 64, MT_N: 192, MT_K: 128, MI_M: 32, MI_N: 32, MI_K: 16,
    Occupancy: 1, WGM: 0, NTA: 0, NTB: 0}
  - {Latency: 63275848047, MT_M: 64, MT_N: 192, MT_K: 128, MI_M: 32, MI_N: 32, MI_K: 16,
    Occupancy: 1, WGM: 6, NTA: 4, NTB: 0}
  - {Latency: 63275848047, MT_M: 64, MT_N: 192, MT_K: 128, MI_M: 32, MI_N: 32, MI_K: 16,
    Occupancy: 1, WGM: 6, NTA: 0, NTB: 4}
  - {Latency: 71792611089, MT_M: 16, MT_N: 256, MT_K: 32, MI_M: 16, MI_N: 16, MI_K: 32,
    Occupancy: 2, WGM: 0, NTA: 0, NTB: 0}
  - {Latency: 71792611089, MT_M: 16, MT_N: 256, MT_K: 32, MI_M: 16, MI_N: 16, MI_K: 32,
    Occupancy: 2, WGM: 1, NTA: 4, NTB: 0}
  - {Latency: 71792611089, MT_M: 16, MT_N: 256, MT_K: 32, MI_M: 16, MI_N: 16, MI_K: 32,
    Occupancy: 2, WGM: 1, NTA: 0, NTB: 4}
  - {Latency: 78585288427, MT_M: 64, MT_N: 256, MT_K: 64, MI_M: 32, MI_N: 32, MI_K: 16,
    Occupancy: 1, WGM: 0, NTA: 0, NTB: 0}
  - {Latency: 78585288427, MT_M: 64, MT_N: 256, MT_K: 64, MI_M: 32, MI_N: 32, MI_K: 16,
    Occupancy: 1, WGM: 6, NTA: 4, NTB: 0}
  - {Latency: 78585288427, MT_M: 64, MT_N: 256, MT_K: 64, MI_M: 32, MI_N: 32, MI_K: 16,
    Occupancy: 1, WGM: 6, NTA: 0, NTB: 4}
  - {Latency: 90620225948, MT_M: 64, MT_N: 16, MT_K: 256, MI_M: 16, MI_N: 16, MI_K: 32,
    Occupancy: 1, WGM: 0, NTA: 0, NTB: 0}
  - {Latency: 90620225948, MT_M: 64, MT_N: 16, MT_K: 256, MI_M: 16, MI_N: 16, MI_K: 32,
    Occupancy: 1, WGM: 6, NTA: 4, NTB: 0}
  - {Latency: 90620225948, MT_M: 64, MT_N: 16, MT_K: 256, MI_M: 16, MI_N: 16, MI_K: 32,
    Occupancy: 1, WGM: 6, NTA: 0, NTB: 4}
  - {Latency: 330331777059, MT_M: 32, MT_N: 32, MT_K: 512, MI_M: 32, MI_N: 32, MI_K: 16,
    Occupancy: 1, WGM: 0, NTA: 0, NTB: 0}
  - {Latency: 330331777059, MT_M: 32, MT_N: 32, MT_K: 512, MI_M: 32, MI_N: 32, MI_K: 16,
    Occupancy: 1, WGM: 6, NTA: 4, NTB: 0}
  - {Latency: 330331777059, MT_M: 32, MT_N: 32, MT_K: 512, MI_M: 32, MI_N: 32, MI_K: 16,
    Occupancy: 1, WGM: 6, NTA: 0, NTB: 4}
  - {Latency: 345585902104, MT_M: 16, MT_N: 32, MT_K: 512, MI_M: 16, MI_N: 16, MI_K: 32,
    Occupancy: 1, WGM: 0, NTA: 0, NTB: 0}
  - {Latency: 345585902104, MT_M: 16, MT_N: 32, MT_K: 512, MI_M: 16, MI_N: 16, MI_K: 32,
    Occupancy: 1, WGM: 6, NTA: 4, NTB: 0}
  - {Latency: 345585902104, MT_M: 16, MT_N: 32, MT_K: 512, MI_M: 16, MI_N: 16, MI_K: 32,
    Occupancy: 1, WGM: 6, NTA: 0, NTB: 4}
  - {Latency: 367691031068, MT_M: 32, MT_N: 16, MT_K: 512, MI_M: 16, MI_N: 16, MI_K: 32,
    Occupancy: 1, WGM: 0, NTA: 0, NTB: 0}
  - {Latency: 367691031068, MT_M: 32, MT_N: 16, MT_K: 512, MI_M: 16, MI_N: 16, MI_K: 32,
    Occupancy: 1, WGM: 6, NTA: 4, NTB: 0}
  - {Latency: 367691031068, MT_M: 32, MT_N: 16, MT_K: 512, MI_M: 16, MI_N: 16, MI_K: 32,
    Occupancy: 1, WGM: 6, NTA: 0, NTB: 4}
  - {Latency: 380979088679, MT_M: 16, MT_N: 16, MT_K: 512, MI_M: 16, MI_N: 16, MI_K: 32,
    Occupancy: 1, WGM: 0, NTA: 0, NTB: 0}
  - {Latency: 380979088679, MT_M: 16, MT_N: 16, MT_K: 512, MI_M: 16, MI_N: 16, MI_K: 32,
    Occupancy: 1, WGM: 6, NTA: 4, NTB: 0}
  - {Latency: 380979088679, MT_M: 16, MT_N: 16, MT_K: 512, MI_M: 16, MI_N: 16, MI_K: 32,
    Occupancy: 1, WGM: 6, NTA: 0, NTB: 4}
- - {Latency: 349575193, MT_M: 192, MT_N: 192, MT_K: 64, MI_M: 32, MI_N: 32, MI_K: 16,
    Occupancy: 1, WGM: 0, NTA: 0, NTB: 0}
  - {Latency: 349575193, MT_M: 192, MT_N: 192, MT_K: 64, MI_M: 32, MI_N: 32, MI_K: 16,
    Occupancy: 1, WGM: 6, NTA: 4, NTB: 0}
  - {Latency: 349575193, MT_M: 192, MT_N: 192, MT_K: 64, MI_M: 32, MI_N: 32, MI_K: 16,
    Occupancy: 1, WGM: 6, NTA: 0, NTB: 4}
  - {Latency: 513215711, MT_M: 192, MT_N: 256, MT_K: 32, MI_M: 32, MI_N: 32, MI_K: 16,
    Occupancy: 1, WGM: 0, NTA: 0, NTB: 0}
  - {Latency: 513215711, MT_M: 192, MT_N: 256, MT_K: 32, MI_M: 32, MI_N: 32, MI_K: 16,
    Occupancy: 1, WGM: 6, NTA: 4, NTB: 0}
  - {Latency: 513215711, MT_M: 192, MT_N: 256, MT_K: 32, MI_M: 32, MI_N: 32, MI_K: 16,
    Occupancy: 1, WGM: 6, NTA: 0, NTB: 4}
  - {Latency: 513854029, MT_M: 128, MT_N: 192, MT_K: 64, MI_M: 32, MI_N: 32, MI_K: 16,
    Occupancy: 1, WGM: 0, NTA: 0, NTB: 0}
  - {Latency: 513854029, MT_M: 128, MT_N: 192, MT_K: 64, MI_M: 32, MI_N: 32, MI_K: 16,
    Occupancy: 1, WGM: 6, NTA: 4, NTB: 0}
  - {Latency: 513854029, MT_M: 128, MT_N: 192, MT_K: 64, MI_M: 32, MI_N: 32, MI_K: 16,
    Occupancy: 1, WGM: 6, NTA: 0, NTB: 4}
  - {Latency: 564322750, MT_M: 256, MT_N: 192, MT_K: 32, MI_M: 16, MI_N: 16, MI_K: 32,
    Occupancy: 1, WGM: 0, NTA: 0, NTB: 0}
  - {Latency: 564322750, MT_M: 256, MT_N: 192, MT_K: 32, MI_M: 16, MI_N: 16, MI_K: 32,
    Occupancy: 1, WGM: 6, NTA: 4, NTB: 0}
  - {Latency: 564322750, MT_M: 256, MT_N: 192, MT_K: 32, MI_M: 16, MI_N: 16, MI_K: 32,
    Occupancy: 1, WGM: 6, NTA: 0, NTB: 4}
  - {Latency: 760489529, MT_M: 128, MT_N: 256, MT_K: 64, MI_M: 32, MI_N: 32, MI_K: 16,
    Occupancy: 1, WGM: 0, NTA: 0, NTB: 0}
  - {Latency: 760489529, MT_M: 128, MT_N: 256, MT_K: 64, MI_M: 32, MI_N: 32, MI_K: 16,
    Occupancy: 1, WGM: 6, NTA: 4, NTB: 0}
  - {Latency: 760489529, MT_M: 128, MT_N: 256, MT_K: 64, MI_M: 32, MI_N: 32, MI_K: 16,
    Occupancy: 1, WGM: 6, NTA: 0, NTB: 4}
  - {Latency: 819775380, MT_M: 256, MT_N: 256, MT_K: 32, MI_M: 32, MI_N: 32, MI_K: 16,
    Occupancy: 1, WGM: 0, NTA: 0, NTB: 0}
  - {Latency: 819775380, MT_M: 256, MT_N: 256, MT_K: 32, MI_M: 32, MI_N: 32, MI_K: 16,
    Occupancy: 1, WGM: 6, NTA: 4, NTB: 0}
  - {Latency: 819775380, MT_M: 256, MT_N: 256, MT_K: 32, MI_M: 32, MI_N: 32, MI_K: 16,
    Occupancy: 1, WGM: 6, NTA: 0, NTB: 4}
  - {Latency: 1003638110, MT_M: 192, MT_N: 128, MT_K: 64, MI_M: 32, MI_N: 32, MI_K: 16,
    Occupancy: 1, WGM: 0, NTA: 0, NTB: 0}
  - {Latency: 1003638110, MT_M: 192, MT_N: 128, MT_K: 64, MI_M: 32, MI_N: 32, MI_K: 16,
    Occupancy: 1, WGM: 6, NTA: 4, NTB: 0}
  - {Latency: 1003638110, MT_M: 192, MT_N: 128, MT_K: 64, MI_M: 32, MI_N: 32, MI_K: 16,
    Occupancy: 1, WGM: 6, NTA: 0, NTB: 4}
  - {Latency: 1029379726, MT_M: 192, MT_N: 64, MT_K: 128, MI_M: 32, MI_N: 32, MI_K: 16,
    Occupancy: 1, WGM: 0, NTA: 0, NTB: 0}
  - {Latency: 1029379726, MT_M: 64, MT_N: 192, MT_K: 128, MI_M: 32, MI_N: 32, MI_K: 16,
    Occupancy: 1, WGM: 0, NTA: 0, NTB: 0}
  - {Latency: 1029379726, MT_M: 192, MT_N: 64, MT_K: 128, MI_M: 32, MI_N: 32, MI_K: 16,
    Occupancy: 1, WGM: 6, NTA: 4, NTB: 0}
  - {Latency: 1029379726, MT_M: 64, MT_N: 192, MT_K: 128, MI_M: 32, MI_N: 32, MI_K: 16,
    Occupancy: 1, WGM: 6, NTA: 4, NTB: 0}
  - {Latency: 1029379726, MT_M: 192, MT_N: 64, MT_K: 128, MI_M: 32, MI_N: 32, MI_K: 16,
    Occupancy: 1, WGM: 6, NTA: 0, NTB: 4}
  - {Latency: 1029379726, MT_M: 64, MT_N: 192, MT_K: 128, MI_M: 32, MI_N: 32, MI_K: 16,
    Occupancy: 1, WGM: 6, NTA: 0, NTB: 4}
  - {Latency: 1520348549, MT_M: 64, MT_N: 256, MT_K: 64, MI_M: 32, MI_N: 32, MI_K: 16,
    Occupancy: 1, WGM: 0, NTA: 0, NTB: 0}
  - {Latency: 1520348549, MT_M: 64, MT_N: 256, MT_K: 64, MI_M: 32, MI_N: 32, MI_K: 16,
    Occupancy: 1, WGM: 6, NTA: 4, NTB: 0}
  - {Latency: 1520348549, MT_M: 64, MT_N: 256, MT_K: 64, MI_M: 32, MI_N: 32, MI_K: 16,
    Occupancy: 1, WGM: 6, NTA: 0, NTB: 4}
  - {Latency: 1524229080, MT_M: 128, MT_N: 128, MT_K: 128, MI_M: 32, MI_N: 32, MI_K: 16,
    Occupancy: 1, WGM: 0, NTA: 0, NTB: 0}
  - {Latency: 1524229080, MT_M: 128, MT_N: 128, MT_K: 128, MI_M: 32, MI_N: 32, MI_K: 16,
    Occupancy: 1, WGM: 6, NTA: 4, NTB: 0}
  - {Latency: 1524229080, MT_M: 128, MT_N: 128, MT_K: 128, MI_M: 32, MI_N: 32, MI_K: 16,
    Occupancy: 1, WGM: 6, NTA: 0, NTB: 4}
  - {Latency: 1543926177, MT_M: 128, MT_N: 64, MT_K: 128, MI_M: 16, MI_N: 16, MI_K: 32,
    Occupancy: 1, WGM: 0, NTA: 0, NTB: 0}
  - {Latency: 1543926177, MT_M: 128, MT_N: 64, MT_K: 128, MI_M: 16, MI_N: 16, MI_K: 32,
    Occupancy: 1, WGM: 6, NTA: 4, NTB: 0}
  - {Latency: 1543926177, MT_M: 128, MT_N: 64, MT_K: 128, MI_M: 16, MI_N: 16, MI_K: 32,
    Occupancy: 1, WGM: 6, NTA: 0, NTB: 4}
  - {Latency: 1604492116, MT_M: 256, MT_N: 128, MT_K: 64, MI_M: 32, MI_N: 32, MI_K: 16,
    Occupancy: 1, WGM: 0, NTA: 0, NTB: 0}
  - {Latency: 1604492116, MT_M: 256, MT_N: 128, MT_K: 64, MI_M: 32, MI_N: 32, MI_K: 16,
    Occupancy: 1, WGM: 6, NTA: 4, NTB: 0}
  - {Latency: 1604492116, MT_M: 256, MT_N: 128, MT_K: 64, MI_M: 32, MI_N: 32, MI_K: 16,
    Occupancy: 1, WGM: 6, NTA: 0, NTB: 4}
  - {Latency: 1672015790, MT_M: 256, MT_N: 64, MT_K: 64, MI_M: 32, MI_N: 32, MI_K: 16,
    Occupancy: 1, WGM: 0, NTA: 0, NTB: 0}
  - {Latency: 1672015790, MT_M: 256, MT_N: 64, MT_K: 64, MI_M: 32, MI_N: 32, MI_K: 16,
    Occupancy: 1, WGM: 6, NTA: 4, NTB: 0}
  - {Latency: 1672015790, MT_M: 256, MT_N: 64, MT_K: 64, MI_M: 32, MI_N: 32, MI_K: 16,
    Occupancy: 1, WGM: 6, NTA: 0, NTB: 4}
  - {Latency: 2400135729, MT_M: 32, MT_N: 256, MT_K: 16, MI_M: 32, MI_N: 32, MI_K: 16,
    Occupancy: 2, WGM: 0, NTA: 0, NTB: 0}
  - {Latency: 2400135729, MT_M: 32, MT_N: 256, MT_K: 16, MI_M: 32, MI_N: 32, MI_K: 16,
    Occupancy: 2, WGM: 1, NTA: 4, NTB: 0}
  - {Latency: 2400135729, MT_M: 32, MT_N: 256, MT_K: 16, MI_M: 32, MI_N: 32, MI_K: 16,
    Occupancy: 2, WGM: 1, NTA: 0, NTB: 4}
  - {Latency: 3017447613, MT_M: 64, MT_N: 128, MT_K: 128, MI_M: 16, MI_N: 16, MI_K: 32,
    Occupancy: 1, WGM: 0, NTA: 0, NTB: 0}
  - {Latency: 3017447613, MT_M: 64, MT_N: 128, MT_K: 128, MI_M: 16, MI_N: 16, MI_K: 32,
    Occupancy: 1, WGM: 6, NTA: 4, NTB: 0}
  - {Latency: 3017447613, MT_M: 64, MT_N: 128, MT_K: 128, MI_M: 16, MI_N: 16, MI_K: 32,
    Occupancy: 1, WGM: 6, NTA: 0, NTB: 4}
  - {Latency: 3186789482, MT_M: 64, MT_N: 64, MT_K: 256, MI_M: 32, MI_N: 32, MI_K: 16,
    Occupancy: 1, WGM: 0, NTA: 0, NTB: 0}
  - {Latency: 3186789482, MT_M: 64, MT_N: 64, MT_K: 256, MI_M: 32, MI_N: 32, MI_K: 16,
    Occupancy: 1, WGM: 6, NTA: 4, NTB: 0}
  - {Latency: 3186789482, MT_M: 64, MT_N: 64, MT_K: 256, MI_M: 32, MI_N: 32, MI_K: 16,
    Occupancy: 1, WGM: 6, NTA: 0, NTB: 4}
  - {Latency: 4018458192, MT_M: 64, MT_N: 32, MT_K: 128, MI_M: 32, MI_N: 32, MI_K: 16,
    Occupancy: 1, WGM: 0, NTA: 0, NTB: 0}
  - {Latency: 4018458192, MT_M: 64, MT_N: 32, MT_K: 128, MI_M: 32, MI_N: 32, MI_K: 16,
    Occupancy: 1, WGM: 6, NTA: 4, NTB: 0}
  - {Latency: 4018458192, MT_M: 64, MT_N: 32, MT_K: 128, MI_M: 32, MI_N: 32, MI_K: 16,
    Occupancy: 1, WGM: 6, NTA: 0, NTB: 4}
  - {Latency: 4225967863, MT_M: 16, MT_N: 256, MT_K: 32, MI_M: 16, MI_N: 16, MI_K: 32,
    Occupancy: 2, WGM: 0, NTA: 0, NTB: 0}
  - {Latency: 4225967863, MT_M: 16, MT_N: 256, MT_K: 32, MI_M: 16, MI_N: 16, MI_K: 32,
    Occupancy: 2, WGM: 1, NTA: 4, NTB: 0}
  - {Latency: 4225967863, MT_M: 16, MT_N: 256, MT_K: 32, MI_M: 16, MI_N: 16, MI_K: 32,
    Occupancy: 2, WGM: 1, NTA: 0, NTB: 4}
  - {Latency: 4797836522, MT_M: 32, MT_N: 128, MT_K: 16, MI_M: 32, MI_N: 32, MI_K: 16,
    Occupancy: 5, WGM: 0, NTA: 0, NTB: 0}
  - {Latency: 4797836522, MT_M: 32, MT_N: 128, MT_K: 16, MI_M: 32, MI_N: 32, MI_K: 16,
    Occupancy: 5, WGM: 1, NTA: 4, NTB: 0}
  - {Latency: 4797836522, MT_M: 32, MT_N: 128, MT_K: 16, MI_M: 32, MI_N: 32, MI_K: 16,
    Occupancy: 5, WGM: 1, NTA: 0, NTB: 4}
  - {Latency: 4847189633, MT_M: 32, MT_N: 64, MT_K: 128, MI_M: 32, MI_N: 32, MI_K: 16,
    Occupancy: 1, WGM: 0, NTA: 0, NTB: 0}
  - {Latency: 4847189633, MT_M: 32, MT_N: 64, MT_K: 128, MI_M: 32, MI_N: 32, MI_K: 16,
    Occupancy: 1, WGM: 6, NTA: 4, NTB: 0}
  - {Latency: 4847189633, MT_M: 32, MT_N: 64, MT_K: 128, MI_M: 32, MI_N: 32, MI_K: 16,
    Occupancy: 1, WGM: 6, NTA: 0, NTB: 4}
  - {Latency: 6544875225, MT_M: 64, MT_N: 16, MT_K: 256, MI_M: 16, MI_N: 16, MI_K: 32,
    Occupancy: 1, WGM: 0, NTA: 0, NTB: 0}
  - {Latency: 6544875225, MT_M: 64, MT_N: 16, MT_K: 256, MI_M: 16, MI_N: 16, MI_K: 32,
    Occupancy: 1, WGM: 6, NTA: 4, NTB: 0}
  - {Latency: 6544875225, MT_M: 64, MT_N: 16, MT_K: 256, MI_M: 16, MI_N: 16, MI_K: 32,
    Occupancy: 1, WGM: 6, NTA: 0, NTB: 4}
  - {Latency: 7096660412, MT_M: 32, MT_N: 32, MT_K: 512, MI_M: 32, MI_N: 32, MI_K: 16,
    Occupancy: 1, WGM: 0, NTA: 0, NTB: 0}
  - {Latency: 7096660412, MT_M: 32, MT_N: 32, MT_K: 512, MI_M: 32, MI_N: 32, MI_K: 16,
    Occupancy: 1, WGM: 6, NTA: 4, NTB: 0}
  - {Latency: 7096660412, MT_M: 32, MT_N: 32, MT_K: 512, MI_M: 32, MI_N: 32, MI_K: 16,
    Occupancy: 1, WGM: 6, NTA: 0, NTB: 4}
  - {Latency: 8448605613, MT_M: 16, MT_N: 128, MT_K: 32, MI_M: 16, MI_N: 16, MI_K: 32,
    Occupancy: 3, WGM: 0, NTA: 0, NTB: 0}
  - {Latency: 8448605613, MT_M: 16, MT_N: 128, MT_K: 32, MI_M: 16, MI_N: 16, MI_K: 32,
    Occupancy: 3, WGM: 1, NTA: 4, NTB: 0}
  - {Latency: 8448605613, MT_M: 16, MT_N: 128, MT_K: 32, MI_M: 16, MI_N: 16, MI_K: 32,
    Occupancy: 3, WGM: 1, NTA: 0, NTB: 4}
  - {Latency: 8904325427, MT_M: 16, MT_N: 64, MT_K: 256, MI_M: 16, MI_N: 16, MI_K: 32,
    Occupancy: 1, WGM: 0, NTA: 0, NTB: 0}
  - {Latency: 8904325427, MT_M: 16, MT_N: 64, MT_K: 256, MI_M: 16, MI_N: 16, MI_K: 32,
    Occupancy: 1, WGM: 6, NTA: 4, NTB: 0}
  - {Latency: 8904325427, MT_M: 16, MT_N: 64, MT_K: 256, MI_M: 16, MI_N: 16, MI_K: 32,
    Occupancy: 1, WGM: 6, NTA: 0, NTB: 4}
  - {Latency: 11146242139, MT_M: 32, MT_N: 16, MT_K: 512, MI_M: 16, MI_N: 16, MI_K: 32,
    Occupancy: 1, WGM: 0, NTA: 0, NTB: 0}
  - {Latency: 11146242139, MT_M: 32, MT_N: 16, MT_K: 512, MI_M: 16, MI_N: 16, MI_K: 32,
    Occupancy: 1, WGM: 6, NTA: 4, NTB: 0}
  - {Latency: 11146242139, MT_M: 32, MT_N: 16, MT_K: 512, MI_M: 16, MI_N: 16, MI_K: 32,
    Occupancy: 1, WGM: 6, NTA: 0, NTB: 4}
  - {Latency: 12531469642, MT_M: 16, MT_N: 32, MT_K: 512, MI_M: 16, MI_N: 16, MI_K: 32,
    Occupancy: 1, WGM: 0, NTA: 0, NTB: 0}
  - {Latency: 12531469642, MT_M: 16, MT_N: 32, MT_K: 512, MI_M: 16, MI_N: 16, MI_K: 32,
    Occupancy: 1, WGM: 6, NTA: 4, NTB: 0}
  - {Latency: 12531469642, MT_M: 16, MT_N: 32, MT_K: 512, MI_M: 16, MI_N: 16, MI_K: 32,
    Occupancy: 1, WGM: 6, NTA: 0, NTB: 4}
  - {Latency: 19647108710, MT_M: 16, MT_N: 16, MT_K: 512, MI_M: 16, MI_N: 16, MI_K: 32,
    Occupancy: 1, WGM: 0, NTA: 0, NTB: 0}
  - {Latency: 19647108710, MT_M: 16, MT_N: 16, MT_K: 512, MI_M: 16, MI_N: 16, MI_K: 32,
    Occupancy: 1, WGM: 6, NTA: 4, NTB: 0}
  - {Latency: 19647108710, MT_M: 16, MT_N: 16, MT_K: 512, MI_M: 16, MI_N: 16, MI_K: 32,
    Occupancy: 1, WGM: 6, NTA: 0, NTB: 4}
- - {Latency: 189010001, MT_M: 256, MT_N: 256, MT_K: 32, MI_M: 32, MI_N: 32, MI_K: 16,
    Occupancy: 1, WGM: 0, NTA: 0, NTB: 0}
  - {Latency: 189010001, MT_M: 256, MT_N: 256, MT_K: 32, MI_M: 32, MI_N: 32, MI_K: 16,
    Occupancy: 1, WGM: 6, NTA: 4, NTB: 0}
  - {Latency: 189010001, MT_M: 256, MT_N: 256, MT_K: 32, MI_M: 32, MI_N: 32, MI_K: 16,
    Occupancy: 1, WGM: 6, NTA: 0, NTB: 4}
  - {Latency: 248719505, MT_M: 256, MT_N: 192, MT_K: 32, MI_M: 16, MI_N: 16, MI_K: 32,
    Occupancy: 1, WGM: 0, NTA: 0, NTB: 0}
  - {Latency: 248719505, MT_M: 256, MT_N: 192, MT_K: 32, MI_M: 16, MI_N: 16, MI_K: 32,
    Occupancy: 1, WGM: 6, NTA: 4, NTB: 0}
  - {Latency: 248719505, MT_M: 256, MT_N: 192, MT_K: 32, MI_M: 16, MI_N: 16, MI_K: 32,
    Occupancy: 1, WGM: 6, NTA: 0, NTB: 4}
  - {Latency: 396302665, MT_M: 256, MT_N: 128, MT_K: 64, MI_M: 32, MI_N: 32, MI_K: 16,
    Occupancy: 1, WGM: 0, NTA: 0, NTB: 0}
  - {Latency: 396302665, MT_M: 128, MT_N: 256, MT_K: 64, MI_M: 32, MI_N: 32, MI_K: 16,
    Occupancy: 1, WGM: 0, NTA: 0, NTB: 0}
  - {Latency: 396302665, MT_M: 256, MT_N: 128, MT_K: 64, MI_M: 32, MI_N: 32, MI_K: 16,
    Occupancy: 1, WGM: 6, NTA: 4, NTB: 0}
  - {Latency: 396302665, MT_M: 128, MT_N: 256, MT_K: 64, MI_M: 32, MI_N: 32, MI_K: 16,
    Occupancy: 1, WGM: 6, NTA: 4, NTB: 0}
  - {Latency: 396302665, MT_M: 256, MT_N: 128, MT_K: 64, MI_M: 32, MI_N: 32, MI_K: 16,
    Occupancy: 1, WGM: 6, NTA: 0, NTB: 4}
  - {Latency: 396302665, MT_M: 128, MT_N: 256, MT_K: 64, MI_M: 32, MI_N: 32, MI_K: 16,
    Occupancy: 1, WGM: 6, NTA: 0, NTB: 4}
  - {Latency: 525506341, MT_M: 128, MT_N: 192, MT_K: 64, MI_M: 32, MI_N: 32, MI_K: 16,
    Occupancy: 1, WGM: 0, NTA: 0, NTB: 0}
  - {Latency: 525506341, MT_M: 128, MT_N: 192, MT_K: 64, MI_M: 32, MI_N: 32, MI_K: 16,
    Occupancy: 1, WGM: 6, NTA: 4, NTB: 0}
  - {Latency: 525506341, MT_M: 128, MT_N: 192, MT_K: 64, MI_M: 32, MI_N: 32, MI_K: 16,
    Occupancy: 1, WGM: 6, NTA: 0, NTB: 4}
  - {Latency: 585557875, MT_M: 192, MT_N: 256, MT_K: 32, MI_M: 32, MI_N: 32, MI_K: 16,
    Occupancy: 1, WGM: 0, NTA: 0, NTB: 0}
  - {Latency: 585557875, MT_M: 192, MT_N: 256, MT_K: 32, MI_M: 32, MI_N: 32, MI_K: 16,
    Occupancy: 1, WGM: 6, NTA: 4, NTB: 0}
  - {Latency: 585557875, MT_M: 192, MT_N: 256, MT_K: 32, MI_M: 32, MI_N: 32, MI_K: 16,
    Occupancy: 1, WGM: 6, NTA: 0, NTB: 4}
  - {Latency: 786286763, MT_M: 256, MT_N: 64, MT_K: 64, MI_M: 32, MI_N: 32, MI_K: 16,
    Occupancy: 1, WGM: 0, NTA: 0, NTB: 0}
  - {Latency: 786286763, MT_M: 64, MT_N: 256, MT_K: 64, MI_M: 32, MI_N: 32, MI_K: 16,
    Occupancy: 1, WGM: 0, NTA: 0, NTB: 0}
  - {Latency: 786286763, MT_M: 256, MT_N: 64, MT_K: 64, MI_M: 32, MI_N: 32, MI_K: 16,
    Occupancy: 1, WGM: 6, NTA: 4, NTB: 0}
  - {Latency: 786286763, MT_M: 64, MT_N: 256, MT_K: 64, MI_M: 32, MI_N: 32, MI_K: 16,
    Occupancy: 1, WGM: 6, NTA: 4, NTB: 0}
  - {Latency: 786286763, MT_M: 256, MT_N: 64, MT_K: 64, MI_M: 32, MI_N: 32, MI_K: 16,
    Occupancy: 1, WGM: 6, NTA: 0, NTB: 4}
  - {Latency: 786286763, MT_M: 64, MT_N: 256, MT_K: 64, MI_M: 32, MI_N: 32, MI_K: 16,
    Occupancy: 1, WGM: 6, NTA: 0, NTB: 4}
  - {Latency: 827554183, MT_M: 192, MT_N: 192, MT_K: 64, MI_M: 32, MI_N: 32, MI_K: 16,
    Occupancy: 1, WGM: 0, NTA: 0, NTB: 0}
  - {Latency: 827554183, MT_M: 192, MT_N: 192, MT_K: 64, MI_M: 32, MI_N: 32, MI_K: 16,
    Occupancy: 1, WGM: 6, NTA: 4, NTB: 0}
  - {Latency: 827554183, MT_M: 192, MT_N: 192, MT_K: 64, MI_M: 32, MI_N: 32, MI_K: 16,
    Occupancy: 1, WGM: 6, NTA: 0, NTB: 4}
  - {Latency: 1072964375, MT_M: 32, MT_N: 256, MT_K: 16, MI_M: 32, MI_N: 32, MI_K: 16,
    Occupancy: 2, WGM: 0, NTA: 0, NTB: 0}
  - {Latency: 1072964375, MT_M: 32, MT_N: 256, MT_K: 16, MI_M: 32, MI_N: 32, MI_K: 16,
    Occupancy: 2, WGM: 1, NTA: 4, NTB: 0}
  - {Latency: 1072964375, MT_M: 32, MT_N: 256, MT_K: 16, MI_M: 32, MI_N: 32, MI_K: 16,
    Occupancy: 2, WGM: 1, NTA: 0, NTB: 4}
  - {Latency: 1238219459, MT_M: 192, MT_N: 128, MT_K: 64, MI_M: 32, MI_N: 32, MI_K: 16,
    Occupancy: 1, WGM: 0, NTA: 0, NTB: 0}
  - {Latency: 1238219459, MT_M: 192, MT_N: 128, MT_K: 64, MI_M: 32, MI_N: 32, MI_K: 16,
    Occupancy: 1, WGM: 6, NTA: 4, NTB: 0}
  - {Latency: 1238219459, MT_M: 192, MT_N: 128, MT_K: 64, MI_M: 32, MI_N: 32, MI_K: 16,
    Occupancy: 1, WGM: 6, NTA: 0, NTB: 4}
  - {Latency: 1492382831, MT_M: 128, MT_N: 128, MT_K: 128, MI_M: 32, MI_N: 32, MI_K: 16,
    Occupancy: 1, WGM: 0, NTA: 0, NTB: 0}
  - {Latency: 1492382831, MT_M: 128, MT_N: 128, MT_K: 128, MI_M: 32, MI_N: 32, MI_K: 16,
    Occupancy: 1, WGM: 6, NTA: 4, NTB: 0}
  - {Latency: 1492382831, MT_M: 128, MT_N: 128, MT_K: 128, MI_M: 32, MI_N: 32, MI_K: 16,
    Occupancy: 1, WGM: 6, NTA: 0, NTB: 4}
  - {Latency: 1887465652, MT_M: 16, MT_N: 256, MT_K: 32, MI_M: 16, MI_N: 16, MI_K: 32,
    Occupancy: 2, WGM: 0, NTA: 0, NTB: 0}
  - {Latency: 1887465652, MT_M: 16, MT_N: 256, MT_K: 32, MI_M: 16, MI_N: 16, MI_K: 32,
    Occupancy: 2, WGM: 1, NTA: 4, NTB: 0}
  - {Latency: 1887465652, MT_M: 16, MT_N: 256, MT_K: 32, MI_M: 16, MI_N: 16, MI_K: 32,
    Occupancy: 2, WGM: 1, NTA: 0, NTB: 4}
  - {Latency: 1988302397, MT_M: 64, MT_N: 192, MT_K: 128, MI_M: 32, MI_N: 32, MI_K: 16,
    Occupancy: 1, WGM: 0, NTA: 0, NTB: 0}
  - {Latency: 1988302397, MT_M: 64, MT_N: 192, MT_K: 128, MI_M: 32, MI_N: 32, MI_K: 16,
    Occupancy: 1, WGM: 6, NTA: 4, NTB: 0}
  - {Latency: 1988302397, MT_M: 64, MT_N: 192, MT_K: 128, MI_M: 32, MI_N: 32, MI_K: 16,
    Occupancy: 1, WGM: 6, NTA: 0, NTB: 4}
  - {Latency: 2109137457, MT_M: 32, MT_N: 128, MT_K: 16, MI_M: 32, MI_N: 32, MI_K: 16,
    Occupancy: 5, WGM: 0, NTA: 0, NTB: 0}
  - {Latency: 2109137457, MT_M: 32, MT_N: 128, MT_K: 16, MI_M: 32, MI_N: 32, MI_K: 16,
    Occupancy: 5, WGM: 1, NTA: 4, NTB: 0}
  - {Latency: 2109137457, MT_M: 32, MT_N: 128, MT_K: 16, MI_M: 32, MI_N: 32, MI_K: 16,
    Occupancy: 5, WGM: 1, NTA: 0, NTB: 4}
  - {Latency: 2981227346, MT_M: 128, MT_N: 64, MT_K: 128, MI_M: 16, MI_N: 16, MI_K: 32,
    Occupancy: 1, WGM: 0, NTA: 0, NTB: 0}
  - {Latency: 2981227346, MT_M: 64, MT_N: 128, MT_K: 128, MI_M: 16, MI_N: 16, MI_K: 32,
    Occupancy: 1, WGM: 0, NTA: 0, NTB: 0}
  - {Latency: 2981227346, MT_M: 128, MT_N: 64, MT_K: 128, MI_M: 16, MI_N: 16, MI_K: 32,
    Occupancy: 1, WGM: 6, NTA: 4, NTB: 0}
  - {Latency: 2981227346, MT_M: 64, MT_N: 128, MT_K: 128, MI_M: 16, MI_N: 16, MI_K: 32,
    Occupancy: 1, WGM: 6, NTA: 4, NTB: 0}
  - {Latency: 2981227346, MT_M: 128, MT_N: 64, MT_K: 128, MI_M: 16, MI_N: 16, MI_K: 32,
    Occupancy: 1, WGM: 6, NTA: 0, NTB: 4}
  - {Latency: 2981227346, MT_M: 64, MT_N: 128, MT_K: 128, MI_M: 16, MI_N: 16, MI_K: 32,
    Occupancy: 1, WGM: 6, NTA: 0, NTB: 4}
  - {Latency: 3728893684, MT_M: 16, MT_N: 128, MT_K: 32, MI_M: 16, MI_N: 16, MI_K: 32,
    Occupancy: 3, WGM: 0, NTA: 0, NTB: 0}
  - {Latency: 3728893684, MT_M: 16, MT_N: 128, MT_K: 32, MI_M: 16, MI_N: 16, MI_K: 32,
    Occupancy: 3, WGM: 1, NTA: 4, NTB: 0}
  - {Latency: 3728893684, MT_M: 16, MT_N: 128, MT_K: 32, MI_M: 16, MI_N: 16, MI_K: 32,
    Occupancy: 3, WGM: 1, NTA: 0, NTB: 4}
  - {Latency: 4681233604, MT_M: 192, MT_N: 64, MT_K: 128, MI_M: 32, MI_N: 32, MI_K: 16,
    Occupancy: 1, WGM: 0, NTA: 0, NTB: 0}
  - {Latency: 4681233604, MT_M: 192, MT_N: 64, MT_K: 128, MI_M: 32, MI_N: 32, MI_K: 16,
    Occupancy: 1, WGM: 6, NTA: 4, NTB: 0}
  - {Latency: 4681233604, MT_M: 192, MT_N: 64, MT_K: 128, MI_M: 32, MI_N: 32, MI_K: 16,
    Occupancy: 1, WGM: 6, NTA: 0, NTB: 4}
  - {Latency: 9013263955, MT_M: 32, MT_N: 64, MT_K: 128, MI_M: 32, MI_N: 32, MI_K: 16,
    Occupancy: 1, WGM: 0, NTA: 0, NTB: 0}
  - {Latency: 9013263955, MT_M: 32, MT_N: 64, MT_K: 128, MI_M: 32, MI_N: 32, MI_K: 16,
    Occupancy: 1, WGM: 6, NTA: 4, NTB: 0}
  - {Latency: 9013263955, MT_M: 32, MT_N: 64, MT_K: 128, MI_M: 32, MI_N: 32, MI_K: 16,
    Occupancy: 1, WGM: 6, NTA: 0, NTB: 4}
  - {Latency: 10713994211, MT_M: 64, MT_N: 32, MT_K: 128, MI_M: 32, MI_N: 32, MI_K: 16,
    Occupancy: 1, WGM: 0, NTA: 0, NTB: 0}
  - {Latency: 10713994211, MT_M: 64, MT_N: 32, MT_K: 128, MI_M: 32, MI_N: 32, MI_K: 16,
    Occupancy: 1, WGM: 6, NTA: 4, NTB: 0}
  - {Latency: 10713994211, MT_M: 64, MT_N: 32, MT_K: 128, MI_M: 32, MI_N: 32, MI_K: 16,
    Occupancy: 1, WGM: 6, NTA: 0, NTB: 4}
  - {Latency: 11951512208, MT_M: 64, MT_N: 64, MT_K: 256, MI_M: 32, MI_N: 32, MI_K: 16,
    Occupancy: 1, WGM: 0, NTA: 0, NTB: 0}
  - {Latency: 11951512208, MT_M: 64, MT_N: 64, MT_K: 256, MI_M: 32, MI_N: 32, MI_K: 16,
    Occupancy: 1, WGM: 6, NTA: 4, NTB: 0}
  - {Latency: 11951512208, MT_M: 64, MT_N: 64, MT_K: 256, MI_M: 32, MI_N: 32, MI_K: 16,
    Occupancy: 1, WGM: 6, NTA: 0, NTB: 4}
  - {Latency: 21687469125, MT_M: 16, MT_N: 64, MT_K: 256, MI_M: 16, MI_N: 16, MI_K: 32,
    Occupancy: 1, WGM: 0, NTA: 0, NTB: 0}
  - {Latency: 21687469125, MT_M: 16, MT_N: 64, MT_K: 256, MI_M: 16, MI_N: 16, MI_K: 32,
    Occupancy: 1, WGM: 6, NTA: 4, NTB: 0}
  - {Latency: 21687469125, MT_M: 16, MT_N: 64, MT_K: 256, MI_M: 16, MI_N: 16, MI_K: 32,
    Occupancy: 1, WGM: 6, NTA: 0, NTB: 4}
  - {Latency: 23738878668, MT_M: 64, MT_N: 16, MT_K: 256, MI_M: 16, MI_N: 16, MI_K: 32,
    Occupancy: 1, WGM: 0, NTA: 0, NTB: 0}
  - {Latency: 23738878668, MT_M: 64, MT_N: 16, MT_K: 256, MI_M: 16, MI_N: 16, MI_K: 32,
    Occupancy: 1, WGM: 6, NTA: 4, NTB: 0}
  - {Latency: 23738878668, MT_M: 64, MT_N: 16, MT_K: 256, MI_M: 16, MI_N: 16, MI_K: 32,
    Occupancy: 1, WGM: 6, NTA: 0, NTB: 4}
  - {Latency: 86629662543, MT_M: 32, MT_N: 32, MT_K: 512, MI_M: 32, MI_N: 32, MI_K: 16,
    Occupancy: 1, WGM: 0, NTA: 0, NTB: 0}
  - {Latency: 86629662543, MT_M: 32, MT_N: 32, MT_K: 512, MI_M: 32, MI_N: 32, MI_K: 16,
    Occupancy: 1, WGM: 6, NTA: 4, NTB: 0}
  - {Latency: 86629662543, MT_M: 32, MT_N: 32, MT_K: 512, MI_M: 32, MI_N: 32, MI_K: 16,
    Occupancy: 1, WGM: 6, NTA: 0, NTB: 4}
  - {Latency: 93352802452, MT_M: 16, MT_N: 32, MT_K: 512, MI_M: 16, MI_N: 16, MI_K: 32,
    Occupancy: 1, WGM: 0, NTA: 0, NTB: 0}
  - {Latency: 93352802452, MT_M: 16, MT_N: 32, MT_K: 512, MI_M: 16, MI_N: 16, MI_K: 32,
    Occupancy: 1, WGM: 6, NTA: 4, NTB: 0}
  - {Latency: 93352802452, MT_M: 16, MT_N: 32, MT_K: 512, MI_M: 16, MI_N: 16, MI_K: 32,
    Occupancy: 1, WGM: 6, NTA: 0, NTB: 4}
  - {Latency: 98004059719, MT_M: 32, MT_N: 16, MT_K: 512, MI_M: 16, MI_N: 16, MI_K: 32,
    Occupancy: 1, WGM: 0, NTA: 0, NTB: 0}
  - {Latency: 98004059719, MT_M: 32, MT_N: 16, MT_K: 512, MI_M: 16, MI_N: 16, MI_K: 32,
    Occupancy: 1, WGM: 6, NTA: 4, NTB: 0}
  - {Latency: 98004059719, MT_M: 32, MT_N: 16, MT_K: 512, MI_M: 16, MI_N: 16, MI_K: 32,
    Occupancy: 1, WGM: 6, NTA: 0, NTB: 4}
  - {Latency: 112327014006, MT_M: 16, MT_N: 16, MT_K: 512, MI_M: 16, MI_N: 16, MI_K: 32,
    Occupancy: 1, WGM: 0, NTA: 0, NTB: 0}
  - {Latency: 112327014006, MT_M: 16, MT_N: 16, MT_K: 512, MI_M: 16, MI_N: 16, MI_K: 32,
    Occupancy: 1, WGM: 6, NTA: 4, NTB: 0}
  - {Latency: 112327014006, MT_M: 16, MT_N: 16, MT_K: 512, MI_M: 16, MI_N: 16, MI_K: 32,
    Occupancy: 1, WGM: 6, NTA: 0, NTB: 4}
- - {Latency: 1148550980, MT_M: 256, MT_N: 256, MT_K: 32, MI_M: 32, MI_N: 32, MI_K: 16,
    Occupancy: 1, WGM: 0, NTA: 0, NTB: 0}
  - {Latency: 1148550980, MT_M: 256, MT_N: 256, MT_K: 32, MI_M: 32, MI_N: 32, MI_K: 16,
    Occupancy: 1, WGM: 6, NTA: 4, NTB: 0}
  - {Latency: 1148550980, MT_M: 256, MT_N: 256, MT_K: 32, MI_M: 32, MI_N: 32, MI_K: 16,
    Occupancy: 1, WGM: 6, NTA: 0, NTB: 4}
  - {Latency: 1396252498, MT_M: 256, MT_N: 192, MT_K: 32, MI_M: 16, MI_N: 16, MI_K: 32,
    Occupancy: 1, WGM: 0, NTA: 0, NTB: 0}
  - {Latency: 1396252498, MT_M: 256, MT_N: 192, MT_K: 32, MI_M: 16, MI_N: 16, MI_K: 32,
    Occupancy: 1, WGM: 6, NTA: 4, NTB: 0}
  - {Latency: 1396252498, MT_M: 256, MT_N: 192, MT_K: 32, MI_M: 16, MI_N: 16, MI_K: 32,
    Occupancy: 1, WGM: 6, NTA: 0, NTB: 4}
  - {Latency: 1525096401, MT_M: 192, MT_N: 256, MT_K: 32, MI_M: 32, MI_N: 32, MI_K: 16,
    Occupancy: 1, WGM: 0, NTA: 0, NTB: 0}
  - {Latency: 1525096401, MT_M: 192, MT_N: 256, MT_K: 32, MI_M: 32, MI_N: 32, MI_K: 16,
    Occupancy: 1, WGM: 6, NTA: 4, NTB: 0}
  - {Latency: 1525096401, MT_M: 192, MT_N: 256, MT_K: 32, MI_M: 32, MI_N: 32, MI_K: 16,
    Occupancy: 1, WGM: 6, NTA: 0, NTB: 4}
  - {Latency: 1781269010, MT_M: 32, MT_N: 256, MT_K: 16, MI_M: 32, MI_N: 32, MI_K: 16,
    Occupancy: 2, WGM: 0, NTA: 0, NTB: 0}
  - {Latency: 1781269010, MT_M: 32, MT_N: 256, MT_K: 16, MI_M: 32, MI_N: 32, MI_K: 16,
    Occupancy: 2, WGM: 1, NTA: 4, NTB: 0}
  - {Latency: 1781269010, MT_M: 32, MT_N: 256, MT_K: 16, MI_M: 32, MI_N: 32, MI_K: 16,
    Occupancy: 2, WGM: 1, NTA: 0, NTB: 4}
  - {Latency: 2070549798, MT_M: 32, MT_N: 128, MT_K: 16, MI_M: 32, MI_N: 32, MI_K: 16,
    Occupancy: 5, WGM: 0, NTA: 0, NTB: 0}
  - {Latency: 2070549798, MT_M: 32, MT_N: 128, MT_K: 16, MI_M: 32, MI_N: 32, MI_K: 16,
    Occupancy: 5, WGM: 1, NTA: 4, NTB: 0}
  - {Latency: 2070549798, MT_M: 32, MT_N: 128, MT_K: 16, MI_M: 32, MI_N: 32, MI_K: 16,
    Occupancy: 5, WGM: 1, NTA: 0, NTB: 4}
  - {Latency: 7117752406, MT_M: 192, MT_N: 192, MT_K: 64, MI_M: 32, MI_N: 32, MI_K: 16,
    Occupancy: 1, WGM: 0, NTA: 0, NTB: 0}
  - {Latency: 7117752406, MT_M: 192, MT_N: 192, MT_K: 64, MI_M: 32, MI_N: 32, MI_K: 16,
    Occupancy: 1, WGM: 6, NTA: 4, NTB: 0}
  - {Latency: 7117752406, MT_M: 192, MT_N: 192, MT_K: 64, MI_M: 32, MI_N: 32, MI_K: 16,
    Occupancy: 1, WGM: 6, NTA: 0, NTB: 4}
  - {Latency: 7282607537, MT_M: 256, MT_N: 128, MT_K: 64, MI_M: 32, MI_N: 32, MI_K: 16,
    Occupancy: 1, WGM: 0, NTA: 0, NTB: 0}
  - {Latency: 7282607537, MT_M: 256, MT_N: 128, MT_K: 64, MI_M: 32, MI_N: 32, MI_K: 16,
    Occupancy: 1, WGM: 6, NTA: 4, NTB: 0}
  - {Latency: 7282607537, MT_M: 256, MT_N: 128, MT_K: 64, MI_M: 32, MI_N: 32, MI_K: 16,
    Occupancy: 1, WGM: 6, NTA: 0, NTB: 4}
  - {Latency: 8770315566, MT_M: 128, MT_N: 256, MT_K: 64, MI_M: 32, MI_N: 32, MI_K: 16,
    Occupancy: 1, WGM: 0, NTA: 0, NTB: 0}
  - {Latency: 8770315566, MT_M: 128, MT_N: 256, MT_K: 64, MI_M: 32, MI_N: 32, MI_K: 16,
    Occupancy: 1, WGM: 6, NTA: 4, NTB: 0}
  - {Latency: 8770315566, MT_M: 128, MT_N: 256, MT_K: 64, MI_M: 32, MI_N: 32, MI_K: 16,
    Occupancy: 1, WGM: 6, NTA: 0, NTB: 4}
  - {Latency: 9704626698, MT_M: 192, MT_N: 128, MT_K: 64, MI_M: 32, MI_N: 32, MI_K: 16,
    Occupancy: 1, WGM: 0, NTA: 0, NTB: 0}
  - {Latency: 9704626698, MT_M: 192, MT_N: 128, MT_K: 64, MI_M: 32, MI_N: 32, MI_K: 16,
    Occupancy: 1, WGM: 6, NTA: 4, NTB: 0}
  - {Latency: 9704626698, MT_M: 192, MT_N: 128, MT_K: 64, MI_M: 32, MI_N: 32, MI_K: 16,
    Occupancy: 1, WGM: 6, NTA: 0, NTB: 4}
  - {Latency: 10663420336, MT_M: 128, MT_N: 192, MT_K: 64, MI_M: 32, MI_N: 32, MI_K: 16,
    Occupancy: 1, WGM: 0, NTA: 0, NTB: 0}
  - {Latency: 10663420336, MT_M: 128, MT_N: 192, MT_K: 64, MI_M: 32, MI_N: 32, MI_K: 16,
    Occupancy: 1, WGM: 6, NTA: 4, NTB: 0}
  - {Latency: 10663420336, MT_M: 128, MT_N: 192, MT_K: 64, MI_M: 32, MI_N: 32, MI_K: 16,
    Occupancy: 1, WGM: 6, NTA: 0, NTB: 4}
  - {Latency: 11279722309, MT_M: 16, MT_N: 256, MT_K: 32, MI_M: 16, MI_N: 16, MI_K: 32,
    Occupancy: 2, WGM: 0, NTA: 0, NTB: 0}
  - {Latency: 11279722309, MT_M: 16, MT_N: 256, MT_K: 32, MI_M: 16, MI_N: 16, MI_K: 32,
    Occupancy: 2, WGM: 1, NTA: 4, NTB: 0}
  - {Latency: 11279722309, MT_M: 16, MT_N: 256, MT_K: 32, MI_M: 16, MI_N: 16, MI_K: 32,
    Occupancy: 2, WGM: 1, NTA: 0, NTB: 4}
  - {Latency: 12898251893, MT_M: 16, MT_N: 128, MT_K: 32, MI_M: 16, MI_N: 16, MI_K: 32,
    Occupancy: 3, WGM: 0, NTA: 0, NTB: 0}
  - {Latency: 12898251893, MT_M: 16, MT_N: 128, MT_K: 32, MI_M: 16, MI_N: 16, MI_K: 32,
    Occupancy: 3, WGM: 1, NTA: 4, NTB: 0}
  - {Latency: 12898251893, MT_M: 16, MT_N: 128, MT_K: 32, MI_M: 16, MI_N: 16, MI_K: 32,
    Occupancy: 3, WGM: 1, NTA: 0, NTB: 4}
  - {Latency: 13184786635, MT_M: 256, MT_N: 64, MT_K: 64, MI_M: 32, MI_N: 32, MI_K: 16,
    Occupancy: 1, WGM: 0, NTA: 0, NTB: 0}
  - {Latency: 13184786635, MT_M: 256, MT_N: 64, MT_K: 64, MI_M: 32, MI_N: 32, MI_K: 16,
    Occupancy: 1, WGM: 6, NTA: 4, NTB: 0}
  - {Latency: 13184786635, MT_M: 256, MT_N: 64, MT_K: 64, MI_M: 32, MI_N: 32, MI_K: 16,
    Occupancy: 1, WGM: 6, NTA: 0, NTB: 4}
  - {Latency: 17512937812, MT_M: 64, MT_N: 256, MT_K: 64, MI_M: 32, MI_N: 32, MI_K: 16,
    Occupancy: 1, WGM: 0, NTA: 0, NTB: 0}
  - {Latency: 17512937812, MT_M: 64, MT_N: 256, MT_K: 64, MI_M: 32, MI_N: 32, MI_K: 16,
    Occupancy: 1, WGM: 6, NTA: 4, NTB: 0}
  - {Latency: 17512937812, MT_M: 64, MT_N: 256, MT_K: 64, MI_M: 32, MI_N: 32, MI_K: 16,
    Occupancy: 1, WGM: 6, NTA: 0, NTB: 4}
  - {Latency: 57596804259, MT_M: 128, MT_N: 128, MT_K: 128, MI_M: 32, MI_N: 32, MI_K: 16,
    Occupancy: 1, WGM: 0, NTA: 0, NTB: 0}
  - {Latency: 57596804259, MT_M: 128, MT_N: 128, MT_K: 128, MI_M: 32, MI_N: 32, MI_K: 16,
    Occupancy: 1, WGM: 6, NTA: 4, NTB: 0}
  - {Latency: 57596804259, MT_M: 128, MT_N: 128, MT_K: 128, MI_M: 32, MI_N: 32, MI_K: 16,
    Occupancy: 1, WGM: 6, NTA: 0, NTB: 4}
  - {Latency: 69592608228, MT_M: 192, MT_N: 64, MT_K: 128, MI_M: 32, MI_N: 32, MI_K: 16,
    Occupancy: 1, WGM: 0, NTA: 0, NTB: 0}
  - {Latency: 69592608228, MT_M: 192, MT_N: 64, MT_K: 128, MI_M: 32, MI_N: 32, MI_K: 16,
    Occupancy: 1, WGM: 6, NTA: 4, NTB: 0}
  - {Latency: 69592608228, MT_M: 192, MT_N: 64, MT_K: 128, MI_M: 32, MI_N: 32, MI_K: 16,
    Occupancy: 1, WGM: 6, NTA: 0, NTB: 4}
  - {Latency: 84440235865, MT_M: 64, MT_N: 192, MT_K: 128, MI_M: 32, MI_N: 32, MI_K: 16,
    Occupancy: 1, WGM: 0, NTA: 0, NTB: 0}
  - {Latency: 84440235865, MT_M: 64, MT_N: 192, MT_K: 128, MI_M: 32, MI_N: 32, MI_K: 16,
    Occupancy: 1, WGM: 6, NTA: 4, NTB: 0}
  - {Latency: 84440235865, MT_M: 64, MT_N: 192, MT_K: 128, MI_M: 32, MI_N: 32, MI_K: 16,
    Occupancy: 1, WGM: 6, NTA: 0, NTB: 4}
  - {Latency: 102255494210, MT_M: 128, MT_N: 64, MT_K: 128, MI_M: 16, MI_N: 16, MI_K: 32,
    Occupancy: 1, WGM: 0, NTA: 0, NTB: 0}
  - {Latency: 102255494210, MT_M: 128, MT_N: 64, MT_K: 128, MI_M: 16, MI_N: 16, MI_K: 32,
    Occupancy: 1, WGM: 6, NTA: 4, NTB: 0}
  - {Latency: 102255494210, MT_M: 128, MT_N: 64, MT_K: 128, MI_M: 16, MI_N: 16, MI_K: 32,
    Occupancy: 1, WGM: 6, NTA: 0, NTB: 4}
  - {Latency: 110585236514, MT_M: 64, MT_N: 128, MT_K: 128, MI_M: 16, MI_N: 16, MI_K: 32,
    Occupancy: 1, WGM: 0, NTA: 0, NTB: 0}
  - {Latency: 110585236514, MT_M: 64, MT_N: 128, MT_K: 128, MI_M: 16, MI_N: 16, MI_K: 32,
    Occupancy: 1, WGM: 6, NTA: 4, NTB: 0}
  - {Latency: 110585236514, MT_M: 64, MT_N: 128, MT_K: 128, MI_M: 16, MI_N: 16, MI_K: 32,
    Occupancy: 1, WGM: 6, NTA: 0, NTB: 4}
  - {Latency: 225101677563, MT_M: 32, MT_N: 64, MT_K: 128, MI_M: 32, MI_N: 32, MI_K: 16,
    Occupancy: 1, WGM: 0, NTA: 0, NTB: 0}
  - {Latency: 225101677563, MT_M: 32, MT_N: 64, MT_K: 128, MI_M: 32, MI_N: 32, MI_K: 16,
    Occupancy: 1, WGM: 6, NTA: 4, NTB: 0}
  - {Latency: 225101677563, MT_M: 32, MT_N: 64, MT_K: 128, MI_M: 32, MI_N: 32, MI_K: 16,
    Occupancy: 1, WGM: 6, NTA: 0, NTB: 4}
  - {Latency: 245865407837, MT_M: 64, MT_N: 32, MT_K: 128, MI_M: 32, MI_N: 32, MI_K: 16,
    Occupancy: 1, WGM: 0, NTA: 0, NTB: 0}
  - {Latency: 245865407837, MT_M: 64, MT_N: 32, MT_K: 128, MI_M: 32, MI_N: 32, MI_K: 16,
    Occupancy: 1, WGM: 6, NTA: 4, NTB: 0}
  - {Latency: 245865407837, MT_M: 64, MT_N: 32, MT_K: 128, MI_M: 32, MI_N: 32, MI_K: 16,
    Occupancy: 1, WGM: 6, NTA: 0, NTB: 4}
  - {Latency: 611926987286, MT_M: 64, MT_N: 64, MT_K: 256, MI_M: 32, MI_N: 32, MI_K: 16,
    Occupancy: 1, WGM: 0, NTA: 0, NTB: 0}
  - {Latency: 611926987286, MT_M: 64, MT_N: 64, MT_K: 256, MI_M: 32, MI_N: 32, MI_K: 16,
    Occupancy: 1, WGM: 6, NTA: 4, NTB: 0}
  - {Latency: 611926987286, MT_M: 64, MT_N: 64, MT_K: 256, MI_M: 32, MI_N: 32, MI_K: 16,
    Occupancy: 1, WGM: 6, NTA: 0, NTB: 4}
- - {Latency: 2389136171, MT_M: 256, MT_N: 256, MT_K: 32, MI_M: 32, MI_N: 32, MI_K: 16,
    Occupancy: 1, WGM: 0, NTA: 0, NTB: 0}
  - {Latency: 2389136171, MT_M: 256, MT_N: 256, MT_K: 32, MI_M: 32, MI_N: 32, MI_K: 16,
    Occupancy: 1, WGM: 6, NTA: 4, NTB: 0}
  - {Latency: 2389136171, MT_M: 256, MT_N: 256, MT_K: 32, MI_M: 32, MI_N: 32, MI_K: 16,
    Occupancy: 1, WGM: 6, NTA: 0, NTB: 4}
  - {Latency: 3170879357, MT_M: 192, MT_N: 256, MT_K: 32, MI_M: 32, MI_N: 32, MI_K: 16,
    Occupancy: 1, WGM: 0, NTA: 0, NTB: 0}
  - {Latency: 3170879357, MT_M: 192, MT_N: 256, MT_K: 32, MI_M: 32, MI_N: 32, MI_K: 16,
    Occupancy: 1, WGM: 6, NTA: 4, NTB: 0}
  - {Latency: 3170879357, MT_M: 192, MT_N: 256, MT_K: 32, MI_M: 32, MI_N: 32, MI_K: 16,
    Occupancy: 1, WGM: 6, NTA: 0, NTB: 4}
  - {Latency: 3171394713, MT_M: 256, MT_N: 192, MT_K: 32, MI_M: 16, MI_N: 16, MI_K: 32,
    Occupancy: 1, WGM: 0, NTA: 0, NTB: 0}
  - {Latency: 3171394713, MT_M: 256, MT_N: 192, MT_K: 32, MI_M: 16, MI_N: 16, MI_K: 32,
    Occupancy: 1, WGM: 6, NTA: 4, NTB: 0}
  - {Latency: 3171394713, MT_M: 256, MT_N: 192, MT_K: 32, MI_M: 16, MI_N: 16, MI_K: 32,
    Occupancy: 1, WGM: 6, NTA: 0, NTB: 4}
  - {Latency: 3383434167, MT_M: 128, MT_N: 256, MT_K: 64, MI_M: 32, MI_N: 32, MI_K: 16,
    Occupancy: 1, WGM: 0, NTA: 0, NTB: 0}
  - {Latency: 3383434167, MT_M: 128, MT_N: 256, MT_K: 64, MI_M: 32, MI_N: 32, MI_K: 16,
    Occupancy: 1, WGM: 6, NTA: 4, NTB: 0}
  - {Latency: 3383434167, MT_M: 128, MT_N: 256, MT_K: 64, MI_M: 32, MI_N: 32, MI_K: 16,
    Occupancy: 1, WGM: 6, NTA: 0, NTB: 4}
  - {Latency: 4502008619, MT_M: 128, MT_N: 192, MT_K: 64, MI_M: 32, MI_N: 32, MI_K: 16,
    Occupancy: 1, WGM: 0, NTA: 0, NTB: 0}
  - {Latency: 4502008619, MT_M: 128, MT_N: 192, MT_K: 64, MI_M: 32, MI_N: 32, MI_K: 16,
    Occupancy: 1, WGM: 6, NTA: 4, NTB: 0}
  - {Latency: 4502008619, MT_M: 128, MT_N: 192, MT_K: 64, MI_M: 32, MI_N: 32, MI_K: 16,
    Occupancy: 1, WGM: 6, NTA: 0, NTB: 4}
  - {Latency: 4584271191, MT_M: 192, MT_N: 192, MT_K: 64, MI_M: 32, MI_N: 32, MI_K: 16,
    Occupancy: 1, WGM: 0, NTA: 0, NTB: 0}
  - {Latency: 4584271191, MT_M: 192, MT_N: 192, MT_K: 64, MI_M: 32, MI_N: 32, MI_K: 16,
    Occupancy: 1, WGM: 6, NTA: 4, NTB: 0}
  - {Latency: 4584271191, MT_M: 192, MT_N: 192, MT_K: 64, MI_M: 32, MI_N: 32, MI_K: 16,
    Occupancy: 1, WGM: 6, NTA: 0, NTB: 4}
  - {Latency: 5157635956, MT_M: 256, MT_N: 128, MT_K: 64, MI_M: 32, MI_N: 32, MI_K: 16,
    Occupancy: 1, WGM: 0, NTA: 0, NTB: 0}
  - {Latency: 5157635956, MT_M: 256, MT_N: 128, MT_K: 64, MI_M: 32, MI_N: 32, MI_K: 16,
    Occupancy: 1, WGM: 6, NTA: 4, NTB: 0}
  - {Latency: 5157635956, MT_M: 256, MT_N: 128, MT_K: 64, MI_M: 32, MI_N: 32, MI_K: 16,
    Occupancy: 1, WGM: 6, NTA: 0, NTB: 4}
  - {Latency: 6748993088, MT_M: 64, MT_N: 256, MT_K: 64, MI_M: 32, MI_N: 32, MI_K: 16,
    Occupancy: 1, WGM: 0, NTA: 0, NTB: 0}
  - {Latency: 6748993088, MT_M: 64, MT_N: 256, MT_K: 64, MI_M: 32, MI_N: 32, MI_K: 16,
    Occupancy: 1, WGM: 6, NTA: 4, NTB: 0}
  - {Latency: 6748993088, MT_M: 64, MT_N: 256, MT_K: 64, MI_M: 32, MI_N: 32, MI_K: 16,
    Occupancy: 1, WGM: 6, NTA: 0, NTB: 4}
  - {Latency: 6865245010, MT_M: 192, MT_N: 128, MT_K: 64, MI_M: 32, MI_N: 32, MI_K: 16,
    Occupancy: 1, WGM: 0, NTA: 0, NTB: 0}
  - {Latency: 6865245010, MT_M: 192, MT_N: 128, MT_K: 64, MI_M: 32, MI_N: 32, MI_K: 16,
    Occupancy: 1, WGM: 6, NTA: 4, NTB: 0}
  - {Latency: 6865245010, MT_M: 192, MT_N: 128, MT_K: 64, MI_M: 32, MI_N: 32, MI_K: 16,
    Occupancy: 1, WGM: 6, NTA: 0, NTB: 4}
  - {Latency: 7859900589, MT_M: 128, MT_N: 128, MT_K: 128, MI_M: 32, MI_N: 32, MI_K: 16,
    Occupancy: 1, WGM: 0, NTA: 0, NTB: 0}
  - {Latency: 7859900589, MT_M: 128, MT_N: 128, MT_K: 128, MI_M: 32, MI_N: 32, MI_K: 16,
    Occupancy: 1, WGM: 6, NTA: 4, NTB: 0}
  - {Latency: 7859900589, MT_M: 128, MT_N: 128, MT_K: 128, MI_M: 32, MI_N: 32, MI_K: 16,
    Occupancy: 1, WGM: 6, NTA: 0, NTB: 4}
  - {Latency: 9184388573, MT_M: 256, MT_N: 64, MT_K: 64, MI_M: 32, MI_N: 32, MI_K: 16,
    Occupancy: 1, WGM: 0, NTA: 0, NTB: 0}
  - {Latency: 9184388573, MT_M: 256, MT_N: 64, MT_K: 64, MI_M: 32, MI_N: 32, MI_K: 16,
    Occupancy: 1, WGM: 6, NTA: 4, NTB: 0}
  - {Latency: 9184388573, MT_M: 256, MT_N: 64, MT_K: 64, MI_M: 32, MI_N: 32, MI_K: 16,
    Occupancy: 1, WGM: 6, NTA: 0, NTB: 4}
  - {Latency: 10476908034, MT_M: 64, MT_N: 192, MT_K: 128, MI_M: 32, MI_N: 32, MI_K: 16,
    Occupancy: 1, WGM: 0, NTA: 0, NTB: 0}
  - {Latency: 10476908034, MT_M: 64, MT_N: 192, MT_K: 128, MI_M: 32, MI_N: 32, MI_K: 16,
    Occupancy: 1, WGM: 6, NTA: 4, NTB: 0}
  - {Latency: 10476908034, MT_M: 64, MT_N: 192, MT_K: 128, MI_M: 32, MI_N: 32, MI_K: 16,
    Occupancy: 1, WGM: 6, NTA: 0, NTB: 4}
  - {Latency: 12358841195, MT_M: 32, MT_N: 256, MT_K: 16, MI_M: 32, MI_N: 32, MI_K: 16,
    Occupancy: 2, WGM: 0, NTA: 0, NTB: 0}
  - {Latency: 12358841195, MT_M: 32, MT_N: 256, MT_K: 16, MI_M: 32, MI_N: 32, MI_K: 16,
    Occupancy: 2, WGM: 1, NTA: 4, NTB: 0}
  - {Latency: 12358841195, MT_M: 32, MT_N: 256, MT_K: 16, MI_M: 32, MI_N: 32, MI_K: 16,
    Occupancy: 2, WGM: 1, NTA: 0, NTB: 4}
  - {Latency: 14009853819, MT_M: 128, MT_N: 64, MT_K: 128, MI_M: 16, MI_N: 16, MI_K: 32,
    Occupancy: 1, WGM: 0, NTA: 0, NTB: 0}
  - {Latency: 14009853819, MT_M: 128, MT_N: 64, MT_K: 128, MI_M: 16, MI_N: 16, MI_K: 32,
    Occupancy: 1, WGM: 6, NTA: 4, NTB: 0}
  - {Latency: 14009853819, MT_M: 128, MT_N: 64, MT_K: 128, MI_M: 16, MI_N: 16, MI_K: 32,
    Occupancy: 1, WGM: 6, NTA: 0, NTB: 4}
  - {Latency: 14254866626, MT_M: 192, MT_N: 64, MT_K: 128, MI_M: 32, MI_N: 32, MI_K: 16,
    Occupancy: 1, WGM: 0, NTA: 0, NTB: 0}
  - {Latency: 14254866626, MT_M: 192, MT_N: 64, MT_K: 128, MI_M: 32, MI_N: 32, MI_K: 16,
    Occupancy: 1, WGM: 6, NTA: 4, NTB: 0}
  - {Latency: 14254866626, MT_M: 192, MT_N: 64, MT_K: 128, MI_M: 32, MI_N: 32, MI_K: 16,
    Occupancy: 1, WGM: 6, NTA: 0, NTB: 4}
  - {Latency: 15712501412, MT_M: 64, MT_N: 128, MT_K: 128, MI_M: 16, MI_N: 16, MI_K: 32,
    Occupancy: 1, WGM: 0, NTA: 0, NTB: 0}
  - {Latency: 15712501412, MT_M: 64, MT_N: 128, MT_K: 128, MI_M: 16, MI_N: 16, MI_K: 32,
    Occupancy: 1, WGM: 6, NTA: 4, NTB: 0}
  - {Latency: 15712501412, MT_M: 64, MT_N: 128, MT_K: 128, MI_M: 16, MI_N: 16, MI_K: 32,
    Occupancy: 1, WGM: 6, NTA: 0, NTB: 4}
  - {Latency: 23427084032, MT_M: 16, MT_N: 256, MT_K: 32, MI_M: 16, MI_N: 16, MI_K: 32,
    Occupancy: 2, WGM: 0, NTA: 0, NTB: 0}
  - {Latency: 23427084032, MT_M: 16, MT_N: 256, MT_K: 32, MI_M: 16, MI_N: 16, MI_K: 32,
    Occupancy: 2, WGM: 1, NTA: 4, NTB: 0}
  - {Latency: 23427084032, MT_M: 16, MT_N: 256, MT_K: 32, MI_M: 16, MI_N: 16, MI_K: 32,
    Occupancy: 2, WGM: 1, NTA: 0, NTB: 4}
  - {Latency: 24619123517, MT_M: 32, MT_N: 128, MT_K: 16, MI_M: 32, MI_N: 32, MI_K: 16,
    Occupancy: 5, WGM: 0, NTA: 0, NTB: 0}
  - {Latency: 24619123517, MT_M: 32, MT_N: 128, MT_K: 16, MI_M: 32, MI_N: 32, MI_K: 16,
    Occupancy: 5, WGM: 1, NTA: 4, NTB: 0}
  - {Latency: 24619123517, MT_M: 32, MT_N: 128, MT_K: 16, MI_M: 32, MI_N: 32, MI_K: 16,
    Occupancy: 5, WGM: 1, NTA: 0, NTB: 4}
  - {Latency: 29441227381, MT_M: 64, MT_N: 64, MT_K: 256, MI_M: 32, MI_N: 32, MI_K: 16,
    Occupancy: 1, WGM: 0, NTA: 0, NTB: 0}
  - {Latency: 29441227381, MT_M: 64, MT_N: 64, MT_K: 256, MI_M: 32, MI_N: 32, MI_K: 16,
    Occupancy: 1, WGM: 6, NTA: 4, NTB: 0}
  - {Latency: 29441227381, MT_M: 64, MT_N: 64, MT_K: 256, MI_M: 32, MI_N: 32, MI_K: 16,
    Occupancy: 1, WGM: 6, NTA: 0, NTB: 4}
  - {Latency: 42417264366, MT_M: 64, MT_N: 32, MT_K: 128, MI_M: 32, MI_N: 32, MI_K: 16,
    Occupancy: 1, WGM: 0, NTA: 0, NTB: 0}
  - {Latency: 42417264366, MT_M: 64, MT_N: 32, MT_K: 128, MI_M: 32, MI_N: 32, MI_K: 16,
    Occupancy: 1, WGM: 6, NTA: 4, NTB: 0}
  - {Latency: 42417264366, MT_M: 64, MT_N: 32, MT_K: 128, MI_M: 32, MI_N: 32, MI_K: 16,
    Occupancy: 1, WGM: 6, NTA: 0, NTB: 4}
  - {Latency: 46722766916, MT_M: 16, MT_N: 128, MT_K: 32, MI_M: 16, MI_N: 16, MI_K: 32,
    Occupancy: 3, WGM: 0, NTA: 0, NTB: 0}
  - {Latency: 46722766916, MT_M: 16, MT_N: 128, MT_K: 32, MI_M: 16, MI_N: 16, MI_K: 32,
    Occupancy: 3, WGM: 1, NTA: 4, NTB: 0}
  - {Latency: 46722766916, MT_M: 16, MT_N: 128, MT_K: 32, MI_M: 16, MI_N: 16, MI_K: 32,
    Occupancy: 3, WGM: 1, NTA: 0, NTB: 4}
  - {Latency: 47501932487, MT_M: 32, MT_N: 64, MT_K: 128, MI_M: 32, MI_N: 32, MI_K: 16,
    Occupancy: 1, WGM: 0, NTA: 0, NTB: 0}
  - {Latency: 47501932487, MT_M: 32, MT_N: 64, MT_K: 128, MI_M: 32, MI_N: 32, MI_K: 16,
    Occupancy: 1, WGM: 6, NTA: 4, NTB: 0}
  - {Latency: 47501932487, MT_M: 32, MT_N: 64, MT_K: 128, MI_M: 32, MI_N: 32, MI_K: 16,
    Occupancy: 1, WGM: 6, NTA: 0, NTB: 4}
  - {Latency: 62523735295, MT_M: 64, MT_N: 16, MT_K: 256, MI_M: 16, MI_N: 16, MI_K: 32,
    Occupancy: 1, WGM: 0, NTA: 0, NTB: 0}
  - {Latency: 62523735295, MT_M: 64, MT_N: 16, MT_K: 256, MI_M: 16, MI_N: 16, MI_K: 32,
    Occupancy: 1, WGM: 6, NTA: 4, NTB: 0}
  - {Latency: 62523735295, MT_M: 64, MT_N: 16, MT_K: 256, MI_M: 16, MI_N: 16, MI_K: 32,
    Occupancy: 1, WGM: 6, NTA: 0, NTB: 4}
  - {Latency: 73836316318, MT_M: 16, MT_N: 64, MT_K: 256, MI_M: 16, MI_N: 16, MI_K: 32,
    Occupancy: 1, WGM: 0, NTA: 0, NTB: 0}
  - {Latency: 73836316318, MT_M: 16, MT_N: 64, MT_K: 256, MI_M: 16, MI_N: 16, MI_K: 32,
    Occupancy: 1, WGM: 6, NTA: 4, NTB: 0}
  - {Latency: 73836316318, MT_M: 16, MT_N: 64, MT_K: 256, MI_M: 16, MI_N: 16, MI_K: 32,
    Occupancy: 1, WGM: 6, NTA: 0, NTB: 4}
  - {Latency: 74642766942, MT_M: 32, MT_N: 32, MT_K: 512, MI_M: 32, MI_N: 32, MI_K: 16,
    Occupancy: 1, WGM: 0, NTA: 0, NTB: 0}
  - {Latency: 74642766942, MT_M: 32, MT_N: 32, MT_K: 512, MI_M: 32, MI_N: 32, MI_K: 16,
    Occupancy: 1, WGM: 6, NTA: 4, NTB: 0}
  - {Latency: 74642766942, MT_M: 32, MT_N: 32, MT_K: 512, MI_M: 32, MI_N: 32, MI_K: 16,
    Occupancy: 1, WGM: 6, NTA: 0, NTB: 4}
  - {Latency: 114153593201, MT_M: 32, MT_N: 16, MT_K: 512, MI_M: 16, MI_N: 16, MI_K: 32,
    Occupancy: 1, WGM: 0, NTA: 0, NTB: 0}
  - {Latency: 114153593201, MT_M: 32, MT_N: 16, MT_K: 512, MI_M: 16, MI_N: 16, MI_K: 32,
    Occupancy: 1, WGM: 6, NTA: 4, NTB: 0}
  - {Latency: 114153593201, MT_M: 32, MT_N: 16, MT_K: 512, MI_M: 16, MI_N: 16, MI_K: 32,
    Occupancy: 1, WGM: 6, NTA: 0, NTB: 4}
  - {Latency: 117819829456, MT_M: 16, MT_N: 32, MT_K: 512, MI_M: 16, MI_N: 16, MI_K: 32,
    Occupancy: 1, WGM: 0, NTA: 0, NTB: 0}
  - {Latency: 117819829456, MT_M: 16, MT_N: 32, MT_K: 512, MI_M: 16, MI_N: 16, MI_K: 32,
    Occupancy: 1, WGM: 6, NTA: 4, NTB: 0}
  - {Latency: 117819829456, MT_M: 16, MT_N: 32, MT_K: 512, MI_M: 16, MI_N: 16, MI_K: 32,
    Occupancy: 1, WGM: 6, NTA: 0, NTB: 4}
  - {Latency: 191095215426, MT_M: 16, MT_N: 16, MT_K: 512, MI_M: 16, MI_N: 16, MI_K: 32,
    Occupancy: 1, WGM: 0, NTA: 0, NTB: 0}
  - {Latency: 191095215426, MT_M: 16, MT_N: 16, MT_K: 512, MI_M: 16, MI_N: 16, MI_K: 32,
    Occupancy: 1, WGM: 6, NTA: 4, NTB: 0}
  - {Latency: 191095215426, MT_M: 16, MT_N: 16, MT_K: 512, MI_M: 16, MI_N: 16, MI_K: 32,
    Occupancy: 1, WGM: 6, NTA: 0, NTB: 4}
- - {Latency: 4627498221, MT_M: 256, MT_N: 64, MT_K: 64, MI_M: 32, MI_N: 32, MI_K: 16,
    Occupancy: 1, WGM: 0, NTA: 0, NTB: 0}
  - {Latency: 4627498221, MT_M: 256, MT_N: 64, MT_K: 64, MI_M: 32, MI_N: 32, MI_K: 16,
    Occupancy: 1, WGM: 6, NTA: 4, NTB: 0}
  - {Latency: 4627498221, MT_M: 256, MT_N: 64, MT_K: 64, MI_M: 32, MI_N: 32, MI_K: 16,
    Occupancy: 1, WGM: 6, NTA: 0, NTB: 4}
  - {Latency: 7281081288, MT_M: 64, MT_N: 16, MT_K: 256, MI_M: 16, MI_N: 16, MI_K: 32,
    Occupancy: 1, WGM: 0, NTA: 0, NTB: 0}
  - {Latency: 7281081288, MT_M: 64, MT_N: 16, MT_K: 256, MI_M: 16, MI_N: 16, MI_K: 32,
    Occupancy: 1, WGM: 6, NTA: 4, NTB: 0}
  - {Latency: 7281081288, MT_M: 64, MT_N: 16, MT_K: 256, MI_M: 16, MI_N: 16, MI_K: 32,
    Occupancy: 1, WGM: 6, NTA: 0, NTB: 4}
  - {Latency: 9001803954, MT_M: 192, MT_N: 64, MT_K: 128, MI_M: 32, MI_N: 32, MI_K: 16,
    Occupancy: 1, WGM: 0, NTA: 0, NTB: 0}
  - {Latency: 9001803954, MT_M: 192, MT_N: 64, MT_K: 128, MI_M: 32, MI_N: 32, MI_K: 16,
    Occupancy: 1, WGM: 6, NTA: 4, NTB: 0}
  - {Latency: 9001803954, MT_M: 192, MT_N: 64, MT_K: 128, MI_M: 32, MI_N: 32, MI_K: 16,
    Occupancy: 1, WGM: 6, NTA: 0, NTB: 4}
  - {Latency: 9573986671, MT_M: 256, MT_N: 128, MT_K: 64, MI_M: 32, MI_N: 32, MI_K: 16,
    Occupancy: 1, WGM: 0, NTA: 0, NTB: 0}
  - {Latency: 9573986671, MT_M: 256, MT_N: 128, MT_K: 64, MI_M: 32, MI_N: 32, MI_K: 16,
    Occupancy: 1, WGM: 6, NTA: 4, NTB: 0}
  - {Latency: 9573986671, MT_M: 256, MT_N: 128, MT_K: 64, MI_M: 32, MI_N: 32, MI_K: 16,
    Occupancy: 1, WGM: 6, NTA: 0, NTB: 4}
  - {Latency: 10784721671, MT_M: 64, MT_N: 32, MT_K: 128, MI_M: 32, MI_N: 32, MI_K: 16,
    Occupancy: 1, WGM: 0, NTA: 0, NTB: 0}
  - {Latency: 10784721671, MT_M: 64, MT_N: 32, MT_K: 128, MI_M: 32, MI_N: 32, MI_K: 16,
    Occupancy: 1, WGM: 6, NTA: 4, NTB: 0}
  - {Latency: 10784721671, MT_M: 64, MT_N: 32, MT_K: 128, MI_M: 32, MI_N: 32, MI_K: 16,
    Occupancy: 1, WGM: 6, NTA: 0, NTB: 4}
  - {Latency: 10975123587, MT_M: 128, MT_N: 64, MT_K: 128, MI_M: 16, MI_N: 16, MI_K: 32,
    Occupancy: 1, WGM: 0, NTA: 0, NTB: 0}
  - {Latency: 10975123587, MT_M: 128, MT_N: 64, MT_K: 128, MI_M: 16, MI_N: 16, MI_K: 32,
    Occupancy: 1, WGM: 6, NTA: 4, NTB: 0}
  - {Latency: 10975123587, MT_M: 128, MT_N: 64, MT_K: 128, MI_M: 16, MI_N: 16, MI_K: 32,
    Occupancy: 1, WGM: 6, NTA: 0, NTB: 4}
  - {Latency: 12272445765, MT_M: 16, MT_N: 16, MT_K: 512, MI_M: 16, MI_N: 16, MI_K: 32,
    Occupancy: 1, WGM: 0, NTA: 0, NTB: 0}
  - {Latency: 12272445765, MT_M: 16, MT_N: 16, MT_K: 512, MI_M: 16, MI_N: 16, MI_K: 32,
    Occupancy: 1, WGM: 6, NTA: 4, NTB: 0}
  - {Latency: 12272445765, MT_M: 16, MT_N: 16, MT_K: 512, MI_M: 16, MI_N: 16, MI_K: 32,
    Occupancy: 1, WGM: 6, NTA: 0, NTB: 4}
  - {Latency: 12317777865, MT_M: 32, MT_N: 16, MT_K: 512, MI_M: 16, MI_N: 16, MI_K: 32,
    Occupancy: 1, WGM: 0, NTA: 0, NTB: 0}
  - {Latency: 12317777865, MT_M: 32, MT_N: 16, MT_K: 512, MI_M: 16, MI_N: 16, MI_K: 32,
    Occupancy: 1, WGM: 6, NTA: 4, NTB: 0}
  - {Latency: 12317777865, MT_M: 32, MT_N: 16, MT_K: 512, MI_M: 16, MI_N: 16, MI_K: 32,
    Occupancy: 1, WGM: 6, NTA: 0, NTB: 4}
  - {Latency: 13513601368, MT_M: 256, MT_N: 192, MT_K: 32, MI_M: 16, MI_N: 16, MI_K: 32,
    Occupancy: 1, WGM: 0, NTA: 0, NTB: 0}
  - {Latency: 13513601368, MT_M: 256, MT_N: 192, MT_K: 32, MI_M: 16, MI_N: 16, MI_K: 32,
    Occupancy: 1, WGM: 6, NTA: 4, NTB: 0}
  - {Latency: 13513601368, MT_M: 256, MT_N: 192, MT_K: 32, MI_M: 16, MI_N: 16, MI_K: 32,
    Occupancy: 1, WGM: 6, NTA: 0, NTB: 4}
  - {Latency: 15601329337, MT_M: 192, MT_N: 128, MT_K: 64, MI_M: 32, MI_N: 32, MI_K: 16,
    Occupancy: 1, WGM: 0, NTA: 0, NTB: 0}
  - {Latency: 15601329337, MT_M: 192, MT_N: 128, MT_K: 64, MI_M: 32, MI_N: 32, MI_K: 16,
    Occupancy: 1, WGM: 6, NTA: 4, NTB: 0}
  - {Latency: 15601329337, MT_M: 192, MT_N: 128, MT_K: 64, MI_M: 32, MI_N: 32, MI_K: 16,
    Occupancy: 1, WGM: 6, NTA: 0, NTB: 4}
  - {Latency: 18596578645, MT_M: 256, MT_N: 256, MT_K: 32, MI_M: 32, MI_N: 32, MI_K: 16,
    Occupancy: 1, WGM: 0, NTA: 0, NTB: 0}
  - {Latency: 18596578645, MT_M: 256, MT_N: 256, MT_K: 32, MI_M: 32, MI_N: 32, MI_K: 16,
    Occupancy: 1, WGM: 6, NTA: 4, NTB: 0}
  - {Latency: 18596578645, MT_M: 256, MT_N: 256, MT_K: 32, MI_M: 32, MI_N: 32, MI_K: 16,
    Occupancy: 1, WGM: 6, NTA: 0, NTB: 4}
  - {Latency: 22705692410, MT_M: 128, MT_N: 128, MT_K: 128, MI_M: 32, MI_N: 32, MI_K: 16,
    Occupancy: 1, WGM: 0, NTA: 0, NTB: 0}
  - {Latency: 22705692410, MT_M: 128, MT_N: 128, MT_K: 128, MI_M: 32, MI_N: 32, MI_K: 16,
    Occupancy: 1, WGM: 6, NTA: 4, NTB: 0}
  - {Latency: 22705692410, MT_M: 128, MT_N: 128, MT_K: 128, MI_M: 32, MI_N: 32, MI_K: 16,
    Occupancy: 1, WGM: 6, NTA: 0, NTB: 4}
  - {Latency: 24134006896, MT_M: 192, MT_N: 192, MT_K: 64, MI_M: 32, MI_N: 32, MI_K: 16,
    Occupancy: 1, WGM: 0, NTA: 0, NTB: 0}
  - {Latency: 24134006896, MT_M: 192, MT_N: 192, MT_K: 64, MI_M: 32, MI_N: 32, MI_K: 16,
    Occupancy: 1, WGM: 6, NTA: 4, NTB: 0}
  - {Latency: 24134006896, MT_M: 192, MT_N: 192, MT_K: 64, MI_M: 32, MI_N: 32, MI_K: 16,
    Occupancy: 1, WGM: 6, NTA: 0, NTB: 4}
  - {Latency: 24885722923, MT_M: 32, MT_N: 32, MT_K: 512, MI_M: 32, MI_N: 32, MI_K: 16,
    Occupancy: 1, WGM: 0, NTA: 0, NTB: 0}
  - {Latency: 24885722923, MT_M: 32, MT_N: 32, MT_K: 512, MI_M: 32, MI_N: 32, MI_K: 16,
    Occupancy: 1, WGM: 6, NTA: 4, NTB: 0}
  - {Latency: 24885722923, MT_M: 32, MT_N: 32, MT_K: 512, MI_M: 32, MI_N: 32, MI_K: 16,
    Occupancy: 1, WGM: 6, NTA: 0, NTB: 4}
  - {Latency: 25037010971, MT_M: 16, MT_N: 32, MT_K: 512, MI_M: 16, MI_N: 16, MI_K: 32,
    Occupancy: 1, WGM: 0, NTA: 0, NTB: 0}
  - {Latency: 25037010971, MT_M: 16, MT_N: 32, MT_K: 512, MI_M: 16, MI_N: 16, MI_K: 32,
    Occupancy: 1, WGM: 6, NTA: 4, NTB: 0}
  - {Latency: 25037010971, MT_M: 16, MT_N: 32, MT_K: 512, MI_M: 16, MI_N: 16, MI_K: 32,
    Occupancy: 1, WGM: 6, NTA: 0, NTB: 4}
  - {Latency: 29543789842, MT_M: 128, MT_N: 192, MT_K: 64, MI_M: 32, MI_N: 32, MI_K: 16,
    Occupancy: 1, WGM: 0, NTA: 0, NTB: 0}
  - {Latency: 29543789842, MT_M: 128, MT_N: 192, MT_K: 64, MI_M: 32, MI_N: 32, MI_K: 16,
    Occupancy: 1, WGM: 6, NTA: 4, NTB: 0}
  - {Latency: 29543789842, MT_M: 128, MT_N: 192, MT_K: 64, MI_M: 32, MI_N: 32, MI_K: 16,
    Occupancy: 1, WGM: 6, NTA: 0, NTB: 4}
  - {Latency: 29893609479, MT_M: 64, MT_N: 64, MT_K: 256, MI_M: 32, MI_N: 32, MI_K: 16,
    Occupancy: 1, WGM: 0, NTA: 0, NTB: 0}
  - {Latency: 29893609479, MT_M: 64, MT_N: 64, MT_K: 256, MI_M: 32, MI_N: 32, MI_K: 16,
    Occupancy: 1, WGM: 6, NTA: 4, NTB: 0}
  - {Latency: 29893609479, MT_M: 64, MT_N: 64, MT_K: 256, MI_M: 32, MI_N: 32, MI_K: 16,
    Occupancy: 1, WGM: 6, NTA: 0, NTB: 4}
  - {Latency: 30185777734, MT_M: 192, MT_N: 256, MT_K: 32, MI_M: 32, MI_N: 32, MI_K: 16,
    Occupancy: 1, WGM: 0, NTA: 0, NTB: 0}
  - {Latency: 30185777734, MT_M: 192, MT_N: 256, MT_K: 32, MI_M: 32, MI_N: 32, MI_K: 16,
    Occupancy: 1, WGM: 6, NTA: 4, NTB: 0}
  - {Latency: 30185777734, MT_M: 192, MT_N: 256, MT_K: 32, MI_M: 32, MI_N: 32, MI_K: 16,
    Occupancy: 1, WGM: 6, NTA: 0, NTB: 4}
  - {Latency: 34053854014, MT_M: 32, MT_N: 64, MT_K: 128, MI_M: 32, MI_N: 32, MI_K: 16,
    Occupancy: 1, WGM: 0, NTA: 0, NTB: 0}
  - {Latency: 34053854014, MT_M: 32, MT_N: 64, MT_K: 128, MI_M: 32, MI_N: 32, MI_K: 16,
    Occupancy: 1, WGM: 6, NTA: 4, NTB: 0}
  - {Latency: 34053854014, MT_M: 32, MT_N: 64, MT_K: 128, MI_M: 32, MI_N: 32, MI_K: 16,
    Occupancy: 1, WGM: 6, NTA: 0, NTB: 4}
  - {Latency: 40663294021, MT_M: 128, MT_N: 256, MT_K: 64, MI_M: 32, MI_N: 32, MI_K: 16,
    Occupancy: 1, WGM: 0, NTA: 0, NTB: 0}
  - {Latency: 40663294021, MT_M: 128, MT_N: 256, MT_K: 64, MI_M: 32, MI_N: 32, MI_K: 16,
    Occupancy: 1, WGM: 6, NTA: 4, NTB: 0}
  - {Latency: 40663294021, MT_M: 128, MT_N: 256, MT_K: 64, MI_M: 32, MI_N: 32, MI_K: 16,
    Occupancy: 1, WGM: 6, NTA: 0, NTB: 4}
  - {Latency: 45408951565, MT_M: 64, MT_N: 128, MT_K: 128, MI_M: 16, MI_N: 16, MI_K: 32,
    Occupancy: 1, WGM: 0, NTA: 0, NTB: 0}
  - {Latency: 45408951565, MT_M: 64, MT_N: 128, MT_K: 128, MI_M: 16, MI_N: 16, MI_K: 32,
    Occupancy: 1, WGM: 6, NTA: 4, NTB: 0}
  - {Latency: 45408951565, MT_M: 64, MT_N: 128, MT_K: 128, MI_M: 16, MI_N: 16, MI_K: 32,
    Occupancy: 1, WGM: 6, NTA: 0, NTB: 4}
  - {Latency: 47601538138, MT_M: 16, MT_N: 64, MT_K: 256, MI_M: 16, MI_N: 16, MI_K: 32,
    Occupancy: 1, WGM: 0, NTA: 0, NTB: 0}
  - {Latency: 47601538138, MT_M: 16, MT_N: 64, MT_K: 256, MI_M: 16, MI_N: 16, MI_K: 32,
    Occupancy: 1, WGM: 6, NTA: 4, NTB: 0}
  - {Latency: 47601538138, MT_M: 16, MT_N: 64, MT_K: 256, MI_M: 16, MI_N: 16, MI_K: 32,
    Occupancy: 1, WGM: 6, NTA: 0, NTB: 4}
  - {Latency: 51527447905, MT_M: 32, MT_N: 128, MT_K: 16, MI_M: 32, MI_N: 32, MI_K: 16,
    Occupancy: 5, WGM: 0, NTA: 0, NTB: 0}
  - {Latency: 51527447905, MT_M: 32, MT_N: 128, MT_K: 16, MI_M: 32, MI_N: 32, MI_K: 16,
    Occupancy: 5, WGM: 1, NTA: 4, NTB: 0}
  - {Latency: 51527447905, MT_M: 32, MT_N: 128, MT_K: 16, MI_M: 32, MI_N: 32, MI_K: 16,
    Occupancy: 5, WGM: 1, NTA: 0, NTB: 4}
  - {Latency: 57664114231, MT_M: 16, MT_N: 128, MT_K: 32, MI_M: 16, MI_N: 16, MI_K: 32,
    Occupancy: 3, WGM: 0, NTA: 0, NTB: 0}
  - {Latency: 57664114231, MT_M: 16, MT_N: 128, MT_K: 32, MI_M: 16, MI_N: 16, MI_K: 32,
    Occupancy: 3, WGM: 1, NTA: 4, NTB: 0}
  - {Latency: 57664114231, MT_M: 16, MT_N: 128, MT_K: 32, MI_M: 16, MI_N: 16, MI_K: 32,
    Occupancy: 3, WGM: 1, NTA: 0, NTB: 4}
  - {Latency: 70378989535, MT_M: 64, MT_N: 192, MT_K: 128, MI_M: 32, MI_N: 32, MI_K: 16,
    Occupancy: 1, WGM: 0, NTA: 0, NTB: 0}
  - {Latency: 70378989535, MT_M: 64, MT_N: 192, MT_K: 128, MI_M: 32, MI_N: 32, MI_K: 16,
    Occupancy: 1, WGM: 6, NTA: 4, NTB: 0}
  - {Latency: 70378989535, MT_M: 64, MT_N: 192, MT_K: 128, MI_M: 32, MI_N: 32, MI_K: 16,
    Occupancy: 1, WGM: 6, NTA: 0, NTB: 4}
  - {Latency: 81314088249, MT_M: 64, MT_N: 256, MT_K: 64, MI_M: 32, MI_N: 32, MI_K: 16,
    Occupancy: 1, WGM: 0, NTA: 0, NTB: 0}
  - {Latency: 81314088249, MT_M: 64, MT_N: 256, MT_K: 64, MI_M: 32, MI_N: 32, MI_K: 16,
    Occupancy: 1, WGM: 6, NTA: 4, NTB: 0}
  - {Latency: 81314088249, MT_M: 64, MT_N: 256, MT_K: 64, MI_M: 32, MI_N: 32, MI_K: 16,
    Occupancy: 1, WGM: 6, NTA: 0, NTB: 4}
  - {Latency: 112240021381, MT_M: 32, MT_N: 256, MT_K: 16, MI_M: 32, MI_N: 32, MI_K: 16,
    Occupancy: 2, WGM: 0, NTA: 0, NTB: 0}
  - {Latency: 112240021381, MT_M: 32, MT_N: 256, MT_K: 16, MI_M: 32, MI_N: 32, MI_K: 16,
    Occupancy: 2, WGM: 1, NTA: 4, NTB: 0}
  - {Latency: 112240021381, MT_M: 32, MT_N: 256, MT_K: 16, MI_M: 32, MI_N: 32, MI_K: 16,
    Occupancy: 2, WGM: 1, NTA: 0, NTB: 4}
  - {Latency: 133744559521, MT_M: 16, MT_N: 256, MT_K: 32, MI_M: 16, MI_N: 16, MI_K: 32,
    Occupancy: 2, WGM: 0, NTA: 0, NTB: 0}
  - {Latency: 133744559521, MT_M: 16, MT_N: 256, MT_K: 32, MI_M: 16, MI_N: 16, MI_K: 32,
    Occupancy: 2, WGM: 1, NTA: 4, NTB: 0}
  - {Latency: 133744559521, MT_M: 16, MT_N: 256, MT_K: 32, MI_M: 16, MI_N: 16, MI_K: 32,
    Occupancy: 2, WGM: 1, NTA: 0, NTB: 4}
- - {Latency: 285619552, MT_M: 256, MT_N: 256, MT_K: 32, MI_M: 32, MI_N: 32, MI_K: 16,
    Occupancy: 1, WGM: 0, NTA: 0, NTB: 0}
  - {Latency: 285619552, MT_M: 256, MT_N: 256, MT_K: 32, MI_M: 32, MI_N: 32, MI_K: 16,
    Occupancy: 1, WGM: 6, NTA: 4, NTB: 0}
  - {Latency: 285619552, MT_M: 256, MT_N: 256, MT_K: 32, MI_M: 32, MI_N: 32, MI_K: 16,
    Occupancy: 1, WGM: 6, NTA: 0, NTB: 4}
  - {Latency: 378440154, MT_M: 192, MT_N: 256, MT_K: 32, MI_M: 32, MI_N: 32, MI_K: 16,
    Occupancy: 1, WGM: 0, NTA: 0, NTB: 0}
  - {Latency: 378440154, MT_M: 192, MT_N: 256, MT_K: 32, MI_M: 32, MI_N: 32, MI_K: 16,
    Occupancy: 1, WGM: 6, NTA: 4, NTB: 0}
  - {Latency: 378440154, MT_M: 192, MT_N: 256, MT_K: 32, MI_M: 32, MI_N: 32, MI_K: 16,
    Occupancy: 1, WGM: 6, NTA: 0, NTB: 4}
  - {Latency: 378620198, MT_M: 256, MT_N: 192, MT_K: 32, MI_M: 16, MI_N: 16, MI_K: 32,
    Occupancy: 1, WGM: 0, NTA: 0, NTB: 0}
  - {Latency: 378620198, MT_M: 256, MT_N: 192, MT_K: 32, MI_M: 16, MI_N: 16, MI_K: 32,
    Occupancy: 1, WGM: 6, NTA: 4, NTB: 0}
  - {Latency: 378620198, MT_M: 256, MT_N: 192, MT_K: 32, MI_M: 16, MI_N: 16, MI_K: 32,
    Occupancy: 1, WGM: 6, NTA: 0, NTB: 4}
  - {Latency: 514609445, MT_M: 192, MT_N: 192, MT_K: 64, MI_M: 32, MI_N: 32, MI_K: 16,
    Occupancy: 1, WGM: 0, NTA: 0, NTB: 0}
  - {Latency: 514609445, MT_M: 192, MT_N: 192, MT_K: 64, MI_M: 32, MI_N: 32, MI_K: 16,
    Occupancy: 1, WGM: 6, NTA: 4, NTB: 0}
  - {Latency: 514609445, MT_M: 192, MT_N: 192, MT_K: 64, MI_M: 32, MI_N: 32, MI_K: 16,
    Occupancy: 1, WGM: 6, NTA: 0, NTB: 4}
  - {Latency: 575154217, MT_M: 256, MT_N: 128, MT_K: 64, MI_M: 32, MI_N: 32, MI_K: 16,
    Occupancy: 1, WGM: 0, NTA: 0, NTB: 0}
  - {Latency: 575154217, MT_M: 128, MT_N: 256, MT_K: 64, MI_M: 32, MI_N: 32, MI_K: 16,
    Occupancy: 1, WGM: 0, NTA: 0, NTB: 0}
  - {Latency: 575154217, MT_M: 256, MT_N: 128, MT_K: 64, MI_M: 32, MI_N: 32, MI_K: 16,
    Occupancy: 1, WGM: 6, NTA: 4, NTB: 0}
  - {Latency: 575154217, MT_M: 128, MT_N: 256, MT_K: 64, MI_M: 32, MI_N: 32, MI_K: 16,
    Occupancy: 1, WGM: 6, NTA: 4, NTB: 0}
  - {Latency: 575154217, MT_M: 256, MT_N: 128, MT_K: 64, MI_M: 32, MI_N: 32, MI_K: 16,
    Occupancy: 1, WGM: 6, NTA: 0, NTB: 4}
  - {Latency: 575154217, MT_M: 128, MT_N: 256, MT_K: 64, MI_M: 32, MI_N: 32, MI_K: 16,
    Occupancy: 1, WGM: 6, NTA: 0, NTB: 4}
  - {Latency: 768218390, MT_M: 192, MT_N: 128, MT_K: 64, MI_M: 32, MI_N: 32, MI_K: 16,
    Occupancy: 1, WGM: 0, NTA: 0, NTB: 0}
  - {Latency: 768218390, MT_M: 128, MT_N: 192, MT_K: 64, MI_M: 32, MI_N: 32, MI_K: 16,
    Occupancy: 1, WGM: 0, NTA: 0, NTB: 0}
  - {Latency: 768218390, MT_M: 192, MT_N: 128, MT_K: 64, MI_M: 32, MI_N: 32, MI_K: 16,
    Occupancy: 1, WGM: 6, NTA: 4, NTB: 0}
  - {Latency: 768218390, MT_M: 128, MT_N: 192, MT_K: 64, MI_M: 32, MI_N: 32, MI_K: 16,
    Occupancy: 1, WGM: 6, NTA: 4, NTB: 0}
  - {Latency: 768218390, MT_M: 192, MT_N: 128, MT_K: 64, MI_M: 32, MI_N: 32, MI_K: 16,
    Occupancy: 1, WGM: 6, NTA: 0, NTB: 4}
  - {Latency: 768218390, MT_M: 128, MT_N: 192, MT_K: 64, MI_M: 32, MI_N: 32, MI_K: 16,
    Occupancy: 1, WGM: 6, NTA: 0, NTB: 4}
  - {Latency: 924509191, MT_M: 64, MT_N: 256, MT_K: 64, MI_M: 32, MI_N: 32, MI_K: 16,
    Occupancy: 1, WGM: 0, NTA: 0, NTB: 0}
  - {Latency: 924509191, MT_M: 64, MT_N: 256, MT_K: 64, MI_M: 32, MI_N: 32, MI_K: 16,
    Occupancy: 1, WGM: 6, NTA: 4, NTB: 0}
  - {Latency: 924509191, MT_M: 64, MT_N: 256, MT_K: 64, MI_M: 32, MI_N: 32, MI_K: 16,
    Occupancy: 1, WGM: 6, NTA: 0, NTB: 4}
  - {Latency: 1146740613, MT_M: 256, MT_N: 64, MT_K: 64, MI_M: 32, MI_N: 32, MI_K: 16,
    Occupancy: 1, WGM: 0, NTA: 0, NTB: 0}
  - {Latency: 1146740613, MT_M: 256, MT_N: 64, MT_K: 64, MI_M: 32, MI_N: 32, MI_K: 16,
    Occupancy: 1, WGM: 6, NTA: 4, NTB: 0}
  - {Latency: 1146740613, MT_M: 256, MT_N: 64, MT_K: 64, MI_M: 32, MI_N: 32, MI_K: 16,
    Occupancy: 1, WGM: 6, NTA: 0, NTB: 4}
  - {Latency: 1192893263, MT_M: 128, MT_N: 128, MT_K: 128, MI_M: 32, MI_N: 32, MI_K: 16,
    Occupancy: 1, WGM: 0, NTA: 0, NTB: 0}
  - {Latency: 1192893263, MT_M: 128, MT_N: 128, MT_K: 128, MI_M: 32, MI_N: 32, MI_K: 16,
    Occupancy: 1, WGM: 6, NTA: 4, NTB: 0}
  - {Latency: 1192893263, MT_M: 128, MT_N: 128, MT_K: 128, MI_M: 32, MI_N: 32, MI_K: 16,
    Occupancy: 1, WGM: 6, NTA: 0, NTB: 4}
  - {Latency: 1283296849, MT_M: 64, MT_N: 192, MT_K: 128, MI_M: 32, MI_N: 32, MI_K: 16,
    Occupancy: 1, WGM: 0, NTA: 0, NTB: 0}
  - {Latency: 1283296849, MT_M: 64, MT_N: 192, MT_K: 128, MI_M: 32, MI_N: 32, MI_K: 16,
    Occupancy: 1, WGM: 6, NTA: 4, NTB: 0}
  - {Latency: 1283296849, MT_M: 64, MT_N: 192, MT_K: 128, MI_M: 32, MI_N: 32, MI_K: 16,
    Occupancy: 1, WGM: 6, NTA: 0, NTB: 4}
  - {Latency: 1590531020, MT_M: 192, MT_N: 64, MT_K: 128, MI_M: 32, MI_N: 32, MI_K: 16,
    Occupancy: 1, WGM: 0, NTA: 0, NTB: 0}
  - {Latency: 1590531020, MT_M: 192, MT_N: 64, MT_K: 128, MI_M: 32, MI_N: 32, MI_K: 16,
    Occupancy: 1, WGM: 6, NTA: 4, NTB: 0}
  - {Latency: 1590531020, MT_M: 192, MT_N: 64, MT_K: 128, MI_M: 32, MI_N: 32, MI_K: 16,
    Occupancy: 1, WGM: 6, NTA: 0, NTB: 4}
  - {Latency: 1600760899, MT_M: 32, MT_N: 256, MT_K: 16, MI_M: 32, MI_N: 32, MI_K: 16,
    Occupancy: 2, WGM: 0, NTA: 0, NTB: 0}
  - {Latency: 1600760899, MT_M: 32, MT_N: 256, MT_K: 16, MI_M: 32, MI_N: 32, MI_K: 16,
    Occupancy: 2, WGM: 1, NTA: 4, NTB: 0}
  - {Latency: 1600760899, MT_M: 32, MT_N: 256, MT_K: 16, MI_M: 32, MI_N: 32, MI_K: 16,
    Occupancy: 2, WGM: 1, NTA: 0, NTB: 4}
  - {Latency: 1920307018, MT_M: 64, MT_N: 128, MT_K: 128, MI_M: 16, MI_N: 16, MI_K: 32,
    Occupancy: 1, WGM: 0, NTA: 0, NTB: 0}
  - {Latency: 1920307018, MT_M: 64, MT_N: 128, MT_K: 128, MI_M: 16, MI_N: 16, MI_K: 32,
    Occupancy: 1, WGM: 6, NTA: 4, NTB: 0}
  - {Latency: 1920307018, MT_M: 64, MT_N: 128, MT_K: 128, MI_M: 16, MI_N: 16, MI_K: 32,
    Occupancy: 1, WGM: 6, NTA: 0, NTB: 4}
  - {Latency: 2382577604, MT_M: 128, MT_N: 64, MT_K: 128, MI_M: 16, MI_N: 16, MI_K: 32,
    Occupancy: 1, WGM: 0, NTA: 0, NTB: 0}
  - {Latency: 2382577604, MT_M: 128, MT_N: 64, MT_K: 128, MI_M: 16, MI_N: 16, MI_K: 32,
    Occupancy: 1, WGM: 6, NTA: 4, NTB: 0}
  - {Latency: 2382577604, MT_M: 128, MT_N: 64, MT_K: 128, MI_M: 16, MI_N: 16, MI_K: 32,
    Occupancy: 1, WGM: 6, NTA: 0, NTB: 4}
  - {Latency: 3031514980, MT_M: 16, MT_N: 256, MT_K: 32, MI_M: 16, MI_N: 16, MI_K: 32,
    Occupancy: 2, WGM: 0, NTA: 0, NTB: 0}
  - {Latency: 3031514980, MT_M: 16, MT_N: 256, MT_K: 32, MI_M: 16, MI_N: 16, MI_K: 32,
    Occupancy: 2, WGM: 1, NTA: 4, NTB: 0}
  - {Latency: 3031514980, MT_M: 16, MT_N: 256, MT_K: 32, MI_M: 16, MI_N: 16, MI_K: 32,
    Occupancy: 2, WGM: 1, NTA: 0, NTB: 4}
  - {Latency: 3180194448, MT_M: 32, MT_N: 128, MT_K: 16, MI_M: 32, MI_N: 32, MI_K: 16,
    Occupancy: 5, WGM: 0, NTA: 0, NTB: 0}
  - {Latency: 3180194448, MT_M: 32, MT_N: 128, MT_K: 16, MI_M: 32, MI_N: 32, MI_K: 16,
    Occupancy: 5, WGM: 1, NTA: 4, NTB: 0}
  - {Latency: 3180194448, MT_M: 32, MT_N: 128, MT_K: 16, MI_M: 32, MI_N: 32, MI_K: 16,
    Occupancy: 5, WGM: 1, NTA: 0, NTB: 4}
  - {Latency: 5831050998, MT_M: 64, MT_N: 64, MT_K: 256, MI_M: 32, MI_N: 32, MI_K: 16,
    Occupancy: 1, WGM: 0, NTA: 0, NTB: 0}
  - {Latency: 5831050998, MT_M: 64, MT_N: 64, MT_K: 256, MI_M: 32, MI_N: 32, MI_K: 16,
    Occupancy: 1, WGM: 6, NTA: 4, NTB: 0}
  - {Latency: 5831050998, MT_M: 64, MT_N: 64, MT_K: 256, MI_M: 32, MI_N: 32, MI_K: 16,
    Occupancy: 1, WGM: 6, NTA: 0, NTB: 4}
  - {Latency: 6037238210, MT_M: 16, MT_N: 128, MT_K: 32, MI_M: 16, MI_N: 16, MI_K: 32,
    Occupancy: 3, WGM: 0, NTA: 0, NTB: 0}
  - {Latency: 6037238210, MT_M: 16, MT_N: 128, MT_K: 32, MI_M: 16, MI_N: 16, MI_K: 32,
    Occupancy: 3, WGM: 1, NTA: 4, NTB: 0}
  - {Latency: 6037238210, MT_M: 16, MT_N: 128, MT_K: 32, MI_M: 16, MI_N: 16, MI_K: 32,
    Occupancy: 3, WGM: 1, NTA: 0, NTB: 4}
  - {Latency: 6831386298, MT_M: 32, MT_N: 64, MT_K: 128, MI_M: 32, MI_N: 32, MI_K: 16,
    Occupancy: 1, WGM: 0, NTA: 0, NTB: 0}
  - {Latency: 6831386298, MT_M: 32, MT_N: 64, MT_K: 128, MI_M: 32, MI_N: 32, MI_K: 16,
    Occupancy: 1, WGM: 6, NTA: 4, NTB: 0}
  - {Latency: 6831386298, MT_M: 32, MT_N: 64, MT_K: 128, MI_M: 32, MI_N: 32, MI_K: 16,
    Occupancy: 1, WGM: 6, NTA: 0, NTB: 4}
  - {Latency: 6884421510, MT_M: 64, MT_N: 32, MT_K: 128, MI_M: 32, MI_N: 32, MI_K: 16,
    Occupancy: 1, WGM: 0, NTA: 0, NTB: 0}
  - {Latency: 6884421510, MT_M: 64, MT_N: 32, MT_K: 128, MI_M: 32, MI_N: 32, MI_K: 16,
    Occupancy: 1, WGM: 6, NTA: 4, NTB: 0}
  - {Latency: 6884421510, MT_M: 64, MT_N: 32, MT_K: 128, MI_M: 32, MI_N: 32, MI_K: 16,
    Occupancy: 1, WGM: 6, NTA: 0, NTB: 4}
  - {Latency: 15840054628, MT_M: 64, MT_N: 16, MT_K: 256, MI_M: 16, MI_N: 16, MI_K: 32,
    Occupancy: 1, WGM: 0, NTA: 0, NTB: 0}
  - {Latency: 15840054628, MT_M: 64, MT_N: 16, MT_K: 256, MI_M: 16, MI_N: 16, MI_K: 32,
    Occupancy: 1, WGM: 6, NTA: 4, NTB: 0}
  - {Latency: 15840054628, MT_M: 64, MT_N: 16, MT_K: 256, MI_M: 16, MI_N: 16, MI_K: 32,
    Occupancy: 1, WGM: 6, NTA: 0, NTB: 4}
  - {Latency: 19580089191, MT_M: 16, MT_N: 64, MT_K: 256, MI_M: 16, MI_N: 16, MI_K: 32,
    Occupancy: 1, WGM: 0, NTA: 0, NTB: 0}
  - {Latency: 19580089191, MT_M: 16, MT_N: 64, MT_K: 256, MI_M: 16, MI_N: 16, MI_K: 32,
    Occupancy: 1, WGM: 6, NTA: 4, NTB: 0}
  - {Latency: 19580089191, MT_M: 16, MT_N: 64, MT_K: 256, MI_M: 16, MI_N: 16, MI_K: 32,
    Occupancy: 1, WGM: 6, NTA: 0, NTB: 4}
  - {Latency: 31159175610, MT_M: 32, MT_N: 32, MT_K: 512, MI_M: 32, MI_N: 32, MI_K: 16,
    Occupancy: 1, WGM: 0, NTA: 0, NTB: 0}
  - {Latency: 31159175610, MT_M: 32, MT_N: 32, MT_K: 512, MI_M: 32, MI_N: 32, MI_K: 16,
    Occupancy: 1, WGM: 6, NTA: 4, NTB: 0}
  - {Latency: 31159175610, MT_M: 32, MT_N: 32, MT_K: 512, MI_M: 32, MI_N: 32, MI_K: 16,
    Occupancy: 1, WGM: 6, NTA: 0, NTB: 4}
  - {Latency: 47975565765, MT_M: 32, MT_N: 16, MT_K: 512, MI_M: 16, MI_N: 16, MI_K: 32,
    Occupancy: 1, WGM: 0, NTA: 0, NTB: 0}
  - {Latency: 47975565765, MT_M: 32, MT_N: 16, MT_K: 512, MI_M: 16, MI_N: 16, MI_K: 32,
    Occupancy: 1, WGM: 6, NTA: 4, NTB: 0}
  - {Latency: 47975565765, MT_M: 32, MT_N: 16, MT_K: 512, MI_M: 16, MI_N: 16, MI_K: 32,
    Occupancy: 1, WGM: 6, NTA: 0, NTB: 4}
  - {Latency: 49520099173, MT_M: 16, MT_N: 32, MT_K: 512, MI_M: 16, MI_N: 16, MI_K: 32,
    Occupancy: 1, WGM: 0, NTA: 0, NTB: 0}
  - {Latency: 49520099173, MT_M: 16, MT_N: 32, MT_K: 512, MI_M: 16, MI_N: 16, MI_K: 32,
    Occupancy: 1, WGM: 6, NTA: 4, NTB: 0}
  - {Latency: 49520099173, MT_M: 16, MT_N: 32, MT_K: 512, MI_M: 16, MI_N: 16, MI_K: 32,
    Occupancy: 1, WGM: 6, NTA: 0, NTB: 4}
  - {Latency: 80808526533, MT_M: 16, MT_N: 16, MT_K: 512, MI_M: 16, MI_N: 16, MI_K: 32,
    Occupancy: 1, WGM: 0, NTA: 0, NTB: 0}
  - {Latency: 80808526533, MT_M: 16, MT_N: 16, MT_K: 512, MI_M: 16, MI_N: 16, MI_K: 32,
    Occupancy: 1, WGM: 6, NTA: 4, NTB: 0}
  - {Latency: 80808526533, MT_M: 16, MT_N: 16, MT_K: 512, MI_M: 16, MI_N: 16, MI_K: 32,
    Occupancy: 1, WGM: 6, NTA: 0, NTB: 4}
- - {Latency: 3553346889, MT_M: 192, MT_N: 256, MT_K: 32, MI_M: 32, MI_N: 32, MI_K: 16,
    Occupancy: 1, WGM: 0, NTA: 0, NTB: 0}
  - {Latency: 3553346889, MT_M: 192, MT_N: 256, MT_K: 32, MI_M: 32, MI_N: 32, MI_K: 16,
    Occupancy: 1, WGM: 6, NTA: 4, NTB: 0}
  - {Latency: 3553346889, MT_M: 192, MT_N: 256, MT_K: 32, MI_M: 32, MI_N: 32, MI_K: 16,
    Occupancy: 1, WGM: 6, NTA: 0, NTB: 4}
  - {Latency: 4789941114, MT_M: 256, MT_N: 256, MT_K: 32, MI_M: 32, MI_N: 32, MI_K: 16,
    Occupancy: 1, WGM: 0, NTA: 0, NTB: 0}
  - {Latency: 4789941114, MT_M: 256, MT_N: 256, MT_K: 32, MI_M: 32, MI_N: 32, MI_K: 16,
    Occupancy: 1, WGM: 6, NTA: 4, NTB: 0}
  - {Latency: 4789941114, MT_M: 256, MT_N: 256, MT_K: 32, MI_M: 32, MI_N: 32, MI_K: 16,
    Occupancy: 1, WGM: 6, NTA: 0, NTB: 4}
  - {Latency: 6166085382, MT_M: 256, MT_N: 192, MT_K: 32, MI_M: 16, MI_N: 16, MI_K: 32,
    Occupancy: 1, WGM: 0, NTA: 0, NTB: 0}
  - {Latency: 6166085382, MT_M: 256, MT_N: 192, MT_K: 32, MI_M: 16, MI_N: 16, MI_K: 32,
    Occupancy: 1, WGM: 6, NTA: 4, NTB: 0}
  - {Latency: 6166085382, MT_M: 256, MT_N: 192, MT_K: 32, MI_M: 16, MI_N: 16, MI_K: 32,
    Occupancy: 1, WGM: 6, NTA: 0, NTB: 4}
  - {Latency: 7113799091, MT_M: 32, MT_N: 256, MT_K: 16, MI_M: 32, MI_N: 32, MI_K: 16,
    Occupancy: 2, WGM: 0, NTA: 0, NTB: 0}
  - {Latency: 7113799091, MT_M: 32, MT_N: 256, MT_K: 16, MI_M: 32, MI_N: 32, MI_K: 16,
    Occupancy: 2, WGM: 1, NTA: 4, NTB: 0}
  - {Latency: 7113799091, MT_M: 32, MT_N: 256, MT_K: 16, MI_M: 32, MI_N: 32, MI_K: 16,
    Occupancy: 2, WGM: 1, NTA: 0, NTB: 4}
  - {Latency: 12185115072, MT_M: 32, MT_N: 128, MT_K: 16, MI_M: 32, MI_N: 32, MI_K: 16,
    Occupancy: 5, WGM: 0, NTA: 0, NTB: 0}
  - {Latency: 12185115072, MT_M: 32, MT_N: 128, MT_K: 16, MI_M: 32, MI_N: 32, MI_K: 16,
    Occupancy: 5, WGM: 1, NTA: 4, NTB: 0}
  - {Latency: 12185115072, MT_M: 32, MT_N: 128, MT_K: 16, MI_M: 32, MI_N: 32, MI_K: 16,
    Occupancy: 5, WGM: 1, NTA: 0, NTB: 4}
  - {Latency: 18311083469, MT_M: 192, MT_N: 192, MT_K: 64, MI_M: 32, MI_N: 32, MI_K: 16,
    Occupancy: 1, WGM: 0, NTA: 0, NTB: 0}
  - {Latency: 18311083469, MT_M: 192, MT_N: 192, MT_K: 64, MI_M: 32, MI_N: 32, MI_K: 16,
    Occupancy: 1, WGM: 6, NTA: 4, NTB: 0}
  - {Latency: 18311083469, MT_M: 192, MT_N: 192, MT_K: 64, MI_M: 32, MI_N: 32, MI_K: 16,
    Occupancy: 1, WGM: 6, NTA: 0, NTB: 4}
  - {Latency: 26524748863, MT_M: 192, MT_N: 128, MT_K: 64, MI_M: 32, MI_N: 32, MI_K: 16,
    Occupancy: 1, WGM: 0, NTA: 0, NTB: 0}
  - {Latency: 26524748863, MT_M: 192, MT_N: 128, MT_K: 64, MI_M: 32, MI_N: 32, MI_K: 16,
    Occupancy: 1, WGM: 6, NTA: 4, NTB: 0}
  - {Latency: 26524748863, MT_M: 192, MT_N: 128, MT_K: 64, MI_M: 32, MI_N: 32, MI_K: 16,
    Occupancy: 1, WGM: 6, NTA: 0, NTB: 4}
  - {Latency: 28420664703, MT_M: 16, MT_N: 256, MT_K: 32, MI_M: 16, MI_N: 16, MI_K: 32,
    Occupancy: 2, WGM: 0, NTA: 0, NTB: 0}
  - {Latency: 28420664703, MT_M: 16, MT_N: 256, MT_K: 32, MI_M: 16, MI_N: 16, MI_K: 32,
    Occupancy: 2, WGM: 1, NTA: 4, NTB: 0}
  - {Latency: 28420664703, MT_M: 16, MT_N: 256, MT_K: 32, MI_M: 16, MI_N: 16, MI_K: 32,
    Occupancy: 2, WGM: 1, NTA: 0, NTB: 4}
  - {Latency: 35722649202, MT_M: 256, MT_N: 128, MT_K: 64, MI_M: 32, MI_N: 32, MI_K: 16,
    Occupancy: 1, WGM: 0, NTA: 0, NTB: 0}
  - {Latency: 35722649202, MT_M: 256, MT_N: 128, MT_K: 64, MI_M: 32, MI_N: 32, MI_K: 16,
    Occupancy: 1, WGM: 6, NTA: 4, NTB: 0}
  - {Latency: 35722649202, MT_M: 256, MT_N: 128, MT_K: 64, MI_M: 32, MI_N: 32, MI_K: 16,
    Occupancy: 1, WGM: 6, NTA: 0, NTB: 4}
  - {Latency: 36403069683, MT_M: 16, MT_N: 128, MT_K: 32, MI_M: 16, MI_N: 16, MI_K: 32,
    Occupancy: 3, WGM: 0, NTA: 0, NTB: 0}
  - {Latency: 36403069683, MT_M: 16, MT_N: 128, MT_K: 32, MI_M: 16, MI_N: 16, MI_K: 32,
    Occupancy: 3, WGM: 1, NTA: 4, NTB: 0}
  - {Latency: 36403069683, MT_M: 16, MT_N: 128, MT_K: 32, MI_M: 16, MI_N: 16, MI_K: 32,
    Occupancy: 3, WGM: 1, NTA: 0, NTB: 4}
  - {Latency: 38218245297, MT_M: 128, MT_N: 256, MT_K: 64, MI_M: 32, MI_N: 32, MI_K: 16,
    Occupancy: 1, WGM: 0, NTA: 0, NTB: 0}
  - {Latency: 38218245297, MT_M: 128, MT_N: 256, MT_K: 64, MI_M: 32, MI_N: 32, MI_K: 16,
    Occupancy: 1, WGM: 6, NTA: 4, NTB: 0}
  - {Latency: 38218245297, MT_M: 128, MT_N: 256, MT_K: 64, MI_M: 32, MI_N: 32, MI_K: 16,
    Occupancy: 1, WGM: 6, NTA: 0, NTB: 4}
  - {Latency: 42574055043, MT_M: 64, MT_N: 256, MT_K: 64, MI_M: 32, MI_N: 32, MI_K: 16,
    Occupancy: 1, WGM: 0, NTA: 0, NTB: 0}
  - {Latency: 42574055043, MT_M: 64, MT_N: 256, MT_K: 64, MI_M: 32, MI_N: 32, MI_K: 16,
    Occupancy: 1, WGM: 6, NTA: 4, NTB: 0}
  - {Latency: 42574055043, MT_M: 64, MT_N: 256, MT_K: 64, MI_M: 32, MI_N: 32, MI_K: 16,
    Occupancy: 1, WGM: 6, NTA: 0, NTB: 4}
  - {Latency: 49253868171, MT_M: 128, MT_N: 192, MT_K: 64, MI_M: 32, MI_N: 32, MI_K: 16,
    Occupancy: 1, WGM: 0, NTA: 0, NTB: 0}
  - {Latency: 49253868171, MT_M: 128, MT_N: 192, MT_K: 64, MI_M: 32, MI_N: 32, MI_K: 16,
    Occupancy: 1, WGM: 6, NTA: 4, NTB: 0}
  - {Latency: 49253868171, MT_M: 128, MT_N: 192, MT_K: 64, MI_M: 32, MI_N: 32, MI_K: 16,
    Occupancy: 1, WGM: 6, NTA: 0, NTB: 4}
  - {Latency: 71382497439, MT_M: 256, MT_N: 64, MT_K: 64, MI_M: 32, MI_N: 32, MI_K: 16,
    Occupancy: 1, WGM: 0, NTA: 0, NTB: 0}
  - {Latency: 71382497439, MT_M: 256, MT_N: 64, MT_K: 64, MI_M: 32, MI_N: 32, MI_K: 16,
    Occupancy: 1, WGM: 6, NTA: 4, NTB: 0}
  - {Latency: 71382497439, MT_M: 256, MT_N: 64, MT_K: 64, MI_M: 32, MI_N: 32, MI_K: 16,
    Occupancy: 1, WGM: 6, NTA: 0, NTB: 4}
  - {Latency: 211224439470, MT_M: 192, MT_N: 64, MT_K: 128, MI_M: 32, MI_N: 32, MI_K: 16,
    Occupancy: 1, WGM: 0, NTA: 0, NTB: 0}
  - {Latency: 211224439470, MT_M: 192, MT_N: 64, MT_K: 128, MI_M: 32, MI_N: 32, MI_K: 16,
    Occupancy: 1, WGM: 6, NTA: 4, NTB: 0}
  - {Latency: 211224439470, MT_M: 192, MT_N: 64, MT_K: 128, MI_M: 32, MI_N: 32, MI_K: 16,
    Occupancy: 1, WGM: 6, NTA: 0, NTB: 4}
  - {Latency: 218650675183, MT_M: 64, MT_N: 192, MT_K: 128, MI_M: 32, MI_N: 32, MI_K: 16,
    Occupancy: 1, WGM: 0, NTA: 0, NTB: 0}
  - {Latency: 218650675183, MT_M: 64, MT_N: 192, MT_K: 128, MI_M: 32, MI_N: 32, MI_K: 16,
    Occupancy: 1, WGM: 6, NTA: 4, NTB: 0}
  - {Latency: 218650675183, MT_M: 64, MT_N: 192, MT_K: 128, MI_M: 32, MI_N: 32, MI_K: 16,
    Occupancy: 1, WGM: 6, NTA: 0, NTB: 4}
  - {Latency: 284718876922, MT_M: 128, MT_N: 128, MT_K: 128, MI_M: 32, MI_N: 32, MI_K: 16,
    Occupancy: 1, WGM: 0, NTA: 0, NTB: 0}
  - {Latency: 284718876922, MT_M: 128, MT_N: 128, MT_K: 128, MI_M: 32, MI_N: 32, MI_K: 16,
    Occupancy: 1, WGM: 6, NTA: 4, NTB: 0}
  - {Latency: 284718876922, MT_M: 128, MT_N: 128, MT_K: 128, MI_M: 32, MI_N: 32, MI_K: 16,
    Occupancy: 1, WGM: 6, NTA: 0, NTB: 4}
  - {Latency: 316878918174, MT_M: 64, MT_N: 128, MT_K: 128, MI_M: 16, MI_N: 16, MI_K: 32,
    Occupancy: 1, WGM: 0, NTA: 0, NTB: 0}
  - {Latency: 316878918174, MT_M: 64, MT_N: 128, MT_K: 128, MI_M: 16, MI_N: 16, MI_K: 32,
    Occupancy: 1, WGM: 6, NTA: 4, NTB: 0}
  - {Latency: 316878918174, MT_M: 64, MT_N: 128, MT_K: 128, MI_M: 16, MI_N: 16, MI_K: 32,
    Occupancy: 1, WGM: 6, NTA: 0, NTB: 4}
  - {Latency: 559223673265, MT_M: 32, MT_N: 64, MT_K: 128, MI_M: 32, MI_N: 32, MI_K: 16,
    Occupancy: 1, WGM: 0, NTA: 0, NTB: 0}
  - {Latency: 559223673265, MT_M: 32, MT_N: 64, MT_K: 128, MI_M: 32, MI_N: 32, MI_K: 16,
    Occupancy: 1, WGM: 6, NTA: 4, NTB: 0}
  - {Latency: 559223673265, MT_M: 32, MT_N: 64, MT_K: 128, MI_M: 32, MI_N: 32, MI_K: 16,
    Occupancy: 1, WGM: 6, NTA: 0, NTB: 4}
  - {Latency: 569411901831, MT_M: 128, MT_N: 64, MT_K: 128, MI_M: 16, MI_N: 16, MI_K: 32,
    Occupancy: 1, WGM: 0, NTA: 0, NTB: 0}
  - {Latency: 569411901831, MT_M: 128, MT_N: 64, MT_K: 128, MI_M: 16, MI_N: 16, MI_K: 32,
    Occupancy: 1, WGM: 6, NTA: 4, NTB: 0}
  - {Latency: 569411901831, MT_M: 128, MT_N: 64, MT_K: 128, MI_M: 16, MI_N: 16, MI_K: 32,
    Occupancy: 1, WGM: 6, NTA: 0, NTB: 4}
  - {Latency: 684107086991, MT_M: 64, MT_N: 32, MT_K: 128, MI_M: 32, MI_N: 32, MI_K: 16,
    Occupancy: 1, WGM: 0, NTA: 0, NTB: 0}
  - {Latency: 684107086991, MT_M: 64, MT_N: 32, MT_K: 128, MI_M: 32, MI_N: 32, MI_K: 16,
    Occupancy: 1, WGM: 6, NTA: 4, NTB: 0}
  - {Latency: 684107086991, MT_M: 64, MT_N: 32, MT_K: 128, MI_M: 32, MI_N: 32, MI_K: 16,
    Occupancy: 1, WGM: 6, NTA: 0, NTB: 4}
- - {Latency: 2244228585, MT_M: 256, MT_N: 192, MT_K: 32, MI_M: 16, MI_N: 16, MI_K: 32,
    Occupancy: 1, WGM: 0, NTA: 0, NTB: 0}
  - {Latency: 2244228585, MT_M: 256, MT_N: 192, MT_K: 32, MI_M: 16, MI_N: 16, MI_K: 32,
    Occupancy: 1, WGM: 6, NTA: 4, NTB: 0}
  - {Latency: 2244228585, MT_M: 256, MT_N: 192, MT_K: 32, MI_M: 16, MI_N: 16, MI_K: 32,
    Occupancy: 1, WGM: 6, NTA: 0, NTB: 4}
  - {Latency: 3093177025, MT_M: 256, MT_N: 256, MT_K: 32, MI_M: 32, MI_N: 32, MI_K: 16,
    Occupancy: 1, WGM: 0, NTA: 0, NTB: 0}
  - {Latency: 3093177025, MT_M: 256, MT_N: 256, MT_K: 32, MI_M: 32, MI_N: 32, MI_K: 16,
    Occupancy: 1, WGM: 6, NTA: 4, NTB: 0}
  - {Latency: 3093177025, MT_M: 256, MT_N: 256, MT_K: 32, MI_M: 32, MI_N: 32, MI_K: 16,
    Occupancy: 1, WGM: 6, NTA: 0, NTB: 4}
  - {Latency: 3889954428, MT_M: 192, MT_N: 256, MT_K: 32, MI_M: 32, MI_N: 32, MI_K: 16,
    Occupancy: 1, WGM: 0, NTA: 0, NTB: 0}
  - {Latency: 3889954428, MT_M: 192, MT_N: 256, MT_K: 32, MI_M: 32, MI_N: 32, MI_K: 16,
    Occupancy: 1, WGM: 6, NTA: 4, NTB: 0}
  - {Latency: 3889954428, MT_M: 192, MT_N: 256, MT_K: 32, MI_M: 32, MI_N: 32, MI_K: 16,
    Occupancy: 1, WGM: 6, NTA: 0, NTB: 4}
  - {Latency: 5618003172, MT_M: 192, MT_N: 192, MT_K: 64, MI_M: 32, MI_N: 32, MI_K: 16,
    Occupancy: 1, WGM: 0, NTA: 0, NTB: 0}
  - {Latency: 5618003172, MT_M: 192, MT_N: 192, MT_K: 64, MI_M: 32, MI_N: 32, MI_K: 16,
    Occupancy: 1, WGM: 6, NTA: 4, NTB: 0}
  - {Latency: 5618003172, MT_M: 192, MT_N: 192, MT_K: 64, MI_M: 32, MI_N: 32, MI_K: 16,
    Occupancy: 1, WGM: 6, NTA: 0, NTB: 4}
  - {Latency: 6687109107, MT_M: 256, MT_N: 128, MT_K: 64, MI_M: 32, MI_N: 32, MI_K: 16,
    Occupancy: 1, WGM: 0, NTA: 0, NTB: 0}
  - {Latency: 6687109107, MT_M: 256, MT_N: 128, MT_K: 64, MI_M: 32, MI_N: 32, MI_K: 16,
    Occupancy: 1, WGM: 6, NTA: 4, NTB: 0}
  - {Latency: 6687109107, MT_M: 256, MT_N: 128, MT_K: 64, MI_M: 32, MI_N: 32, MI_K: 16,
    Occupancy: 1, WGM: 6, NTA: 0, NTB: 4}
  - {Latency: 7948418493, MT_M: 128, MT_N: 192, MT_K: 64, MI_M: 32, MI_N: 32, MI_K: 16,
    Occupancy: 1, WGM: 0, NTA: 0, NTB: 0}
  - {Latency: 7948418493, MT_M: 128, MT_N: 192, MT_K: 64, MI_M: 32, MI_N: 32, MI_K: 16,
    Occupancy: 1, WGM: 6, NTA: 4, NTB: 0}
  - {Latency: 7948418493, MT_M: 128, MT_N: 192, MT_K: 64, MI_M: 32, MI_N: 32, MI_K: 16,
    Occupancy: 1, WGM: 6, NTA: 0, NTB: 4}
  - {Latency: 8415977861, MT_M: 192, MT_N: 128, MT_K: 64, MI_M: 32, MI_N: 32, MI_K: 16,
    Occupancy: 1, WGM: 0, NTA: 0, NTB: 0}
  - {Latency: 8415977861, MT_M: 192, MT_N: 128, MT_K: 64, MI_M: 32, MI_N: 32, MI_K: 16,
    Occupancy: 1, WGM: 6, NTA: 4, NTB: 0}
  - {Latency: 8415977861, MT_M: 192, MT_N: 128, MT_K: 64, MI_M: 32, MI_N: 32, MI_K: 16,
    Occupancy: 1, WGM: 6, NTA: 0, NTB: 4}
  - {Latency: 9109486767, MT_M: 256, MT_N: 64, MT_K: 64, MI_M: 32, MI_N: 32, MI_K: 16,
    Occupancy: 1, WGM: 0, NTA: 0, NTB: 0}
  - {Latency: 9109486767, MT_M: 256, MT_N: 64, MT_K: 64, MI_M: 32, MI_N: 32, MI_K: 16,
    Occupancy: 1, WGM: 6, NTA: 4, NTB: 0}
  - {Latency: 9109486767, MT_M: 256, MT_N: 64, MT_K: 64, MI_M: 32, MI_N: 32, MI_K: 16,
    Occupancy: 1, WGM: 6, NTA: 0, NTB: 4}
  - {Latency: 9629696897, MT_M: 32, MT_N: 256, MT_K: 16, MI_M: 32, MI_N: 32, MI_K: 16,
    Occupancy: 2, WGM: 0, NTA: 0, NTB: 0}
  - {Latency: 9629696897, MT_M: 32, MT_N: 256, MT_K: 16, MI_M: 32, MI_N: 32, MI_K: 16,
    Occupancy: 2, WGM: 1, NTA: 4, NTB: 0}
  - {Latency: 9629696897, MT_M: 32, MT_N: 256, MT_K: 16, MI_M: 32, MI_N: 32, MI_K: 16,
    Occupancy: 2, WGM: 1, NTA: 0, NTB: 4}
  - {Latency: 9646227312, MT_M: 32, MT_N: 128, MT_K: 16, MI_M: 32, MI_N: 32, MI_K: 16,
    Occupancy: 5, WGM: 0, NTA: 0, NTB: 0}
  - {Latency: 9646227312, MT_M: 32, MT_N: 128, MT_K: 16, MI_M: 32, MI_N: 32, MI_K: 16,
    Occupancy: 5, WGM: 1, NTA: 4, NTB: 0}
  - {Latency: 9646227312, MT_M: 32, MT_N: 128, MT_K: 16, MI_M: 32, MI_N: 32, MI_K: 16,
    Occupancy: 5, WGM: 1, NTA: 0, NTB: 4}
  - {Latency: 10976197409, MT_M: 128, MT_N: 256, MT_K: 64, MI_M: 32, MI_N: 32, MI_K: 16,
    Occupancy: 1, WGM: 0, NTA: 0, NTB: 0}
  - {Latency: 10976197409, MT_M: 128, MT_N: 256, MT_K: 64, MI_M: 32, MI_N: 32, MI_K: 16,
    Occupancy: 1, WGM: 6, NTA: 4, NTB: 0}
  - {Latency: 10976197409, MT_M: 128, MT_N: 256, MT_K: 64, MI_M: 32, MI_N: 32, MI_K: 16,
    Occupancy: 1, WGM: 6, NTA: 0, NTB: 4}
  - {Latency: 12787710717, MT_M: 16, MT_N: 128, MT_K: 32, MI_M: 16, MI_N: 16, MI_K: 32,
    Occupancy: 3, WGM: 0, NTA: 0, NTB: 0}
  - {Latency: 12787710717, MT_M: 16, MT_N: 128, MT_K: 32, MI_M: 16, MI_N: 16, MI_K: 32,
    Occupancy: 3, WGM: 1, NTA: 4, NTB: 0}
  - {Latency: 12787710717, MT_M: 16, MT_N: 128, MT_K: 32, MI_M: 16, MI_N: 16, MI_K: 32,
    Occupancy: 3, WGM: 1, NTA: 0, NTB: 4}
  - {Latency: 13113774629, MT_M: 16, MT_N: 256, MT_K: 32, MI_M: 16, MI_N: 16, MI_K: 32,
    Occupancy: 2, WGM: 0, NTA: 0, NTB: 0}
  - {Latency: 13113774629, MT_M: 16, MT_N: 256, MT_K: 32, MI_M: 16, MI_N: 16, MI_K: 32,
    Occupancy: 2, WGM: 1, NTA: 4, NTB: 0}
  - {Latency: 13113774629, MT_M: 16, MT_N: 256, MT_K: 32, MI_M: 16, MI_N: 16, MI_K: 32,
    Occupancy: 2, WGM: 1, NTA: 0, NTB: 4}
  - {Latency: 18518441603, MT_M: 64, MT_N: 256, MT_K: 64, MI_M: 32, MI_N: 32, MI_K: 16,
    Occupancy: 1, WGM: 0, NTA: 0, NTB: 0}
  - {Latency: 18518441603, MT_M: 64, MT_N: 256, MT_K: 64, MI_M: 32, MI_N: 32, MI_K: 16,
    Occupancy: 1, WGM: 6, NTA: 4, NTB: 0}
  - {Latency: 18518441603, MT_M: 64, MT_N: 256, MT_K: 64, MI_M: 32, MI_N: 32, MI_K: 16,
    Occupancy: 1, WGM: 6, NTA: 0, NTB: 4}
  - {Latency: 46040193819, MT_M: 192, MT_N: 64, MT_K: 128, MI_M: 32, MI_N: 32, MI_K: 16,
    Occupancy: 1, WGM: 0, NTA: 0, NTB: 0}
  - {Latency: 46040193819, MT_M: 192, MT_N: 64, MT_K: 128, MI_M: 32, MI_N: 32, MI_K: 16,
    Occupancy: 1, WGM: 6, NTA: 4, NTB: 0}
  - {Latency: 46040193819, MT_M: 192, MT_N: 64, MT_K: 128, MI_M: 32, MI_N: 32, MI_K: 16,
    Occupancy: 1, WGM: 6, NTA: 0, NTB: 4}
  - {Latency: 47780814129, MT_M: 128, MT_N: 128, MT_K: 128, MI_M: 32, MI_N: 32, MI_K: 16,
    Occupancy: 1, WGM: 0, NTA: 0, NTB: 0}
  - {Latency: 47780814129, MT_M: 128, MT_N: 128, MT_K: 128, MI_M: 32, MI_N: 32, MI_K: 16,
    Occupancy: 1, WGM: 6, NTA: 4, NTB: 0}
  - {Latency: 47780814129, MT_M: 128, MT_N: 128, MT_K: 128, MI_M: 32, MI_N: 32, MI_K: 16,
    Occupancy: 1, WGM: 6, NTA: 0, NTB: 4}
  - {Latency: 53554242637, MT_M: 64, MT_N: 192, MT_K: 128, MI_M: 32, MI_N: 32, MI_K: 16,
    Occupancy: 1, WGM: 0, NTA: 0, NTB: 0}
  - {Latency: 53554242637, MT_M: 64, MT_N: 192, MT_K: 128, MI_M: 32, MI_N: 32, MI_K: 16,
    Occupancy: 1, WGM: 6, NTA: 4, NTB: 0}
  - {Latency: 53554242637, MT_M: 64, MT_N: 192, MT_K: 128, MI_M: 32, MI_N: 32, MI_K: 16,
    Occupancy: 1, WGM: 6, NTA: 0, NTB: 4}
  - {Latency: 65193242494, MT_M: 128, MT_N: 64, MT_K: 128, MI_M: 16, MI_N: 16, MI_K: 32,
    Occupancy: 1, WGM: 0, NTA: 0, NTB: 0}
  - {Latency: 65193242494, MT_M: 128, MT_N: 64, MT_K: 128, MI_M: 16, MI_N: 16, MI_K: 32,
    Occupancy: 1, WGM: 6, NTA: 4, NTB: 0}
  - {Latency: 65193242494, MT_M: 128, MT_N: 64, MT_K: 128, MI_M: 16, MI_N: 16, MI_K: 32,
    Occupancy: 1, WGM: 6, NTA: 0, NTB: 4}
  - {Latency: 80326579546, MT_M: 64, MT_N: 128, MT_K: 128, MI_M: 16, MI_N: 16, MI_K: 32,
    Occupancy: 1, WGM: 0, NTA: 0, NTB: 0}
  - {Latency: 80326579546, MT_M: 64, MT_N: 128, MT_K: 128, MI_M: 16, MI_N: 16, MI_K: 32,
    Occupancy: 1, WGM: 6, NTA: 4, NTB: 0}
  - {Latency: 80326579546, MT_M: 64, MT_N: 128, MT_K: 128, MI_M: 16, MI_N: 16, MI_K: 32,
    Occupancy: 1, WGM: 6, NTA: 0, NTB: 4}
  - {Latency: 121258171108, MT_M: 32, MT_N: 64, MT_K: 128, MI_M: 32, MI_N: 32, MI_K: 16,
    Occupancy: 1, WGM: 0, NTA: 0, NTB: 0}
  - {Latency: 121258171108, MT_M: 32, MT_N: 64, MT_K: 128, MI_M: 32, MI_N: 32, MI_K: 16,
    Occupancy: 1, WGM: 6, NTA: 4, NTB: 0}
  - {Latency: 121258171108, MT_M: 32, MT_N: 64, MT_K: 128, MI_M: 32, MI_N: 32, MI_K: 16,
    Occupancy: 1, WGM: 6, NTA: 0, NTB: 4}
  - {Latency: 169893580640, MT_M: 64, MT_N: 32, MT_K: 128, MI_M: 32, MI_N: 32, MI_K: 16,
    Occupancy: 1, WGM: 0, NTA: 0, NTB: 0}
  - {Latency: 169893580640, MT_M: 64, MT_N: 32, MT_K: 128, MI_M: 32, MI_N: 32, MI_K: 16,
    Occupancy: 1, WGM: 6, NTA: 4, NTB: 0}
  - {Latency: 169893580640, MT_M: 64, MT_N: 32, MT_K: 128, MI_M: 32, MI_N: 32, MI_K: 16,
    Occupancy: 1, WGM: 6, NTA: 0, NTB: 4}
  - {Latency: 435574094559, MT_M: 64, MT_N: 64, MT_K: 256, MI_M: 32, MI_N: 32, MI_K: 16,
    Occupancy: 1, WGM: 0, NTA: 0, NTB: 0}
  - {Latency: 435574094559, MT_M: 64, MT_N: 64, MT_K: 256, MI_M: 32, MI_N: 32, MI_K: 16,
    Occupancy: 1, WGM: 6, NTA: 4, NTB: 0}
  - {Latency: 435574094559, MT_M: 64, MT_N: 64, MT_K: 256, MI_M: 32, MI_N: 32, MI_K: 16,
    Occupancy: 1, WGM: 6, NTA: 0, NTB: 4}
  - {Latency: 567446839842, MT_M: 16, MT_N: 64, MT_K: 256, MI_M: 16, MI_N: 16, MI_K: 32,
    Occupancy: 1, WGM: 0, NTA: 0, NTB: 0}
  - {Latency: 567446839842, MT_M: 16, MT_N: 64, MT_K: 256, MI_M: 16, MI_N: 16, MI_K: 32,
    Occupancy: 1, WGM: 6, NTA: 4, NTB: 0}
  - {Latency: 567446839842, MT_M: 16, MT_N: 64, MT_K: 256, MI_M: 16, MI_N: 16, MI_K: 32,
    Occupancy: 1, WGM: 6, NTA: 0, NTB: 4}
- - {Latency: 9593542015, MT_M: 256, MT_N: 64, MT_K: 64, MI_M: 32, MI_N: 32, MI_K: 16,
    Occupancy: 1, WGM: 0, NTA: 0, NTB: 0}
  - {Latency: 9593542015, MT_M: 256, MT_N: 64, MT_K: 64, MI_M: 32, MI_N: 32, MI_K: 16,
    Occupancy: 1, WGM: 6, NTA: 4, NTB: 0}
  - {Latency: 9593542015, MT_M: 256, MT_N: 64, MT_K: 64, MI_M: 32, MI_N: 32, MI_K: 16,
    Occupancy: 1, WGM: 6, NTA: 0, NTB: 4}
  - {Latency: 14979584489, MT_M: 192, MT_N: 64, MT_K: 128, MI_M: 32, MI_N: 32, MI_K: 16,
    Occupancy: 1, WGM: 0, NTA: 0, NTB: 0}
  - {Latency: 14979584489, MT_M: 192, MT_N: 64, MT_K: 128, MI_M: 32, MI_N: 32, MI_K: 16,
    Occupancy: 1, WGM: 6, NTA: 4, NTB: 0}
  - {Latency: 14979584489, MT_M: 192, MT_N: 64, MT_K: 128, MI_M: 32, MI_N: 32, MI_K: 16,
    Occupancy: 1, WGM: 6, NTA: 0, NTB: 4}
  - {Latency: 19611451110, MT_M: 256, MT_N: 128, MT_K: 64, MI_M: 32, MI_N: 32, MI_K: 16,
    Occupancy: 1, WGM: 0, NTA: 0, NTB: 0}
  - {Latency: 19611451110, MT_M: 256, MT_N: 128, MT_K: 64, MI_M: 32, MI_N: 32, MI_K: 16,
    Occupancy: 1, WGM: 6, NTA: 4, NTB: 0}
  - {Latency: 19611451110, MT_M: 256, MT_N: 128, MT_K: 64, MI_M: 32, MI_N: 32, MI_K: 16,
    Occupancy: 1, WGM: 6, NTA: 0, NTB: 4}
  - {Latency: 20345706727, MT_M: 64, MT_N: 32, MT_K: 128, MI_M: 32, MI_N: 32, MI_K: 16,
    Occupancy: 1, WGM: 0, NTA: 0, NTB: 0}
  - {Latency: 20345706727, MT_M: 64, MT_N: 32, MT_K: 128, MI_M: 32, MI_N: 32, MI_K: 16,
    Occupancy: 1, WGM: 6, NTA: 4, NTB: 0}
  - {Latency: 20345706727, MT_M: 64, MT_N: 32, MT_K: 128, MI_M: 32, MI_N: 32, MI_K: 16,
    Occupancy: 1, WGM: 6, NTA: 0, NTB: 4}
  - {Latency: 21020906952, MT_M: 128, MT_N: 64, MT_K: 128, MI_M: 16, MI_N: 16, MI_K: 32,
    Occupancy: 1, WGM: 0, NTA: 0, NTB: 0}
  - {Latency: 21020906952, MT_M: 128, MT_N: 64, MT_K: 128, MI_M: 16, MI_N: 16, MI_K: 32,
    Occupancy: 1, WGM: 6, NTA: 4, NTB: 0}
  - {Latency: 21020906952, MT_M: 128, MT_N: 64, MT_K: 128, MI_M: 16, MI_N: 16, MI_K: 32,
    Occupancy: 1, WGM: 6, NTA: 0, NTB: 4}
  - {Latency: 22071182615, MT_M: 256, MT_N: 192, MT_K: 32, MI_M: 16, MI_N: 16, MI_K: 32,
    Occupancy: 1, WGM: 0, NTA: 0, NTB: 0}
  - {Latency: 22071182615, MT_M: 256, MT_N: 192, MT_K: 32, MI_M: 16, MI_N: 16, MI_K: 32,
    Occupancy: 1, WGM: 6, NTA: 4, NTB: 0}
  - {Latency: 22071182615, MT_M: 256, MT_N: 192, MT_K: 32, MI_M: 16, MI_N: 16, MI_K: 32,
    Occupancy: 1, WGM: 6, NTA: 0, NTB: 4}
  - {Latency: 27896175193, MT_M: 192, MT_N: 128, MT_K: 64, MI_M: 32, MI_N: 32, MI_K: 16,
    Occupancy: 1, WGM: 0, NTA: 0, NTB: 0}
  - {Latency: 27896175193, MT_M: 192, MT_N: 128, MT_K: 64, MI_M: 32, MI_N: 32, MI_K: 16,
    Occupancy: 1, WGM: 6, NTA: 4, NTB: 0}
  - {Latency: 27896175193, MT_M: 192, MT_N: 128, MT_K: 64, MI_M: 32, MI_N: 32, MI_K: 16,
    Occupancy: 1, WGM: 6, NTA: 0, NTB: 4}
  - {Latency: 30049129938, MT_M: 256, MT_N: 256, MT_K: 32, MI_M: 32, MI_N: 32, MI_K: 16,
    Occupancy: 1, WGM: 0, NTA: 0, NTB: 0}
  - {Latency: 30049129938, MT_M: 256, MT_N: 256, MT_K: 32, MI_M: 32, MI_N: 32, MI_K: 16,
    Occupancy: 1, WGM: 6, NTA: 4, NTB: 0}
  - {Latency: 30049129938, MT_M: 256, MT_N: 256, MT_K: 32, MI_M: 32, MI_N: 32, MI_K: 16,
    Occupancy: 1, WGM: 6, NTA: 0, NTB: 4}
  - {Latency: 41119571522, MT_M: 32, MT_N: 64, MT_K: 128, MI_M: 32, MI_N: 32, MI_K: 16,
    Occupancy: 1, WGM: 0, NTA: 0, NTB: 0}
  - {Latency: 41119571522, MT_M: 32, MT_N: 64, MT_K: 128, MI_M: 32, MI_N: 32, MI_K: 16,
    Occupancy: 1, WGM: 6, NTA: 4, NTB: 0}
  - {Latency: 41119571522, MT_M: 32, MT_N: 64, MT_K: 128, MI_M: 32, MI_N: 32, MI_K: 16,
    Occupancy: 1, WGM: 6, NTA: 0, NTB: 4}
  - {Latency: 42703575943, MT_M: 192, MT_N: 256, MT_K: 32, MI_M: 32, MI_N: 32, MI_K: 16,
    Occupancy: 1, WGM: 0, NTA: 0, NTB: 0}
  - {Latency: 42703575943, MT_M: 192, MT_N: 256, MT_K: 32, MI_M: 32, MI_N: 32, MI_K: 16,
    Occupancy: 1, WGM: 6, NTA: 4, NTB: 0}
  - {Latency: 42703575943, MT_M: 192, MT_N: 256, MT_K: 32, MI_M: 32, MI_N: 32, MI_K: 16,
    Occupancy: 1, WGM: 6, NTA: 0, NTB: 4}
  - {Latency: 42734550023, MT_M: 192, MT_N: 192, MT_K: 64, MI_M: 32, MI_N: 32, MI_K: 16,
    Occupancy: 1, WGM: 0, NTA: 0, NTB: 0}
  - {Latency: 42734550023, MT_M: 192, MT_N: 192, MT_K: 64, MI_M: 32, MI_N: 32, MI_K: 16,
    Occupancy: 1, WGM: 6, NTA: 4, NTB: 0}
  - {Latency: 42734550023, MT_M: 192, MT_N: 192, MT_K: 64, MI_M: 32, MI_N: 32, MI_K: 16,
    Occupancy: 1, WGM: 6, NTA: 0, NTB: 4}
  - {Latency: 42944928252, MT_M: 128, MT_N: 128, MT_K: 128, MI_M: 32, MI_N: 32, MI_K: 16,
    Occupancy: 1, WGM: 0, NTA: 0, NTB: 0}
  - {Latency: 42944928252, MT_M: 128, MT_N: 128, MT_K: 128, MI_M: 32, MI_N: 32, MI_K: 16,
    Occupancy: 1, WGM: 6, NTA: 4, NTB: 0}
  - {Latency: 42944928252, MT_M: 128, MT_N: 128, MT_K: 128, MI_M: 32, MI_N: 32, MI_K: 16,
    Occupancy: 1, WGM: 6, NTA: 0, NTB: 4}
  - {Latency: 47228006703, MT_M: 32, MT_N: 128, MT_K: 16, MI_M: 32, MI_N: 32, MI_K: 16,
    Occupancy: 5, WGM: 0, NTA: 0, NTB: 0}
  - {Latency: 47228006703, MT_M: 32, MT_N: 128, MT_K: 16, MI_M: 32, MI_N: 32, MI_K: 16,
    Occupancy: 5, WGM: 1, NTA: 4, NTB: 0}
  - {Latency: 47228006703, MT_M: 32, MT_N: 128, MT_K: 16, MI_M: 32, MI_N: 32, MI_K: 16,
    Occupancy: 5, WGM: 1, NTA: 0, NTB: 4}
  - {Latency: 60014752527, MT_M: 128, MT_N: 192, MT_K: 64, MI_M: 32, MI_N: 32, MI_K: 16,
    Occupancy: 1, WGM: 0, NTA: 0, NTB: 0}
  - {Latency: 60014752527, MT_M: 128, MT_N: 192, MT_K: 64, MI_M: 32, MI_N: 32, MI_K: 16,
    Occupancy: 1, WGM: 6, NTA: 4, NTB: 0}
  - {Latency: 60014752527, MT_M: 128, MT_N: 192, MT_K: 64, MI_M: 32, MI_N: 32, MI_K: 16,
    Occupancy: 1, WGM: 6, NTA: 0, NTB: 4}
  - {Latency: 60450597476, MT_M: 16, MT_N: 128, MT_K: 32, MI_M: 16, MI_N: 16, MI_K: 32,
    Occupancy: 3, WGM: 0, NTA: 0, NTB: 0}
  - {Latency: 60450597476, MT_M: 16, MT_N: 128, MT_K: 32, MI_M: 16, MI_N: 16, MI_K: 32,
    Occupancy: 3, WGM: 1, NTA: 4, NTB: 0}
  - {Latency: 60450597476, MT_M: 16, MT_N: 128, MT_K: 32, MI_M: 16, MI_N: 16, MI_K: 32,
    Occupancy: 3, WGM: 1, NTA: 0, NTB: 4}
  - {Latency: 81418256792, MT_M: 64, MT_N: 16, MT_K: 256, MI_M: 16, MI_N: 16, MI_K: 32,
    Occupancy: 1, WGM: 0, NTA: 0, NTB: 0}
  - {Latency: 81418256792, MT_M: 64, MT_N: 16, MT_K: 256, MI_M: 16, MI_N: 16, MI_K: 32,
    Occupancy: 1, WGM: 6, NTA: 4, NTB: 0}
  - {Latency: 81418256792, MT_M: 64, MT_N: 16, MT_K: 256, MI_M: 16, MI_N: 16, MI_K: 32,
    Occupancy: 1, WGM: 6, NTA: 0, NTB: 4}
  - {Latency: 81722809570, MT_M: 128, MT_N: 256, MT_K: 64, MI_M: 32, MI_N: 32, MI_K: 16,
    Occupancy: 1, WGM: 0, NTA: 0, NTB: 0}
  - {Latency: 81722809570, MT_M: 128, MT_N: 256, MT_K: 64, MI_M: 32, MI_N: 32, MI_K: 16,
    Occupancy: 1, WGM: 6, NTA: 4, NTB: 0}
  - {Latency: 81722809570, MT_M: 128, MT_N: 256, MT_K: 64, MI_M: 32, MI_N: 32, MI_K: 16,
    Occupancy: 1, WGM: 6, NTA: 0, NTB: 4}
  - {Latency: 82229459634, MT_M: 64, MT_N: 64, MT_K: 256, MI_M: 32, MI_N: 32, MI_K: 16,
    Occupancy: 1, WGM: 0, NTA: 0, NTB: 0}
  - {Latency: 82229459634, MT_M: 64, MT_N: 64, MT_K: 256, MI_M: 32, MI_N: 32, MI_K: 16,
    Occupancy: 1, WGM: 6, NTA: 4, NTB: 0}
  - {Latency: 82229459634, MT_M: 64, MT_N: 64, MT_K: 256, MI_M: 32, MI_N: 32, MI_K: 16,
    Occupancy: 1, WGM: 6, NTA: 0, NTB: 4}
  - {Latency: 84016594968, MT_M: 64, MT_N: 128, MT_K: 128, MI_M: 16, MI_N: 16, MI_K: 32,
    Occupancy: 1, WGM: 0, NTA: 0, NTB: 0}
  - {Latency: 84016594968, MT_M: 64, MT_N: 128, MT_K: 128, MI_M: 16, MI_N: 16, MI_K: 32,
    Occupancy: 1, WGM: 6, NTA: 4, NTB: 0}
  - {Latency: 84016594968, MT_M: 64, MT_N: 128, MT_K: 128, MI_M: 16, MI_N: 16, MI_K: 32,
    Occupancy: 1, WGM: 6, NTA: 0, NTB: 4}
  - {Latency: 85261350395, MT_M: 16, MT_N: 64, MT_K: 256, MI_M: 16, MI_N: 16, MI_K: 32,
    Occupancy: 1, WGM: 0, NTA: 0, NTB: 0}
  - {Latency: 85261350395, MT_M: 16, MT_N: 64, MT_K: 256, MI_M: 16, MI_N: 16, MI_K: 32,
    Occupancy: 1, WGM: 6, NTA: 4, NTB: 0}
  - {Latency: 85261350395, MT_M: 16, MT_N: 64, MT_K: 256, MI_M: 16, MI_N: 16, MI_K: 32,
    Occupancy: 1, WGM: 6, NTA: 0, NTB: 4}
  - {Latency: 103979243384, MT_M: 32, MT_N: 256, MT_K: 16, MI_M: 32, MI_N: 32, MI_K: 16,
    Occupancy: 2, WGM: 0, NTA: 0, NTB: 0}
  - {Latency: 103979243384, MT_M: 32, MT_N: 256, MT_K: 16, MI_M: 32, MI_N: 32, MI_K: 16,
    Occupancy: 2, WGM: 1, NTA: 4, NTB: 0}
  - {Latency: 103979243384, MT_M: 32, MT_N: 256, MT_K: 16, MI_M: 32, MI_N: 32, MI_K: 16,
    Occupancy: 2, WGM: 1, NTA: 0, NTB: 4}
  - {Latency: 128787692375, MT_M: 64, MT_N: 192, MT_K: 128, MI_M: 32, MI_N: 32, MI_K: 16,
    Occupancy: 1, WGM: 0, NTA: 0, NTB: 0}
  - {Latency: 128787692375, MT_M: 64, MT_N: 192, MT_K: 128, MI_M: 32, MI_N: 32, MI_K: 16,
    Occupancy: 1, WGM: 6, NTA: 4, NTB: 0}
  - {Latency: 128787692375, MT_M: 64, MT_N: 192, MT_K: 128, MI_M: 32, MI_N: 32, MI_K: 16,
    Occupancy: 1, WGM: 6, NTA: 0, NTB: 4}
  - {Latency: 141082498857, MT_M: 16, MT_N: 256, MT_K: 32, MI_M: 16, MI_N: 16, MI_K: 32,
    Occupancy: 2, WGM: 0, NTA: 0, NTB: 0}
  - {Latency: 141082498857, MT_M: 16, MT_N: 256, MT_K: 32, MI_M: 16, MI_N: 16, MI_K: 32,
    Occupancy: 2, WGM: 1, NTA: 4, NTB: 0}
  - {Latency: 141082498857, MT_M: 16, MT_N: 256, MT_K: 32, MI_M: 16, MI_N: 16, MI_K: 32,
    Occupancy: 2, WGM: 1, NTA: 0, NTB: 4}
  - {Latency: 160011236864, MT_M: 64, MT_N: 256, MT_K: 64, MI_M: 32, MI_N: 32, MI_K: 16,
    Occupancy: 1, WGM: 0, NTA: 0, NTB: 0}
  - {Latency: 160011236864, MT_M: 64, MT_N: 256, MT_K: 64, MI_M: 32, MI_N: 32, MI_K: 16,
    Occupancy: 1, WGM: 6, NTA: 4, NTB: 0}
  - {Latency: 160011236864, MT_M: 64, MT_N: 256, MT_K: 64, MI_M: 32, MI_N: 32, MI_K: 16,
    Occupancy: 1, WGM: 6, NTA: 0, NTB: 4}
  - {Latency: 160650972197, MT_M: 32, MT_N: 32, MT_K: 512, MI_M: 32, MI_N: 32, MI_K: 16,
    Occupancy: 1, WGM: 0, NTA: 0, NTB: 0}
  - {Latency: 160650972197, MT_M: 32, MT_N: 32, MT_K: 512, MI_M: 32, MI_N: 32, MI_K: 16,
    Occupancy: 1, WGM: 6, NTA: 4, NTB: 0}
  - {Latency: 160650972197, MT_M: 32, MT_N: 32, MT_K: 512, MI_M: 32, MI_N: 32, MI_K: 16,
    Occupancy: 1, WGM: 6, NTA: 0, NTB: 4}
  - {Latency: 162701722442, MT_M: 16, MT_N: 32, MT_K: 512, MI_M: 16, MI_N: 16, MI_K: 32,
    Occupancy: 1, WGM: 0, NTA: 0, NTB: 0}
  - {Latency: 162701722442, MT_M: 16, MT_N: 32, MT_K: 512, MI_M: 16, MI_N: 16, MI_K: 32,
    Occupancy: 1, WGM: 6, NTA: 4, NTB: 0}
  - {Latency: 162701722442, MT_M: 16, MT_N: 32, MT_K: 512, MI_M: 16, MI_N: 16, MI_K: 32,
    Occupancy: 1, WGM: 6, NTA: 0, NTB: 4}
  - {Latency: 321299957412, MT_M: 32, MT_N: 16, MT_K: 512, MI_M: 16, MI_N: 16, MI_K: 32,
    Occupancy: 1, WGM: 0, NTA: 0, NTB: 0}
  - {Latency: 321299957412, MT_M: 32, MT_N: 16, MT_K: 512, MI_M: 16, MI_N: 16, MI_K: 32,
    Occupancy: 1, WGM: 6, NTA: 4, NTB: 0}
  - {Latency: 321299957412, MT_M: 32, MT_N: 16, MT_K: 512, MI_M: 16, MI_N: 16, MI_K: 32,
    Occupancy: 1, WGM: 6, NTA: 0, NTB: 4}
  - {Latency: 325392371473, MT_M: 16, MT_N: 16, MT_K: 512, MI_M: 16, MI_N: 16, MI_K: 32,
    Occupancy: 1, WGM: 0, NTA: 0, NTB: 0}
  - {Latency: 325392371473, MT_M: 16, MT_N: 16, MT_K: 512, MI_M: 16, MI_N: 16, MI_K: 32,
    Occupancy: 1, WGM: 6, NTA: 4, NTB: 0}
  - {Latency: 325392371473, MT_M: 16, MT_N: 16, MT_K: 512, MI_M: 16, MI_N: 16, MI_K: 32,
    Occupancy: 1, WGM: 6, NTA: 0, NTB: 4}
- - {Latency: 8137586201, MT_M: 192, MT_N: 64, MT_K: 128, MI_M: 32, MI_N: 32, MI_K: 16,
    Occupancy: 1, WGM: 0, NTA: 0, NTB: 0}
  - {Latency: 8137586201, MT_M: 192, MT_N: 64, MT_K: 128, MI_M: 32, MI_N: 32, MI_K: 16,
    Occupancy: 1, WGM: 6, NTA: 4, NTB: 0}
  - {Latency: 8137586201, MT_M: 192, MT_N: 64, MT_K: 128, MI_M: 32, MI_N: 32, MI_K: 16,
    Occupancy: 1, WGM: 6, NTA: 0, NTB: 4}
  - {Latency: 11581280434, MT_M: 64, MT_N: 32, MT_K: 128, MI_M: 32, MI_N: 32, MI_K: 16,
    Occupancy: 1, WGM: 0, NTA: 0, NTB: 0}
  - {Latency: 11581280434, MT_M: 64, MT_N: 32, MT_K: 128, MI_M: 32, MI_N: 32, MI_K: 16,
    Occupancy: 1, WGM: 6, NTA: 4, NTB: 0}
  - {Latency: 11581280434, MT_M: 64, MT_N: 32, MT_K: 128, MI_M: 32, MI_N: 32, MI_K: 16,
    Occupancy: 1, WGM: 6, NTA: 0, NTB: 4}
  - {Latency: 13228745961, MT_M: 256, MT_N: 64, MT_K: 64, MI_M: 32, MI_N: 32, MI_K: 16,
    Occupancy: 1, WGM: 0, NTA: 0, NTB: 0}
  - {Latency: 13228745961, MT_M: 256, MT_N: 64, MT_K: 64, MI_M: 32, MI_N: 32, MI_K: 16,
    Occupancy: 1, WGM: 6, NTA: 4, NTB: 0}
  - {Latency: 13228745961, MT_M: 256, MT_N: 64, MT_K: 64, MI_M: 32, MI_N: 32, MI_K: 16,
    Occupancy: 1, WGM: 6, NTA: 0, NTB: 4}
  - {Latency: 16574441964, MT_M: 128, MT_N: 64, MT_K: 128, MI_M: 16, MI_N: 16, MI_K: 32,
    Occupancy: 1, WGM: 0, NTA: 0, NTB: 0}
  - {Latency: 16574441964, MT_M: 128, MT_N: 64, MT_K: 128, MI_M: 16, MI_N: 16, MI_K: 32,
    Occupancy: 1, WGM: 6, NTA: 4, NTB: 0}
  - {Latency: 16574441964, MT_M: 128, MT_N: 64, MT_K: 128, MI_M: 16, MI_N: 16, MI_K: 32,
    Occupancy: 1, WGM: 6, NTA: 0, NTB: 4}
  - {Latency: 16791847977, MT_M: 192, MT_N: 128, MT_K: 64, MI_M: 32, MI_N: 32, MI_K: 16,
    Occupancy: 1, WGM: 0, NTA: 0, NTB: 0}
  - {Latency: 16791847977, MT_M: 192, MT_N: 128, MT_K: 64, MI_M: 32, MI_N: 32, MI_K: 16,
    Occupancy: 1, WGM: 6, NTA: 4, NTB: 0}
  - {Latency: 16791847977, MT_M: 192, MT_N: 128, MT_K: 64, MI_M: 32, MI_N: 32, MI_K: 16,
    Occupancy: 1, WGM: 6, NTA: 0, NTB: 4}
  - {Latency: 27477616810, MT_M: 192, MT_N: 192, MT_K: 64, MI_M: 32, MI_N: 32, MI_K: 16,
    Occupancy: 1, WGM: 0, NTA: 0, NTB: 0}
  - {Latency: 27477616810, MT_M: 192, MT_N: 192, MT_K: 64, MI_M: 32, MI_N: 32, MI_K: 16,
    Occupancy: 1, WGM: 6, NTA: 4, NTB: 0}
  - {Latency: 27477616810, MT_M: 192, MT_N: 192, MT_K: 64, MI_M: 32, MI_N: 32, MI_K: 16,
    Occupancy: 1, WGM: 6, NTA: 0, NTB: 4}
  - {Latency: 28492918065, MT_M: 256, MT_N: 128, MT_K: 64, MI_M: 32, MI_N: 32, MI_K: 16,
    Occupancy: 1, WGM: 0, NTA: 0, NTB: 0}
  - {Latency: 28492918065, MT_M: 256, MT_N: 128, MT_K: 64, MI_M: 32, MI_N: 32, MI_K: 16,
    Occupancy: 1, WGM: 6, NTA: 4, NTB: 0}
  - {Latency: 28492918065, MT_M: 256, MT_N: 128, MT_K: 64, MI_M: 32, MI_N: 32, MI_K: 16,
    Occupancy: 1, WGM: 6, NTA: 0, NTB: 4}
  - {Latency: 36160750208, MT_M: 128, MT_N: 128, MT_K: 128, MI_M: 32, MI_N: 32, MI_K: 16,
    Occupancy: 1, WGM: 0, NTA: 0, NTB: 0}
  - {Latency: 36160750208, MT_M: 128, MT_N: 128, MT_K: 128, MI_M: 32, MI_N: 32, MI_K: 16,
    Occupancy: 1, WGM: 6, NTA: 4, NTB: 0}
  - {Latency: 36160750208, MT_M: 128, MT_N: 128, MT_K: 128, MI_M: 32, MI_N: 32, MI_K: 16,
    Occupancy: 1, WGM: 6, NTA: 0, NTB: 4}
  - {Latency: 38374932148, MT_M: 192, MT_N: 256, MT_K: 32, MI_M: 32, MI_N: 32, MI_K: 16,
    Occupancy: 1, WGM: 0, NTA: 0, NTB: 0}
  - {Latency: 38374932148, MT_M: 192, MT_N: 256, MT_K: 32, MI_M: 32, MI_N: 32, MI_K: 16,
    Occupancy: 1, WGM: 6, NTA: 4, NTB: 0}
  - {Latency: 38374932148, MT_M: 192, MT_N: 256, MT_K: 32, MI_M: 32, MI_N: 32, MI_K: 16,
    Occupancy: 1, WGM: 6, NTA: 0, NTB: 4}
  - {Latency: 41292609031, MT_M: 32, MT_N: 64, MT_K: 128, MI_M: 32, MI_N: 32, MI_K: 16,
    Occupancy: 1, WGM: 0, NTA: 0, NTB: 0}
  - {Latency: 41292609031, MT_M: 32, MT_N: 64, MT_K: 128, MI_M: 32, MI_N: 32, MI_K: 16,
    Occupancy: 1, WGM: 6, NTA: 4, NTB: 0}
  - {Latency: 41292609031, MT_M: 32, MT_N: 64, MT_K: 128, MI_M: 32, MI_N: 32, MI_K: 16,
    Occupancy: 1, WGM: 6, NTA: 0, NTB: 4}
  - {Latency: 43771271204, MT_M: 64, MT_N: 16, MT_K: 256, MI_M: 16, MI_N: 16, MI_K: 32,
    Occupancy: 1, WGM: 0, NTA: 0, NTB: 0}
  - {Latency: 43771271204, MT_M: 64, MT_N: 16, MT_K: 256, MI_M: 16, MI_N: 16, MI_K: 32,
    Occupancy: 1, WGM: 6, NTA: 4, NTB: 0}
  - {Latency: 43771271204, MT_M: 64, MT_N: 16, MT_K: 256, MI_M: 16, MI_N: 16, MI_K: 32,
    Occupancy: 1, WGM: 6, NTA: 0, NTB: 4}
  - {Latency: 44280441259, MT_M: 256, MT_N: 192, MT_K: 32, MI_M: 16, MI_N: 16, MI_K: 32,
    Occupancy: 1, WGM: 0, NTA: 0, NTB: 0}
  - {Latency: 44280441259, MT_M: 256, MT_N: 192, MT_K: 32, MI_M: 16, MI_N: 16, MI_K: 32,
    Occupancy: 1, WGM: 6, NTA: 4, NTB: 0}
  - {Latency: 44280441259, MT_M: 256, MT_N: 192, MT_K: 32, MI_M: 16, MI_N: 16, MI_K: 32,
    Occupancy: 1, WGM: 6, NTA: 0, NTB: 4}
  - {Latency: 46063390122, MT_M: 64, MT_N: 64, MT_K: 256, MI_M: 32, MI_N: 32, MI_K: 16,
    Occupancy: 1, WGM: 0, NTA: 0, NTB: 0}
  - {Latency: 46063390122, MT_M: 64, MT_N: 64, MT_K: 256, MI_M: 32, MI_N: 32, MI_K: 16,
    Occupancy: 1, WGM: 6, NTA: 4, NTB: 0}
  - {Latency: 46063390122, MT_M: 64, MT_N: 64, MT_K: 256, MI_M: 32, MI_N: 32, MI_K: 16,
    Occupancy: 1, WGM: 6, NTA: 0, NTB: 4}
  - {Latency: 53642396089, MT_M: 64, MT_N: 128, MT_K: 128, MI_M: 16, MI_N: 16, MI_K: 32,
    Occupancy: 1, WGM: 0, NTA: 0, NTB: 0}
  - {Latency: 53642396089, MT_M: 64, MT_N: 128, MT_K: 128, MI_M: 16, MI_N: 16, MI_K: 32,
    Occupancy: 1, WGM: 6, NTA: 4, NTB: 0}
  - {Latency: 53642396089, MT_M: 64, MT_N: 128, MT_K: 128, MI_M: 16, MI_N: 16, MI_K: 32,
    Occupancy: 1, WGM: 6, NTA: 0, NTB: 4}
  - {Latency: 55113758849, MT_M: 128, MT_N: 192, MT_K: 64, MI_M: 32, MI_N: 32, MI_K: 16,
    Occupancy: 1, WGM: 0, NTA: 0, NTB: 0}
  - {Latency: 55113758849, MT_M: 128, MT_N: 192, MT_K: 64, MI_M: 32, MI_N: 32, MI_K: 16,
    Occupancy: 1, WGM: 6, NTA: 4, NTB: 0}
  - {Latency: 55113758849, MT_M: 128, MT_N: 192, MT_K: 64, MI_M: 32, MI_N: 32, MI_K: 16,
    Occupancy: 1, WGM: 6, NTA: 0, NTB: 4}
  - {Latency: 62970387164, MT_M: 256, MT_N: 256, MT_K: 32, MI_M: 32, MI_N: 32, MI_K: 16,
    Occupancy: 1, WGM: 0, NTA: 0, NTB: 0}
  - {Latency: 62970387164, MT_M: 256, MT_N: 256, MT_K: 32, MI_M: 32, MI_N: 32, MI_K: 16,
    Occupancy: 1, WGM: 6, NTA: 4, NTB: 0}
  - {Latency: 62970387164, MT_M: 256, MT_N: 256, MT_K: 32, MI_M: 32, MI_N: 32, MI_K: 16,
    Occupancy: 1, WGM: 6, NTA: 0, NTB: 4}
  - {Latency: 74042626176, MT_M: 32, MT_N: 32, MT_K: 512, MI_M: 32, MI_N: 32, MI_K: 16,
    Occupancy: 1, WGM: 0, NTA: 0, NTB: 0}
  - {Latency: 74042626176, MT_M: 32, MT_N: 32, MT_K: 512, MI_M: 32, MI_N: 32, MI_K: 16,
    Occupancy: 1, WGM: 6, NTA: 4, NTB: 0}
  - {Latency: 74042626176, MT_M: 32, MT_N: 32, MT_K: 512, MI_M: 32, MI_N: 32, MI_K: 16,
    Occupancy: 1, WGM: 6, NTA: 0, NTB: 4}
  - {Latency: 79138206332, MT_M: 128, MT_N: 256, MT_K: 64, MI_M: 32, MI_N: 32, MI_K: 16,
    Occupancy: 1, WGM: 0, NTA: 0, NTB: 0}
  - {Latency: 79138206332, MT_M: 128, MT_N: 256, MT_K: 64, MI_M: 32, MI_N: 32, MI_K: 16,
    Occupancy: 1, WGM: 6, NTA: 4, NTB: 0}
  - {Latency: 79138206332, MT_M: 128, MT_N: 256, MT_K: 64, MI_M: 32, MI_N: 32, MI_K: 16,
    Occupancy: 1, WGM: 6, NTA: 0, NTB: 4}
  - {Latency: 80502866418, MT_M: 32, MT_N: 128, MT_K: 16, MI_M: 32, MI_N: 32, MI_K: 16,
    Occupancy: 5, WGM: 0, NTA: 0, NTB: 0}
  - {Latency: 80502866418, MT_M: 32, MT_N: 128, MT_K: 16, MI_M: 32, MI_N: 32, MI_K: 16,
    Occupancy: 5, WGM: 1, NTA: 4, NTB: 0}
  - {Latency: 80502866418, MT_M: 32, MT_N: 128, MT_K: 16, MI_M: 32, MI_N: 32, MI_K: 16,
    Occupancy: 5, WGM: 1, NTA: 0, NTB: 4}
  - {Latency: 87772774841, MT_M: 64, MT_N: 192, MT_K: 128, MI_M: 32, MI_N: 32, MI_K: 16,
    Occupancy: 1, WGM: 0, NTA: 0, NTB: 0}
  - {Latency: 87772774841, MT_M: 64, MT_N: 192, MT_K: 128, MI_M: 32, MI_N: 32, MI_K: 16,
    Occupancy: 1, WGM: 6, NTA: 4, NTB: 0}
  - {Latency: 87772774841, MT_M: 64, MT_N: 192, MT_K: 128, MI_M: 32, MI_N: 32, MI_K: 16,
    Occupancy: 1, WGM: 6, NTA: 0, NTB: 4}
  - {Latency: 118913335120, MT_M: 64, MT_N: 256, MT_K: 64, MI_M: 32, MI_N: 32, MI_K: 16,
    Occupancy: 1, WGM: 0, NTA: 0, NTB: 0}
  - {Latency: 118913335120, MT_M: 64, MT_N: 256, MT_K: 64, MI_M: 32, MI_N: 32, MI_K: 16,
    Occupancy: 1, WGM: 6, NTA: 4, NTB: 0}
  - {Latency: 118913335120, MT_M: 64, MT_N: 256, MT_K: 64, MI_M: 32, MI_N: 32, MI_K: 16,
    Occupancy: 1, WGM: 6, NTA: 0, NTB: 4}
  - {Latency: 135641765398, MT_M: 16, MT_N: 32, MT_K: 512, MI_M: 16, MI_N: 16, MI_K: 32,
    Occupancy: 1, WGM: 0, NTA: 0, NTB: 0}
  - {Latency: 135641765398, MT_M: 16, MT_N: 32, MT_K: 512, MI_M: 16, MI_N: 16, MI_K: 32,
    Occupancy: 1, WGM: 6, NTA: 4, NTB: 0}
  - {Latency: 135641765398, MT_M: 16, MT_N: 32, MT_K: 512, MI_M: 16, MI_N: 16, MI_K: 32,
    Occupancy: 1, WGM: 6, NTA: 0, NTB: 4}
  - {Latency: 143132447574, MT_M: 16, MT_N: 64, MT_K: 256, MI_M: 16, MI_N: 16, MI_K: 32,
    Occupancy: 1, WGM: 0, NTA: 0, NTB: 0}
  - {Latency: 143132447574, MT_M: 16, MT_N: 64, MT_K: 256, MI_M: 16, MI_N: 16, MI_K: 32,
    Occupancy: 1, WGM: 6, NTA: 4, NTB: 0}
  - {Latency: 143132447574, MT_M: 16, MT_N: 64, MT_K: 256, MI_M: 16, MI_N: 16, MI_K: 32,
    Occupancy: 1, WGM: 6, NTA: 0, NTB: 4}
  - {Latency: 148084001192, MT_M: 32, MT_N: 16, MT_K: 512, MI_M: 16, MI_N: 16, MI_K: 32,
    Occupancy: 1, WGM: 0, NTA: 0, NTB: 0}
  - {Latency: 148084001192, MT_M: 32, MT_N: 16, MT_K: 512, MI_M: 16, MI_N: 16, MI_K: 32,
    Occupancy: 1, WGM: 6, NTA: 4, NTB: 0}
  - {Latency: 148084001192, MT_M: 32, MT_N: 16, MT_K: 512, MI_M: 16, MI_N: 16, MI_K: 32,
    Occupancy: 1, WGM: 6, NTA: 0, NTB: 4}
  - {Latency: 150558642213, MT_M: 16, MT_N: 128, MT_K: 32, MI_M: 16, MI_N: 16, MI_K: 32,
    Occupancy: 3, WGM: 0, NTA: 0, NTB: 0}
  - {Latency: 150558642213, MT_M: 16, MT_N: 128, MT_K: 32, MI_M: 16, MI_N: 16, MI_K: 32,
    Occupancy: 3, WGM: 1, NTA: 4, NTB: 0}
  - {Latency: 150558642213, MT_M: 16, MT_N: 128, MT_K: 32, MI_M: 16, MI_N: 16, MI_K: 32,
    Occupancy: 3, WGM: 1, NTA: 0, NTB: 4}
  - {Latency: 193175501207, MT_M: 32, MT_N: 256, MT_K: 16, MI_M: 32, MI_N: 32, MI_K: 16,
    Occupancy: 2, WGM: 0, NTA: 0, NTB: 0}
  - {Latency: 193175501207, MT_M: 32, MT_N: 256, MT_K: 16, MI_M: 32, MI_N: 32, MI_K: 16,
    Occupancy: 2, WGM: 1, NTA: 4, NTB: 0}
  - {Latency: 193175501207, MT_M: 32, MT_N: 256, MT_K: 16, MI_M: 32, MI_N: 32, MI_K: 16,
    Occupancy: 2, WGM: 1, NTA: 0, NTB: 4}
  - {Latency: 271278730502, MT_M: 16, MT_N: 16, MT_K: 512, MI_M: 16, MI_N: 16, MI_K: 32,
    Occupancy: 1, WGM: 0, NTA: 0, NTB: 0}
  - {Latency: 271278730502, MT_M: 16, MT_N: 16, MT_K: 512, MI_M: 16, MI_N: 16, MI_K: 32,
    Occupancy: 1, WGM: 6, NTA: 4, NTB: 0}
  - {Latency: 271278730502, MT_M: 16, MT_N: 16, MT_K: 512, MI_M: 16, MI_N: 16, MI_K: 32,
    Occupancy: 1, WGM: 6, NTA: 0, NTB: 4}
  - {Latency: 361826569987, MT_M: 16, MT_N: 256, MT_K: 32, MI_M: 16, MI_N: 16, MI_K: 32,
    Occupancy: 2, WGM: 0, NTA: 0, NTB: 0}
  - {Latency: 361826569987, MT_M: 16, MT_N: 256, MT_K: 32, MI_M: 16, MI_N: 16, MI_K: 32,
    Occupancy: 2, WGM: 1, NTA: 4, NTB: 0}
  - {Latency: 361826569987, MT_M: 16, MT_N: 256, MT_K: 32, MI_M: 16, MI_N: 16, MI_K: 32,
    Occupancy: 2, WGM: 1, NTA: 0, NTB: 4}
- - {Latency: 1009200701, MT_M: 256, MT_N: 256, MT_K: 32, MI_M: 32, MI_N: 32, MI_K: 16,
    Occupancy: 1, WGM: 0, NTA: 0, NTB: 0}
  - {Latency: 1009200701, MT_M: 256, MT_N: 256, MT_K: 32, MI_M: 32, MI_N: 32, MI_K: 16,
    Occupancy: 1, WGM: 6, NTA: 4, NTB: 0}
  - {Latency: 1009200701, MT_M: 256, MT_N: 256, MT_K: 32, MI_M: 32, MI_N: 32, MI_K: 16,
    Occupancy: 1, WGM: 6, NTA: 0, NTB: 4}
  - {Latency: 1210832482, MT_M: 192, MT_N: 256, MT_K: 32, MI_M: 32, MI_N: 32, MI_K: 16,
    Occupancy: 1, WGM: 0, NTA: 0, NTB: 0}
  - {Latency: 1210832482, MT_M: 192, MT_N: 256, MT_K: 32, MI_M: 32, MI_N: 32, MI_K: 16,
    Occupancy: 1, WGM: 6, NTA: 4, NTB: 0}
  - {Latency: 1210832482, MT_M: 192, MT_N: 256, MT_K: 32, MI_M: 32, MI_N: 32, MI_K: 16,
    Occupancy: 1, WGM: 6, NTA: 0, NTB: 4}
  - {Latency: 1779025159, MT_M: 128, MT_N: 256, MT_K: 64, MI_M: 32, MI_N: 32, MI_K: 16,
    Occupancy: 1, WGM: 0, NTA: 0, NTB: 0}
  - {Latency: 1779025159, MT_M: 128, MT_N: 256, MT_K: 64, MI_M: 32, MI_N: 32, MI_K: 16,
    Occupancy: 1, WGM: 6, NTA: 4, NTB: 0}
  - {Latency: 1779025159, MT_M: 128, MT_N: 256, MT_K: 64, MI_M: 32, MI_N: 32, MI_K: 16,
    Occupancy: 1, WGM: 6, NTA: 0, NTB: 4}
  - {Latency: 2199970603, MT_M: 256, MT_N: 128, MT_K: 64, MI_M: 32, MI_N: 32, MI_K: 16,
    Occupancy: 1, WGM: 0, NTA: 0, NTB: 0}
  - {Latency: 2199970603, MT_M: 256, MT_N: 128, MT_K: 64, MI_M: 32, MI_N: 32, MI_K: 16,
    Occupancy: 1, WGM: 6, NTA: 4, NTB: 0}
  - {Latency: 2199970603, MT_M: 256, MT_N: 128, MT_K: 64, MI_M: 32, MI_N: 32, MI_K: 16,
    Occupancy: 1, WGM: 6, NTA: 0, NTB: 4}
  - {Latency: 2637764319, MT_M: 192, MT_N: 128, MT_K: 64, MI_M: 32, MI_N: 32, MI_K: 16,
    Occupancy: 1, WGM: 0, NTA: 0, NTB: 0}
  - {Latency: 2637764319, MT_M: 192, MT_N: 128, MT_K: 64, MI_M: 32, MI_N: 32, MI_K: 16,
    Occupancy: 1, WGM: 6, NTA: 4, NTB: 0}
  - {Latency: 2637764319, MT_M: 192, MT_N: 128, MT_K: 64, MI_M: 32, MI_N: 32, MI_K: 16,
    Occupancy: 1, WGM: 6, NTA: 0, NTB: 4}
  - {Latency: 3200665413, MT_M: 256, MT_N: 192, MT_K: 32, MI_M: 16, MI_N: 16, MI_K: 32,
    Occupancy: 1, WGM: 0, NTA: 0, NTB: 0}
  - {Latency: 3200665413, MT_M: 256, MT_N: 192, MT_K: 32, MI_M: 16, MI_N: 16, MI_K: 32,
    Occupancy: 1, WGM: 6, NTA: 4, NTB: 0}
  - {Latency: 3200665413, MT_M: 256, MT_N: 192, MT_K: 32, MI_M: 16, MI_N: 16, MI_K: 32,
    Occupancy: 1, WGM: 6, NTA: 0, NTB: 4}
  - {Latency: 3543843863, MT_M: 64, MT_N: 256, MT_K: 64, MI_M: 32, MI_N: 32, MI_K: 16,
    Occupancy: 1, WGM: 0, NTA: 0, NTB: 0}
  - {Latency: 3543843863, MT_M: 64, MT_N: 256, MT_K: 64, MI_M: 32, MI_N: 32, MI_K: 16,
    Occupancy: 1, WGM: 6, NTA: 4, NTB: 0}
  - {Latency: 3543843863, MT_M: 64, MT_N: 256, MT_K: 64, MI_M: 32, MI_N: 32, MI_K: 16,
    Occupancy: 1, WGM: 6, NTA: 0, NTB: 4}
  - {Latency: 4211514153, MT_M: 192, MT_N: 192, MT_K: 64, MI_M: 32, MI_N: 32, MI_K: 16,
    Occupancy: 1, WGM: 0, NTA: 0, NTB: 0}
  - {Latency: 4211514153, MT_M: 192, MT_N: 192, MT_K: 64, MI_M: 32, MI_N: 32, MI_K: 16,
    Occupancy: 1, WGM: 6, NTA: 4, NTB: 0}
  - {Latency: 4211514153, MT_M: 192, MT_N: 192, MT_K: 64, MI_M: 32, MI_N: 32, MI_K: 16,
    Occupancy: 1, WGM: 6, NTA: 0, NTB: 4}
  - {Latency: 4384260767, MT_M: 256, MT_N: 64, MT_K: 64, MI_M: 32, MI_N: 32, MI_K: 16,
    Occupancy: 1, WGM: 0, NTA: 0, NTB: 0}
  - {Latency: 4384260767, MT_M: 256, MT_N: 64, MT_K: 64, MI_M: 32, MI_N: 32, MI_K: 16,
    Occupancy: 1, WGM: 6, NTA: 4, NTB: 0}
  - {Latency: 4384260767, MT_M: 256, MT_N: 64, MT_K: 64, MI_M: 32, MI_N: 32, MI_K: 16,
    Occupancy: 1, WGM: 6, NTA: 0, NTB: 4}
  - {Latency: 4992956120, MT_M: 32, MT_N: 256, MT_K: 16, MI_M: 32, MI_N: 32, MI_K: 16,
    Occupancy: 2, WGM: 0, NTA: 0, NTB: 0}
  - {Latency: 4992956120, MT_M: 32, MT_N: 256, MT_K: 16, MI_M: 32, MI_N: 32, MI_K: 16,
    Occupancy: 2, WGM: 1, NTA: 4, NTB: 0}
  - {Latency: 4992956120, MT_M: 32, MT_N: 256, MT_K: 16, MI_M: 32, MI_N: 32, MI_K: 16,
    Occupancy: 2, WGM: 1, NTA: 0, NTB: 4}
  - {Latency: 5669622139, MT_M: 128, MT_N: 192, MT_K: 64, MI_M: 32, MI_N: 32, MI_K: 16,
    Occupancy: 1, WGM: 0, NTA: 0, NTB: 0}
  - {Latency: 5669622139, MT_M: 128, MT_N: 192, MT_K: 64, MI_M: 32, MI_N: 32, MI_K: 16,
    Occupancy: 1, WGM: 6, NTA: 4, NTB: 0}
  - {Latency: 5669622139, MT_M: 128, MT_N: 192, MT_K: 64, MI_M: 32, MI_N: 32, MI_K: 16,
    Occupancy: 1, WGM: 6, NTA: 0, NTB: 4}
  - {Latency: 5906592679, MT_M: 16, MT_N: 256, MT_K: 32, MI_M: 16, MI_N: 16, MI_K: 32,
    Occupancy: 2, WGM: 0, NTA: 0, NTB: 0}
  - {Latency: 5906592679, MT_M: 16, MT_N: 256, MT_K: 32, MI_M: 16, MI_N: 16, MI_K: 32,
    Occupancy: 2, WGM: 1, NTA: 4, NTB: 0}
  - {Latency: 5906592679, MT_M: 16, MT_N: 256, MT_K: 32, MI_M: 16, MI_N: 16, MI_K: 32,
    Occupancy: 2, WGM: 1, NTA: 0, NTB: 4}
  - {Latency: 7078196761, MT_M: 128, MT_N: 128, MT_K: 128, MI_M: 32, MI_N: 32, MI_K: 16,
    Occupancy: 1, WGM: 0, NTA: 0, NTB: 0}
  - {Latency: 7078196761, MT_M: 128, MT_N: 128, MT_K: 128, MI_M: 32, MI_N: 32, MI_K: 16,
    Occupancy: 1, WGM: 6, NTA: 4, NTB: 0}
  - {Latency: 7078196761, MT_M: 128, MT_N: 128, MT_K: 128, MI_M: 32, MI_N: 32, MI_K: 16,
    Occupancy: 1, WGM: 6, NTA: 0, NTB: 4}
  - {Latency: 9742961656, MT_M: 32, MT_N: 128, MT_K: 16, MI_M: 32, MI_N: 32, MI_K: 16,
    Occupancy: 5, WGM: 0, NTA: 0, NTB: 0}
  - {Latency: 9742961656, MT_M: 32, MT_N: 128, MT_K: 16, MI_M: 32, MI_N: 32, MI_K: 16,
    Occupancy: 5, WGM: 1, NTA: 4, NTB: 0}
  - {Latency: 9742961656, MT_M: 32, MT_N: 128, MT_K: 16, MI_M: 32, MI_N: 32, MI_K: 16,
    Occupancy: 5, WGM: 1, NTA: 0, NTB: 4}
  - {Latency: 10511198351, MT_M: 192, MT_N: 64, MT_K: 128, MI_M: 32, MI_N: 32, MI_K: 16,
    Occupancy: 1, WGM: 0, NTA: 0, NTB: 0}
  - {Latency: 10511198351, MT_M: 192, MT_N: 64, MT_K: 128, MI_M: 32, MI_N: 32, MI_K: 16,
    Occupancy: 1, WGM: 6, NTA: 4, NTB: 0}
  - {Latency: 10511198351, MT_M: 192, MT_N: 64, MT_K: 128, MI_M: 32, MI_N: 32, MI_K: 16,
    Occupancy: 1, WGM: 6, NTA: 0, NTB: 4}
  - {Latency: 11609995135, MT_M: 16, MT_N: 128, MT_K: 32, MI_M: 16, MI_N: 16, MI_K: 32,
    Occupancy: 3, WGM: 0, NTA: 0, NTB: 0}
  - {Latency: 11609995135, MT_M: 16, MT_N: 128, MT_K: 32, MI_M: 16, MI_N: 16, MI_K: 32,
    Occupancy: 3, WGM: 1, NTA: 4, NTB: 0}
  - {Latency: 11609995135, MT_M: 16, MT_N: 128, MT_K: 32, MI_M: 16, MI_N: 16, MI_K: 32,
    Occupancy: 3, WGM: 1, NTA: 0, NTB: 4}
  - {Latency: 14147329911, MT_M: 128, MT_N: 64, MT_K: 128, MI_M: 16, MI_N: 16, MI_K: 32,
    Occupancy: 1, WGM: 0, NTA: 0, NTB: 0}
  - {Latency: 14147329911, MT_M: 64, MT_N: 128, MT_K: 128, MI_M: 16, MI_N: 16, MI_K: 32,
    Occupancy: 1, WGM: 0, NTA: 0, NTB: 0}
  - {Latency: 14147329911, MT_M: 128, MT_N: 64, MT_K: 128, MI_M: 16, MI_N: 16, MI_K: 32,
    Occupancy: 1, WGM: 6, NTA: 4, NTB: 0}
  - {Latency: 14147329911, MT_M: 64, MT_N: 128, MT_K: 128, MI_M: 16, MI_N: 16, MI_K: 32,
    Occupancy: 1, WGM: 6, NTA: 4, NTB: 0}
  - {Latency: 14147329911, MT_M: 128, MT_N: 64, MT_K: 128, MI_M: 16, MI_N: 16, MI_K: 32,
    Occupancy: 1, WGM: 6, NTA: 0, NTB: 4}
  - {Latency: 14147329911, MT_M: 64, MT_N: 128, MT_K: 128, MI_M: 16, MI_N: 16, MI_K: 32,
    Occupancy: 1, WGM: 6, NTA: 0, NTB: 4}
  - {Latency: 22632453305, MT_M: 64, MT_N: 192, MT_K: 128, MI_M: 32, MI_N: 32, MI_K: 16,
    Occupancy: 1, WGM: 0, NTA: 0, NTB: 0}
  - {Latency: 22632453305, MT_M: 64, MT_N: 192, MT_K: 128, MI_M: 32, MI_N: 32, MI_K: 16,
    Occupancy: 1, WGM: 6, NTA: 4, NTB: 0}
  - {Latency: 22632453305, MT_M: 64, MT_N: 192, MT_K: 128, MI_M: 32, MI_N: 32, MI_K: 16,
    Occupancy: 1, WGM: 6, NTA: 0, NTB: 4}
  - {Latency: 42574880495, MT_M: 64, MT_N: 32, MT_K: 128, MI_M: 32, MI_N: 32, MI_K: 16,
    Occupancy: 1, WGM: 0, NTA: 0, NTB: 0}
  - {Latency: 42574880495, MT_M: 64, MT_N: 32, MT_K: 128, MI_M: 32, MI_N: 32, MI_K: 16,
    Occupancy: 1, WGM: 6, NTA: 4, NTB: 0}
  - {Latency: 42574880495, MT_M: 64, MT_N: 32, MT_K: 128, MI_M: 32, MI_N: 32, MI_K: 16,
    Occupancy: 1, WGM: 6, NTA: 0, NTB: 4}
  - {Latency: 46239177962, MT_M: 32, MT_N: 64, MT_K: 128, MI_M: 32, MI_N: 32, MI_K: 16,
    Occupancy: 1, WGM: 0, NTA: 0, NTB: 0}
  - {Latency: 46239177962, MT_M: 32, MT_N: 64, MT_K: 128, MI_M: 32, MI_N: 32, MI_K: 16,
    Occupancy: 1, WGM: 6, NTA: 4, NTB: 0}
  - {Latency: 46239177962, MT_M: 32, MT_N: 64, MT_K: 128, MI_M: 32, MI_N: 32, MI_K: 16,
    Occupancy: 1, WGM: 6, NTA: 0, NTB: 4}
  - {Latency: 113427829544, MT_M: 64, MT_N: 64, MT_K: 256, MI_M: 32, MI_N: 32, MI_K: 16,
    Occupancy: 1, WGM: 0, NTA: 0, NTB: 0}
  - {Latency: 113427829544, MT_M: 64, MT_N: 64, MT_K: 256, MI_M: 32, MI_N: 32, MI_K: 16,
    Occupancy: 1, WGM: 6, NTA: 4, NTB: 0}
  - {Latency: 113427829544, MT_M: 64, MT_N: 64, MT_K: 256, MI_M: 32, MI_N: 32, MI_K: 16,
    Occupancy: 1, WGM: 6, NTA: 0, NTB: 4}
  - {Latency: 211082822601, MT_M: 16, MT_N: 64, MT_K: 256, MI_M: 16, MI_N: 16, MI_K: 32,
    Occupancy: 1, WGM: 0, NTA: 0, NTB: 0}
  - {Latency: 211082822601, MT_M: 16, MT_N: 64, MT_K: 256, MI_M: 16, MI_N: 16, MI_K: 32,
    Occupancy: 1, WGM: 6, NTA: 4, NTB: 0}
  - {Latency: 211082822601, MT_M: 16, MT_N: 64, MT_K: 256, MI_M: 16, MI_N: 16, MI_K: 32,
    Occupancy: 1, WGM: 6, NTA: 0, NTB: 4}
  - {Latency: 335920467397, MT_M: 64, MT_N: 16, MT_K: 256, MI_M: 16, MI_N: 16, MI_K: 32,
    Occupancy: 1, WGM: 0, NTA: 0, NTB: 0}
  - {Latency: 335920467397, MT_M: 64, MT_N: 16, MT_K: 256, MI_M: 16, MI_N: 16, MI_K: 32,
    Occupancy: 1, WGM: 6, NTA: 4, NTB: 0}
  - {Latency: 335920467397, MT_M: 64, MT_N: 16, MT_K: 256, MI_M: 16, MI_N: 16, MI_K: 32,
    Occupancy: 1, WGM: 6, NTA: 0, NTB: 4}
- - {Latency: 779929325865, MT_M: 32, MT_N: 128, MT_K: 16, MI_M: 32, MI_N: 32, MI_K: 16,
    Occupancy: 5, WGM: 0, NTA: 0, NTB: 0}
  - {Latency: 779929325865, MT_M: 32, MT_N: 128, MT_K: 16, MI_M: 32, MI_N: 32, MI_K: 16,
    Occupancy: 5, WGM: 1, NTA: 4, NTB: 0}
  - {Latency: 779929325865, MT_M: 32, MT_N: 128, MT_K: 16, MI_M: 32, MI_N: 32, MI_K: 16,
    Occupancy: 5, WGM: 1, NTA: 0, NTB: 4}
- - {Latency: 4347965607, MT_M: 128, MT_N: 256, MT_K: 64, MI_M: 32, MI_N: 32, MI_K: 16,
    Occupancy: 1, WGM: 0, NTA: 0, NTB: 0}
  - {Latency: 4347965607, MT_M: 128, MT_N: 256, MT_K: 64, MI_M: 32, MI_N: 32, MI_K: 16,
    Occupancy: 1, WGM: 6, NTA: 4, NTB: 0}
  - {Latency: 4347965607, MT_M: 128, MT_N: 256, MT_K: 64, MI_M: 32, MI_N: 32, MI_K: 16,
    Occupancy: 1, WGM: 6, NTA: 0, NTB: 4}
  - {Latency: 4811433269, MT_M: 128, MT_N: 192, MT_K: 64, MI_M: 32, MI_N: 32, MI_K: 16,
    Occupancy: 1, WGM: 0, NTA: 0, NTB: 0}
  - {Latency: 4811433269, MT_M: 128, MT_N: 192, MT_K: 64, MI_M: 32, MI_N: 32, MI_K: 16,
    Occupancy: 1, WGM: 6, NTA: 4, NTB: 0}
  - {Latency: 4811433269, MT_M: 128, MT_N: 192, MT_K: 64, MI_M: 32, MI_N: 32, MI_K: 16,
    Occupancy: 1, WGM: 6, NTA: 0, NTB: 4}
  - {Latency: 6729046880, MT_M: 192, MT_N: 256, MT_K: 32, MI_M: 32, MI_N: 32, MI_K: 16,
    Occupancy: 1, WGM: 0, NTA: 0, NTB: 0}
  - {Latency: 6729046880, MT_M: 192, MT_N: 256, MT_K: 32, MI_M: 32, MI_N: 32, MI_K: 16,
    Occupancy: 1, WGM: 6, NTA: 4, NTB: 0}
  - {Latency: 6729046880, MT_M: 192, MT_N: 256, MT_K: 32, MI_M: 32, MI_N: 32, MI_K: 16,
    Occupancy: 1, WGM: 6, NTA: 0, NTB: 4}
  - {Latency: 7548096800, MT_M: 128, MT_N: 128, MT_K: 128, MI_M: 32, MI_N: 32, MI_K: 16,
    Occupancy: 1, WGM: 0, NTA: 0, NTB: 0}
  - {Latency: 7548096800, MT_M: 128, MT_N: 128, MT_K: 128, MI_M: 32, MI_N: 32, MI_K: 16,
    Occupancy: 1, WGM: 6, NTA: 4, NTB: 0}
  - {Latency: 7548096800, MT_M: 128, MT_N: 128, MT_K: 128, MI_M: 32, MI_N: 32, MI_K: 16,
    Occupancy: 1, WGM: 6, NTA: 0, NTB: 4}
  - {Latency: 7641115630, MT_M: 192, MT_N: 192, MT_K: 64, MI_M: 32, MI_N: 32, MI_K: 16,
    Occupancy: 1, WGM: 0, NTA: 0, NTB: 0}
  - {Latency: 7641115630, MT_M: 192, MT_N: 192, MT_K: 64, MI_M: 32, MI_N: 32, MI_K: 16,
    Occupancy: 1, WGM: 6, NTA: 4, NTB: 0}
  - {Latency: 7641115630, MT_M: 192, MT_N: 192, MT_K: 64, MI_M: 32, MI_N: 32, MI_K: 16,
    Occupancy: 1, WGM: 6, NTA: 0, NTB: 4}
  - {Latency: 8669630580, MT_M: 64, MT_N: 256, MT_K: 64, MI_M: 32, MI_N: 32, MI_K: 16,
    Occupancy: 1, WGM: 0, NTA: 0, NTB: 0}
  - {Latency: 8669630580, MT_M: 64, MT_N: 256, MT_K: 64, MI_M: 32, MI_N: 32, MI_K: 16,
    Occupancy: 1, WGM: 6, NTA: 4, NTB: 0}
  - {Latency: 8669630580, MT_M: 64, MT_N: 256, MT_K: 64, MI_M: 32, MI_N: 32, MI_K: 16,
    Occupancy: 1, WGM: 6, NTA: 0, NTB: 4}
  - {Latency: 9158167167, MT_M: 32, MT_N: 256, MT_K: 16, MI_M: 32, MI_N: 32, MI_K: 16,
    Occupancy: 2, WGM: 0, NTA: 0, NTB: 0}
  - {Latency: 9158167167, MT_M: 32, MT_N: 256, MT_K: 16, MI_M: 32, MI_N: 32, MI_K: 16,
    Occupancy: 2, WGM: 1, NTA: 4, NTB: 0}
  - {Latency: 9158167167, MT_M: 32, MT_N: 256, MT_K: 16, MI_M: 32, MI_N: 32, MI_K: 16,
    Occupancy: 2, WGM: 1, NTA: 0, NTB: 4}
  - {Latency: 9401154132, MT_M: 192, MT_N: 128, MT_K: 64, MI_M: 32, MI_N: 32, MI_K: 16,
    Occupancy: 1, WGM: 0, NTA: 0, NTB: 0}
  - {Latency: 9401154132, MT_M: 192, MT_N: 128, MT_K: 64, MI_M: 32, MI_N: 32, MI_K: 16,
    Occupancy: 1, WGM: 6, NTA: 4, NTB: 0}
  - {Latency: 9401154132, MT_M: 192, MT_N: 128, MT_K: 64, MI_M: 32, MI_N: 32, MI_K: 16,
    Occupancy: 1, WGM: 6, NTA: 0, NTB: 4}
  - {Latency: 9443399836, MT_M: 256, MT_N: 256, MT_K: 32, MI_M: 32, MI_N: 32, MI_K: 16,
    Occupancy: 1, WGM: 0, NTA: 0, NTB: 0}
  - {Latency: 9443399836, MT_M: 256, MT_N: 256, MT_K: 32, MI_M: 32, MI_N: 32, MI_K: 16,
    Occupancy: 1, WGM: 6, NTA: 4, NTB: 0}
  - {Latency: 9443399836, MT_M: 256, MT_N: 256, MT_K: 32, MI_M: 32, MI_N: 32, MI_K: 16,
    Occupancy: 1, WGM: 6, NTA: 0, NTB: 4}
  - {Latency: 10512729031, MT_M: 256, MT_N: 192, MT_K: 32, MI_M: 16, MI_N: 16, MI_K: 32,
    Occupancy: 1, WGM: 0, NTA: 0, NTB: 0}
  - {Latency: 10512729031, MT_M: 256, MT_N: 192, MT_K: 32, MI_M: 16, MI_N: 16, MI_K: 32,
    Occupancy: 1, WGM: 6, NTA: 4, NTB: 0}
  - {Latency: 10512729031, MT_M: 256, MT_N: 192, MT_K: 32, MI_M: 16, MI_N: 16, MI_K: 32,
    Occupancy: 1, WGM: 6, NTA: 0, NTB: 4}
  - {Latency: 12199081658, MT_M: 128, MT_N: 64, MT_K: 128, MI_M: 16, MI_N: 16, MI_K: 32,
    Occupancy: 1, WGM: 0, NTA: 0, NTB: 0}
  - {Latency: 12199081658, MT_M: 128, MT_N: 64, MT_K: 128, MI_M: 16, MI_N: 16, MI_K: 32,
    Occupancy: 1, WGM: 6, NTA: 4, NTB: 0}
  - {Latency: 12199081658, MT_M: 128, MT_N: 64, MT_K: 128, MI_M: 16, MI_N: 16, MI_K: 32,
    Occupancy: 1, WGM: 6, NTA: 0, NTB: 4}
  - {Latency: 12282065698, MT_M: 64, MT_N: 192, MT_K: 128, MI_M: 32, MI_N: 32, MI_K: 16,
    Occupancy: 1, WGM: 0, NTA: 0, NTB: 0}
  - {Latency: 12282065698, MT_M: 64, MT_N: 192, MT_K: 128, MI_M: 32, MI_N: 32, MI_K: 16,
    Occupancy: 1, WGM: 6, NTA: 4, NTB: 0}
  - {Latency: 12282065698, MT_M: 64, MT_N: 192, MT_K: 128, MI_M: 32, MI_N: 32, MI_K: 16,
    Occupancy: 1, WGM: 6, NTA: 0, NTB: 4}
  - {Latency: 12342729526, MT_M: 32, MT_N: 128, MT_K: 16, MI_M: 32, MI_N: 32, MI_K: 16,
    Occupancy: 5, WGM: 0, NTA: 0, NTB: 0}
  - {Latency: 12342729526, MT_M: 32, MT_N: 128, MT_K: 16, MI_M: 32, MI_N: 32, MI_K: 16,
    Occupancy: 5, WGM: 1, NTA: 4, NTB: 0}
  - {Latency: 12342729526, MT_M: 32, MT_N: 128, MT_K: 16, MI_M: 32, MI_N: 32, MI_K: 16,
    Occupancy: 5, WGM: 1, NTA: 0, NTB: 4}
  - {Latency: 13271603625, MT_M: 256, MT_N: 128, MT_K: 64, MI_M: 32, MI_N: 32, MI_K: 16,
    Occupancy: 1, WGM: 0, NTA: 0, NTB: 0}
  - {Latency: 13271603625, MT_M: 256, MT_N: 128, MT_K: 64, MI_M: 32, MI_N: 32, MI_K: 16,
    Occupancy: 1, WGM: 6, NTA: 4, NTB: 0}
  - {Latency: 13271603625, MT_M: 256, MT_N: 128, MT_K: 64, MI_M: 32, MI_N: 32, MI_K: 16,
    Occupancy: 1, WGM: 6, NTA: 0, NTB: 4}
  - {Latency: 15092410897, MT_M: 64, MT_N: 128, MT_K: 128, MI_M: 16, MI_N: 16, MI_K: 32,
    Occupancy: 1, WGM: 0, NTA: 0, NTB: 0}
  - {Latency: 15092410897, MT_M: 64, MT_N: 128, MT_K: 128, MI_M: 16, MI_N: 16, MI_K: 32,
    Occupancy: 1, WGM: 6, NTA: 4, NTB: 0}
  - {Latency: 15092410897, MT_M: 64, MT_N: 128, MT_K: 128, MI_M: 16, MI_N: 16, MI_K: 32,
    Occupancy: 1, WGM: 6, NTA: 0, NTB: 4}
  - {Latency: 18468350092, MT_M: 16, MT_N: 256, MT_K: 32, MI_M: 16, MI_N: 16, MI_K: 32,
    Occupancy: 2, WGM: 0, NTA: 0, NTB: 0}
  - {Latency: 18468350092, MT_M: 16, MT_N: 256, MT_K: 32, MI_M: 16, MI_N: 16, MI_K: 32,
    Occupancy: 2, WGM: 1, NTA: 4, NTB: 0}
  - {Latency: 18468350092, MT_M: 16, MT_N: 256, MT_K: 32, MI_M: 16, MI_N: 16, MI_K: 32,
    Occupancy: 2, WGM: 1, NTA: 0, NTB: 4}
  - {Latency: 19512056477, MT_M: 192, MT_N: 64, MT_K: 128, MI_M: 32, MI_N: 32, MI_K: 16,
    Occupancy: 1, WGM: 0, NTA: 0, NTB: 0}
  - {Latency: 19512056477, MT_M: 192, MT_N: 64, MT_K: 128, MI_M: 32, MI_N: 32, MI_K: 16,
    Occupancy: 1, WGM: 6, NTA: 4, NTB: 0}
  - {Latency: 19512056477, MT_M: 192, MT_N: 64, MT_K: 128, MI_M: 32, MI_N: 32, MI_K: 16,
    Occupancy: 1, WGM: 6, NTA: 0, NTB: 4}
  - {Latency: 21604064407, MT_M: 256, MT_N: 64, MT_K: 64, MI_M: 32, MI_N: 32, MI_K: 16,
    Occupancy: 1, WGM: 0, NTA: 0, NTB: 0}
  - {Latency: 21604064407, MT_M: 256, MT_N: 64, MT_K: 64, MI_M: 32, MI_N: 32, MI_K: 16,
    Occupancy: 1, WGM: 6, NTA: 4, NTB: 0}
  - {Latency: 21604064407, MT_M: 256, MT_N: 64, MT_K: 64, MI_M: 32, MI_N: 32, MI_K: 16,
    Occupancy: 1, WGM: 6, NTA: 0, NTB: 4}
  - {Latency: 24947279401, MT_M: 16, MT_N: 128, MT_K: 32, MI_M: 16, MI_N: 16, MI_K: 32,
    Occupancy: 3, WGM: 0, NTA: 0, NTB: 0}
  - {Latency: 24947279401, MT_M: 16, MT_N: 128, MT_K: 32, MI_M: 16, MI_N: 16, MI_K: 32,
    Occupancy: 3, WGM: 1, NTA: 4, NTB: 0}
  - {Latency: 24947279401, MT_M: 16, MT_N: 128, MT_K: 32, MI_M: 16, MI_N: 16, MI_K: 32,
    Occupancy: 3, WGM: 1, NTA: 0, NTB: 4}
  - {Latency: 26531469916, MT_M: 32, MT_N: 64, MT_K: 128, MI_M: 32, MI_N: 32, MI_K: 16,
    Occupancy: 1, WGM: 0, NTA: 0, NTB: 0}
  - {Latency: 26531469916, MT_M: 32, MT_N: 64, MT_K: 128, MI_M: 32, MI_N: 32, MI_K: 16,
    Occupancy: 1, WGM: 6, NTA: 4, NTB: 0}
  - {Latency: 26531469916, MT_M: 32, MT_N: 64, MT_K: 128, MI_M: 32, MI_N: 32, MI_K: 16,
    Occupancy: 1, WGM: 6, NTA: 0, NTB: 4}
  - {Latency: 36947338155, MT_M: 64, MT_N: 64, MT_K: 256, MI_M: 32, MI_N: 32, MI_K: 16,
    Occupancy: 1, WGM: 0, NTA: 0, NTB: 0}
  - {Latency: 36947338155, MT_M: 64, MT_N: 64, MT_K: 256, MI_M: 32, MI_N: 32, MI_K: 16,
    Occupancy: 1, WGM: 6, NTA: 4, NTB: 0}
  - {Latency: 36947338155, MT_M: 64, MT_N: 64, MT_K: 256, MI_M: 32, MI_N: 32, MI_K: 16,
    Occupancy: 1, WGM: 6, NTA: 0, NTB: 4}
  - {Latency: 48778992264, MT_M: 64, MT_N: 32, MT_K: 128, MI_M: 32, MI_N: 32, MI_K: 16,
    Occupancy: 1, WGM: 0, NTA: 0, NTB: 0}
  - {Latency: 48778992264, MT_M: 64, MT_N: 32, MT_K: 128, MI_M: 32, MI_N: 32, MI_K: 16,
    Occupancy: 1, WGM: 6, NTA: 4, NTB: 0}
  - {Latency: 48778992264, MT_M: 64, MT_N: 32, MT_K: 128, MI_M: 32, MI_N: 32, MI_K: 16,
    Occupancy: 1, WGM: 6, NTA: 0, NTB: 4}
  - {Latency: 80368852447, MT_M: 16, MT_N: 64, MT_K: 256, MI_M: 16, MI_N: 16, MI_K: 32,
    Occupancy: 1, WGM: 0, NTA: 0, NTB: 0}
  - {Latency: 80368852447, MT_M: 16, MT_N: 64, MT_K: 256, MI_M: 16, MI_N: 16, MI_K: 32,
    Occupancy: 1, WGM: 6, NTA: 4, NTB: 0}
  - {Latency: 80368852447, MT_M: 16, MT_N: 64, MT_K: 256, MI_M: 16, MI_N: 16, MI_K: 32,
    Occupancy: 1, WGM: 6, NTA: 0, NTB: 4}
  - {Latency: 139770236935, MT_M: 64, MT_N: 16, MT_K: 256, MI_M: 16, MI_N: 16, MI_K: 32,
    Occupancy: 1, WGM: 0, NTA: 0, NTB: 0}
  - {Latency: 139770236935, MT_M: 64, MT_N: 16, MT_K: 256, MI_M: 16, MI_N: 16, MI_K: 32,
    Occupancy: 1, WGM: 6, NTA: 4, NTB: 0}
  - {Latency: 139770236935, MT_M: 64, MT_N: 16, MT_K: 256, MI_M: 16, MI_N: 16, MI_K: 32,
    Occupancy: 1, WGM: 6, NTA: 0, NTB: 4}
  - {Latency: 151689240877, MT_M: 32, MT_N: 32, MT_K: 512, MI_M: 32, MI_N: 32, MI_K: 16,
    Occupancy: 1, WGM: 0, NTA: 0, NTB: 0}
  - {Latency: 151689240877, MT_M: 32, MT_N: 32, MT_K: 512, MI_M: 32, MI_N: 32, MI_K: 16,
    Occupancy: 1, WGM: 6, NTA: 4, NTB: 0}
  - {Latency: 151689240877, MT_M: 32, MT_N: 32, MT_K: 512, MI_M: 32, MI_N: 32, MI_K: 16,
    Occupancy: 1, WGM: 6, NTA: 0, NTB: 4}
  - {Latency: 286774825858, MT_M: 32, MT_N: 16, MT_K: 512, MI_M: 16, MI_N: 16, MI_K: 32,
    Occupancy: 1, WGM: 0, NTA: 0, NTB: 0}
  - {Latency: 286774825858, MT_M: 32, MT_N: 16, MT_K: 512, MI_M: 16, MI_N: 16, MI_K: 32,
    Occupancy: 1, WGM: 6, NTA: 4, NTB: 0}
  - {Latency: 286774825858, MT_M: 32, MT_N: 16, MT_K: 512, MI_M: 16, MI_N: 16, MI_K: 32,
    Occupancy: 1, WGM: 6, NTA: 0, NTB: 4}
  - {Latency: 303378481755, MT_M: 16, MT_N: 32, MT_K: 512, MI_M: 16, MI_N: 16, MI_K: 32,
    Occupancy: 1, WGM: 0, NTA: 0, NTB: 0}
  - {Latency: 303378481755, MT_M: 16, MT_N: 32, MT_K: 512, MI_M: 16, MI_N: 16, MI_K: 32,
    Occupancy: 1, WGM: 6, NTA: 4, NTB: 0}
  - {Latency: 303378481755, MT_M: 16, MT_N: 32, MT_K: 512, MI_M: 16, MI_N: 16, MI_K: 32,
    Occupancy: 1, WGM: 6, NTA: 0, NTB: 4}
  - {Latency: 543331664576, MT_M: 16, MT_N: 16, MT_K: 512, MI_M: 16, MI_N: 16, MI_K: 32,
    Occupancy: 1, WGM: 0, NTA: 0, NTB: 0}
  - {Latency: 543331664576, MT_M: 16, MT_N: 16, MT_K: 512, MI_M: 16, MI_N: 16, MI_K: 32,
    Occupancy: 1, WGM: 6, NTA: 4, NTB: 0}
  - {Latency: 543331664576, MT_M: 16, MT_N: 16, MT_K: 512, MI_M: 16, MI_N: 16, MI_K: 32,
    Occupancy: 1, WGM: 6, NTA: 0, NTB: 4}
- - {Latency: 364215986, MT_M: 192, MT_N: 192, MT_K: 64, MI_M: 32, MI_N: 32, MI_K: 16,
    Occupancy: 1, WGM: 0, NTA: 0, NTB: 0}
  - {Latency: 364215986, MT_M: 192, MT_N: 192, MT_K: 64, MI_M: 32, MI_N: 32, MI_K: 16,
    Occupancy: 1, WGM: 6, NTA: 4, NTB: 0}
  - {Latency: 364215986, MT_M: 192, MT_N: 192, MT_K: 64, MI_M: 32, MI_N: 32, MI_K: 16,
    Occupancy: 1, WGM: 6, NTA: 0, NTB: 4}
  - {Latency: 529351424, MT_M: 192, MT_N: 256, MT_K: 32, MI_M: 32, MI_N: 32, MI_K: 16,
    Occupancy: 1, WGM: 0, NTA: 0, NTB: 0}
  - {Latency: 529351424, MT_M: 192, MT_N: 256, MT_K: 32, MI_M: 32, MI_N: 32, MI_K: 16,
    Occupancy: 1, WGM: 6, NTA: 4, NTB: 0}
  - {Latency: 529351424, MT_M: 192, MT_N: 256, MT_K: 32, MI_M: 32, MI_N: 32, MI_K: 16,
    Occupancy: 1, WGM: 6, NTA: 0, NTB: 4}
  - {Latency: 529461793, MT_M: 256, MT_N: 192, MT_K: 32, MI_M: 16, MI_N: 16, MI_K: 32,
    Occupancy: 1, WGM: 0, NTA: 0, NTB: 0}
  - {Latency: 529461793, MT_M: 256, MT_N: 192, MT_K: 32, MI_M: 16, MI_N: 16, MI_K: 32,
    Occupancy: 1, WGM: 6, NTA: 4, NTB: 0}
  - {Latency: 529461793, MT_M: 256, MT_N: 192, MT_K: 32, MI_M: 16, MI_N: 16, MI_K: 32,
    Occupancy: 1, WGM: 6, NTA: 0, NTB: 4}
  - {Latency: 806074668, MT_M: 256, MT_N: 256, MT_K: 32, MI_M: 32, MI_N: 32, MI_K: 16,
    Occupancy: 1, WGM: 0, NTA: 0, NTB: 0}
  - {Latency: 806074668, MT_M: 256, MT_N: 256, MT_K: 32, MI_M: 32, MI_N: 32, MI_K: 16,
    Occupancy: 1, WGM: 6, NTA: 4, NTB: 0}
  - {Latency: 806074668, MT_M: 256, MT_N: 256, MT_K: 32, MI_M: 32, MI_N: 32, MI_K: 16,
    Occupancy: 1, WGM: 6, NTA: 0, NTB: 4}
  - {Latency: 1096821903, MT_M: 192, MT_N: 64, MT_K: 128, MI_M: 32, MI_N: 32, MI_K: 16,
    Occupancy: 1, WGM: 0, NTA: 0, NTB: 0}
  - {Latency: 1096821903, MT_M: 64, MT_N: 192, MT_K: 128, MI_M: 32, MI_N: 32, MI_K: 16,
    Occupancy: 1, WGM: 0, NTA: 0, NTB: 0}
  - {Latency: 1096821903, MT_M: 192, MT_N: 64, MT_K: 128, MI_M: 32, MI_N: 32, MI_K: 16,
    Occupancy: 1, WGM: 6, NTA: 4, NTB: 0}
  - {Latency: 1096821903, MT_M: 64, MT_N: 192, MT_K: 128, MI_M: 32, MI_N: 32, MI_K: 16,
    Occupancy: 1, WGM: 6, NTA: 4, NTB: 0}
  - {Latency: 1096821903, MT_M: 192, MT_N: 64, MT_K: 128, MI_M: 32, MI_N: 32, MI_K: 16,
    Occupancy: 1, WGM: 6, NTA: 0, NTB: 4}
  - {Latency: 1096821903, MT_M: 64, MT_N: 192, MT_K: 128, MI_M: 32, MI_N: 32, MI_K: 16,
    Occupancy: 1, WGM: 6, NTA: 0, NTB: 4}
  - {Latency: 1116298954, MT_M: 192, MT_N: 128, MT_K: 64, MI_M: 32, MI_N: 32, MI_K: 16,
    Occupancy: 1, WGM: 0, NTA: 0, NTB: 0}
  - {Latency: 1116298954, MT_M: 128, MT_N: 192, MT_K: 64, MI_M: 32, MI_N: 32, MI_K: 16,
    Occupancy: 1, WGM: 0, NTA: 0, NTB: 0}
  - {Latency: 1116298954, MT_M: 192, MT_N: 128, MT_K: 64, MI_M: 32, MI_N: 32, MI_K: 16,
    Occupancy: 1, WGM: 6, NTA: 4, NTB: 0}
  - {Latency: 1116298954, MT_M: 128, MT_N: 192, MT_K: 64, MI_M: 32, MI_N: 32, MI_K: 16,
    Occupancy: 1, WGM: 6, NTA: 4, NTB: 0}
  - {Latency: 1116298954, MT_M: 192, MT_N: 128, MT_K: 64, MI_M: 32, MI_N: 32, MI_K: 16,
    Occupancy: 1, WGM: 6, NTA: 0, NTB: 4}
  - {Latency: 1116298954, MT_M: 128, MT_N: 192, MT_K: 64, MI_M: 32, MI_N: 32, MI_K: 16,
    Occupancy: 1, WGM: 6, NTA: 0, NTB: 4}
  - {Latency: 1666477184, MT_M: 256, MT_N: 64, MT_K: 64, MI_M: 32, MI_N: 32, MI_K: 16,
    Occupancy: 1, WGM: 0, NTA: 0, NTB: 0}
  - {Latency: 1666477184, MT_M: 64, MT_N: 256, MT_K: 64, MI_M: 32, MI_N: 32, MI_K: 16,
    Occupancy: 1, WGM: 0, NTA: 0, NTB: 0}
  - {Latency: 1666477184, MT_M: 256, MT_N: 64, MT_K: 64, MI_M: 32, MI_N: 32, MI_K: 16,
    Occupancy: 1, WGM: 6, NTA: 4, NTB: 0}
  - {Latency: 1666477184, MT_M: 64, MT_N: 256, MT_K: 64, MI_M: 32, MI_N: 32, MI_K: 16,
    Occupancy: 1, WGM: 6, NTA: 4, NTB: 0}
  - {Latency: 1666477184, MT_M: 256, MT_N: 64, MT_K: 64, MI_M: 32, MI_N: 32, MI_K: 16,
    Occupancy: 1, WGM: 6, NTA: 0, NTB: 4}
  - {Latency: 1666477184, MT_M: 64, MT_N: 256, MT_K: 64, MI_M: 32, MI_N: 32, MI_K: 16,
    Occupancy: 1, WGM: 6, NTA: 0, NTB: 4}
  - {Latency: 1700392025, MT_M: 256, MT_N: 128, MT_K: 64, MI_M: 32, MI_N: 32, MI_K: 16,
    Occupancy: 1, WGM: 0, NTA: 0, NTB: 0}
  - {Latency: 1700392025, MT_M: 128, MT_N: 256, MT_K: 64, MI_M: 32, MI_N: 32, MI_K: 16,
    Occupancy: 1, WGM: 0, NTA: 0, NTB: 0}
  - {Latency: 1700392025, MT_M: 256, MT_N: 128, MT_K: 64, MI_M: 32, MI_N: 32, MI_K: 16,
    Occupancy: 1, WGM: 6, NTA: 4, NTB: 0}
  - {Latency: 1700392025, MT_M: 128, MT_N: 256, MT_K: 64, MI_M: 32, MI_N: 32, MI_K: 16,
    Occupancy: 1, WGM: 6, NTA: 4, NTB: 0}
  - {Latency: 1700392025, MT_M: 256, MT_N: 128, MT_K: 64, MI_M: 32, MI_N: 32, MI_K: 16,
    Occupancy: 1, WGM: 6, NTA: 0, NTB: 4}
  - {Latency: 1700392025, MT_M: 128, MT_N: 256, MT_K: 64, MI_M: 32, MI_N: 32, MI_K: 16,
    Occupancy: 1, WGM: 6, NTA: 0, NTB: 4}
  - {Latency: 3083821828, MT_M: 32, MT_N: 256, MT_K: 16, MI_M: 32, MI_N: 32, MI_K: 16,
    Occupancy: 2, WGM: 0, NTA: 0, NTB: 0}
  - {Latency: 3083821828, MT_M: 32, MT_N: 256, MT_K: 16, MI_M: 32, MI_N: 32, MI_K: 16,
    Occupancy: 2, WGM: 1, NTA: 4, NTB: 0}
  - {Latency: 3083821828, MT_M: 32, MT_N: 256, MT_K: 16, MI_M: 32, MI_N: 32, MI_K: 16,
    Occupancy: 2, WGM: 1, NTA: 0, NTB: 4}
  - {Latency: 3394388004, MT_M: 128, MT_N: 64, MT_K: 128, MI_M: 16, MI_N: 16, MI_K: 32,
    Occupancy: 1, WGM: 0, NTA: 0, NTB: 0}
  - {Latency: 3394388004, MT_M: 64, MT_N: 128, MT_K: 128, MI_M: 16, MI_N: 16, MI_K: 32,
    Occupancy: 1, WGM: 0, NTA: 0, NTB: 0}
  - {Latency: 3394388004, MT_M: 128, MT_N: 64, MT_K: 128, MI_M: 16, MI_N: 16, MI_K: 32,
    Occupancy: 1, WGM: 6, NTA: 4, NTB: 0}
  - {Latency: 3394388004, MT_M: 64, MT_N: 128, MT_K: 128, MI_M: 16, MI_N: 16, MI_K: 32,
    Occupancy: 1, WGM: 6, NTA: 4, NTB: 0}
  - {Latency: 3394388004, MT_M: 128, MT_N: 64, MT_K: 128, MI_M: 16, MI_N: 16, MI_K: 32,
    Occupancy: 1, WGM: 6, NTA: 0, NTB: 4}
  - {Latency: 3394388004, MT_M: 64, MT_N: 128, MT_K: 128, MI_M: 16, MI_N: 16, MI_K: 32,
    Occupancy: 1, WGM: 6, NTA: 0, NTB: 4}
  - {Latency: 3455062524, MT_M: 128, MT_N: 128, MT_K: 128, MI_M: 32, MI_N: 32, MI_K: 16,
    Occupancy: 1, WGM: 0, NTA: 0, NTB: 0}
  - {Latency: 3455062524, MT_M: 128, MT_N: 128, MT_K: 128, MI_M: 32, MI_N: 32, MI_K: 16,
    Occupancy: 1, WGM: 6, NTA: 4, NTB: 0}
  - {Latency: 3455062524, MT_M: 128, MT_N: 128, MT_K: 128, MI_M: 32, MI_N: 32, MI_K: 16,
    Occupancy: 1, WGM: 6, NTA: 0, NTB: 4}
  - {Latency: 4165588518, MT_M: 64, MT_N: 32, MT_K: 128, MI_M: 32, MI_N: 32, MI_K: 16,
    Occupancy: 1, WGM: 0, NTA: 0, NTB: 0}
  - {Latency: 4165588518, MT_M: 64, MT_N: 32, MT_K: 128, MI_M: 32, MI_N: 32, MI_K: 16,
    Occupancy: 1, WGM: 6, NTA: 4, NTB: 0}
  - {Latency: 4165588518, MT_M: 64, MT_N: 32, MT_K: 128, MI_M: 32, MI_N: 32, MI_K: 16,
    Occupancy: 1, WGM: 6, NTA: 0, NTB: 4}
  - {Latency: 4191756273, MT_M: 64, MT_N: 64, MT_K: 256, MI_M: 32, MI_N: 32, MI_K: 16,
    Occupancy: 1, WGM: 0, NTA: 0, NTB: 0}
  - {Latency: 4191756273, MT_M: 64, MT_N: 64, MT_K: 256, MI_M: 32, MI_N: 32, MI_K: 16,
    Occupancy: 1, WGM: 6, NTA: 4, NTB: 0}
  - {Latency: 4191756273, MT_M: 64, MT_N: 64, MT_K: 256, MI_M: 32, MI_N: 32, MI_K: 16,
    Occupancy: 1, WGM: 6, NTA: 0, NTB: 4}
  - {Latency: 5019158300, MT_M: 16, MT_N: 256, MT_K: 32, MI_M: 16, MI_N: 16, MI_K: 32,
    Occupancy: 2, WGM: 0, NTA: 0, NTB: 0}
  - {Latency: 5019158300, MT_M: 16, MT_N: 256, MT_K: 32, MI_M: 16, MI_N: 16, MI_K: 32,
    Occupancy: 2, WGM: 1, NTA: 4, NTB: 0}
  - {Latency: 5019158300, MT_M: 16, MT_N: 256, MT_K: 32, MI_M: 16, MI_N: 16, MI_K: 32,
    Occupancy: 2, WGM: 1, NTA: 0, NTB: 4}
  - {Latency: 6149387922, MT_M: 32, MT_N: 128, MT_K: 16, MI_M: 32, MI_N: 32, MI_K: 16,
    Occupancy: 5, WGM: 0, NTA: 0, NTB: 0}
  - {Latency: 6149387922, MT_M: 32, MT_N: 128, MT_K: 16, MI_M: 32, MI_N: 32, MI_K: 16,
    Occupancy: 5, WGM: 1, NTA: 4, NTB: 0}
  - {Latency: 6149387922, MT_M: 32, MT_N: 128, MT_K: 16, MI_M: 32, MI_N: 32, MI_K: 16,
    Occupancy: 5, WGM: 1, NTA: 0, NTB: 4}
  - {Latency: 6546506484, MT_M: 32, MT_N: 64, MT_K: 128, MI_M: 32, MI_N: 32, MI_K: 16,
    Occupancy: 1, WGM: 0, NTA: 0, NTB: 0}
  - {Latency: 6546506484, MT_M: 32, MT_N: 64, MT_K: 128, MI_M: 32, MI_N: 32, MI_K: 16,
    Occupancy: 1, WGM: 6, NTA: 4, NTB: 0}
  - {Latency: 6546506484, MT_M: 32, MT_N: 64, MT_K: 128, MI_M: 32, MI_N: 32, MI_K: 16,
    Occupancy: 1, WGM: 6, NTA: 0, NTB: 4}
  - {Latency: 8238690213, MT_M: 64, MT_N: 16, MT_K: 256, MI_M: 16, MI_N: 16, MI_K: 32,
    Occupancy: 1, WGM: 0, NTA: 0, NTB: 0}
  - {Latency: 8238690213, MT_M: 64, MT_N: 16, MT_K: 256, MI_M: 16, MI_N: 16, MI_K: 32,
    Occupancy: 1, WGM: 6, NTA: 4, NTB: 0}
  - {Latency: 8238690213, MT_M: 64, MT_N: 16, MT_K: 256, MI_M: 16, MI_N: 16, MI_K: 32,
    Occupancy: 1, WGM: 6, NTA: 0, NTB: 4}
  - {Latency: 10004801981, MT_M: 16, MT_N: 128, MT_K: 32, MI_M: 16, MI_N: 16, MI_K: 32,
    Occupancy: 3, WGM: 0, NTA: 0, NTB: 0}
  - {Latency: 10004801981, MT_M: 16, MT_N: 128, MT_K: 32, MI_M: 16, MI_N: 16, MI_K: 32,
    Occupancy: 3, WGM: 1, NTA: 4, NTB: 0}
  - {Latency: 10004801981, MT_M: 16, MT_N: 128, MT_K: 32, MI_M: 16, MI_N: 16, MI_K: 32,
    Occupancy: 3, WGM: 1, NTA: 0, NTB: 4}
  - {Latency: 13476437994, MT_M: 16, MT_N: 64, MT_K: 256, MI_M: 16, MI_N: 16, MI_K: 32,
    Occupancy: 1, WGM: 0, NTA: 0, NTB: 0}
  - {Latency: 13476437994, MT_M: 16, MT_N: 64, MT_K: 256, MI_M: 16, MI_N: 16, MI_K: 32,
    Occupancy: 1, WGM: 6, NTA: 4, NTB: 0}
  - {Latency: 13476437994, MT_M: 16, MT_N: 64, MT_K: 256, MI_M: 16, MI_N: 16, MI_K: 32,
    Occupancy: 1, WGM: 6, NTA: 0, NTB: 4}
  - {Latency: 16127862674, MT_M: 32, MT_N: 32, MT_K: 512, MI_M: 32, MI_N: 32, MI_K: 16,
    Occupancy: 1, WGM: 0, NTA: 0, NTB: 0}
  - {Latency: 16127862674, MT_M: 32, MT_N: 32, MT_K: 512, MI_M: 32, MI_N: 32, MI_K: 16,
    Occupancy: 1, WGM: 6, NTA: 4, NTB: 0}
  - {Latency: 16127862674, MT_M: 32, MT_N: 32, MT_K: 512, MI_M: 32, MI_N: 32, MI_K: 16,
    Occupancy: 1, WGM: 6, NTA: 0, NTB: 4}
  - {Latency: 24939472476, MT_M: 32, MT_N: 16, MT_K: 512, MI_M: 16, MI_N: 16, MI_K: 32,
    Occupancy: 1, WGM: 0, NTA: 0, NTB: 0}
  - {Latency: 24939472476, MT_M: 32, MT_N: 16, MT_K: 512, MI_M: 16, MI_N: 16, MI_K: 32,
    Occupancy: 1, WGM: 6, NTA: 4, NTB: 0}
  - {Latency: 24939472476, MT_M: 32, MT_N: 16, MT_K: 512, MI_M: 16, MI_N: 16, MI_K: 32,
    Occupancy: 1, WGM: 6, NTA: 0, NTB: 4}
  - {Latency: 25870421751, MT_M: 16, MT_N: 32, MT_K: 512, MI_M: 16, MI_N: 16, MI_K: 32,
    Occupancy: 1, WGM: 0, NTA: 0, NTB: 0}
  - {Latency: 25870421751, MT_M: 16, MT_N: 32, MT_K: 512, MI_M: 16, MI_N: 16, MI_K: 32,
    Occupancy: 1, WGM: 6, NTA: 4, NTB: 0}
  - {Latency: 25870421751, MT_M: 16, MT_N: 32, MT_K: 512, MI_M: 16, MI_N: 16, MI_K: 32,
    Occupancy: 1, WGM: 6, NTA: 0, NTB: 4}
  - {Latency: 39921722531, MT_M: 16, MT_N: 16, MT_K: 512, MI_M: 16, MI_N: 16, MI_K: 32,
    Occupancy: 1, WGM: 0, NTA: 0, NTB: 0}
  - {Latency: 39921722531, MT_M: 16, MT_N: 16, MT_K: 512, MI_M: 16, MI_N: 16, MI_K: 32,
    Occupancy: 1, WGM: 6, NTA: 4, NTB: 0}
  - {Latency: 39921722531, MT_M: 16, MT_N: 16, MT_K: 512, MI_M: 16, MI_N: 16, MI_K: 32,
    Occupancy: 1, WGM: 6, NTA: 0, NTB: 4}
- - {Latency: 4523772578, MT_M: 256, MT_N: 192, MT_K: 32, MI_M: 16, MI_N: 16, MI_K: 32,
    Occupancy: 1, WGM: 0, NTA: 0, NTB: 0}
  - {Latency: 4523772578, MT_M: 256, MT_N: 192, MT_K: 32, MI_M: 16, MI_N: 16, MI_K: 32,
    Occupancy: 1, WGM: 6, NTA: 4, NTB: 0}
  - {Latency: 4523772578, MT_M: 256, MT_N: 192, MT_K: 32, MI_M: 16, MI_N: 16, MI_K: 32,
    Occupancy: 1, WGM: 6, NTA: 0, NTB: 4}
  - {Latency: 4887337362, MT_M: 256, MT_N: 128, MT_K: 64, MI_M: 32, MI_N: 32, MI_K: 16,
    Occupancy: 1, WGM: 0, NTA: 0, NTB: 0}
  - {Latency: 4887337362, MT_M: 256, MT_N: 128, MT_K: 64, MI_M: 32, MI_N: 32, MI_K: 16,
    Occupancy: 1, WGM: 6, NTA: 4, NTB: 0}
  - {Latency: 4887337362, MT_M: 256, MT_N: 128, MT_K: 64, MI_M: 32, MI_N: 32, MI_K: 16,
    Occupancy: 1, WGM: 6, NTA: 0, NTB: 4}
  - {Latency: 6889595523, MT_M: 256, MT_N: 256, MT_K: 32, MI_M: 32, MI_N: 32, MI_K: 16,
    Occupancy: 1, WGM: 0, NTA: 0, NTB: 0}
  - {Latency: 6889595523, MT_M: 256, MT_N: 256, MT_K: 32, MI_M: 32, MI_N: 32, MI_K: 16,
    Occupancy: 1, WGM: 6, NTA: 4, NTB: 0}
  - {Latency: 6889595523, MT_M: 256, MT_N: 256, MT_K: 32, MI_M: 32, MI_N: 32, MI_K: 16,
    Occupancy: 1, WGM: 6, NTA: 0, NTB: 4}
- - {Latency: 24751884696, MT_M: 32, MT_N: 256, MT_K: 16, MI_M: 32, MI_N: 32, MI_K: 16,
    Occupancy: 2, WGM: 0, NTA: 0, NTB: 0}
  - {Latency: 24751884696, MT_M: 32, MT_N: 256, MT_K: 16, MI_M: 32, MI_N: 32, MI_K: 16,
    Occupancy: 2, WGM: 1, NTA: 4, NTB: 0}
  - {Latency: 24751884696, MT_M: 32, MT_N: 256, MT_K: 16, MI_M: 32, MI_N: 32, MI_K: 16,
    Occupancy: 2, WGM: 1, NTA: 0, NTB: 4}
  - {Latency: 41064312840, MT_M: 32, MT_N: 128, MT_K: 16, MI_M: 32, MI_N: 32, MI_K: 16,
    Occupancy: 5, WGM: 0, NTA: 0, NTB: 0}
  - {Latency: 41064312840, MT_M: 32, MT_N: 128, MT_K: 16, MI_M: 32, MI_N: 32, MI_K: 16,
    Occupancy: 5, WGM: 1, NTA: 4, NTB: 0}
  - {Latency: 41064312840, MT_M: 32, MT_N: 128, MT_K: 16, MI_M: 32, MI_N: 32, MI_K: 16,
    Occupancy: 5, WGM: 1, NTA: 0, NTB: 4}
  - {Latency: 69819850210, MT_M: 192, MT_N: 256, MT_K: 32, MI_M: 32, MI_N: 32, MI_K: 16,
    Occupancy: 1, WGM: 0, NTA: 0, NTB: 0}
  - {Latency: 69819850210, MT_M: 192, MT_N: 256, MT_K: 32, MI_M: 32, MI_N: 32, MI_K: 16,
    Occupancy: 1, WGM: 6, NTA: 4, NTB: 0}
  - {Latency: 69819850210, MT_M: 192, MT_N: 256, MT_K: 32, MI_M: 32, MI_N: 32, MI_K: 16,
    Occupancy: 1, WGM: 6, NTA: 0, NTB: 4}
  - {Latency: 94526078196, MT_M: 256, MT_N: 256, MT_K: 32, MI_M: 32, MI_N: 32, MI_K: 16,
    Occupancy: 1, WGM: 0, NTA: 0, NTB: 0}
  - {Latency: 94526078196, MT_M: 256, MT_N: 256, MT_K: 32, MI_M: 32, MI_N: 32, MI_K: 16,
    Occupancy: 1, WGM: 6, NTA: 4, NTB: 0}
  - {Latency: 94526078196, MT_M: 256, MT_N: 256, MT_K: 32, MI_M: 32, MI_N: 32, MI_K: 16,
    Occupancy: 1, WGM: 6, NTA: 0, NTB: 4}
  - {Latency: 108384665614, MT_M: 256, MT_N: 192, MT_K: 32, MI_M: 16, MI_N: 16, MI_K: 32,
    Occupancy: 1, WGM: 0, NTA: 0, NTB: 0}
  - {Latency: 108384665614, MT_M: 256, MT_N: 192, MT_K: 32, MI_M: 16, MI_N: 16, MI_K: 32,
    Occupancy: 1, WGM: 6, NTA: 4, NTB: 0}
  - {Latency: 108384665614, MT_M: 256, MT_N: 192, MT_K: 32, MI_M: 16, MI_N: 16, MI_K: 32,
    Occupancy: 1, WGM: 6, NTA: 0, NTB: 4}
  - {Latency: 137525295525, MT_M: 16, MT_N: 256, MT_K: 32, MI_M: 16, MI_N: 16, MI_K: 32,
    Occupancy: 2, WGM: 0, NTA: 0, NTB: 0}
  - {Latency: 137525295525, MT_M: 16, MT_N: 256, MT_K: 32, MI_M: 16, MI_N: 16, MI_K: 32,
    Occupancy: 2, WGM: 1, NTA: 4, NTB: 0}
  - {Latency: 137525295525, MT_M: 16, MT_N: 256, MT_K: 32, MI_M: 16, MI_N: 16, MI_K: 32,
    Occupancy: 2, WGM: 1, NTA: 0, NTB: 4}
  - {Latency: 182918031048, MT_M: 128, MT_N: 256, MT_K: 64, MI_M: 32, MI_N: 32, MI_K: 16,
    Occupancy: 1, WGM: 0, NTA: 0, NTB: 0}
  - {Latency: 182918031048, MT_M: 128, MT_N: 256, MT_K: 64, MI_M: 32, MI_N: 32, MI_K: 16,
    Occupancy: 1, WGM: 6, NTA: 4, NTB: 0}
  - {Latency: 182918031048, MT_M: 128, MT_N: 256, MT_K: 64, MI_M: 32, MI_N: 32, MI_K: 16,
    Occupancy: 1, WGM: 6, NTA: 0, NTB: 4}
  - {Latency: 209377477031, MT_M: 128, MT_N: 192, MT_K: 64, MI_M: 32, MI_N: 32, MI_K: 16,
    Occupancy: 1, WGM: 0, NTA: 0, NTB: 0}
  - {Latency: 209377477031, MT_M: 128, MT_N: 192, MT_K: 64, MI_M: 32, MI_N: 32, MI_K: 16,
    Occupancy: 1, WGM: 6, NTA: 4, NTB: 0}
  - {Latency: 209377477031, MT_M: 128, MT_N: 192, MT_K: 64, MI_M: 32, MI_N: 32, MI_K: 16,
    Occupancy: 1, WGM: 6, NTA: 0, NTB: 4}
  - {Latency: 241573452150, MT_M: 16, MT_N: 128, MT_K: 32, MI_M: 16, MI_N: 16, MI_K: 32,
    Occupancy: 3, WGM: 0, NTA: 0, NTB: 0}
  - {Latency: 241573452150, MT_M: 16, MT_N: 128, MT_K: 32, MI_M: 16, MI_N: 16, MI_K: 32,
    Occupancy: 3, WGM: 1, NTA: 4, NTB: 0}
  - {Latency: 241573452150, MT_M: 16, MT_N: 128, MT_K: 32, MI_M: 16, MI_N: 16, MI_K: 32,
    Occupancy: 3, WGM: 1, NTA: 0, NTB: 4}
  - {Latency: 319310147513, MT_M: 192, MT_N: 192, MT_K: 64, MI_M: 32, MI_N: 32, MI_K: 16,
    Occupancy: 1, WGM: 0, NTA: 0, NTB: 0}
  - {Latency: 319310147513, MT_M: 192, MT_N: 192, MT_K: 64, MI_M: 32, MI_N: 32, MI_K: 16,
    Occupancy: 1, WGM: 6, NTA: 4, NTB: 0}
  - {Latency: 319310147513, MT_M: 192, MT_N: 192, MT_K: 64, MI_M: 32, MI_N: 32, MI_K: 16,
    Occupancy: 1, WGM: 6, NTA: 0, NTB: 4}
  - {Latency: 365653978180, MT_M: 64, MT_N: 256, MT_K: 64, MI_M: 32, MI_N: 32, MI_K: 16,
    Occupancy: 1, WGM: 0, NTA: 0, NTB: 0}
  - {Latency: 365653978180, MT_M: 64, MT_N: 256, MT_K: 64, MI_M: 32, MI_N: 32, MI_K: 16,
    Occupancy: 1, WGM: 6, NTA: 4, NTB: 0}
  - {Latency: 365653978180, MT_M: 64, MT_N: 256, MT_K: 64, MI_M: 32, MI_N: 32, MI_K: 16,
    Occupancy: 1, WGM: 6, NTA: 0, NTB: 4}
  - {Latency: 504142276092, MT_M: 192, MT_N: 128, MT_K: 64, MI_M: 32, MI_N: 32, MI_K: 16,
    Occupancy: 1, WGM: 0, NTA: 0, NTB: 0}
  - {Latency: 504142276092, MT_M: 192, MT_N: 128, MT_K: 64, MI_M: 32, MI_N: 32, MI_K: 16,
    Occupancy: 1, WGM: 6, NTA: 4, NTB: 0}
  - {Latency: 504142276092, MT_M: 192, MT_N: 128, MT_K: 64, MI_M: 32, MI_N: 32, MI_K: 16,
    Occupancy: 1, WGM: 6, NTA: 0, NTB: 4}
  - {Latency: 683131076703, MT_M: 256, MT_N: 128, MT_K: 64, MI_M: 32, MI_N: 32, MI_K: 16,
    Occupancy: 1, WGM: 0, NTA: 0, NTB: 0}
  - {Latency: 683131076703, MT_M: 256, MT_N: 128, MT_K: 64, MI_M: 32, MI_N: 32, MI_K: 16,
    Occupancy: 1, WGM: 6, NTA: 4, NTB: 0}
  - {Latency: 683131076703, MT_M: 256, MT_N: 128, MT_K: 64, MI_M: 32, MI_N: 32, MI_K: 16,
    Occupancy: 1, WGM: 6, NTA: 0, NTB: 4}
- - {Latency: 2525175827, MT_M: 192, MT_N: 192, MT_K: 64, MI_M: 32, MI_N: 32, MI_K: 16,
    Occupancy: 1, WGM: 0, NTA: 0, NTB: 0}
  - {Latency: 2525175827, MT_M: 192, MT_N: 192, MT_K: 64, MI_M: 32, MI_N: 32, MI_K: 16,
    Occupancy: 1, WGM: 6, NTA: 4, NTB: 0}
  - {Latency: 2525175827, MT_M: 192, MT_N: 192, MT_K: 64, MI_M: 32, MI_N: 32, MI_K: 16,
    Occupancy: 1, WGM: 6, NTA: 0, NTB: 4}
  - {Latency: 3730192416, MT_M: 192, MT_N: 256, MT_K: 32, MI_M: 32, MI_N: 32, MI_K: 16,
    Occupancy: 1, WGM: 0, NTA: 0, NTB: 0}
  - {Latency: 3730192416, MT_M: 192, MT_N: 256, MT_K: 32, MI_M: 32, MI_N: 32, MI_K: 16,
    Occupancy: 1, WGM: 6, NTA: 4, NTB: 0}
  - {Latency: 3730192416, MT_M: 192, MT_N: 256, MT_K: 32, MI_M: 32, MI_N: 32, MI_K: 16,
    Occupancy: 1, WGM: 6, NTA: 0, NTB: 4}
  - {Latency: 3730912548, MT_M: 256, MT_N: 192, MT_K: 32, MI_M: 16, MI_N: 16, MI_K: 32,
    Occupancy: 1, WGM: 0, NTA: 0, NTB: 0}
  - {Latency: 3730912548, MT_M: 256, MT_N: 192, MT_K: 32, MI_M: 16, MI_N: 16, MI_K: 32,
    Occupancy: 1, WGM: 6, NTA: 4, NTB: 0}
  - {Latency: 3730912548, MT_M: 256, MT_N: 192, MT_K: 32, MI_M: 16, MI_N: 16, MI_K: 32,
    Occupancy: 1, WGM: 6, NTA: 0, NTB: 4}
  - {Latency: 3779576501, MT_M: 192, MT_N: 128, MT_K: 64, MI_M: 32, MI_N: 32, MI_K: 16,
    Occupancy: 1, WGM: 0, NTA: 0, NTB: 0}
  - {Latency: 3779576501, MT_M: 128, MT_N: 192, MT_K: 64, MI_M: 32, MI_N: 32, MI_K: 16,
    Occupancy: 1, WGM: 0, NTA: 0, NTB: 0}
  - {Latency: 3779576501, MT_M: 192, MT_N: 128, MT_K: 64, MI_M: 32, MI_N: 32, MI_K: 16,
    Occupancy: 1, WGM: 6, NTA: 4, NTB: 0}
  - {Latency: 3779576501, MT_M: 128, MT_N: 192, MT_K: 64, MI_M: 32, MI_N: 32, MI_K: 16,
    Occupancy: 1, WGM: 6, NTA: 4, NTB: 0}
  - {Latency: 3779576501, MT_M: 192, MT_N: 128, MT_K: 64, MI_M: 32, MI_N: 32, MI_K: 16,
    Occupancy: 1, WGM: 6, NTA: 0, NTB: 4}
  - {Latency: 3779576501, MT_M: 128, MT_N: 192, MT_K: 64, MI_M: 32, MI_N: 32, MI_K: 16,
    Occupancy: 1, WGM: 6, NTA: 0, NTB: 4}
  - {Latency: 5680330627, MT_M: 256, MT_N: 256, MT_K: 32, MI_M: 32, MI_N: 32, MI_K: 16,
    Occupancy: 1, WGM: 0, NTA: 0, NTB: 0}
  - {Latency: 5680330627, MT_M: 256, MT_N: 256, MT_K: 32, MI_M: 32, MI_N: 32, MI_K: 16,
    Occupancy: 1, WGM: 6, NTA: 4, NTB: 0}
  - {Latency: 5680330627, MT_M: 256, MT_N: 256, MT_K: 32, MI_M: 32, MI_N: 32, MI_K: 16,
    Occupancy: 1, WGM: 6, NTA: 0, NTB: 4}
  - {Latency: 5871467918, MT_M: 256, MT_N: 128, MT_K: 64, MI_M: 32, MI_N: 32, MI_K: 16,
    Occupancy: 1, WGM: 0, NTA: 0, NTB: 0}
  - {Latency: 5871467918, MT_M: 128, MT_N: 256, MT_K: 64, MI_M: 32, MI_N: 32, MI_K: 16,
    Occupancy: 1, WGM: 0, NTA: 0, NTB: 0}
  - {Latency: 5871467918, MT_M: 256, MT_N: 128, MT_K: 64, MI_M: 32, MI_N: 32, MI_K: 16,
    Occupancy: 1, WGM: 6, NTA: 4, NTB: 0}
  - {Latency: 5871467918, MT_M: 128, MT_N: 256, MT_K: 64, MI_M: 32, MI_N: 32, MI_K: 16,
    Occupancy: 1, WGM: 6, NTA: 4, NTB: 0}
  - {Latency: 5871467918, MT_M: 256, MT_N: 128, MT_K: 64, MI_M: 32, MI_N: 32, MI_K: 16,
    Occupancy: 1, WGM: 6, NTA: 0, NTB: 4}
  - {Latency: 5871467918, MT_M: 128, MT_N: 256, MT_K: 64, MI_M: 32, MI_N: 32, MI_K: 16,
    Occupancy: 1, WGM: 6, NTA: 0, NTB: 4}
  - {Latency: 6219255700, MT_M: 128, MT_N: 128, MT_K: 128, MI_M: 32, MI_N: 32, MI_K: 16,
    Occupancy: 1, WGM: 0, NTA: 0, NTB: 0}
  - {Latency: 6219255700, MT_M: 128, MT_N: 128, MT_K: 128, MI_M: 32, MI_N: 32, MI_K: 16,
    Occupancy: 1, WGM: 6, NTA: 4, NTB: 0}
  - {Latency: 6219255700, MT_M: 128, MT_N: 128, MT_K: 128, MI_M: 32, MI_N: 32, MI_K: 16,
    Occupancy: 1, WGM: 6, NTA: 0, NTB: 4}
  - {Latency: 8291703094, MT_M: 192, MT_N: 64, MT_K: 128, MI_M: 32, MI_N: 32, MI_K: 16,
    Occupancy: 1, WGM: 0, NTA: 0, NTB: 0}
  - {Latency: 8291703094, MT_M: 64, MT_N: 192, MT_K: 128, MI_M: 32, MI_N: 32, MI_K: 16,
    Occupancy: 1, WGM: 0, NTA: 0, NTB: 0}
  - {Latency: 8291703094, MT_M: 192, MT_N: 64, MT_K: 128, MI_M: 32, MI_N: 32, MI_K: 16,
    Occupancy: 1, WGM: 6, NTA: 4, NTB: 0}
  - {Latency: 8291703094, MT_M: 64, MT_N: 192, MT_K: 128, MI_M: 32, MI_N: 32, MI_K: 16,
    Occupancy: 1, WGM: 6, NTA: 4, NTB: 0}
  - {Latency: 8291703094, MT_M: 192, MT_N: 64, MT_K: 128, MI_M: 32, MI_N: 32, MI_K: 16,
    Occupancy: 1, WGM: 6, NTA: 0, NTB: 4}
  - {Latency: 8291703094, MT_M: 64, MT_N: 192, MT_K: 128, MI_M: 32, MI_N: 32, MI_K: 16,
    Occupancy: 1, WGM: 6, NTA: 0, NTB: 4}
  - {Latency: 11719167089, MT_M: 256, MT_N: 64, MT_K: 64, MI_M: 32, MI_N: 32, MI_K: 16,
    Occupancy: 1, WGM: 0, NTA: 0, NTB: 0}
  - {Latency: 11719167089, MT_M: 64, MT_N: 256, MT_K: 64, MI_M: 32, MI_N: 32, MI_K: 16,
    Occupancy: 1, WGM: 0, NTA: 0, NTB: 0}
  - {Latency: 11719167089, MT_M: 256, MT_N: 64, MT_K: 64, MI_M: 32, MI_N: 32, MI_K: 16,
    Occupancy: 1, WGM: 6, NTA: 4, NTB: 0}
  - {Latency: 11719167089, MT_M: 64, MT_N: 256, MT_K: 64, MI_M: 32, MI_N: 32, MI_K: 16,
    Occupancy: 1, WGM: 6, NTA: 4, NTB: 0}
  - {Latency: 11719167089, MT_M: 256, MT_N: 64, MT_K: 64, MI_M: 32, MI_N: 32, MI_K: 16,
    Occupancy: 1, WGM: 6, NTA: 0, NTB: 4}
  - {Latency: 11719167089, MT_M: 64, MT_N: 256, MT_K: 64, MI_M: 32, MI_N: 32, MI_K: 16,
    Occupancy: 1, WGM: 6, NTA: 0, NTB: 4}
  - {Latency: 12430234080, MT_M: 128, MT_N: 64, MT_K: 128, MI_M: 16, MI_N: 16, MI_K: 32,
    Occupancy: 1, WGM: 0, NTA: 0, NTB: 0}
  - {Latency: 12430234080, MT_M: 64, MT_N: 128, MT_K: 128, MI_M: 16, MI_N: 16, MI_K: 32,
    Occupancy: 1, WGM: 0, NTA: 0, NTB: 0}
  - {Latency: 12430234080, MT_M: 128, MT_N: 64, MT_K: 128, MI_M: 16, MI_N: 16, MI_K: 32,
    Occupancy: 1, WGM: 6, NTA: 4, NTB: 0}
  - {Latency: 12430234080, MT_M: 64, MT_N: 128, MT_K: 128, MI_M: 16, MI_N: 16, MI_K: 32,
    Occupancy: 1, WGM: 6, NTA: 4, NTB: 0}
  - {Latency: 12430234080, MT_M: 128, MT_N: 64, MT_K: 128, MI_M: 16, MI_N: 16, MI_K: 32,
    Occupancy: 1, WGM: 6, NTA: 0, NTB: 4}
  - {Latency: 12430234080, MT_M: 64, MT_N: 128, MT_K: 128, MI_M: 16, MI_N: 16, MI_K: 32,
    Occupancy: 1, WGM: 6, NTA: 0, NTB: 4}
  - {Latency: 18117828906, MT_M: 32, MT_N: 128, MT_K: 16, MI_M: 32, MI_N: 32, MI_K: 16,
    Occupancy: 5, WGM: 0, NTA: 0, NTB: 0}
  - {Latency: 18117828906, MT_M: 32, MT_N: 128, MT_K: 16, MI_M: 32, MI_N: 32, MI_K: 16,
    Occupancy: 5, WGM: 1, NTA: 4, NTB: 0}
  - {Latency: 18117828906, MT_M: 32, MT_N: 128, MT_K: 16, MI_M: 32, MI_N: 32, MI_K: 16,
    Occupancy: 5, WGM: 1, NTA: 0, NTB: 4}
  - {Latency: 19020286478, MT_M: 32, MT_N: 256, MT_K: 16, MI_M: 32, MI_N: 32, MI_K: 16,
    Occupancy: 2, WGM: 0, NTA: 0, NTB: 0}
  - {Latency: 19020286478, MT_M: 32, MT_N: 256, MT_K: 16, MI_M: 32, MI_N: 32, MI_K: 16,
    Occupancy: 2, WGM: 1, NTA: 4, NTB: 0}
  - {Latency: 19020286478, MT_M: 32, MT_N: 256, MT_K: 16, MI_M: 32, MI_N: 32, MI_K: 16,
    Occupancy: 2, WGM: 1, NTA: 0, NTB: 4}
  - {Latency: 42255098415, MT_M: 16, MT_N: 128, MT_K: 32, MI_M: 16, MI_N: 16, MI_K: 32,
    Occupancy: 3, WGM: 0, NTA: 0, NTB: 0}
  - {Latency: 42255098415, MT_M: 16, MT_N: 128, MT_K: 32, MI_M: 16, MI_N: 16, MI_K: 32,
    Occupancy: 3, WGM: 1, NTA: 4, NTB: 0}
  - {Latency: 42255098415, MT_M: 16, MT_N: 128, MT_K: 32, MI_M: 16, MI_N: 16, MI_K: 32,
    Occupancy: 3, WGM: 1, NTA: 0, NTB: 4}
  - {Latency: 44160010181, MT_M: 16, MT_N: 256, MT_K: 32, MI_M: 16, MI_N: 16, MI_K: 32,
    Occupancy: 2, WGM: 0, NTA: 0, NTB: 0}
  - {Latency: 44160010181, MT_M: 16, MT_N: 256, MT_K: 32, MI_M: 16, MI_N: 16, MI_K: 32,
    Occupancy: 2, WGM: 1, NTA: 4, NTB: 0}
  - {Latency: 44160010181, MT_M: 16, MT_N: 256, MT_K: 32, MI_M: 16, MI_N: 16, MI_K: 32,
    Occupancy: 2, WGM: 1, NTA: 0, NTB: 4}
  - {Latency: 49676815190, MT_M: 32, MT_N: 64, MT_K: 128, MI_M: 32, MI_N: 32, MI_K: 16,
    Occupancy: 1, WGM: 0, NTA: 0, NTB: 0}
  - {Latency: 49676815190, MT_M: 64, MT_N: 32, MT_K: 128, MI_M: 32, MI_N: 32, MI_K: 16,
    Occupancy: 1, WGM: 0, NTA: 0, NTB: 0}
  - {Latency: 49676815190, MT_M: 32, MT_N: 64, MT_K: 128, MI_M: 32, MI_N: 32, MI_K: 16,
    Occupancy: 1, WGM: 6, NTA: 4, NTB: 0}
  - {Latency: 49676815190, MT_M: 64, MT_N: 32, MT_K: 128, MI_M: 32, MI_N: 32, MI_K: 16,
    Occupancy: 1, WGM: 6, NTA: 4, NTB: 0}
  - {Latency: 49676815190, MT_M: 32, MT_N: 64, MT_K: 128, MI_M: 32, MI_N: 32, MI_K: 16,
    Occupancy: 1, WGM: 6, NTA: 0, NTB: 4}
  - {Latency: 49676815190, MT_M: 64, MT_N: 32, MT_K: 128, MI_M: 32, MI_N: 32, MI_K: 16,
    Occupancy: 1, WGM: 6, NTA: 0, NTB: 4}
  - {Latency: 49705616598, MT_M: 64, MT_N: 64, MT_K: 256, MI_M: 32, MI_N: 32, MI_K: 16,
    Occupancy: 1, WGM: 0, NTA: 0, NTB: 0}
  - {Latency: 49705616598, MT_M: 64, MT_N: 64, MT_K: 256, MI_M: 32, MI_N: 32, MI_K: 16,
    Occupancy: 1, WGM: 6, NTA: 4, NTB: 0}
  - {Latency: 49705616598, MT_M: 64, MT_N: 64, MT_K: 256, MI_M: 32, MI_N: 32, MI_K: 16,
    Occupancy: 1, WGM: 6, NTA: 0, NTB: 4}
  - {Latency: 198759269324, MT_M: 64, MT_N: 16, MT_K: 256, MI_M: 16, MI_N: 16, MI_K: 32,
    Occupancy: 1, WGM: 0, NTA: 0, NTB: 0}
  - {Latency: 198759269324, MT_M: 64, MT_N: 16, MT_K: 256, MI_M: 16, MI_N: 16, MI_K: 32,
    Occupancy: 1, WGM: 6, NTA: 4, NTB: 0}
  - {Latency: 198759269324, MT_M: 64, MT_N: 16, MT_K: 256, MI_M: 16, MI_N: 16, MI_K: 32,
    Occupancy: 1, WGM: 6, NTA: 0, NTB: 4}
  - {Latency: 198767545315, MT_M: 16, MT_N: 64, MT_K: 256, MI_M: 16, MI_N: 16, MI_K: 32,
    Occupancy: 1, WGM: 0, NTA: 0, NTB: 0}
  - {Latency: 198767545315, MT_M: 16, MT_N: 64, MT_K: 256, MI_M: 16, MI_N: 16, MI_K: 32,
    Occupancy: 1, WGM: 6, NTA: 4, NTB: 0}
  - {Latency: 198767545315, MT_M: 16, MT_N: 64, MT_K: 256, MI_M: 16, MI_N: 16, MI_K: 32,
    Occupancy: 1, WGM: 6, NTA: 0, NTB: 4}
  - {Latency: 791241987703, MT_M: 32, MT_N: 32, MT_K: 512, MI_M: 32, MI_N: 32, MI_K: 16,
    Occupancy: 1, WGM: 0, NTA: 0, NTB: 0}
  - {Latency: 791241987703, MT_M: 32, MT_N: 32, MT_K: 512, MI_M: 32, MI_N: 32, MI_K: 16,
    Occupancy: 1, WGM: 6, NTA: 4, NTB: 0}
  - {Latency: 791241987703, MT_M: 32, MT_N: 32, MT_K: 512, MI_M: 32, MI_N: 32, MI_K: 16,
    Occupancy: 1, WGM: 6, NTA: 0, NTB: 4}
- - {Latency: 2013972339, MT_M: 128, MT_N: 128, MT_K: 128, MI_M: 32, MI_N: 32, MI_K: 16,
    Occupancy: 1, WGM: 0, NTA: 0, NTB: 0}
  - {Latency: 2013972339, MT_M: 128, MT_N: 128, MT_K: 128, MI_M: 32, MI_N: 32, MI_K: 16,
    Occupancy: 1, WGM: 6, NTA: 4, NTB: 0}
  - {Latency: 2013972339, MT_M: 128, MT_N: 128, MT_K: 128, MI_M: 32, MI_N: 32, MI_K: 16,
    Occupancy: 1, WGM: 6, NTA: 0, NTB: 4}
  - {Latency: 3572840502, MT_M: 192, MT_N: 128, MT_K: 64, MI_M: 32, MI_N: 32, MI_K: 16,
    Occupancy: 1, WGM: 0, NTA: 0, NTB: 0}
  - {Latency: 3572840502, MT_M: 128, MT_N: 192, MT_K: 64, MI_M: 32, MI_N: 32, MI_K: 16,
    Occupancy: 1, WGM: 0, NTA: 0, NTB: 0}
  - {Latency: 3572840502, MT_M: 192, MT_N: 128, MT_K: 64, MI_M: 32, MI_N: 32, MI_K: 16,
    Occupancy: 1, WGM: 6, NTA: 4, NTB: 0}
  - {Latency: 3572840502, MT_M: 128, MT_N: 192, MT_K: 64, MI_M: 32, MI_N: 32, MI_K: 16,
    Occupancy: 1, WGM: 6, NTA: 4, NTB: 0}
  - {Latency: 3572840502, MT_M: 192, MT_N: 128, MT_K: 64, MI_M: 32, MI_N: 32, MI_K: 16,
    Occupancy: 1, WGM: 6, NTA: 0, NTB: 4}
  - {Latency: 3572840502, MT_M: 128, MT_N: 192, MT_K: 64, MI_M: 32, MI_N: 32, MI_K: 16,
    Occupancy: 1, WGM: 6, NTA: 0, NTB: 4}
  - {Latency: 3687956158, MT_M: 32, MT_N: 128, MT_K: 16, MI_M: 32, MI_N: 32, MI_K: 16,
    Occupancy: 5, WGM: 0, NTA: 0, NTB: 0}
  - {Latency: 3687956158, MT_M: 32, MT_N: 128, MT_K: 16, MI_M: 32, MI_N: 32, MI_K: 16,
    Occupancy: 5, WGM: 1, NTA: 4, NTB: 0}
  - {Latency: 3687956158, MT_M: 32, MT_N: 128, MT_K: 16, MI_M: 32, MI_N: 32, MI_K: 16,
    Occupancy: 5, WGM: 1, NTA: 0, NTB: 4}
  - {Latency: 4027317769, MT_M: 128, MT_N: 64, MT_K: 128, MI_M: 16, MI_N: 16, MI_K: 32,
    Occupancy: 1, WGM: 0, NTA: 0, NTB: 0}
  - {Latency: 4027317769, MT_M: 64, MT_N: 128, MT_K: 128, MI_M: 16, MI_N: 16, MI_K: 32,
    Occupancy: 1, WGM: 0, NTA: 0, NTB: 0}
  - {Latency: 4027317769, MT_M: 128, MT_N: 64, MT_K: 128, MI_M: 16, MI_N: 16, MI_K: 32,
    Occupancy: 1, WGM: 6, NTA: 4, NTB: 0}
  - {Latency: 4027317769, MT_M: 64, MT_N: 128, MT_K: 128, MI_M: 16, MI_N: 16, MI_K: 32,
    Occupancy: 1, WGM: 6, NTA: 4, NTB: 0}
  - {Latency: 4027317769, MT_M: 128, MT_N: 64, MT_K: 128, MI_M: 16, MI_N: 16, MI_K: 32,
    Occupancy: 1, WGM: 6, NTA: 0, NTB: 4}
  - {Latency: 4027317769, MT_M: 64, MT_N: 128, MT_K: 128, MI_M: 16, MI_N: 16, MI_K: 32,
    Occupancy: 1, WGM: 6, NTA: 0, NTB: 4}
  - {Latency: 4800494339, MT_M: 16, MT_N: 128, MT_K: 32, MI_M: 16, MI_N: 16, MI_K: 32,
    Occupancy: 3, WGM: 0, NTA: 0, NTB: 0}
  - {Latency: 4800494339, MT_M: 16, MT_N: 128, MT_K: 32, MI_M: 16, MI_N: 16, MI_K: 32,
    Occupancy: 3, WGM: 1, NTA: 4, NTB: 0}
  - {Latency: 4800494339, MT_M: 16, MT_N: 128, MT_K: 32, MI_M: 16, MI_N: 16, MI_K: 32,
    Occupancy: 3, WGM: 1, NTA: 0, NTB: 4}
  - {Latency: 5715537762, MT_M: 256, MT_N: 128, MT_K: 64, MI_M: 32, MI_N: 32, MI_K: 16,
    Occupancy: 1, WGM: 0, NTA: 0, NTB: 0}
  - {Latency: 5715537762, MT_M: 128, MT_N: 256, MT_K: 64, MI_M: 32, MI_N: 32, MI_K: 16,
    Occupancy: 1, WGM: 0, NTA: 0, NTB: 0}
  - {Latency: 5715537762, MT_M: 256, MT_N: 128, MT_K: 64, MI_M: 32, MI_N: 32, MI_K: 16,
    Occupancy: 1, WGM: 6, NTA: 4, NTB: 0}
  - {Latency: 5715537762, MT_M: 128, MT_N: 256, MT_K: 64, MI_M: 32, MI_N: 32, MI_K: 16,
    Occupancy: 1, WGM: 6, NTA: 4, NTB: 0}
  - {Latency: 5715537762, MT_M: 256, MT_N: 128, MT_K: 64, MI_M: 32, MI_N: 32, MI_K: 16,
    Occupancy: 1, WGM: 6, NTA: 0, NTB: 4}
  - {Latency: 5715537762, MT_M: 128, MT_N: 256, MT_K: 64, MI_M: 32, MI_N: 32, MI_K: 16,
    Occupancy: 1, WGM: 6, NTA: 0, NTB: 4}
  - {Latency: 6429881438, MT_M: 192, MT_N: 192, MT_K: 64, MI_M: 32, MI_N: 32, MI_K: 16,
    Occupancy: 1, WGM: 0, NTA: 0, NTB: 0}
  - {Latency: 6429881438, MT_M: 192, MT_N: 192, MT_K: 64, MI_M: 32, MI_N: 32, MI_K: 16,
    Occupancy: 1, WGM: 6, NTA: 4, NTB: 0}
  - {Latency: 6429881438, MT_M: 192, MT_N: 192, MT_K: 64, MI_M: 32, MI_N: 32, MI_K: 16,
    Occupancy: 1, WGM: 6, NTA: 0, NTB: 4}
  - {Latency: 7549342288, MT_M: 192, MT_N: 64, MT_K: 128, MI_M: 32, MI_N: 32, MI_K: 16,
    Occupancy: 1, WGM: 0, NTA: 0, NTB: 0}
  - {Latency: 7549342288, MT_M: 64, MT_N: 192, MT_K: 128, MI_M: 32, MI_N: 32, MI_K: 16,
    Occupancy: 1, WGM: 0, NTA: 0, NTB: 0}
  - {Latency: 7549342288, MT_M: 192, MT_N: 64, MT_K: 128, MI_M: 32, MI_N: 32, MI_K: 16,
    Occupancy: 1, WGM: 6, NTA: 4, NTB: 0}
  - {Latency: 7549342288, MT_M: 64, MT_N: 192, MT_K: 128, MI_M: 32, MI_N: 32, MI_K: 16,
    Occupancy: 1, WGM: 6, NTA: 4, NTB: 0}
  - {Latency: 7549342288, MT_M: 192, MT_N: 64, MT_K: 128, MI_M: 32, MI_N: 32, MI_K: 16,
    Occupancy: 1, WGM: 6, NTA: 0, NTB: 4}
  - {Latency: 7549342288, MT_M: 64, MT_N: 192, MT_K: 128, MI_M: 32, MI_N: 32, MI_K: 16,
    Occupancy: 1, WGM: 6, NTA: 0, NTB: 4}
  - {Latency: 7906261143, MT_M: 32, MT_N: 64, MT_K: 128, MI_M: 32, MI_N: 32, MI_K: 16,
    Occupancy: 1, WGM: 0, NTA: 0, NTB: 0}
  - {Latency: 7906261143, MT_M: 64, MT_N: 32, MT_K: 128, MI_M: 32, MI_N: 32, MI_K: 16,
    Occupancy: 1, WGM: 0, NTA: 0, NTB: 0}
  - {Latency: 7906261143, MT_M: 32, MT_N: 64, MT_K: 128, MI_M: 32, MI_N: 32, MI_K: 16,
    Occupancy: 1, WGM: 6, NTA: 4, NTB: 0}
  - {Latency: 7906261143, MT_M: 64, MT_N: 32, MT_K: 128, MI_M: 32, MI_N: 32, MI_K: 16,
    Occupancy: 1, WGM: 6, NTA: 4, NTB: 0}
  - {Latency: 7906261143, MT_M: 32, MT_N: 64, MT_K: 128, MI_M: 32, MI_N: 32, MI_K: 16,
    Occupancy: 1, WGM: 6, NTA: 0, NTB: 4}
  - {Latency: 7906261143, MT_M: 64, MT_N: 32, MT_K: 128, MI_M: 32, MI_N: 32, MI_K: 16,
    Occupancy: 1, WGM: 6, NTA: 0, NTB: 4}
  - {Latency: 8171094287, MT_M: 64, MT_N: 64, MT_K: 256, MI_M: 32, MI_N: 32, MI_K: 16,
    Occupancy: 1, WGM: 0, NTA: 0, NTB: 0}
  - {Latency: 8171094287, MT_M: 64, MT_N: 64, MT_K: 256, MI_M: 32, MI_N: 32, MI_K: 16,
    Occupancy: 1, WGM: 6, NTA: 4, NTB: 0}
  - {Latency: 8171094287, MT_M: 64, MT_N: 64, MT_K: 256, MI_M: 32, MI_N: 32, MI_K: 16,
    Occupancy: 1, WGM: 6, NTA: 0, NTB: 4}
  - {Latency: 9522084646, MT_M: 32, MT_N: 32, MT_K: 512, MI_M: 32, MI_N: 32, MI_K: 16,
    Occupancy: 1, WGM: 0, NTA: 0, NTB: 0}
  - {Latency: 9522084646, MT_M: 32, MT_N: 32, MT_K: 512, MI_M: 32, MI_N: 32, MI_K: 16,
    Occupancy: 1, WGM: 6, NTA: 4, NTB: 0}
  - {Latency: 9522084646, MT_M: 32, MT_N: 32, MT_K: 512, MI_M: 32, MI_N: 32, MI_K: 16,
    Occupancy: 1, WGM: 6, NTA: 0, NTB: 4}
  - {Latency: 9952843086, MT_M: 192, MT_N: 256, MT_K: 32, MI_M: 32, MI_N: 32, MI_K: 16,
    Occupancy: 1, WGM: 0, NTA: 0, NTB: 0}
  - {Latency: 9952843086, MT_M: 192, MT_N: 256, MT_K: 32, MI_M: 32, MI_N: 32, MI_K: 16,
    Occupancy: 1, WGM: 6, NTA: 4, NTB: 0}
  - {Latency: 9952843086, MT_M: 192, MT_N: 256, MT_K: 32, MI_M: 32, MI_N: 32, MI_K: 16,
    Occupancy: 1, WGM: 6, NTA: 0, NTB: 4}
  - {Latency: 9953397302, MT_M: 256, MT_N: 192, MT_K: 32, MI_M: 16, MI_N: 16, MI_K: 32,
    Occupancy: 1, WGM: 0, NTA: 0, NTB: 0}
  - {Latency: 9953397302, MT_M: 256, MT_N: 192, MT_K: 32, MI_M: 16, MI_N: 16, MI_K: 32,
    Occupancy: 1, WGM: 6, NTA: 4, NTB: 0}
  - {Latency: 9953397302, MT_M: 256, MT_N: 192, MT_K: 32, MI_M: 16, MI_N: 16, MI_K: 32,
    Occupancy: 1, WGM: 6, NTA: 0, NTB: 4}
  - {Latency: 10385339511, MT_M: 16, MT_N: 64, MT_K: 256, MI_M: 16, MI_N: 16, MI_K: 32,
    Occupancy: 1, WGM: 0, NTA: 0, NTB: 0}
  - {Latency: 10385339511, MT_M: 16, MT_N: 64, MT_K: 256, MI_M: 16, MI_N: 16, MI_K: 32,
    Occupancy: 1, WGM: 6, NTA: 4, NTB: 0}
  - {Latency: 10385339511, MT_M: 16, MT_N: 64, MT_K: 256, MI_M: 16, MI_N: 16, MI_K: 32,
    Occupancy: 1, WGM: 6, NTA: 0, NTB: 4}
  - {Latency: 11429329070, MT_M: 256, MT_N: 64, MT_K: 64, MI_M: 32, MI_N: 32, MI_K: 16,
    Occupancy: 1, WGM: 0, NTA: 0, NTB: 0}
  - {Latency: 11429329070, MT_M: 64, MT_N: 256, MT_K: 64, MI_M: 32, MI_N: 32, MI_K: 16,
    Occupancy: 1, WGM: 0, NTA: 0, NTB: 0}
  - {Latency: 11429329070, MT_M: 256, MT_N: 64, MT_K: 64, MI_M: 32, MI_N: 32, MI_K: 16,
    Occupancy: 1, WGM: 6, NTA: 4, NTB: 0}
  - {Latency: 11429329070, MT_M: 64, MT_N: 256, MT_K: 64, MI_M: 32, MI_N: 32, MI_K: 16,
    Occupancy: 1, WGM: 6, NTA: 4, NTB: 0}
  - {Latency: 11429329070, MT_M: 256, MT_N: 64, MT_K: 64, MI_M: 32, MI_N: 32, MI_K: 16,
    Occupancy: 1, WGM: 6, NTA: 0, NTB: 4}
  - {Latency: 11429329070, MT_M: 64, MT_N: 256, MT_K: 64, MI_M: 32, MI_N: 32, MI_K: 16,
    Occupancy: 1, WGM: 6, NTA: 0, NTB: 4}
  - {Latency: 11571210997, MT_M: 32, MT_N: 256, MT_K: 16, MI_M: 32, MI_N: 32, MI_K: 16,
    Occupancy: 2, WGM: 0, NTA: 0, NTB: 0}
  - {Latency: 11571210997, MT_M: 32, MT_N: 256, MT_K: 16, MI_M: 32, MI_N: 32, MI_K: 16,
    Occupancy: 2, WGM: 1, NTA: 4, NTB: 0}
  - {Latency: 11571210997, MT_M: 32, MT_N: 256, MT_K: 16, MI_M: 32, MI_N: 32, MI_K: 16,
    Occupancy: 2, WGM: 1, NTA: 0, NTB: 4}
  - {Latency: 12115894266, MT_M: 16, MT_N: 32, MT_K: 512, MI_M: 16, MI_N: 16, MI_K: 32,
    Occupancy: 1, WGM: 0, NTA: 0, NTB: 0}
  - {Latency: 12115894266, MT_M: 16, MT_N: 32, MT_K: 512, MI_M: 16, MI_N: 16, MI_K: 32,
    Occupancy: 1, WGM: 6, NTA: 4, NTB: 0}
  - {Latency: 12115894266, MT_M: 16, MT_N: 32, MT_K: 512, MI_M: 16, MI_N: 16, MI_K: 32,
    Occupancy: 1, WGM: 6, NTA: 0, NTB: 4}
  - {Latency: 15164688046, MT_M: 256, MT_N: 256, MT_K: 32, MI_M: 32, MI_N: 32, MI_K: 16,
    Occupancy: 1, WGM: 0, NTA: 0, NTB: 0}
  - {Latency: 15164688046, MT_M: 256, MT_N: 256, MT_K: 32, MI_M: 32, MI_N: 32, MI_K: 16,
    Occupancy: 1, WGM: 6, NTA: 4, NTB: 0}
  - {Latency: 15164688046, MT_M: 256, MT_N: 256, MT_K: 32, MI_M: 32, MI_N: 32, MI_K: 16,
    Occupancy: 1, WGM: 6, NTA: 0, NTB: 4}
  - {Latency: 15492413185, MT_M: 16, MT_N: 256, MT_K: 32, MI_M: 16, MI_N: 16, MI_K: 32,
    Occupancy: 2, WGM: 0, NTA: 0, NTB: 0}
  - {Latency: 15492413185, MT_M: 16, MT_N: 256, MT_K: 32, MI_M: 16, MI_N: 16, MI_K: 32,
    Occupancy: 2, WGM: 1, NTA: 4, NTB: 0}
  - {Latency: 15492413185, MT_M: 16, MT_N: 256, MT_K: 32, MI_M: 16, MI_N: 16, MI_K: 32,
    Occupancy: 2, WGM: 1, NTA: 0, NTB: 4}
  - {Latency: 16088428442, MT_M: 64, MT_N: 16, MT_K: 256, MI_M: 16, MI_N: 16, MI_K: 32,
    Occupancy: 1, WGM: 0, NTA: 0, NTB: 0}
  - {Latency: 16088428442, MT_M: 64, MT_N: 16, MT_K: 256, MI_M: 16, MI_N: 16, MI_K: 32,
    Occupancy: 1, WGM: 6, NTA: 4, NTB: 0}
  - {Latency: 16088428442, MT_M: 64, MT_N: 16, MT_K: 256, MI_M: 16, MI_N: 16, MI_K: 32,
    Occupancy: 1, WGM: 6, NTA: 0, NTB: 4}
  - {Latency: 19025818156, MT_M: 32, MT_N: 16, MT_K: 512, MI_M: 16, MI_N: 16, MI_K: 32,
    Occupancy: 1, WGM: 0, NTA: 0, NTB: 0}
  - {Latency: 19025818156, MT_M: 32, MT_N: 16, MT_K: 512, MI_M: 16, MI_N: 16, MI_K: 32,
    Occupancy: 1, WGM: 6, NTA: 4, NTB: 0}
  - {Latency: 19025818156, MT_M: 32, MT_N: 16, MT_K: 512, MI_M: 16, MI_N: 16, MI_K: 32,
    Occupancy: 1, WGM: 6, NTA: 0, NTB: 4}
  - {Latency: 24230722318, MT_M: 16, MT_N: 16, MT_K: 512, MI_M: 16, MI_N: 16, MI_K: 32,
    Occupancy: 1, WGM: 0, NTA: 0, NTB: 0}
  - {Latency: 24230722318, MT_M: 16, MT_N: 16, MT_K: 512, MI_M: 16, MI_N: 16, MI_K: 32,
    Occupancy: 1, WGM: 6, NTA: 4, NTB: 0}
  - {Latency: 24230722318, MT_M: 16, MT_N: 16, MT_K: 512, MI_M: 16, MI_N: 16, MI_K: 32,
    Occupancy: 1, WGM: 6, NTA: 0, NTB: 4}
